map_id,total_reward,num_steps,goal_reached,collision_rate,at_fault_collision_rate,offroad_rate,final_goal_distance,avg_planning_time_ms,total_time_s,mean_speed_mps,score_comfort,score_l_align,score_l_center,r_collision,r_offroad,r_goal,r_jerk_legacy,r_velocity,r_comfort,r_l_align,r_l_center,r_timestep,r_reverse,r_speed_limit,raw_collision,raw_offroad,raw_goal,raw_jerk_legacy,raw_velocity,raw_comfort,raw_l_align,raw_l_center,raw_timestep,raw_reverse,raw_speed_limit
3,-0.11,90,False,0.0%,0.0%,0.0%,0.12,1.0,7.25,6.905,0.9926,0.9556,0.8983,+0.0000,+0.0000,+0.0000,+0.0000,+0.0000,-0.1000,-0.0094,-0.0045,+0.0000,+0.0000,+0.0000,+0.0000,+0.0000,+0.0000,+0.0000,+0.0000,+2.0000,-1.1338,+1.1783,+9.0000,+0.0000,+0.0000
5,0.15,8,True,0.0%,0.0%,0.0%,0.01,0.6,5.34,19.149,0.9583,0.7500,0.8787,+0.0000,+0.0000,+1.0000,+0.0000,+0.0000,-0.0500,+0.0000,-0.0005,+0.0000,+0.0000,-0.8000,+0.0000,+0.0000,+1.0000,+0.0000,+0.0000,+1.0000,+0.0020,+0.1422,+0.8000,+0.0000,+8.0000
6,1.00,1,True,0.0%,0.0%,0.0%,inf,1.1,5.02,0.000,0.6667,1.0000,0.9925,+0.0000,+0.0000,+1.0000,+0.0000,+0.0000,+0.0000,+0.0000,+0.0000,+0.0000,+0.0000,+0.0000,+0.0000,+0.0000,+1.0000,+0.0000,+0.0000,+1.0000,+0.0002,-0.0066,+0.1000,+0.1000,+0.0000
7,-0.44,90,False,0.0%,0.0%,0.0%,0.19,0.8,6.76,8.293,0.9926,0.3222,0.7109,+0.0000,+0.0000,+0.0000,+0.0000,+0.0000,-0.1000,-0.3333,-0.0044,+0.0000,+0.0000,+0.0000,+0.0000,+0.0000,+0.0000,+0.0000,+0.0000,+2.0000,-40.1263,+1.1554,+9.0000,+0.0000,+0.0000
9,0.00,90,False,0.0%,0.0%,0.0%,0.30,0.7,6.29,0.199,1.0000,1.0000,0.9732,+0.0000,+0.0000,+0.0000,+0.0000,+0.0000,+0.0000,+0.0003,+0.0008,+0.0000,+0.0000,+0.0000,+0.0000,+0.0000,+0.0000,+0.0000,+0.0000,+0.0000,+0.0224,-0.2203,+9.0000,+0.0000,+0.0000
10,-0.01,90,False,0.0%,0.0%,0.0%,0.24,0.8,6.62,7.647,1.0000,0.9889,0.8288,+0.0000,+0.0000,+0.0000,+0.0000,+0.0000,+0.0000,+0.0003,-0.0096,+0.0000,+0.0000,+0.0000,+0.0000,+0.0000,+0.0000,+0.0000,+0.0000,+0.0000,+0.0177,+2.5333,+9.0000,+0.0000,+0.0000
12,0.90,24,True,0.0%,0.0%,0.0%,0.01,0.6,5.06,1.420,0.9722,1.0000,0.7589,+0.0000,+0.0000,+1.0000,+0.0000,+0.0000,-0.1000,+0.0001,-0.0039,+0.0000,+0.0000,+0.0000,+0.0000,+0.0000,+1.0000,+0.0000,+0.0000,+2.0000,+0.0056,+1.0343,+2.4000,+0.0000,+0.0000
13,0.95,1,True,0.0%,0.0%,0.0%,inf,1.0,4.92,0.121,0.6667,1.0000,0.8220,+0.0000,+0.0000,+1.0000,+0.0000,+0.0000,-0.0500,+0.0000,-0.0001,+0.0000,+0.0000,+0.0000,+0.0000,+0.0000,+1.0000,+0.0000,+0.0000,+1.0000,+0.0002,+0.0298,+0.1000,+0.0000,+0.0000
15,-0.10,90,False,0.0%,0.0%,0.0%,0.08,0.6,5.56,4.816,0.9926,1.0000,0.8946,+0.0000,+0.0000,+0.0000,+0.0000,+0.0000,-0.1000,+0.0003,-0.0049,+0.0000,+0.0000,+0.0000,+0.0000,+0.0000,+0.0000,+0.0000,+0.0000,+2.0000,+0.0222,+1.2904,+9.0000,+0.0000,+0.0000
17,0.95,1,True,0.0%,0.0%,0.0%,inf,1.1,5.16,0.000,0.6667,0.0000,0.0000,+0.0000,+0.0000,+1.0000,+0.0000,+0.0000,-0.0500,-0.0017,+0.0000,+0.0000,+0.0000,+0.0000,+0.0000,+0.0000,+1.0000,+0.0000,+0.0000,+1.0000,-0.1270,+0.0000,+0.1000,+0.0000,+0.0000
18,1.00,1,True,0.0%,0.0%,0.0%,inf,1.1,4.95,0.000,1.0000,0.0000,0.0000,+0.0000,+0.0000,+1.0000,+0.0000,+0.0000,+0.0000,-0.0015,+0.0000,+0.0000,+0.0000,+0.0000,+0.0000,+0.0000,+1.0000,+0.0000,+0.0000,+0.0000,-0.1003,+0.0000,+0.0000,+0.0000,+0.0000
21,1.00,1,True,0.0%,0.0%,0.0%,inf,1.1,5.17,0.000,1.0000,0.0000,0.0000,+0.0000,+0.0000,+1.0000,+0.0000,+0.0000,+0.0000,-0.0015,+0.0000,+0.0000,+0.0000,+0.0000,+0.0000,+0.0000,+1.0000,+0.0000,+0.0000,+0.0000,-0.1003,+0.0000,+0.0000,+0.0000,+0.0000
22,1.00,1,True,0.0%,0.0%,0.0%,inf,1.0,4.92,0.000,1.0000,1.0000,0.7904,+0.0000,+0.0000,+1.0000,+0.0000,+0.0000,+0.0000,+0.0000,-0.0001,+0.0000,+0.0000,+0.0000,+0.0000,+0.0000,+1.0000,+0.0000,+0.0000,+0.0000,+0.0002,+0.0365,+0.0000,+0.0000,+0.0000
24,1.00,1,True,0.0%,0.0%,0.0%,inf,1.2,5.14,0.000,1.0000,0.0000,0.0000,+0.0000,+0.0000,+1.0000,+0.0000,+0.0000,+0.0000,-0.0015,+0.0000,+0.0000,+0.0000,+0.0000,+0.0000,+0.0000,+1.0000,+0.0000,+0.0000,+0.0000,-0.1003,+0.0000,+0.0000,+0.0000,+0.0000
27,0.00,1,False,0.0%,0.0%,0.0%,inf,1.1,4.86,0.000,1.0000,0.0000,1.0000,+0.0000,+0.0000,+0.0000,+0.0000,+0.0000,+0.0000,+0.0000,+0.0000,+0.0000,+0.0000,+0.0000,+0.0000,+0.0000,+0.0000,+0.0000,+0.0000,+0.0000,+0.0000,+0.0000,+0.0000,+0.0000,+0.0000
28,0.88,85,True,0.0%,0.0%,0.0%,0.01,0.6,5.72,13.624,0.9922,0.9765,0.6243,+0.0000,+0.0000,+1.0000,+0.0000,+0.0000,-0.1000,-0.0008,-0.0223,+0.0000,+0.0000,+0.0000,+0.0000,+0.0000,+1.0000,+0.0000,+0.0000,+2.0000,-0.1185,+5.8756,+8.5000,+0.0000,+0.0000
29,0.85,1,True,0.0%,0.0%,0.0%,inf,1.2,5.03,0.666,0.0000,0.0000,0.5074,+0.0000,+0.0000,+1.0000,+0.0000,+0.0000,-0.1500,+0.0000,-0.0004,+0.0000,-0.0004,+0.0000,+0.0000,+0.0000,+1.0000,+0.0000,+0.0000,+3.0000,+0.0001,+0.0954,+0.1000,+0.1000,+0.0000
31,1.00,1,True,0.0%,0.0%,0.0%,inf,1.1,4.76,0.000,1.0000,0.0000,0.0000,+0.0000,+0.0000,+1.0000,+0.0000,+0.0000,+0.0000,-0.0015,+0.0000,+0.0000,+0.0000,+0.0000,+0.0000,+0.0000,+1.0000,+0.0000,+0.0000,+0.0000,-0.1003,+0.0000,+0.0000,+0.0000,+0.0000
32,1.00,1,True,0.0%,0.0%,0.0%,inf,0.9,4.94,0.000,1.0000,0.0000,0.0000,+0.0000,+0.0000,+1.0000,+0.0000,+0.0000,+0.0000,-0.0015,+0.0000,+0.0000,+0.0000,+0.0000,+0.0000,+0.0000,+1.0000,+0.0000,+0.0000,+0.0000,-0.1003,+0.0000,+0.0000,+0.0000,+0.0000
33,0.00,1,False,0.0%,0.0%,0.0%,inf,1.1,5.14,0.000,1.0000,0.0000,1.0000,+0.0000,+0.0000,+0.0000,+0.0000,+0.0000,+0.0000,+0.0000,+0.0000,+0.0000,+0.0000,+0.0000,+0.0000,+0.0000,+0.0000,+0.0000,+0.0000,+0.0000,+0.0000,+0.0000,+0.0000,+0.0000,+0.0000
35,-0.73,90,False,0.0%,0.0%,0.0%,0.16,0.9,5.51,7.216,0.9481,1.0000,0.5109,+0.0000,+0.0000,+0.0000,+0.0000,+0.0000,-0.7000,+0.0003,-0.0323,+0.0000,+0.0000,+0.0000,+0.0000,+0.0000,+0.0000,+0.0000,+0.0000,+14.0000,+0.0211,+8.5000,+9.0000,+0.0000,+0.0000
37,-9.06,90,False,0.0%,0.0%,0.0%,0.02,0.5,5.48,20.944,0.9963,1.0000,0.8781,+0.0000,+0.0000,+0.0000,+0.0000,+0.0000,-0.0500,+0.0003,-0.0061,+0.0000,+0.0000,-9.0000,+0.0000,+0.0000,+0.0000,+0.0000,+0.0000,+1.0000,+0.0225,+1.6036,+9.0000,+0.0000,+90.0000
39,-0.40,90,False,0.0%,0.0%,0.0%,0.23,0.7,6.27,8.793,0.9778,0.5333,0.6226,+0.0000,+0.0000,+0.0000,+0.0000,+0.0000,-0.3000,-0.0843,-0.0175,+0.0000,+0.0000,+0.0000,+0.0000,+0.0000,+0.0000,+0.0000,+0.0000,+6.0000,-10.2132,+4.5923,+9.0000,+0.0000,+0.0000
42,-0.10,90,False,0.0%,0.0%,0.0%,0.03,0.7,7.29,13.759,0.9926,1.0000,0.9628,+0.0000,+0.0000,+0.0000,+0.0000,+0.0000,-0.1000,+0.0003,+0.0001,+0.0000,+0.0000,+0.0000,+0.0000,+0.0000,+0.0000,+0.0000,+0.0000,+2.0000,+0.0224,-0.0217,+9.0000,+0.0000,+0.0000
45,1.00,1,True,0.0%,0.0%,0.0%,inf,1.2,5.35,0.000,1.0000,1.0000,0.9046,+0.0000,+0.0000,+1.0000,+0.0000,+0.0000,+0.0000,+0.0000,-0.0000,+0.0000,+0.0000,+0.0000,+0.0000,+0.0000,+1.0000,+0.0000,+0.0000,+0.0000,+0.0002,+0.0123,+0.0000,+0.0000,+0.0000
46,-4.05,26,False,100.0%,100.0%,0.0%,0.37,0.6,4.90,10.420,1.0000,0.6538,0.8478,-4.0420,+0.0000,+0.0000,+0.0000,+0.0000,+0.0000,-0.0059,-0.0021,+0.0000,+0.0000,+0.0000,+1.0000,+0.0000,+0.0000,+0.0000,+0.0000,+0.0000,-0.7286,+0.5519,+2.6000,+0.0000,+0.0000
48,1.00,1,True,0.0%,0.0%,0.0%,inf,0.9,5.06,0.000,1.0000,0.0000,0.0000,+0.0000,+0.0000,+1.0000,+0.0000,+0.0000,+0.0000,-0.0015,+0.0000,+0.0000,+0.0000,+0.0000,+0.0000,+0.0000,+1.0000,+0.0000,+0.0000,+0.0000,-0.1003,+0.0000,+0.0000,+0.0000,+0.0000
49,1.00,1,True,0.0%,0.0%,0.0%,inf,1.1,4.88,0.000,1.0000,0.0000,0.0000,+0.0000,+0.0000,+1.0000,+0.0000,+0.0000,+0.0000,-0.0015,+0.0000,+0.0000,+0.0000,+0.0000,+0.0000,+0.0000,+1.0000,+0.0000,+0.0000,+0.0000,-0.1003,+0.0000,+0.0000,+0.0000,+0.0000
50,1.00,1,True,0.0%,0.0%,0.0%,inf,1.1,4.67,0.039,1.0000,1.0000,0.9899,+0.0000,+0.0000,+1.0000,+0.0000,+0.0000,+0.0000,+0.0000,+0.0000,+0.0000,-0.0004,+0.0000,+0.0000,+0.0000,+1.0000,+0.0000,+0.0000,+0.0000,+0.0002,-0.0061,+0.1000,+0.1000,+0.0000
53,-0.03,90,False,0.0%,0.0%,0.0%,0.16,0.6,6.16,6.563,1.0000,0.8667,0.6487,+0.0000,+0.0000,+0.0000,+0.0000,+0.0000,+0.0000,-0.0078,-0.0210,+0.0000,+0.0000,+0.0000,+0.0000,+0.0000,+0.0000,+0.0000,+0.0000,+0.0000,-0.9321,+5.5377,+9.0000,+0.0000,+0.0000
54,1.00,1,True,0.0%,0.0%,0.0%,inf,1.1,4.77,0.000,1.0000,0.0000,0.0000,+0.0000,+0.0000,+1.0000,+0.0000,+0.0000,+0.0000,-0.0015,+0.0000,+0.0000,+0.0000,+0.0000,+0.0000,+0.0000,+1.0000,+0.0000,+0.0000,+0.0000,-0.1003,+0.0000,+0.0000,+0.0000,+0.0000
55,-0.00,90,False,0.0%,0.0%,0.0%,0.33,0.6,5.34,3.223,1.0000,0.9444,0.9786,+0.0000,+0.0000,+0.0000,+0.0000,+0.0000,+0.0000,-0.0046,+0.0013,+0.0000,+0.0000,+0.0000,+0.0000,+0.0000,+0.0000,+0.0000,+0.0000,+0.0000,-0.5084,-0.3290,+9.0000,+0.0000,+0.0000
57,-6.52,74,True,0.0%,0.0%,0.0%,0.01,0.6,5.81,17.546,0.9910,0.9459,0.8603,+0.0000,+0.0000,+1.0000,+0.0000,+0.0000,-0.1000,-0.0104,-0.0058,+0.0000,+0.0000,-7.4000,+0.0000,+0.0000,+1.0000,+0.0000,+0.0000,+2.0000,-1.3369,+1.5229,+7.4000,+0.0000,+74.0000
58,0.95,1,True,0.0%,0.0%,0.0%,inf,1.1,4.91,3.499,0.6667,1.0000,0.5053,+0.0000,+0.0000,+1.0000,+0.0000,+0.0000,-0.0500,+0.0000,-0.0004,+0.0000,+0.0000,+0.0000,+0.0000,+0.0000,+1.0000,+0.0000,+0.0000,+1.0000,+0.0002,+0.0959,+0.1000,+0.0000,+0.0000
59,0.00,1,False,0.0%,0.0%,0.0%,inf,1.0,5.11,0.000,1.0000,0.0000,1.0000,+0.0000,+0.0000,+0.0000,+0.0000,+0.0000,+0.0000,+0.0000,+0.0000,+0.0000,+0.0000,+0.0000,+0.0000,+0.0000,+0.0000,+0.0000,+0.0000,+0.0000,+0.0000,+0.0000,+0.0000,+0.0000,+0.0000
66,-0.28,90,False,0.0%,0.0%,0.0%,0.14,0.8,6.52,9.914,0.9815,0.8111,0.6379,+0.0000,+0.0000,+0.0000,+0.0000,+0.0000,-0.2500,-0.0061,-0.0221,+0.0000,+0.0000,+0.0000,+0.0000,+0.0000,+0.0000,+0.0000,+0.0000,+5.0000,-0.7600,+5.8063,+9.0000,+0.0000,+0.0000
68,1.00,1,True,0.0%,0.0%,0.0%,inf,1.1,4.97,0.000,1.0000,1.0000,0.0694,+0.0000,+0.0000,+1.0000,+0.0000,+0.0000,+0.0000,+0.0000,-0.0007,+0.0000,+0.0000,+0.0000,+0.0000,+0.0000,+1.0000,+0.0000,+0.0000,+0.0000,+0.0002,+0.1848,+0.0000,+0.0000,+0.0000
70,1.00,40,True,0.0%,0.0%,0.0%,0.01,0.6,5.48,13.788,1.0000,1.0000,0.8935,+0.0000,+0.0000,+1.0000,+0.0000,+0.0000,+0.0000,+0.0001,-0.0022,+0.0000,+0.0000,+0.0000,+0.0000,+0.0000,+1.0000,+0.0000,+0.0000,+0.0000,+0.0100,+0.5850,+4.0000,+0.0000,+0.0000
71,-3.86,16,False,100.0%,100.0%,0.0%,0.26,0.9,5.24,7.096,0.9583,0.0000,0.8170,-3.7096,+0.0000,+0.0000,+0.0000,+0.0000,-0.1000,-0.0452,-0.0003,+0.0000,+0.0000,+0.0000,+1.0000,+0.0000,+0.0000,+0.0000,+0.0000,+2.0000,-5.3640,+0.0675,+1.6000,+0.0000,+0.0000
73,-0.11,90,False,0.0%,0.0%,0.0%,0.31,0.8,6.26,5.004,0.9926,0.8889,0.9123,+0.0000,+0.0000,+0.0000,+0.0000,+0.0000,-0.1000,-0.0083,-0.0033,+0.0000,+0.0000,+0.0000,+0.0000,+0.0000,+0.0000,+0.0000,+0.0000,+2.0000,-0.9686,+0.8581,+9.0000,+0.0000,+0.0000
74,1.00,1,True,0.0%,0.0%,0.0%,inf,1.2,5.18,0.000,1.0000,0.0000,0.0000,+0.0000,+0.0000,+1.0000,+0.0000,+0.0000,+0.0000,-0.0015,+0.0000,+0.0000,+0.0000,+0.0000,+0.0000,+0.0000,+1.0000,+0.0000,+0.0000,+0.0000,-0.1003,+0.0000,+0.0000,+0.0000,+0.0000
75,-0.00,90,False,0.0%,0.0%,0.0%,0.16,0.6,5.03,8.320,1.0000,0.8222,0.9335,+0.0000,+0.0000,+0.0000,+0.0000,+0.0000,+0.0000,-0.0005,-0.0020,+0.0000,+0.0000,+0.0000,+0.0000,+0.0000,+0.0000,+0.0000,+0.0000,+0.0000,-0.0820,+0.5236,+9.0000,+0.0000,+0.0000
76,-5.18,12,False,100.0%,100.0%,0.0%,0.12,0.7,5.36,15.412,0.9444,0.8333,0.9681,-4.3699,+0.0000,+0.0000,+0.0000,+0.0000,-0.1000,-0.0093,+0.0001,+0.0000,+0.0000,-0.7000,+1.0000,+0.0000,+0.0000,+0.0000,+0.0000,+2.0000,-1.1702,-0.0175,+1.2000,+0.0000,+7.0000
77,0.95,1,True,0.0%,0.0%,0.0%,inf,1.1,5.13,0.916,0.6667,0.0000,0.0000,+0.0000,+0.0000,+1.0000,+0.0000,+0.0000,-0.0500,-0.0022,+0.0000,+0.0000,+0.0000,+0.0000,+0.0000,+0.0000,+1.0000,+0.0000,+0.0000,+1.0000,-0.1919,+0.0000,+0.1000,+0.0000,+0.0000
78,1.00,1,True,0.0%,0.0%,0.0%,inf,1.0,6.94,0.000,1.0000,0.0000,0.0000,+0.0000,+0.0000,+1.0000,+0.0000,+0.0000,+0.0000,-0.0015,+0.0000,+0.0000,+0.0000,+0.0000,+0.0000,+0.0000,+1.0000,+0.0000,+0.0000,+0.0000,-0.1003,+0.0000,+0.0000,+0.0000,+0.0000
79,1.00,1,True,0.0%,0.0%,0.0%,inf,1.1,5.31,0.000,1.0000,0.0000,0.0000,+0.0000,+0.0000,+1.0000,+0.0000,+0.0000,+0.0000,-0.0015,+0.0000,+0.0000,+0.0000,+0.0000,+0.0000,+0.0000,+1.0000,+0.0000,+0.0000,+0.0000,-0.1003,+0.0000,+0.0000,+0.0000,+0.0000
82,-0.48,90,False,0.0%,0.0%,0.0%,0.35,0.9,7.24,8.892,0.9926,0.3111,0.6164,+0.0000,+0.0000,+0.0000,+0.0000,+0.0000,-0.1000,-0.3804,-0.0003,+0.0000,+0.0000,+0.0000,+0.0000,+0.0000,+0.0000,+0.0000,+0.0000,+2.0000,-46.0651,+0.0826,+9.0000,+0.0000,+0.0000
85,0.00,1,False,0.0%,0.0%,0.0%,inf,1.1,5.30,0.000,1.0000,0.0000,1.0000,+0.0000,+0.0000,+0.0000,+0.0000,+0.0000,+0.0000,+0.0000,+0.0000,+0.0000,+0.0000,+0.0000,+0.0000,+0.0000,+0.0000,+0.0000,+0.0000,+0.0000,+0.0000,+0.0000,+0.0000,+0.0000,+0.0000
86,1.00,1,True,0.0%,0.0%,0.0%,inf,1.0,5.46,0.000,1.0000,0.0000,0.0000,+0.0000,+0.0000,+1.0000,+0.0000,+0.0000,+0.0000,-0.0015,+0.0000,+0.0000,+0.0000,+0.0000,+0.0000,+0.0000,+1.0000,+0.0000,+0.0000,+0.0000,-0.1003,+0.0000,+0.0000,+0.0000,+0.0000
88,0.00,1,False,0.0%,0.0%,0.0%,inf,1.1,4.80,0.000,1.0000,0.0000,1.0000,+0.0000,+0.0000,+0.0000,+0.0000,+0.0000,+0.0000,+0.0000,+0.0000,+0.0000,+0.0000,+0.0000,+0.0000,+0.0000,+0.0000,+0.0000,+0.0000,+0.0000,+0.0000,+0.0000,+0.0000,+0.0000,+0.0000
89,1.00,1,True,0.0%,0.0%,0.0%,inf,1.1,5.03,0.000,1.0000,0.0000,0.0000,+0.0000,+0.0000,+1.0000,+0.0000,+0.0000,+0.0000,-0.0015,+0.0000,+0.0000,+0.0000,+0.0000,+0.0000,+0.0000,+1.0000,+0.0000,+0.0000,+0.0000,-0.1003,+0.0000,+0.0000,+0.0000,+0.0000
90,1.00,1,True,0.0%,0.0%,0.0%,inf,1.2,4.89,1.112,1.0000,1.0000,0.7567,+0.0000,+0.0000,+1.0000,+0.0000,+0.0000,+0.0000,+0.0000,-0.0002,+0.0000,+0.0000,+0.0000,+0.0000,+0.0000,+1.0000,+0.0000,+0.0000,+0.0000,+0.0002,+0.0436,+0.1000,+0.0000,+0.0000
93,0.95,1,True,0.0%,0.0%,0.0%,inf,1.0,5.05,2.034,0.6667,1.0000,0.8876,+0.0000,+0.0000,+1.0000,+0.0000,+0.0000,-0.0500,+0.0000,-0.0001,+0.0000,+0.0000,+0.0000,+0.0000,+0.0000,+1.0000,+0.0000,+0.0000,+1.0000,+0.0002,+0.0159,+0.1000,+0.0000,+0.0000
96,1.00,1,True,0.0%,0.0%,0.0%,inf,1.5,4.98,0.000,1.0000,0.0000,0.0000,+0.0000,+0.0000,+1.0000,+0.0000,+0.0000,+0.0000,-0.0015,+0.0000,+0.0000,+0.0000,+0.0000,+0.0000,+0.0000,+1.0000,+0.0000,+0.0000,+0.0000,-0.1003,+0.0000,+0.0000,+0.0000,+0.0000
97,-0.49,90,False,0.0%,0.0%,0.0%,0.36,0.7,5.92,6.313,0.9926,0.1444,0.6879,+0.0000,+0.0000,+0.0000,+0.0000,+0.0000,-0.1000,-0.3921,+0.0002,+0.0000,+0.0000,+0.0000,+0.0000,+0.0000,+0.0000,+0.0000,+0.0000,+2.0000,-45.9852,-0.0623,+9.0000,+0.0000,+0.0000
98,1.00,1,True,0.0%,0.0%,0.0%,inf,1.2,5.14,0.000,1.0000,0.0000,0.0000,+0.0000,+0.0000,+1.0000,+0.0000,+0.0000,+0.0000,-0.0015,+0.0000,+0.0000,+0.0000,+0.0000,+0.0000,+0.0000,+1.0000,+0.0000,+0.0000,+0.0000,-0.1003,+0.0000,+0.0000,+0.0000,+0.0000
100,0.68,87,True,0.0%,0.0%,0.0%,0.01,0.6,5.14,14.368,0.9770,0.9770,0.7343,+0.0000,+0.0000,+1.0000,+0.0000,+0.0000,-0.3000,+0.0003,-0.0159,+0.0000,+0.0000,+0.0000,+0.0000,+0.0000,+1.0000,+0.0000,+0.0000,+6.0000,+0.0209,+4.1766,+8.7000,+0.0000,+0.0000
101,-2.56,34,True,0.0%,0.0%,0.0%,0.01,0.6,5.43,18.552,0.9706,1.0000,0.6225,+0.0000,+0.0000,+1.0000,+0.0000,+0.0000,-0.1500,+0.0001,-0.0092,+0.0000,+0.0000,-3.4000,+0.0000,+0.0000,+1.0000,+0.0000,+0.0000,+3.0000,+0.0083,+2.4177,+3.4000,+0.0000,+34.0000
105,-0.01,90,False,0.0%,0.0%,0.0%,0.18,0.7,5.66,12.971,1.0000,0.9889,0.7900,+0.0000,+0.0000,+0.0000,+0.0000,+0.0000,+0.0000,+0.0003,-0.0124,+0.0000,+0.0000,+0.0000,+0.0000,+0.0000,+0.0000,+0.0000,+0.0000,+0.0000,+0.0222,+3.2741,+9.0000,+0.0000,+0.0000
107,-8.38,34,False,100.0%,100.0%,0.0%,0.68,0.9,6.01,19.636,1.0000,0.8824,0.5104,-4.9636,+0.0000,+0.0000,+0.0000,+0.0000,+0.0000,-0.0030,-0.0119,+0.0000,+0.0000,-3.4000,+1.0000,+0.0000,+0.0000,+0.0000,+0.0000,+0.0000,-0.3853,+3.1331,+3.4000,+0.0000,+34.0000
108,-0.12,90,False,0.0%,0.0%,0.0%,0.23,0.6,5.45,1.387,0.9926,0.9222,0.8087,+0.0000,+0.0000,+0.0000,+0.0000,+0.0000,-0.1000,-0.0089,-0.0109,+0.0000,+0.0000,+0.0000,+0.0000,+0.0000,+0.0000,+0.0000,+0.0000,+2.0000,-0.8418,+2.8746,+9.0000,+0.0000,+0.0000
110,-0.12,90,False,0.0%,0.0%,0.0%,0.18,0.7,6.34,6.021,0.9926,0.8556,0.7847,+0.0000,+0.0000,+0.0000,+0.0000,+0.0000,-0.1000,-0.0101,-0.0123,+0.0000,+0.0000,+0.0000,+0.0000,+0.0000,+0.0000,+0.0000,+0.0000,+2.0000,-1.1939,+3.2244,+9.0000,+0.0000,+0.0000
114,-0.03,90,False,0.0%,0.0%,0.0%,0.26,0.6,5.99,5.109,1.0000,0.8222,0.8927,+0.0000,+0.0000,+0.0000,+0.0000,+0.0000,+0.0000,-0.0220,-0.0042,+0.0000,+0.0000,+0.0000,+0.0000,+0.0000,+0.0000,+0.0000,+0.0000,+0.0000,-2.5352,+1.1041,+9.0000,+0.0000,+0.0000
115,-0.00,90,False,0.0%,0.0%,0.0%,0.24,1.0,6.66,5.335,1.0000,0.9778,0.9754,+0.0000,+0.0000,+0.0000,+0.0000,+0.0000,+0.0000,-0.0026,+0.0010,+0.0000,+0.0000,+0.0000,+0.0000,+0.0000,+0.0000,+0.0000,+0.0000,+0.0000,-0.3124,-0.2701,+9.0000,+0.0000,+0.0000
118,-0.54,90,False,0.0%,0.0%,0.0%,0.02,0.8,6.70,4.353,0.9704,0.6444,0.3874,+0.0000,+0.0000,+0.0000,+0.0000,+0.0000,-0.4000,-0.1184,-0.0243,+0.0000,+0.0000,+0.0000,+0.0000,+0.0000,+0.0000,+0.0000,+0.0000,+8.0000,-13.3275,+6.4009,+9.0000,+0.0000,+0.0000
119,1.00,1,True,0.0%,0.0%,0.0%,inf,1.1,4.85,0.000,1.0000,0.0000,0.0000,+0.0000,+0.0000,+1.0000,+0.0000,+0.0000,+0.0000,-0.0015,+0.0000,+0.0000,+0.0000,+0.0000,+0.0000,+0.0000,+1.0000,+0.0000,+0.0000,+0.0000,-0.1003,+0.0000,+0.0000,+0.0000,+0.0000
120,-0.12,90,False,0.0%,0.0%,0.0%,0.19,0.6,5.53,7.950,0.9926,1.0000,0.6289,+0.0000,+0.0000,+0.0000,+0.0000,+0.0000,-0.1000,+0.0003,-0.0240,+0.0000,+0.0000,+0.0000,+0.0000,+0.0000,+0.0000,+0.0000,+0.0000,+2.0000,+0.0223,+6.3151,+9.0000,+0.0000,+0.0000
121,-0.01,90,False,0.0%,0.0%,0.0%,0.22,0.6,5.11,0.825,1.0000,1.0000,0.8505,+0.0000,+0.0000,+0.0000,+0.0000,+0.0000,+0.0000,+0.0003,-0.0081,+0.0000,+0.0000,+0.0000,+0.0000,+0.0000,+0.0000,+0.0000,+0.0000,+0.0000,+0.0220,+2.1395,+9.0000,+0.0000,+0.0000
122,0.00,1,False,0.0%,0.0%,0.0%,inf,1.1,5.13,0.000,1.0000,0.0000,1.0000,+0.0000,+0.0000,+0.0000,+0.0000,+0.0000,+0.0000,+0.0000,+0.0000,+0.0000,+0.0000,+0.0000,+0.0000,+0.0000,+0.0000,+0.0000,+0.0000,+0.0000,+0.0000,+0.0000,+0.0000,+0.0000,+0.0000
124,1.00,29,True,0.0%,0.0%,0.0%,0.01,0.6,4.89,7.523,0.9655,1.0000,0.9315,+0.0000,+0.0000,+1.0000,+0.0000,+0.0000,+0.0000,+0.0000,+0.0000,+0.0000,+0.0000,+0.0000,+0.0000,+0.0000,+1.0000,+0.0000,+0.0000,+3.0000,+0.0072,+0.1876,+2.9000,+0.0000,+0.0000
131,-3.16,36,False,0.0%,0.0%,100.0%,0.29,0.6,4.86,5.424,0.9722,0.0000,0.5552,+0.0000,-3.0000,+0.0000,+0.0000,+0.0000,-0.1500,+0.0001,-0.0116,+0.0000,+0.0000,+0.0000,+0.0000,+1.0000,+0.0000,+0.0000,+0.0000,+3.0000,+0.0064,+3.0637,+3.6000,+0.0000,+0.0000
132,0.98,87,True,0.0%,0.0%,0.0%,0.01,0.7,5.80,6.000,1.0000,0.8966,0.8551,+0.0000,+0.0000,+1.0000,+0.0000,+0.0000,+0.0000,-0.0158,-0.0066,+0.0000,+0.0000,+0.0000,+0.0000,+0.0000,+1.0000,+0.0000,+0.0000,+0.0000,-1.8544,+1.7450,+8.7000,+0.0000,+0.0000
134,0.00,1,False,0.0%,0.0%,0.0%,inf,0.9,5.39,0.000,1.0000,0.0000,1.0000,+0.0000,+0.0000,+0.0000,+0.0000,+0.0000,+0.0000,+0.0000,+0.0000,+0.0000,+0.0000,+0.0000,+0.0000,+0.0000,+0.0000,+0.0000,+0.0000,+0.0000,+0.0000,+0.0000,+0.0000,+0.0000,+0.0000
136,0.00,1,False,0.0%,0.0%,0.0%,inf,0.9,4.61,0.000,1.0000,0.0000,1.0000,+0.0000,+0.0000,+0.0000,+0.0000,+0.0000,+0.0000,+0.0000,+0.0000,+0.0000,+0.0000,+0.0000,+0.0000,+0.0000,+0.0000,+0.0000,+0.0000,+0.0000,+0.0000,+0.0000,+0.0000,+0.0000,+0.0000
140,-3.48,66,False,0.0%,0.0%,100.0%,0.20,0.7,5.63,4.748,0.9545,0.5455,0.8666,+0.0000,-3.0000,+0.0000,+0.0000,+0.0000,-0.4500,-0.0278,-0.0036,+0.0000,+0.0000,+0.0000,+0.0000,+1.0000,+0.0000,+0.0000,+0.0000,+9.0000,-3.1659,+0.9491,+6.6000,+0.0000,+0.0000
141,1.00,1,True,0.0%,0.0%,0.0%,inf,1.1,5.22,0.000,1.0000,1.0000,0.7287,+0.0000,+0.0000,+1.0000,+0.0000,+0.0000,+0.0000,+0.0000,-0.0002,+0.0000,+0.0000,+0.0000,+0.0000,+0.0000,+1.0000,+0.0000,+0.0000,+0.0000,+0.0002,+0.0495,+0.0000,+0.0000,+0.0000
142,0.00,90,False,0.0%,0.0%,0.0%,0.25,0.8,6.23,3.023,1.0000,0.9778,0.9743,+0.0000,+0.0000,+0.0000,+0.0000,+0.0000,+0.0000,-0.0008,+0.0009,+0.0000,+0.0000,+0.0000,+0.0000,+0.0000,+0.0000,+0.0000,+0.0000,+0.0000,-0.0941,-0.2490,+9.0000,+0.0000,+0.0000
143,-0.12,90,False,0.0%,0.0%,0.0%,0.26,0.7,6.62,9.072,0.9926,0.8444,0.7405,+0.0000,+0.0000,+0.0000,+0.0000,+0.0000,-0.1000,-0.0078,-0.0156,+0.0000,+0.0000,+0.0000,+0.0000,+0.0000,+0.0000,+0.0000,+0.0000,+2.0000,-0.9599,+4.1138,+9.0000,+0.0000,+0.0000
148,1.00,1,True,0.0%,0.0%,0.0%,inf,0.9,5.13,0.000,1.0000,1.0000,0.8579,+0.0000,+0.0000,+1.0000,+0.0000,+0.0000,+0.0000,+0.0000,-0.0001,+0.0000,+0.0000,+0.0000,+0.0000,+0.0000,+1.0000,+0.0000,+0.0000,+0.0000,+0.0002,+0.0222,+0.0000,+0.0000,+0.0000
149,-0.26,90,False,0.0%,0.0%,0.0%,0.04,0.8,5.34,11.555,0.9815,1.0000,0.8014,+0.0000,+0.0000,+0.0000,+0.0000,+0.0000,-0.2500,+0.0003,-0.0116,+0.0000,+0.0000,+0.0000,+0.0000,+0.0000,+0.0000,+0.0000,+0.0000,+5.0000,+0.0223,+3.0582,+9.0000,+0.0000,+0.0000
150,-0.42,90,False,0.0%,0.0%,0.0%,0.12,0.6,4.94,9.745,0.9704,1.0000,0.6138,+0.0000,+0.0000,+0.0000,+0.0000,+0.0000,-0.4000,+0.0003,-0.0249,+0.0000,+0.0000,+0.0000,+0.0000,+0.0000,+0.0000,+0.0000,+0.0000,+8.0000,+0.0215,+6.5582,+9.0000,+0.0000,+0.0000
151,0.95,1,True,0.0%,0.0%,0.0%,inf,1.1,4.77,0.000,0.6667,0.0000,0.0000,+0.0000,+0.0000,+1.0000,+0.0000,+0.0000,-0.0500,-0.0017,+0.0000,+0.0000,+0.0000,+0.0000,+0.0000,+0.0000,+1.0000,+0.0000,+0.0000,+1.0000,-0.1270,+0.0000,+0.1000,+0.0000,+0.0000
153,1.00,1,True,0.0%,0.0%,0.0%,inf,1.0,5.28,0.000,1.0000,1.0000,0.9678,+0.0000,+0.0000,+1.0000,+0.0000,+0.0000,+0.0000,+0.0000,+0.0000,+0.0000,+0.0000,+0.0000,+0.0000,+0.0000,+1.0000,+0.0000,+0.0000,+0.0000,+0.0002,-0.0013,+0.0000,+0.0000,+0.0000
155,1.00,1,True,0.0%,0.0%,0.0%,inf,0.9,4.81,0.000,1.0000,0.0000,0.0000,+0.0000,+0.0000,+1.0000,+0.0000,+0.0000,+0.0000,-0.0015,+0.0000,+0.0000,+0.0000,+0.0000,+0.0000,+0.0000,+1.0000,+0.0000,+0.0000,+0.0000,-0.1003,+0.0000,+0.0000,+0.0000,+0.0000
156,-0.14,90,False,0.0%,0.0%,0.0%,0.04,0.7,6.25,8.447,0.9926,0.8000,0.6331,+0.0000,+0.0000,+0.0000,+0.0000,+0.0000,-0.1000,-0.0169,-0.0224,+0.0000,+0.0000,+0.0000,+0.0000,+0.0000,+0.0000,+0.0000,+0.0000,+2.0000,-2.0520,+5.9071,+9.0000,+0.0000,+0.0000
157,0.00,1,False,0.0%,0.0%,0.0%,inf,0.9,4.56,0.000,1.0000,0.0000,1.0000,+0.0000,+0.0000,+0.0000,+0.0000,+0.0000,+0.0000,+0.0000,+0.0000,+0.0000,+0.0000,+0.0000,+0.0000,+0.0000,+0.0000,+0.0000,+0.0000,+0.0000,+0.0000,+0.0000,+0.0000,+0.0000,+0.0000
158,1.00,6,True,0.0%,0.0%,0.0%,0.02,0.7,4.83,12.823,1.0000,1.0000,0.6729,+0.0000,+0.0000,+1.0000,+0.0000,+0.0000,+0.0000,+0.0000,-0.0014,+0.0000,+0.0000,+0.0000,+0.0000,+0.0000,+1.0000,+0.0000,+0.0000,+0.0000,+0.0015,+0.3667,+0.6000,+0.0000,+0.0000
159,0.00,1,False,0.0%,0.0%,0.0%,inf,1.0,5.31,0.000,1.0000,0.0000,1.0000,+0.0000,+0.0000,+0.0000,+0.0000,+0.0000,+0.0000,+0.0000,+0.0000,+0.0000,+0.0000,+0.0000,+0.0000,+0.0000,+0.0000,+0.0000,+0.0000,+0.0000,+0.0000,+0.0000,+0.0000,+0.0000,+0.0000
160,1.00,1,True,0.0%,0.0%,0.0%,inf,1.1,4.96,0.000,1.0000,0.0000,0.0000,+0.0000,+0.0000,+1.0000,+0.0000,+0.0000,+0.0000,-0.0015,+0.0000,+0.0000,+0.0000,+0.0000,+0.0000,+0.0000,+1.0000,+0.0000,+0.0000,+0.0000,-0.1003,+0.0000,+0.0000,+0.0000,+0.0000
161,0.90,2,True,0.0%,0.0%,0.0%,0.01,0.9,5.12,9.794,0.6667,1.0000,0.7015,+0.0000,+0.0000,+1.0000,+0.0000,+0.0000,-0.1000,+0.0000,-0.0004,+0.0000,+0.0000,+0.0000,+0.0000,+0.0000,+1.0000,+0.0000,+0.0000,+2.0000,+0.0005,+0.1103,+0.2000,+0.0000,+0.0000
162,-0.15,90,False,0.0%,0.0%,0.0%,0.13,0.7,5.87,7.727,0.9889,0.9778,0.9652,+0.0000,+0.0000,+0.0000,+0.0000,+0.0000,-0.1500,+0.0003,+0.0003,+0.0000,+0.0000,+0.0000,+0.0000,+0.0000,+0.0000,+0.0000,+0.0000,+3.0000,+0.0175,-0.0684,+9.0000,+0.0000,+0.0000
163,1.00,22,True,0.0%,0.0%,0.0%,0.01,0.6,5.19,9.543,1.0000,1.0000,0.9297,+0.0000,+0.0000,+1.0000,+0.0000,+0.0000,+0.0000,+0.0001,-0.0006,+0.0000,+0.0000,+0.0000,+0.0000,+0.0000,+1.0000,+0.0000,+0.0000,+0.0000,+0.0054,+0.1508,+2.2000,+0.0000,+0.0000
165,1.00,1,True,0.0%,0.0%,0.0%,inf,0.9,4.96,0.000,1.0000,0.0000,0.0000,+0.0000,+0.0000,+1.0000,+0.0000,+0.0000,+0.0000,-0.0015,+0.0000,+0.0000,+0.0000,+0.0000,+0.0000,+0.0000,+1.0000,+0.0000,+0.0000,+0.0000,-0.1003,+0.0000,+0.0000,+0.0000,+0.0000
167,1.00,1,True,0.0%,0.0%,0.0%,inf,1.1,5.17,0.000,1.0000,0.0000,0.0000,+0.0000,+0.0000,+1.0000,+0.0000,+0.0000,+0.0000,-0.0015,+0.0000,+0.0000,+0.0000,+0.0000,+0.0000,+0.0000,+1.0000,+0.0000,+0.0000,+0.0000,-0.1003,+0.0000,+0.0000,+0.0000,+0.0000
168,-0.49,90,False,0.0%,0.0%,0.0%,0.14,0.7,6.22,13.526,0.9704,0.8111,0.6896,+0.0000,+0.0000,+0.0000,+0.0000,+0.0000,-0.4000,-0.0715,-0.0174,+0.0000,+0.0000,+0.0000,+0.0000,+0.0000,+0.0000,+0.0000,+0.0000,+8.0000,-8.9436,+4.5688,+9.0000,+0.0000,+0.0000
172,-3.02,61,False,0.0%,0.0%,100.0%,0.24,0.6,5.28,5.979,1.0000,0.7377,0.6019,+0.0000,-3.0000,+0.0000,+0.0000,+0.0000,+0.0000,-0.0075,-0.0123,+0.0000,+0.0000,+0.0000,+0.0000,+1.0000,+0.0000,+0.0000,+0.0000,+0.0000,-0.8819,+3.2315,+6.1000,+0.0000,+0.0000
173,0.99,52,True,0.0%,0.0%,0.0%,0.01,0.8,6.11,8.408,1.0000,0.8654,0.9155,+0.0000,+0.0000,+1.0000,+0.0000,+0.0000,+0.0000,-0.0033,-0.0019,+0.0000,+0.0000,+0.0000,+0.0000,+0.0000,+1.0000,+0.0000,+0.0000,+0.0000,-0.4076,+0.5086,+5.2000,+0.0000,+0.0000
174,0.89,22,True,0.0%,0.0%,0.0%,0.02,0.8,5.33,14.343,0.9697,1.0000,0.6632,+0.0000,+0.0000,+1.0000,+0.0000,+0.0000,-0.1000,+0.0001,-0.0052,+0.0000,+0.0000,+0.0000,+0.0000,+0.0000,+1.0000,+0.0000,+0.0000,+2.0000,+0.0053,+1.3793,+2.2000,+0.0000,+0.0000
175,-3.16,25,False,0.0%,0.0%,100.0%,0.37,0.6,5.60,6.423,0.9600,0.0000,0.5297,+0.0000,-3.0000,+0.0000,+0.0000,+0.0000,-0.1500,+0.0001,-0.0086,+0.0000,+0.0000,+0.0000,+0.0000,+1.0000,+0.0000,+0.0000,+0.0000,+3.0000,+0.0038,+2.2585,+2.5000,+0.0000,+0.0000
178,-3.12,59,False,0.0%,0.0%,100.0%,0.40,0.8,5.54,9.152,0.9887,0.9492,0.6401,+0.0000,-3.0000,+0.0000,+0.0000,+0.0000,-0.1000,-0.0082,-0.0126,+0.0000,+0.0000,+0.0000,+0.0000,+1.0000,+0.0000,+0.0000,+0.0000,+2.0000,-1.0018,+3.3227,+5.9000,+0.0000,+0.0000
179,-0.14,90,False,0.0%,0.0%,0.0%,0.17,0.9,8.75,12.246,0.9926,0.8000,0.7381,+0.0000,+0.0000,+0.0000,+0.0000,+0.0000,-0.1000,-0.0240,-0.0155,+0.0000,+0.0000,+0.0000,+0.0000,+0.0000,+0.0000,+0.0000,+0.0000,+2.0000,-2.9868,+4.0824,+9.0000,+0.0000,+0.0000
180,0.98,53,True,0.0%,0.0%,0.0%,0.02,0.6,5.21,14.972,1.0000,0.9057,0.7641,+0.0000,+0.0000,+1.0000,+0.0000,+0.0000,+0.0000,-0.0077,-0.0083,+0.0000,+0.0000,+0.0000,+0.0000,+0.0000,+1.0000,+0.0000,+0.0000,+0.0000,-0.9766,+2.1916,+5.3000,+0.0000,+0.0000
181,1.00,1,True,0.0%,0.0%,0.0%,inf,1.0,5.51,0.000,1.0000,1.0000,0.0000,+0.0000,+0.0000,+1.0000,+0.0000,+0.0000,+0.0000,+0.0000,-0.0011,+0.0000,+0.0000,+0.0000,+0.0000,+0.0000,+1.0000,+0.0000,+0.0000,+0.0000,+0.0002,+0.2962,+0.0000,+0.0000,+0.0000
183,1.00,1,True,0.0%,0.0%,0.0%,inf,0.9,4.92,0.000,1.0000,1.0000,0.0000,+0.0000,+0.0000,+1.0000,+0.0000,+0.0000,+0.0000,+0.0000,-0.0011,+0.0000,+0.0000,+0.0000,+0.0000,+0.0000,+1.0000,+0.0000,+0.0000,+0.0000,+0.0002,+0.2801,+0.0000,+0.0000,+0.0000
185,-0.36,90,False,0.0%,0.0%,0.0%,0.09,0.6,5.85,11.840,0.9741,1.0000,0.7637,+0.0000,+0.0000,+0.0000,+0.0000,+0.0000,-0.3500,+0.0003,-0.0143,+0.0000,+0.0000,+0.0000,+0.0000,+0.0000,+0.0000,+0.0000,+0.0000,+7.0000,+0.0222,+3.7755,+9.0000,+0.0000,+0.0000
186,-0.80,27,True,0.0%,0.0%,0.0%,0.01,0.6,5.33,16.009,0.9506,1.0000,0.9246,+0.0000,+0.0000,+1.0000,+0.0000,+0.0000,-0.2000,+0.0001,-0.0008,+0.0000,+0.0000,-1.6000,+0.0000,+0.0000,+1.0000,+0.0000,+0.0000,+4.0000,+0.0067,+0.2149,+2.7000,+0.0000,+16.0000
187,-4.37,24,False,100.0%,100.0%,0.0%,0.38,0.6,5.02,13.698,1.0000,1.0000,0.8350,-4.3698,+0.0000,+0.0000,+0.0000,+0.0000,+0.0000,+0.0001,-0.0025,+0.0000,+0.0000,+0.0000,+1.0000,+0.0000,+0.0000,+0.0000,+0.0000,+0.0000,+0.0059,+0.6453,+2.4000,+0.0000,+0.0000
188,-0.28,90,False,0.0%,0.0%,0.0%,0.06,0.6,5.81,6.430,0.9815,0.8667,0.8271,+0.0000,+0.0000,+0.0000,+0.0000,+0.0000,-0.2500,-0.0230,-0.0092,+0.0000,+0.0000,+0.0000,+0.0000,+0.0000,+0.0000,+0.0000,+0.0000,+5.0000,-2.7151,+2.4167,+9.0000,+0.0000,+0.0000
189,1.00,1,True,0.0%,0.0%,0.0%,inf,0.8,4.73,0.283,1.0000,1.0000,0.9256,+0.0000,+0.0000,+1.0000,+0.0000,+0.0000,+0.0000,+0.0000,-0.0000,+0.0000,+0.0000,+0.0000,+0.0000,+0.0000,+1.0000,+0.0000,+0.0000,+0.0000,+0.0002,+0.0078,+0.1000,+0.0000,+0.0000
191,1.00,1,True,0.0%,0.0%,0.0%,inf,1.1,4.82,0.000,1.0000,0.0000,0.0000,+0.0000,+0.0000,+1.0000,+0.0000,+0.0000,+0.0000,-0.0015,+0.0000,+0.0000,+0.0000,+0.0000,+0.0000,+0.0000,+1.0000,+0.0000,+0.0000,+0.0000,-0.1003,+0.0000,+0.0000,+0.0000,+0.0000
192,-0.02,90,False,0.0%,0.0%,0.0%,0.13,0.5,6.10,9.121,1.0000,0.9111,0.7194,+0.0000,+0.0000,+0.0000,+0.0000,+0.0000,+0.0000,+0.0003,-0.0171,+0.0000,+0.0000,+0.0000,+0.0000,+0.0000,+0.0000,+0.0000,+0.0000,+0.0000,+0.0213,+4.5127,+9.0000,+0.0000,+0.0000
194,1.00,1,True,0.0%,0.0%,0.0%,inf,0.9,4.89,0.000,1.0000,0.0000,0.0000,+0.0000,+0.0000,+1.0000,+0.0000,+0.0000,+0.0000,-0.0015,+0.0000,+0.0000,+0.0000,+0.0000,+0.0000,+0.0000,+1.0000,+0.0000,+0.0000,+0.0000,-0.1003,+0.0000,+0.0000,+0.0000,+0.0000
196,-0.14,90,False,0.0%,0.0%,0.0%,0.26,0.8,6.72,0.095,0.9926,1.0000,0.8674,+0.0000,+0.0000,+0.0000,+0.0000,+0.0000,-0.1000,+0.0003,-0.0069,+0.0000,-0.0342,+0.0000,+0.0000,+0.0000,+0.0000,+0.0000,+0.0000,+2.0000,+0.0225,+1.8168,+9.0000,+9.0000,+0.0000
197,0.95,1,True,0.0%,0.0%,0.0%,inf,1.0,5.27,0.000,0.6667,0.0000,0.0000,+0.0000,+0.0000,+1.0000,+0.0000,+0.0000,-0.0500,-0.0016,+0.0000,+0.0000,+0.0000,+0.0000,+0.0000,+0.0000,+1.0000,+0.0000,+0.0000,+1.0000,-0.1136,+0.0000,+0.1000,+0.0000,+0.0000
199,1.00,1,True,0.0%,0.0%,0.0%,inf,0.8,4.64,0.000,1.0000,1.0000,0.9889,+0.0000,+0.0000,+1.0000,+0.0000,+0.0000,+0.0000,+0.0000,+0.0000,+0.0000,+0.0000,+0.0000,+0.0000,+0.0000,+1.0000,+0.0000,+0.0000,+0.0000,+0.0002,-0.0058,+0.0000,+0.0000,+0.0000
200,-0.10,90,False,0.0%,0.0%,0.0%,0.27,0.8,6.92,0.294,0.9926,1.0000,0.9433,+0.0000,+0.0000,+0.0000,+0.0000,+0.0000,-0.1000,+0.0003,-0.0014,+0.0000,+0.0000,+0.0000,+0.0000,+0.0000,+0.0000,+0.0000,+0.0000,+2.0000,+0.0225,+0.3588,+9.0000,+0.0000,+0.0000
201,-3.45,24,False,100.0%,100.0%,0.0%,0.21,0.9,5.56,3.476,0.9722,1.0000,0.7975,-3.3476,+0.0000,+0.0000,+0.0000,+0.0000,-0.1000,+0.0001,-0.0032,+0.0000,+0.0000,+0.0000,+1.0000,+0.0000,+0.0000,+0.0000,+0.0000,+2.0000,+0.0060,+0.8402,+2.4000,+0.0000,+0.0000
202,0.00,90,False,0.0%,0.0%,0.0%,0.24,0.7,6.96,0.885,1.0000,1.0000,0.9735,+0.0000,+0.0000,+0.0000,+0.0000,+0.0000,+0.0000,+0.0003,+0.0009,+0.0000,+0.0000,+0.0000,+0.0000,+0.0000,+0.0000,+0.0000,+0.0000,+0.0000,+0.0224,-0.2274,+9.0000,+0.0000,+0.0000
203,1.00,1,True,0.0%,0.0%,0.0%,inf,0.9,4.79,0.000,1.0000,0.0000,0.0000,+0.0000,+0.0000,+1.0000,+0.0000,+0.0000,+0.0000,-0.0015,+0.0000,+0.0000,+0.0000,+0.0000,+0.0000,+0.0000,+1.0000,+0.0000,+0.0000,+0.0000,-0.1003,+0.0000,+0.0000,+0.0000,+0.0000
206,0.00,90,False,0.0%,0.0%,0.0%,0.31,1.1,7.08,0.370,1.0000,1.0000,0.9652,+0.0000,+0.0000,+0.0000,+0.0000,+0.0000,+0.0000,+0.0003,+0.0002,+0.0000,+0.0000,+0.0000,+0.0000,+0.0000,+0.0000,+0.0000,+0.0000,+0.0000,+0.0222,-0.0651,+9.0000,+0.0000,+0.0000
207,-0.02,90,False,0.0%,0.0%,0.0%,0.09,0.6,6.55,10.356,1.0000,0.9000,0.8763,+0.0000,+0.0000,+0.0000,+0.0000,+0.0000,+0.0000,-0.0186,-0.0059,+0.0000,+0.0000,+0.0000,+0.0000,+0.0000,+0.0000,+0.0000,+0.0000,+0.0000,-2.2955,+1.5409,+9.0000,+0.0000,+0.0000
210,0.95,1,True,0.0%,0.0%,0.0%,inf,0.9,5.38,0.000,0.6667,1.0000,0.9842,+0.0000,+0.0000,+1.0000,+0.0000,+0.0000,-0.0500,+0.0000,+0.0000,+0.0000,+0.0000,+0.0000,+0.0000,+0.0000,+1.0000,+0.0000,+0.0000,+1.0000,+0.0002,-0.0048,+0.1000,+0.0000,+0.0000
212,0.59,90,True,0.0%,0.0%,0.0%,0.01,0.8,6.37,11.965,0.9704,0.9556,0.8262,+0.0000,+0.0000,+1.0000,+0.0000,+0.0000,-0.4000,-0.0038,-0.0097,+0.0000,+0.0000,+0.0000,+0.0000,+0.0000,+1.0000,+0.0000,+0.0000,+8.0000,-0.4898,+2.5647,+9.0000,+0.0000,+0.0000
213,0.00,1,False,0.0%,0.0%,0.0%,inf,1.6,5.22,0.000,1.0000,0.0000,1.0000,+0.0000,+0.0000,+0.0000,+0.0000,+0.0000,+0.0000,+0.0000,+0.0000,+0.0000,+0.0000,+0.0000,+0.0000,+0.0000,+0.0000,+0.0000,+0.0000,+0.0000,+0.0000,+0.0000,+0.0000,+0.0000,+0.0000
214,1.00,1,True,0.0%,0.0%,0.0%,inf,0.9,5.43,0.000,1.0000,0.0000,0.0000,+0.0000,+0.0000,+1.0000,+0.0000,+0.0000,+0.0000,-0.0015,+0.0000,+0.0000,+0.0000,+0.0000,+0.0000,+0.0000,+1.0000,+0.0000,+0.0000,+0.0000,-0.1003,+0.0000,+0.0000,+0.0000,+0.0000
215,-0.01,90,False,0.0%,0.0%,0.0%,0.35,0.8,6.77,1.419,1.0000,1.0000,0.8298,+0.0000,+0.0000,+0.0000,+0.0000,+0.0000,+0.0000,+0.0003,-0.0096,+0.0000,+0.0000,+0.0000,+0.0000,+0.0000,+0.0000,+0.0000,+0.0000,+0.0000,+0.0223,+2.5353,+9.0000,+0.0000,+0.0000
220,1.00,1,True,0.0%,0.0%,0.0%,inf,0.9,5.48,0.000,1.0000,0.0000,0.0000,+0.0000,+0.0000,+1.0000,+0.0000,+0.0000,+0.0000,-0.0015,+0.0000,+0.0000,+0.0000,+0.0000,+0.0000,+0.0000,+1.0000,+0.0000,+0.0000,+0.0000,-0.1003,+0.0000,+0.0000,+0.0000,+0.0000
222,1.00,1,True,0.0%,0.0%,0.0%,inf,0.9,4.81,0.000,1.0000,0.0000,0.0000,+0.0000,+0.0000,+1.0000,+0.0000,+0.0000,+0.0000,-0.0015,+0.0000,+0.0000,+0.0000,+0.0000,+0.0000,+0.0000,+1.0000,+0.0000,+0.0000,+0.0000,-0.1003,+0.0000,+0.0000,+0.0000,+0.0000
223,-0.14,90,False,0.0%,0.0%,0.0%,0.30,0.8,6.54,2.376,0.9926,0.3889,0.6982,+0.0000,+0.0000,+0.0000,+0.0000,+0.0000,-0.1000,-0.0280,-0.0130,+0.0000,+0.0000,+0.0000,+0.0000,+0.0000,+0.0000,+0.0000,+0.0000,+2.0000,-2.8837,+3.4144,+9.0000,+0.0000,+0.0000
226,-0.16,90,False,0.0%,0.0%,0.0%,0.26,0.9,6.79,4.426,0.9926,0.6444,0.8649,+0.0000,+0.0000,+0.0000,+0.0000,+0.0000,-0.1000,-0.0570,-0.0046,+0.0000,+0.0000,+0.0000,+0.0000,+0.0000,+0.0000,+0.0000,+0.0000,+2.0000,-6.4233,+1.1998,+9.0000,+0.0000,+0.0000
227,-0.12,90,False,0.0%,0.0%,0.0%,0.19,0.6,6.31,6.916,0.9926,0.8444,0.9057,+0.0000,+0.0000,+0.0000,+0.0000,+0.0000,-0.1000,-0.0156,-0.0035,+0.0000,+0.0000,+0.0000,+0.0000,+0.0000,+0.0000,+0.0000,+0.0000,+2.0000,-1.8581,+0.9308,+9.0000,+0.0000,+0.0000
228,0.90,14,True,0.0%,0.0%,0.0%,0.01,0.6,5.34,1.514,0.9524,1.0000,0.9902,+0.0000,+0.0000,+1.0000,+0.0000,+0.0000,-0.1000,+0.0001,+0.0003,+0.0000,+0.0000,+0.0000,+0.0000,+0.0000,+1.0000,+0.0000,+0.0000,+2.0000,+0.0034,-0.0857,+1.4000,+0.0000,+0.0000
231,1.00,1,True,0.0%,0.0%,0.0%,inf,1.1,6.40,0.000,1.0000,1.0000,0.8329,+0.0000,+0.0000,+1.0000,+0.0000,+0.0000,+0.0000,+0.0000,-0.0001,+0.0000,+0.0000,+0.0000,+0.0000,+0.0000,+1.0000,+0.0000,+0.0000,+0.0000,+0.0002,+0.0275,+0.0000,+0.0000,+0.0000
232,1.00,1,True,0.0%,0.0%,0.0%,inf,1.0,5.03,0.000,1.0000,0.0000,0.0000,+0.0000,+0.0000,+1.0000,+0.0000,+0.0000,+0.0000,-0.0015,+0.0000,+0.0000,+0.0000,+0.0000,+0.0000,+0.0000,+1.0000,+0.0000,+0.0000,+0.0000,-0.1003,+0.0000,+0.0000,+0.0000,+0.0000
235,0.90,24,True,0.0%,0.0%,0.0%,0.01,0.8,5.72,2.284,0.9722,0.7083,0.9031,+0.0000,+0.0000,+1.0000,+0.0000,+0.0000,-0.1000,+0.0001,-0.0011,+0.0000,+0.0000,+0.0000,+0.0000,+0.0000,+1.0000,+0.0000,+0.0000,+2.0000,+0.0056,+0.3016,+2.4000,+0.0000,+0.0000
241,-0.10,90,False,0.0%,0.0%,0.0%,0.03,0.6,6.50,12.686,0.9926,0.9889,0.9059,+0.0000,+0.0000,+0.0000,+0.0000,+0.0000,-0.1000,+0.0003,-0.0041,+0.0000,+0.0000,+0.0000,+0.0000,+0.0000,+0.0000,+0.0000,+0.0000,+2.0000,+0.0222,+1.0751,+9.0000,+0.0000,+0.0000
242,-0.13,90,False,0.0%,0.0%,0.0%,0.23,0.8,6.42,3.956,0.9926,0.7444,0.7315,+0.0000,+0.0000,+0.0000,+0.0000,+0.0000,-0.1000,-0.0185,-0.0129,+0.0000,+0.0000,+0.0000,+0.0000,+0.0000,+0.0000,+0.0000,+0.0000,+2.0000,-2.0594,+3.3860,+9.0000,+0.0000,+0.0000
244,1.00,1,True,0.0%,0.0%,0.0%,inf,1.3,5.39,0.000,1.0000,1.0000,0.0000,+0.0000,+0.0000,+1.0000,+0.0000,+0.0000,+0.0000,+0.0000,-0.0010,+0.0000,+0.0000,+0.0000,+0.0000,+0.0000,+1.0000,+0.0000,+0.0000,+0.0000,+0.0002,+0.2729,+0.0000,+0.0000,+0.0000
246,0.00,1,False,0.0%,0.0%,0.0%,inf,0.9,4.92,0.560,1.0000,0.0000,1.0000,+0.0000,+0.0000,+0.0000,+0.0000,+0.0000,+0.0000,+0.0000,+0.0000,+0.0000,+0.0000,+0.0000,+0.0000,+0.0000,+0.0000,+0.0000,+0.0000,+0.0000,+0.0000,+0.0000,+0.0000,+0.0000,+0.0000
248,-0.16,90,False,0.0%,0.0%,0.0%,0.25,0.8,6.09,4.825,0.9926,0.6556,0.7348,+0.0000,+0.0000,+0.0000,+0.0000,+0.0000,-0.1000,-0.0492,-0.0107,+0.0000,+0.0000,+0.0000,+0.0000,+0.0000,+0.0000,+0.0000,+0.0000,+2.0000,-5.6098,+2.8181,+9.0000,+0.0000,+0.0000
253,1.00,1,True,0.0%,0.0%,0.0%,inf,1.1,4.88,0.000,1.0000,0.0000,0.0000,+0.0000,+0.0000,+1.0000,+0.0000,+0.0000,+0.0000,-0.0015,+0.0000,+0.0000,+0.0000,+0.0000,+0.0000,+0.0000,+1.0000,+0.0000,+0.0000,+0.0000,-0.1003,+0.0000,+0.0000,+0.0000,+0.0000
255,0.90,34,True,0.0%,0.0%,0.0%,0.01,0.6,5.60,12.127,0.9804,1.0000,0.9429,+0.0000,+0.0000,+1.0000,+0.0000,+0.0000,-0.1000,+0.0001,-0.0005,+0.0000,+0.0000,+0.0000,+0.0000,+0.0000,+1.0000,+0.0000,+0.0000,+2.0000,+0.0085,+0.1382,+3.4000,+0.0000,+0.0000
257,0.90,46,True,0.0%,0.0%,0.0%,0.01,0.5,5.07,7.665,0.9855,1.0000,0.8530,+0.0000,+0.0000,+1.0000,+0.0000,+0.0000,-0.1000,+0.0002,-0.0040,+0.0000,+0.0000,+0.0000,+0.0000,+0.0000,+1.0000,+0.0000,+0.0000,+2.0000,+0.0113,+1.0638,+4.6000,+0.0000,+0.0000
259,-3.80,64,False,100.0%,100.0%,0.0%,0.02,0.9,5.79,8.311,0.9948,0.9844,0.5075,-3.7268,+0.0000,+0.0000,+0.0000,+0.0000,-0.0500,+0.0002,-0.0231,+0.0000,+0.0000,+0.0000,+1.0000,+0.0000,+0.0000,+0.0000,+0.0000,+1.0000,+0.0153,+6.0789,+6.4000,+0.0000,+0.0000
260,0.00,1,False,0.0%,0.0%,0.0%,inf,0.9,5.26,0.000,1.0000,0.0000,1.0000,+0.0000,+0.0000,+0.0000,+0.0000,+0.0000,+0.0000,+0.0000,+0.0000,+0.0000,+0.0000,+0.0000,+0.0000,+0.0000,+0.0000,+0.0000,+0.0000,+0.0000,+0.0000,+0.0000,+0.0000,+0.0000,+0.0000
261,1.00,1,True,0.0%,0.0%,0.0%,inf,1.0,4.96,0.000,1.0000,1.0000,0.9776,+0.0000,+0.0000,+1.0000,+0.0000,+0.0000,+0.0000,+0.0000,+0.0000,+0.0000,+0.0000,+0.0000,+0.0000,+0.0000,+1.0000,+0.0000,+0.0000,+0.0000,+0.0002,-0.0034,+0.0000,+0.0000,+0.0000
262,-0.05,90,False,0.0%,0.0%,0.0%,0.06,0.6,5.72,2.603,1.0000,0.5778,0.7300,+0.0000,+0.0000,+0.0000,+0.0000,+0.0000,+0.0000,-0.0503,-0.0031,+0.0000,+0.0000,+0.0000,+0.0000,+0.0000,+0.0000,+0.0000,+0.0000,+0.0000,-5.2549,+0.8140,+9.0000,+0.0000,+0.0000
263,1.00,1,True,0.0%,0.0%,0.0%,inf,1.1,5.70,0.000,1.0000,0.0000,0.0000,+0.0000,+0.0000,+1.0000,+0.0000,+0.0000,+0.0000,-0.0015,+0.0000,+0.0000,+0.0000,+0.0000,+0.0000,+0.0000,+1.0000,+0.0000,+0.0000,+0.0000,-0.1003,+0.0000,+0.0000,+0.0000,+0.0000
265,1.00,1,True,0.0%,0.0%,0.0%,inf,0.8,5.08,0.000,1.0000,0.0000,0.0000,+0.0000,+0.0000,+1.0000,+0.0000,+0.0000,+0.0000,-0.0015,+0.0000,+0.0000,+0.0000,+0.0000,+0.0000,+0.0000,+1.0000,+0.0000,+0.0000,+0.0000,-0.1003,+0.0000,+0.0000,+0.0000,+0.0000
266,0.00,1,False,0.0%,0.0%,0.0%,inf,0.9,4.82,0.000,1.0000,0.0000,1.0000,+0.0000,+0.0000,+0.0000,+0.0000,+0.0000,+0.0000,+0.0000,+0.0000,+0.0000,+0.0000,+0.0000,+0.0000,+0.0000,+0.0000,+0.0000,+0.0000,+0.0000,+0.0000,+0.0000,+0.0000,+0.0000,+0.0000
267,0.99,76,True,0.0%,0.0%,0.0%,0.01,0.8,5.95,13.355,1.0000,0.9868,0.7659,+0.0000,+0.0000,+1.0000,+0.0000,+0.0000,+0.0000,+0.0003,-0.0120,+0.0000,+0.0000,+0.0000,+0.0000,+0.0000,+1.0000,+0.0000,+0.0000,+0.0000,+0.0189,+3.1641,+7.6000,+0.0000,+0.0000
268,-0.10,90,False,0.0%,0.0%,0.0%,0.08,0.7,6.98,2.959,1.0000,0.3889,0.7936,+0.0000,+0.0000,+0.0000,+0.0000,+0.0000,+0.0000,-0.0942,-0.0043,+0.0000,+0.0000,+0.0000,+0.0000,+0.0000,+0.0000,+0.0000,+0.0000,+0.0000,-10.0295,+1.1321,+9.0000,+0.0000,+0.0000
269,0.90,46,True,0.0%,0.0%,0.0%,0.01,0.8,5.27,4.757,0.9855,1.0000,0.9167,+0.0000,+0.0000,+1.0000,+0.0000,+0.0000,-0.1000,+0.0002,-0.0017,+0.0000,+0.0000,+0.0000,+0.0000,+0.0000,+1.0000,+0.0000,+0.0000,+2.0000,+0.0114,+0.4448,+4.6000,+0.0000,+0.0000
270,1.00,1,True,0.0%,0.0%,0.0%,inf,1.1,5.30,0.000,1.0000,1.0000,0.0000,+0.0000,+0.0000,+1.0000,+0.0000,+0.0000,+0.0000,+0.0000,-0.0008,+0.0000,+0.0000,+0.0000,+0.0000,+0.0000,+1.0000,+0.0000,+0.0000,+0.0000,+0.0002,+0.2223,+0.0000,+0.0000,+0.0000
271,-4.41,54,True,0.0%,0.0%,0.0%,0.01,0.5,5.53,16.790,1.0000,1.0000,0.8017,+0.0000,+0.0000,+1.0000,+0.0000,+0.0000,+0.0000,+0.0002,-0.0070,+0.0000,+0.0000,-5.4000,+0.0000,+0.0000,+1.0000,+0.0000,+0.0000,+0.0000,+0.0135,+1.8425,+5.4000,+0.0000,+54.0000
273,-0.02,90,False,0.0%,0.0%,0.0%,0.06,0.8,6.55,11.743,1.0000,0.9111,0.9098,+0.0000,+0.0000,+0.0000,+0.0000,+0.0000,+0.0000,-0.0209,-0.0035,+0.0000,+0.0000,+0.0000,+0.0000,+0.0000,+0.0000,+0.0000,+0.0000,+0.0000,-2.6032,+0.9215,+9.0000,+0.0000,+0.0000
274,0.95,20,True,0.0%,0.0%,0.0%,0.01,0.9,4.90,0.252,0.9833,1.0000,0.7832,+0.0000,+0.0000,+1.0000,+0.0000,+0.0000,-0.0500,+0.0001,-0.0029,+0.0000,+0.0000,+0.0000,+0.0000,+0.0000,+1.0000,+0.0000,+0.0000,+1.0000,+0.0050,+0.7604,+2.0000,+0.0000,+0.0000
275,-4.05,45,False,100.0%,100.0%,0.0%,0.10,0.9,6.34,10.239,0.9778,1.0000,0.8838,-3.8964,+0.0000,+0.0000,+0.0000,+0.0000,-0.1500,+0.0002,-0.0028,+0.0000,+0.0000,+0.0000,+1.0000,+0.0000,+0.0000,+0.0000,+0.0000,+3.0000,+0.0112,+0.7493,+4.5000,+0.0000,+0.0000
277,-0.00,90,False,0.0%,0.0%,0.0%,0.13,0.5,6.41,4.074,1.0000,1.0000,0.9223,+0.0000,+0.0000,+0.0000,+0.0000,+0.0000,+0.0000,+0.0003,-0.0029,+0.0000,+0.0000,+0.0000,+0.0000,+0.0000,+0.0000,+0.0000,+0.0000,+0.0000,+0.0223,+0.7608,+9.0000,+0.0000,+0.0000
278,-7.47,81,True,0.0%,0.0%,0.0%,0.01,0.5,5.19,17.444,0.9053,0.7901,0.6152,+0.0000,+0.0000,+1.0000,+0.0000,+0.0000,-1.1500,-0.1969,-0.0195,+0.0000,+0.0000,-7.1000,+0.0000,+0.0000,+1.0000,+0.0000,+0.0000,+23.0000,-24.9583,+5.1322,+8.1000,+0.0000,+71.0000
281,1.00,1,True,0.0%,0.0%,0.0%,inf,0.9,5.46,0.000,1.0000,0.0000,0.0000,+0.0000,+0.0000,+1.0000,+0.0000,+0.0000,+0.0000,-0.0015,+0.0000,+0.0000,+0.0000,+0.0000,+0.0000,+0.0000,+1.0000,+0.0000,+0.0000,+0.0000,-0.1003,+0.0000,+0.0000,+0.0000,+0.0000
282,-0.11,36,True,0.0%,0.0%,0.0%,0.01,0.6,5.03,11.349,0.7963,0.5556,0.7733,+0.0000,+0.0000,+1.0000,+0.0000,+0.0000,-1.1000,+0.0001,-0.0054,+0.0000,+0.0000,+0.0000,+0.0000,+0.0000,+1.0000,+0.0000,+0.0000,+22.0000,+0.0083,+1.4301,+3.6000,+0.0000,+0.0000
283,1.00,1,True,0.0%,0.0%,0.0%,inf,0.9,4.73,0.000,1.0000,0.0000,0.0000,+0.0000,+0.0000,+1.0000,+0.0000,+0.0000,+0.0000,-0.0015,+0.0000,+0.0000,+0.0000,+0.0000,+0.0000,+0.0000,+1.0000,+0.0000,+0.0000,+0.0000,-0.1003,+0.0000,+0.0000,+0.0000,+0.0000
285,0.89,36,True,0.0%,0.0%,0.0%,0.01,0.6,5.06,14.285,0.9815,1.0000,0.4464,+0.0000,+0.0000,+1.0000,+0.0000,+0.0000,-0.1000,+0.0001,-0.0147,+0.0000,+0.0000,+0.0000,+0.0000,+0.0000,+1.0000,+0.0000,+0.0000,+2.0000,+0.0088,+3.8782,+3.6000,+0.0000,+0.0000
287,-0.01,90,False,0.0%,0.0%,0.0%,0.08,0.6,5.82,5.335,1.0000,1.0000,0.8671,+0.0000,+0.0000,+0.0000,+0.0000,+0.0000,+0.0000,+0.0003,-0.0069,+0.0000,+0.0000,+0.0000,+0.0000,+0.0000,+0.0000,+0.0000,+0.0000,+0.0000,+0.0224,+1.8226,+9.0000,+0.0000,+0.0000
290,1.00,1,True,0.0%,0.0%,0.0%,inf,0.8,4.84,0.000,1.0000,0.0000,0.0000,+0.0000,+0.0000,+1.0000,+0.0000,+0.0000,+0.0000,-0.0015,+0.0000,+0.0000,+0.0000,+0.0000,+0.0000,+0.0000,+1.0000,+0.0000,+0.0000,+0.0000,-0.1003,+0.0000,+0.0000,+0.0000,+0.0000
291,1.00,1,True,0.0%,0.0%,0.0%,inf,0.9,4.82,0.000,1.0000,0.0000,0.0000,+0.0000,+0.0000,+1.0000,+0.0000,+0.0000,+0.0000,-0.0015,+0.0000,+0.0000,+0.0000,+0.0000,+0.0000,+0.0000,+1.0000,+0.0000,+0.0000,+0.0000,-0.1003,+0.0000,+0.0000,+0.0000,+0.0000
292,-0.13,90,False,0.0%,0.0%,0.0%,0.25,0.7,6.31,5.033,0.9926,0.8556,0.6137,+0.0000,+0.0000,+0.0000,+0.0000,+0.0000,-0.1000,-0.0057,-0.0246,+0.0000,+0.0000,+0.0000,+0.0000,+0.0000,+0.0000,+0.0000,+0.0000,+2.0000,-0.6615,+6.4746,+9.0000,+0.0000,+0.0000
293,1.00,1,True,0.0%,0.0%,0.0%,inf,1.1,5.35,0.000,1.0000,0.0000,0.0000,+0.0000,+0.0000,+1.0000,+0.0000,+0.0000,+0.0000,-0.0015,+0.0000,+0.0000,+0.0000,+0.0000,+0.0000,+0.0000,+1.0000,+0.0000,+0.0000,+0.0000,-0.1003,+0.0000,+0.0000,+0.0000,+0.0000
294,-0.11,90,False,0.0%,0.0%,0.0%,0.18,0.6,5.62,5.602,0.9926,0.9778,0.8851,+0.0000,+0.0000,+0.0000,+0.0000,+0.0000,-0.1000,+0.0003,-0.0054,+0.0000,+0.0000,+0.0000,+0.0000,+0.0000,+0.0000,+0.0000,+0.0000,+2.0000,+0.0220,+1.4315,+9.0000,+0.0000,+0.0000
295,-0.03,90,False,0.0%,0.0%,0.0%,0.26,0.8,5.67,3.906,1.0000,0.8556,0.9377,+0.0000,+0.0000,+0.0000,+0.0000,+0.0000,+0.0000,-0.0239,-0.0012,+0.0000,+0.0000,+0.0000,+0.0000,+0.0000,+0.0000,+0.0000,+0.0000,+0.0000,-2.6628,+0.3230,+9.0000,+0.0000,+0.0000
296,-0.05,90,False,0.0%,0.0%,0.0%,0.21,0.9,6.17,4.641,1.0000,0.6111,0.6925,+0.0000,+0.0000,+0.0000,+0.0000,+0.0000,+0.0000,-0.0370,-0.0152,+0.0000,+0.0000,+0.0000,+0.0000,+0.0000,+0.0000,+0.0000,+0.0000,+0.0000,-4.1952,+4.0096,+9.0000,+0.0000,+0.0000
297,-0.01,90,False,0.0%,0.0%,0.0%,0.09,0.7,6.26,13.177,1.0000,0.9444,0.7707,+0.0000,+0.0000,+0.0000,+0.0000,+0.0000,+0.0000,+0.0003,-0.0137,+0.0000,+0.0000,+0.0000,+0.0000,+0.0000,+0.0000,+0.0000,+0.0000,+0.0000,+0.0216,+3.6163,+9.0000,+0.0000,+0.0000
299,1.00,1,True,0.0%,0.0%,0.0%,inf,0.9,4.93,0.000,1.0000,0.0000,0.0000,+0.0000,+0.0000,+1.0000,+0.0000,+0.0000,+0.0000,-0.0015,+0.0000,+0.0000,+0.0000,+0.0000,+0.0000,+0.0000,+1.0000,+0.0000,+0.0000,+0.0000,-0.1003,+0.0000,+0.0000,+0.0000,+0.0000
301,-8.29,89,True,0.0%,0.0%,0.0%,0.01,0.8,7.13,17.106,0.9738,0.9213,0.6617,+0.0000,+0.0000,+1.0000,+0.0000,+0.0000,-0.3500,-0.0181,-0.0206,+0.0000,+0.0000,-8.9000,+0.0000,+0.0000,+1.0000,+0.0000,+0.0000,+7.0000,-2.3027,+5.4267,+8.9000,+0.0000,+89.0000
302,-0.02,90,False,0.0%,0.0%,0.0%,0.21,0.6,5.81,5.159,1.0000,1.0000,0.7419,+0.0000,+0.0000,+0.0000,+0.0000,+0.0000,+0.0000,+0.0003,-0.0159,+0.0000,+0.0000,+0.0000,+0.0000,+0.0000,+0.0000,+0.0000,+0.0000,+0.0000,+0.0222,+4.1822,+9.0000,+0.0000,+0.0000
305,0.90,14,True,0.0%,0.0%,0.0%,0.01,0.7,4.95,13.706,0.9524,1.0000,0.6796,+0.0000,+0.0000,+1.0000,+0.0000,+0.0000,-0.1000,+0.0001,-0.0032,+0.0000,+0.0000,+0.0000,+0.0000,+0.0000,+1.0000,+0.0000,+0.0000,+2.0000,+0.0035,+0.8362,+1.4000,+0.0000,+0.0000
307,0.89,82,True,0.0%,0.0%,0.0%,0.01,0.5,5.65,7.337,0.9919,0.8780,0.7868,+0.0000,+0.0000,+1.0000,+0.0000,+0.0000,-0.1000,+0.0003,-0.0115,+0.0000,+0.0000,+0.0000,+0.0000,+0.0000,+1.0000,+0.0000,+0.0000,+2.0000,+0.0195,+3.0306,+8.2000,+0.0000,+0.0000
308,1.00,1,True,0.0%,0.0%,0.0%,inf,0.9,5.14,0.000,1.0000,1.0000,0.9284,+0.0000,+0.0000,+1.0000,+0.0000,+0.0000,+0.0000,+0.0000,-0.0000,+0.0000,+0.0000,+0.0000,+0.0000,+0.0000,+1.0000,+0.0000,+0.0000,+0.0000,+0.0002,+0.0072,+0.0000,+0.0000,+0.0000
310,0.95,1,True,0.0%,0.0%,0.0%,inf,1.0,4.99,0.599,0.6667,1.0000,0.7810,+0.0000,+0.0000,+1.0000,+0.0000,+0.0000,-0.0500,+0.0000,-0.0001,+0.0000,+0.0000,+0.0000,+0.0000,+0.0000,+1.0000,+0.0000,+0.0000,+1.0000,+0.0002,+0.0385,+0.1000,+0.0000,+0.0000
311,1.00,1,True,0.0%,0.0%,0.0%,inf,1.0,5.45,0.000,1.0000,1.0000,0.0000,+0.0000,+0.0000,+1.0000,+0.0000,+0.0000,+0.0000,+0.0000,-0.0009,+0.0000,+0.0000,+0.0000,+0.0000,+0.0000,+1.0000,+0.0000,+0.0000,+0.0000,+0.0002,+0.2376,+0.0000,+0.0000,+0.0000
315,-3.13,8,False,100.0%,0.0%,0.0%,0.25,0.8,5.34,0.249,0.9167,1.0000,0.8816,-3.0249,+0.0000,+0.0000,+0.0000,+0.0000,-0.1000,+0.0000,-0.0005,+0.0000,+0.0000,+0.0000,+1.0000,+0.0000,+0.0000,+0.0000,+0.0000,+2.0000,+0.0020,+0.1374,+0.8000,+0.0000,+0.0000
316,1.00,1,True,0.0%,0.0%,0.0%,inf,0.8,5.21,10.150,1.0000,1.0000,0.9733,+0.0000,+0.0000,+1.0000,+0.0000,+0.0000,+0.0000,+0.0000,+0.0000,+0.0000,+0.0000,+0.0000,+0.0000,+0.0000,+1.0000,+0.0000,+0.0000,+0.0000,+0.0002,-0.0025,+0.1000,+0.0000,+0.0000
317,1.00,19,True,0.0%,0.0%,0.0%,0.01,0.6,4.80,1.807,1.0000,1.0000,0.8476,+0.0000,+0.0000,+1.0000,+0.0000,+0.0000,+0.0000,+0.0001,-0.0018,+0.0000,+0.0000,+0.0000,+0.0000,+0.0000,+1.0000,+0.0000,+0.0000,+0.0000,+0.0047,+0.4638,+1.9000,+0.0000,+0.0000
320,-0.55,90,False,0.0%,0.0%,0.0%,0.37,0.7,6.01,7.652,0.9926,0.0222,0.7090,+0.0000,+0.0000,+0.0000,+0.0000,+0.0000,-0.1000,-0.4471,-0.0008,+0.0000,+0.0000,+0.0000,+0.0000,+0.0000,+0.0000,+0.0000,+0.0000,+2.0000,-53.4284,+0.2180,+9.0000,+0.0000,+0.0000
323,1.00,1,True,0.0%,0.0%,0.0%,inf,1.0,5.46,0.069,1.0000,1.0000,0.8470,+0.0000,+0.0000,+1.0000,+0.0000,+0.0000,+0.0000,+0.0000,-0.0001,+0.0000,+0.0000,+0.0000,+0.0000,+0.0000,+1.0000,+0.0000,+0.0000,+0.0000,+0.0002,+0.0245,+0.1000,+0.0000,+0.0000
326,1.00,1,True,0.0%,0.0%,0.0%,inf,0.9,4.68,0.052,1.0000,1.0000,0.8715,+0.0000,+0.0000,+1.0000,+0.0000,+0.0000,+0.0000,+0.0000,-0.0001,+0.0000,+0.0000,+0.0000,+0.0000,+0.0000,+1.0000,+0.0000,+0.0000,+0.0000,+0.0002,+0.0193,+0.1000,+0.0000,+0.0000
327,0.97,90,True,0.0%,0.0%,0.0%,0.01,0.6,5.29,10.196,1.0000,0.9000,0.7467,+0.0000,+0.0000,+1.0000,+0.0000,+0.0000,+0.0000,-0.0175,-0.0147,+0.0000,+0.0000,+0.0000,+0.0000,+0.0000,+1.0000,+0.0000,+0.0000,+0.0000,-2.1550,+3.8797,+9.0000,+0.0000,+0.0000
329,-0.30,90,False,0.0%,0.0%,0.0%,0.19,0.8,5.37,4.424,0.9926,0.2111,0.6848,+0.0000,+0.0000,+0.0000,+0.0000,+0.0000,-0.1000,-0.1980,-0.0022,+0.0000,+0.0000,+0.0000,+0.0000,+0.0000,+0.0000,+0.0000,+0.0000,+2.0000,-22.2909,+0.5727,+9.0000,+0.0000,+0.0000
330,-0.19,90,False,0.0%,0.0%,0.0%,0.10,0.8,6.80,11.462,0.9926,0.7333,0.7398,+0.0000,+0.0000,+0.0000,+0.0000,+0.0000,-0.1000,-0.0790,-0.0128,+0.0000,+0.0000,+0.0000,+0.0000,+0.0000,+0.0000,+0.0000,+0.0000,+2.0000,-9.7702,+3.3627,+9.0000,+0.0000,+0.0000
331,1.00,1,True,0.0%,0.0%,0.0%,inf,1.1,5.15,0.000,1.0000,1.0000,0.8668,+0.0000,+0.0000,+1.0000,+0.0000,+0.0000,+0.0000,+0.0000,-0.0001,+0.0000,+0.0000,+0.0000,+0.0000,+0.0000,+1.0000,+0.0000,+0.0000,+0.0000,+0.0002,+0.0203,+0.0000,+0.0000,+0.0000
332,1.00,1,True,0.0%,0.0%,0.0%,inf,0.9,4.91,0.000,1.0000,0.0000,0.0000,+0.0000,+0.0000,+1.0000,+0.0000,+0.0000,+0.0000,-0.0015,+0.0000,+0.0000,+0.0000,+0.0000,+0.0000,+0.0000,+1.0000,+0.0000,+0.0000,+0.0000,-0.1003,+0.0000,+0.0000,+0.0000,+0.0000
333,1.00,1,True,0.0%,0.0%,0.0%,inf,0.9,4.80,0.000,1.0000,0.0000,0.0000,+0.0000,+0.0000,+1.0000,+0.0000,+0.0000,+0.0000,-0.0015,+0.0000,+0.0000,+0.0000,+0.0000,+0.0000,+0.0000,+1.0000,+0.0000,+0.0000,+0.0000,-0.1003,+0.0000,+0.0000,+0.0000,+0.0000
334,-7.37,26,False,100.0%,100.0%,0.0%,0.59,0.7,5.15,16.700,0.9744,0.9231,0.9147,-4.6700,+0.0000,+0.0000,+0.0000,+0.0000,-0.1000,+0.0001,-0.0010,+0.0000,+0.0000,-2.6000,+1.0000,+0.0000,+0.0000,+0.0000,+0.0000,+2.0000,+0.0061,+0.2547,+2.6000,+0.0000,+26.0000
336,-0.12,90,False,0.0%,0.0%,0.0%,0.33,0.9,6.92,5.266,0.9926,0.8667,0.9302,+0.0000,+0.0000,+0.0000,+0.0000,+0.0000,-0.1000,-0.0158,-0.0018,+0.0000,+0.0000,+0.0000,+0.0000,+0.0000,+0.0000,+0.0000,+0.0000,+2.0000,-1.8263,+0.4858,+9.0000,+0.0000,+0.0000
338,0.00,1,False,0.0%,0.0%,0.0%,inf,0.9,4.73,0.000,1.0000,0.0000,1.0000,+0.0000,+0.0000,+0.0000,+0.0000,+0.0000,+0.0000,+0.0000,+0.0000,+0.0000,+0.0000,+0.0000,+0.0000,+0.0000,+0.0000,+0.0000,+0.0000,+0.0000,+0.0000,+0.0000,+0.0000,+0.0000,+0.0000
339,-0.01,90,False,0.0%,0.0%,0.0%,0.22,0.9,7.09,6.866,1.0000,0.8222,0.9502,+0.0000,+0.0000,+0.0000,+0.0000,+0.0000,+0.0000,-0.0051,-0.0007,+0.0000,+0.0000,+0.0000,+0.0000,+0.0000,+0.0000,+0.0000,+0.0000,+0.0000,-0.6187,+0.1822,+9.0000,+0.0000,+0.0000
340,0.95,1,True,0.0%,0.0%,0.0%,inf,0.9,5.32,0.000,0.6667,0.0000,0.0000,+0.0000,+0.0000,+1.0000,+0.0000,+0.0000,-0.0500,-0.0016,+0.0000,+0.0000,+0.0000,+0.0000,+0.0000,+0.0000,+1.0000,+0.0000,+0.0000,+1.0000,-0.1136,+0.0000,+0.1000,+0.0000,+0.0000
341,0.58,82,True,0.0%,0.0%,0.0%,0.02,0.6,5.33,13.288,0.9675,1.0000,0.6864,+0.0000,+0.0000,+1.0000,+0.0000,+0.0000,-0.4000,+0.0003,-0.0181,+0.0000,+0.0000,+0.0000,+0.0000,+0.0000,+1.0000,+0.0000,+0.0000,+8.0000,+0.0197,+4.7526,+8.2000,+0.0000,+0.0000
342,-3.61,26,False,100.0%,100.0%,0.0%,0.39,0.8,4.96,5.952,1.0000,0.8077,0.7246,-3.5952,+0.0000,+0.0000,+0.0000,+0.0000,+0.0000,-0.0103,-0.0039,+0.0000,+0.0000,+0.0000,+1.0000,+0.0000,+0.0000,+0.0000,+0.0000,+0.0000,-1.2031,+1.0193,+2.6000,+0.0000,+0.0000
344,-0.01,90,False,0.0%,0.0%,0.0%,0.34,0.6,5.57,0.054,1.0000,1.0000,0.7701,+0.0000,+0.0000,+0.0000,+0.0000,+0.0000,+0.0000,+0.0003,-0.0139,+0.0000,+0.0000,+0.0000,+0.0000,+0.0000,+0.0000,+0.0000,+0.0000,+0.0000,+0.0224,+3.6692,+9.0000,+0.0000,+0.0000
345,1.00,1,True,0.0%,0.0%,0.0%,inf,0.9,4.76,0.000,1.0000,1.0000,0.6960,+0.0000,+0.0000,+1.0000,+0.0000,+0.0000,+0.0000,+0.0000,-0.0002,+0.0000,+0.0000,+0.0000,+0.0000,+0.0000,+1.0000,+0.0000,+0.0000,+0.0000,+0.0002,+0.0563,+0.0000,+0.0000,+0.0000
346,-0.27,90,False,0.0%,0.0%,0.0%,0.06,0.6,5.66,8.205,0.9815,0.8889,0.7810,+0.0000,+0.0000,+0.0000,+0.0000,+0.0000,-0.2500,-0.0109,-0.0128,+0.0000,+0.0000,+0.0000,+0.0000,+0.0000,+0.0000,+0.0000,+0.0000,+5.0000,-1.3333,+3.3679,+9.0000,+0.0000,+0.0000
349,1.00,1,True,0.0%,0.0%,0.0%,inf,1.0,5.23,0.000,1.0000,1.0000,0.8602,+0.0000,+0.0000,+1.0000,+0.0000,+0.0000,+0.0000,+0.0000,-0.0001,+0.0000,+0.0000,+0.0000,+0.0000,+0.0000,+1.0000,+0.0000,+0.0000,+0.0000,+0.0002,+0.0217,+0.0000,+0.0000,+0.0000
351,-3.65,40,False,100.0%,100.0%,0.0%,0.23,0.6,4.80,5.445,0.9833,1.0000,0.6811,-3.5445,+0.0000,+0.0000,+0.0000,+0.0000,-0.1000,+0.0001,-0.0090,+0.0000,+0.0000,+0.0000,+1.0000,+0.0000,+0.0000,+0.0000,+0.0000,+2.0000,+0.0100,+2.3769,+4.0000,+0.0000,+0.0000
352,0.99,28,True,0.0%,0.0%,0.0%,0.01,0.6,4.77,13.132,1.0000,1.0000,0.5955,+0.0000,+0.0000,+1.0000,+0.0000,+0.0000,+0.0000,+0.0001,-0.0082,+0.0000,+0.0000,+0.0000,+0.0000,+0.0000,+1.0000,+0.0000,+0.0000,+0.0000,+0.0069,+2.1604,+2.8000,+0.0000,+0.0000
355,-0.11,90,False,0.0%,0.0%,0.0%,0.25,1.2,6.27,1.415,0.9926,1.0000,0.7532,+0.0000,+0.0000,+0.0000,+0.0000,+0.0000,-0.1000,+0.0003,-0.0151,+0.0000,+0.0000,+0.0000,+0.0000,+0.0000,+0.0000,+0.0000,+0.0000,+2.0000,+0.0217,+3.9787,+9.0000,+0.0000,+0.0000
358,-3.00,1,False,100.0%,0.0%,0.0%,inf,1.1,4.69,0.000,1.0000,1.0000,0.9686,-3.0000,+0.0000,+0.0000,+0.0000,+0.0000,+0.0000,+0.0000,+0.0000,+0.0000,+0.0000,+0.0000,+1.0000,+0.0000,+0.0000,+0.0000,+0.0000,+0.0000,+0.0002,-0.0015,+0.0000,+0.0000,+0.0000
359,-0.03,90,False,0.0%,0.0%,0.0%,0.06,0.6,6.36,11.265,1.0000,0.9111,0.8075,+0.0000,+0.0000,+0.0000,+0.0000,+0.0000,+0.0000,-0.0206,-0.0109,+0.0000,+0.0000,+0.0000,+0.0000,+0.0000,+0.0000,+0.0000,+0.0000,+0.0000,-2.5582,+2.8667,+9.0000,+0.0000,+0.0000
364,-1.63,90,False,0.0%,0.0%,0.0%,0.02,0.6,5.23,1.561,0.8815,0.1778,0.6253,+0.0000,+0.0000,+0.0000,+0.0000,+0.0000,-1.6000,+0.0002,-0.0241,+0.0000,-0.0019,+0.0000,+0.0000,+0.0000,+0.0000,+0.0000,+0.0000,+32.0000,+0.0121,+6.3297,+9.0000,+0.5000,+0.0000
367,0.95,1,True,0.0%,0.0%,0.0%,inf,0.9,4.72,0.000,0.6667,0.0000,0.0000,+0.0000,+0.0000,+1.0000,+0.0000,+0.0000,-0.0500,-0.0016,+0.0000,+0.0000,+0.0000,+0.0000,+0.0000,+0.0000,+1.0000,+0.0000,+0.0000,+1.0000,-0.1136,+0.0000,+0.1000,+0.0000,+0.0000
368,-2.05,37,True,0.0%,0.0%,0.0%,0.01,0.6,5.00,18.044,0.9910,0.9730,0.8881,+0.0000,+0.0000,+1.0000,+0.0000,+0.0000,-0.0500,+0.0001,-0.0022,+0.0000,+0.0000,-3.0000,+0.0000,+0.0000,+1.0000,+0.0000,+0.0000,+1.0000,+0.0092,+0.5841,+3.7000,+0.0000,+30.0000
369,0.90,7,True,0.0%,0.0%,0.0%,0.01,0.6,4.68,14.610,0.9048,1.0000,0.6929,+0.0000,+0.0000,+1.0000,+0.0000,+0.0000,-0.1000,+0.0000,-0.0015,+0.0000,+0.0000,+0.0000,+0.0000,+0.0000,+1.0000,+0.0000,+0.0000,+2.0000,+0.0017,+0.3987,+0.7000,+0.0000,+0.0000
375,-0.01,90,False,0.0%,0.0%,0.0%,0.25,0.9,7.06,1.868,1.0000,0.4000,0.8404,+0.0000,+0.0000,+0.0000,+0.0000,+0.0000,+0.0000,+0.0003,-0.0088,+0.0000,+0.0000,+0.0000,+0.0000,+0.0000,+0.0000,+0.0000,+0.0000,+0.0000,+0.0220,+2.3249,+9.0000,+0.0000,+0.0000
377,1.00,1,True,0.0%,0.0%,0.0%,inf,0.9,5.04,0.000,1.0000,1.0000,0.4012,+0.0000,+0.0000,+1.0000,+0.0000,+0.0000,+0.0000,+0.0000,-0.0004,+0.0000,+0.0000,+0.0000,+0.0000,+0.0000,+1.0000,+0.0000,+0.0000,+0.0000,+0.0002,+0.1173,+0.0000,+0.0000,+0.0000
380,-0.13,90,False,0.0%,0.0%,0.0%,0.24,0.9,6.84,13.799,0.9926,1.0000,0.5828,+0.0000,+0.0000,+0.0000,+0.0000,+0.0000,-0.1000,+0.0003,-0.0272,+0.0000,+0.0000,+0.0000,+0.0000,+0.0000,+0.0000,+0.0000,+0.0000,+2.0000,+0.0221,+7.1502,+9.0000,+0.0000,+0.0000
381,1.00,21,True,0.0%,0.0%,0.0%,0.01,0.5,4.74,8.646,1.0000,1.0000,0.7404,+0.0000,+0.0000,+1.0000,+0.0000,+0.0000,+0.0000,+0.0001,-0.0038,+0.0000,+0.0000,+0.0000,+0.0000,+0.0000,+1.0000,+0.0000,+0.0000,+0.0000,+0.0052,+0.9873,+2.1000,+0.0000,+0.0000
384,-0.12,90,False,0.0%,0.0%,0.0%,0.04,0.6,5.32,7.858,0.9926,0.9333,0.8640,+0.0000,+0.0000,+0.0000,+0.0000,+0.0000,-0.1000,-0.0104,-0.0069,+0.0000,+0.0000,+0.0000,+0.0000,+0.0000,+0.0000,+0.0000,+0.0000,+2.0000,-1.2587,+1.8082,+9.0000,+0.0000,+0.0000
385,-8.44,31,False,100.0%,100.0%,0.0%,0.64,0.6,5.52,22.395,0.9785,1.0000,0.7419,-5.2395,+0.0000,+0.0000,+0.0000,+0.0000,-0.1000,+0.0001,-0.0055,+0.0000,+0.0000,-3.1000,+1.0000,+0.0000,+0.0000,+0.0000,+0.0000,+2.0000,+0.0077,+1.4410,+3.1000,+0.0000,+31.0000
388,1.00,1,True,0.0%,0.0%,0.0%,inf,0.9,4.68,0.000,1.0000,0.0000,0.0000,+0.0000,+0.0000,+1.0000,+0.0000,+0.0000,+0.0000,-0.0015,+0.0000,+0.0000,+0.0000,+0.0000,+0.0000,+0.0000,+1.0000,+0.0000,+0.0000,+0.0000,-0.1003,+0.0000,+0.0000,+0.0000,+0.0000
390,1.00,1,True,0.0%,0.0%,0.0%,inf,0.9,4.67,0.000,1.0000,0.0000,0.0000,+0.0000,+0.0000,+1.0000,+0.0000,+0.0000,+0.0000,-0.0015,+0.0000,+0.0000,+0.0000,+0.0000,+0.0000,+0.0000,+1.0000,+0.0000,+0.0000,+0.0000,-0.1003,+0.0000,+0.0000,+0.0000,+0.0000
391,1.00,1,True,0.0%,0.0%,0.0%,inf,0.9,4.73,0.000,1.0000,0.0000,0.0000,+0.0000,+0.0000,+1.0000,+0.0000,+0.0000,+0.0000,-0.0015,+0.0000,+0.0000,+0.0000,+0.0000,+0.0000,+0.0000,+1.0000,+0.0000,+0.0000,+0.0000,-0.1003,+0.0000,+0.0000,+0.0000,+0.0000
392,1.00,1,True,0.0%,0.0%,0.0%,inf,1.1,4.75,0.000,1.0000,0.0000,0.0000,+0.0000,+0.0000,+1.0000,+0.0000,+0.0000,+0.0000,-0.0015,+0.0000,+0.0000,+0.0000,+0.0000,+0.0000,+0.0000,+1.0000,+0.0000,+0.0000,+0.0000,-0.1003,+0.0000,+0.0000,+0.0000,+0.0000
393,1.00,37,True,0.0%,0.0%,0.0%,0.01,0.6,5.27,6.746,1.0000,0.9459,0.9030,+0.0000,+0.0000,+1.0000,+0.0000,+0.0000,+0.0000,+0.0001,-0.0017,+0.0000,+0.0000,+0.0000,+0.0000,+0.0000,+1.0000,+0.0000,+0.0000,+0.0000,+0.0088,+0.4457,+3.7000,+0.0000,+0.0000
394,0.44,39,True,0.0%,0.0%,0.0%,0.01,0.6,5.06,10.125,0.9060,0.7949,0.7117,+0.0000,+0.0000,+1.0000,+0.0000,+0.0000,-0.5500,+0.0001,-0.0078,+0.0000,+0.0000,+0.0000,+0.0000,+0.0000,+1.0000,+0.0000,+0.0000,+11.0000,+0.0088,+2.0535,+3.9000,+0.0000,+0.0000
395,0.00,90,False,0.0%,0.0%,0.0%,0.27,0.7,5.88,0.196,1.0000,1.0000,0.9933,+0.0000,+0.0000,+0.0000,+0.0000,+0.0000,+0.0000,+0.0003,+0.0023,+0.0000,+0.0000,+0.0000,+0.0000,+0.0000,+0.0000,+0.0000,+0.0000,+0.0000,+0.0224,-0.6117,+9.0000,+0.0000,+0.0000
396,-0.11,62,True,0.0%,0.0%,0.0%,0.01,0.7,5.16,11.314,0.8871,0.8387,0.6913,+0.0000,+0.0000,+1.0000,+0.0000,+0.0000,-1.0500,-0.0488,-0.0113,+0.0000,+0.0000,+0.0000,+0.0000,+0.0000,+1.0000,+0.0000,+0.0000,+21.0000,-5.9749,+2.9857,+6.2000,+0.0000,+0.0000
397,1.00,1,True,0.0%,0.0%,0.0%,inf,0.9,4.70,0.000,1.0000,0.0000,0.0000,+0.0000,+0.0000,+1.0000,+0.0000,+0.0000,+0.0000,-0.0015,+0.0000,+0.0000,+0.0000,+0.0000,+0.0000,+0.0000,+1.0000,+0.0000,+0.0000,+0.0000,-0.1003,+0.0000,+0.0000,+0.0000,+0.0000
399,-0.48,90,False,0.0%,0.0%,0.0%,0.18,0.6,5.67,6.358,0.9667,0.9889,0.5667,+0.0000,+0.0000,+0.0000,+0.0000,+0.0000,-0.4500,+0.0003,-0.0284,+0.0000,+0.0000,+0.0000,+0.0000,+0.0000,+0.0000,+0.0000,+0.0000,+9.0000,+0.0219,+7.4662,+9.0000,+0.0000,+0.0000
400,-1.20,22,True,0.0%,0.0%,0.0%,0.01,0.6,5.09,16.155,1.0000,1.0000,0.8941,+0.0000,+0.0000,+1.0000,+0.0000,+0.0000,+0.0000,+0.0001,-0.0012,+0.0000,+0.0000,-2.2000,+0.0000,+0.0000,+1.0000,+0.0000,+0.0000,+0.0000,+0.0055,+0.3192,+2.2000,+0.0000,+22.0000
402,0.95,1,True,0.0%,0.0%,0.0%,inf,0.9,4.67,0.000,0.6667,0.0000,0.0000,+0.0000,+0.0000,+1.0000,+0.0000,+0.0000,-0.0500,-0.0017,+0.0000,+0.0000,+0.0000,+0.0000,+0.0000,+0.0000,+1.0000,+0.0000,+0.0000,+1.0000,-0.1270,+0.0000,+0.1000,+0.0000,+0.0000
406,-0.00,90,False,0.0%,0.0%,0.0%,0.33,0.7,6.48,3.184,1.0000,0.9667,0.9378,+0.0000,+0.0000,+0.0000,+0.0000,+0.0000,+0.0000,+0.0003,-0.0017,+0.0000,+0.0000,+0.0000,+0.0000,+0.0000,+0.0000,+0.0000,+0.0000,+0.0000,+0.0220,+0.4576,+9.0000,+0.0000,+0.0000
407,1.00,22,True,0.0%,0.0%,0.0%,0.01,0.6,4.98,14.344,1.0000,1.0000,0.8796,+0.0000,+0.0000,+1.0000,+0.0000,+0.0000,+0.0000,+0.0001,-0.0015,+0.0000,+0.0000,+0.0000,+0.0000,+0.0000,+1.0000,+0.0000,+0.0000,+0.0000,+0.0054,+0.3851,+2.2000,+0.0000,+0.0000
408,-3.11,27,False,0.0%,0.0%,100.0%,0.43,0.6,5.86,8.032,0.9753,0.9630,0.7570,+0.0000,-3.0000,+0.0000,+0.0000,+0.0000,-0.1000,-0.0074,-0.0005,+0.0000,+0.0000,+0.0000,+0.0000,+1.0000,+0.0000,+0.0000,+0.0000,+2.0000,-0.8970,+0.1212,+2.7000,+0.0000,+0.0000
410,0.14,37,True,0.0%,0.0%,0.0%,0.01,1.3,5.46,11.224,0.8468,0.9189,0.5005,+0.0000,+0.0000,+1.0000,+0.0000,+0.0000,-0.8500,+0.0001,-0.0136,+0.0000,+0.0000,+0.0000,+0.0000,+0.0000,+1.0000,+0.0000,+0.0000,+17.0000,+0.0083,+3.5692,+3.7000,+0.0000,+0.0000
411,1.00,1,True,0.0%,0.0%,0.0%,inf,0.9,5.79,0.000,1.0000,0.0000,0.0000,+0.0000,+0.0000,+1.0000,+0.0000,+0.0000,+0.0000,-0.0015,+0.0000,+0.0000,+0.0000,+0.0000,+0.0000,+0.0000,+1.0000,+0.0000,+0.0000,+0.0000,-0.1003,+0.0000,+0.0000,+0.0000,+0.0000
412,0.60,3,True,0.0%,0.0%,0.0%,0.02,0.8,4.89,18.557,0.7778,1.0000,0.9913,+0.0000,+0.0000,+1.0000,+0.0000,+0.0000,-0.1000,+0.0000,+0.0001,+0.0000,+0.0000,-0.3000,+0.0000,+0.0000,+1.0000,+0.0000,+0.0000,+2.0000,+0.0007,-0.0191,+0.3000,+0.0000,+3.0000
413,-0.01,90,False,0.0%,0.0%,0.0%,0.16,0.6,5.20,7.775,1.0000,0.9444,0.8473,+0.0000,+0.0000,+0.0000,+0.0000,+0.0000,+0.0000,-0.0035,-0.0083,+0.0000,+0.0000,+0.0000,+0.0000,+0.0000,+0.0000,+0.0000,+0.0000,+0.0000,-0.4375,+2.1950,+9.0000,+0.0000,+0.0000
414,-0.11,90,False,0.0%,0.0%,0.0%,0.29,0.8,6.81,0.062,0.9926,1.0000,0.8802,+0.0000,+0.0000,+0.0000,+0.0000,+0.0000,-0.1000,+0.0003,-0.0060,+0.0000,+0.0000,+0.0000,+0.0000,+0.0000,+0.0000,+0.0000,+0.0000,+2.0000,+0.0221,+1.5717,+9.0000,+0.0000,+0.0000
415,1.00,1,True,0.0%,0.0%,0.0%,inf,0.9,5.55,0.000,1.0000,0.0000,0.0000,+0.0000,+0.0000,+1.0000,+0.0000,+0.0000,+0.0000,-0.0015,+0.0000,+0.0000,+0.0000,+0.0000,+0.0000,+0.0000,+1.0000,+0.0000,+0.0000,+0.0000,-0.1003,+0.0000,+0.0000,+0.0000,+0.0000
416,1.00,1,True,0.0%,0.0%,0.0%,inf,0.8,5.64,0.000,1.0000,0.0000,0.0000,+0.0000,+0.0000,+1.0000,+0.0000,+0.0000,+0.0000,-0.0015,+0.0000,+0.0000,+0.0000,+0.0000,+0.0000,+0.0000,+1.0000,+0.0000,+0.0000,+0.0000,-0.1003,+0.0000,+0.0000,+0.0000,+0.0000
417,1.00,39,True,0.0%,0.0%,0.0%,0.01,0.6,4.92,4.351,1.0000,1.0000,0.8369,+0.0000,+0.0000,+1.0000,+0.0000,+0.0000,+0.0000,+0.0001,-0.0039,+0.0000,+0.0000,+0.0000,+0.0000,+0.0000,+1.0000,+0.0000,+0.0000,+0.0000,+0.0096,+1.0390,+3.9000,+0.0000,+0.0000
418,-6.46,77,True,0.0%,0.0%,0.0%,0.01,0.6,5.80,15.579,0.9177,1.0000,0.7635,+0.0000,+0.0000,+1.0000,+0.0000,+0.0000,-0.9500,+0.0003,-0.0123,+0.0000,+0.0000,-6.5000,+0.0000,+0.0000,+1.0000,+0.0000,+0.0000,+19.0000,+0.0188,+3.2394,+7.7000,+0.0000,+65.0000
423,1.00,1,True,0.0%,0.0%,0.0%,inf,0.9,4.89,0.000,1.0000,0.0000,0.0000,+0.0000,+0.0000,+1.0000,+0.0000,+0.0000,+0.0000,-0.0015,+0.0000,+0.0000,+0.0000,+0.0000,+0.0000,+0.0000,+1.0000,+0.0000,+0.0000,+0.0000,-0.1003,+0.0000,+0.0000,+0.0000,+0.0000
425,1.00,1,True,0.0%,0.0%,0.0%,inf,1.0,5.48,0.000,1.0000,0.0000,0.0000,+0.0000,+0.0000,+1.0000,+0.0000,+0.0000,+0.0000,-0.0015,+0.0000,+0.0000,+0.0000,+0.0000,+0.0000,+0.0000,+1.0000,+0.0000,+0.0000,+0.0000,-0.1003,+0.0000,+0.0000,+0.0000,+0.0000
426,-4.09,42,False,100.0%,100.0%,0.0%,0.31,0.6,5.03,9.814,0.9841,0.8095,0.7176,-3.9814,+0.0000,+0.0000,+0.0000,+0.0000,-0.1000,-0.0044,-0.0080,+0.0000,+0.0000,+0.0000,+1.0000,+0.0000,+0.0000,+0.0000,+0.0000,+2.0000,-0.5439,+2.1171,+4.2000,+0.0000,+0.0000
427,-0.02,90,False,0.0%,0.0%,0.0%,0.20,0.9,6.53,4.708,1.0000,0.7667,0.8364,+0.0000,+0.0000,+0.0000,+0.0000,+0.0000,+0.0000,-0.0122,-0.0076,+0.0000,+0.0000,+0.0000,+0.0000,+0.0000,+0.0000,+0.0000,+0.0000,+0.0000,-1.3995,+1.9899,+9.0000,+0.0000,+0.0000
428,1.00,1,True,0.0%,0.0%,0.0%,inf,0.9,4.68,0.000,0.6667,1.0000,0.9897,+0.0000,+0.0000,+1.0000,+0.0000,+0.0000,+0.0000,+0.0000,+0.0000,+0.0000,+0.0000,+0.0000,+0.0000,+0.0000,+1.0000,+0.0000,+0.0000,+1.0000,+0.0002,-0.0060,+0.1000,+0.0000,+0.0000
429,-0.36,90,False,0.0%,0.0%,0.0%,0.39,0.8,6.67,7.744,1.0000,0.2556,0.7716,+0.0000,+0.0000,+0.0000,+0.0000,+0.0000,+0.0000,-0.3630,-0.0001,+0.0000,+0.0000,+0.0000,+0.0000,+0.0000,+0.0000,+0.0000,+0.0000,+0.0000,-43.4340,+0.0176,+9.0000,+0.0000,+0.0000
430,0.00,90,False,0.0%,0.0%,0.0%,0.26,0.8,6.19,0.522,1.0000,1.0000,0.9830,+0.0000,+0.0000,+0.0000,+0.0000,+0.0000,+0.0000,+0.0003,+0.0016,+0.0000,+0.0000,+0.0000,+0.0000,+0.0000,+0.0000,+0.0000,+0.0000,+0.0000,+0.0224,-0.4121,+9.0000,+0.0000,+0.0000
431,1.00,1,True,0.0%,0.0%,0.0%,inf,1.0,5.52,0.000,1.0000,0.0000,0.0000,+0.0000,+0.0000,+1.0000,+0.0000,+0.0000,+0.0000,-0.0015,+0.0000,+0.0000,+0.0000,+0.0000,+0.0000,+0.0000,+1.0000,+0.0000,+0.0000,+0.0000,-0.1003,+0.0000,+0.0000,+0.0000,+0.0000
435,1.00,1,True,0.0%,0.0%,0.0%,inf,0.9,4.76,0.000,1.0000,0.0000,0.0000,+0.0000,+0.0000,+1.0000,+0.0000,+0.0000,+0.0000,-0.0015,+0.0000,+0.0000,+0.0000,+0.0000,+0.0000,+0.0000,+1.0000,+0.0000,+0.0000,+0.0000,-0.1003,+0.0000,+0.0000,+0.0000,+0.0000
438,-4.02,7,False,100.0%,100.0%,0.0%,0.51,0.6,4.87,10.144,1.0000,1.0000,0.8092,-4.0144,+0.0000,+0.0000,+0.0000,+0.0000,+0.0000,+0.0000,-0.0009,+0.0000,+0.0000,+0.0000,+1.0000,+0.0000,+0.0000,+0.0000,+0.0000,+0.0000,+0.0017,+0.2278,+0.7000,+0.0000,+0.0000
440,1.00,36,True,0.0%,0.0%,0.0%,0.01,0.8,5.51,3.323,0.9074,0.9444,0.7209,+0.0000,+0.0000,+1.0000,+0.0000,+0.0000,+0.0000,+0.0000,+0.0000,+0.0000,+0.0000,+0.0000,+0.0000,+0.0000,+1.0000,+0.0000,+0.0000,+10.0000,-0.3921,+1.7954,+3.6000,+0.0000,+0.0000
442,0.00,1,False,0.0%,0.0%,0.0%,inf,1.1,5.46,0.000,1.0000,0.0000,1.0000,+0.0000,+0.0000,+0.0000,+0.0000,+0.0000,+0.0000,+0.0000,+0.0000,+0.0000,+0.0000,+0.0000,+0.0000,+0.0000,+0.0000,+0.0000,+0.0000,+0.0000,+0.0000,+0.0000,+0.0000,+0.0000,+0.0000
443,1.00,1,True,0.0%,0.0%,0.0%,inf,0.9,5.02,0.001,1.0000,1.0000,0.8355,+0.0000,+0.0000,+1.0000,+0.0000,+0.0000,+0.0000,+0.0000,-0.0001,+0.0000,-0.0004,+0.0000,+0.0000,+0.0000,+1.0000,+0.0000,+0.0000,+0.0000,+0.0002,+0.0270,+0.1000,+0.1000,+0.0000
444,-4.03,17,False,100.0%,100.0%,0.0%,0.42,0.9,5.18,8.655,0.9608,0.0000,0.8318,-3.8655,+0.0000,+0.0000,+0.0000,+0.0000,-0.1000,-0.0686,+0.0000,+0.0000,+0.0000,+0.0000,+1.0000,+0.0000,+0.0000,+0.0000,+0.0000,+2.0000,-8.2912,-0.0072,+1.7000,+0.0000,+0.0000
447,1.00,1,True,0.0%,0.0%,0.0%,inf,0.8,5.00,0.056,1.0000,1.0000,0.8236,+0.0000,+0.0000,+1.0000,+0.0000,+0.0000,+0.0000,+0.0000,-0.0001,+0.0000,+0.0000,+0.0000,+0.0000,+0.0000,+1.0000,+0.0000,+0.0000,+0.0000,+0.0002,+0.0295,+0.1000,+0.0000,+0.0000
450,-0.03,90,False,0.0%,0.0%,0.0%,0.29,0.6,7.26,7.256,1.0000,0.5333,0.6951,+0.0000,+0.0000,+0.0000,+0.0000,+0.0000,+0.0000,-0.0194,-0.0155,+0.0000,+0.0000,+0.0000,+0.0000,+0.0000,+0.0000,+0.0000,+0.0000,+0.0000,-2.3136,+4.0818,+9.0000,+0.0000,+0.0000
451,0.89,71,True,0.0%,0.0%,0.0%,0.01,0.6,5.90,5.090,0.9906,0.9718,0.7779,+0.0000,+0.0000,+1.0000,+0.0000,+0.0000,-0.1000,+0.0003,-0.0104,+0.0000,+0.0000,+0.0000,+0.0000,+0.0000,+1.0000,+0.0000,+0.0000,+2.0000,+0.0172,+2.7268,+7.1000,+0.0000,+0.0000
453,-0.02,90,False,0.0%,0.0%,0.0%,0.06,0.6,5.52,8.020,1.0000,0.8889,0.8780,+0.0000,+0.0000,+0.0000,+0.0000,+0.0000,+0.0000,-0.0133,-0.0053,+0.0000,+0.0000,+0.0000,+0.0000,+0.0000,+0.0000,+0.0000,+0.0000,+0.0000,-1.6122,+1.3929,+9.0000,+0.0000,+0.0000
454,1.00,1,True,0.0%,0.0%,0.0%,inf,0.8,4.63,0.000,1.0000,0.0000,0.0000,+0.0000,+0.0000,+1.0000,+0.0000,+0.0000,+0.0000,-0.0015,+0.0000,+0.0000,+0.0000,+0.0000,+0.0000,+0.0000,+1.0000,+0.0000,+0.0000,+0.0000,-0.1003,+0.0000,+0.0000,+0.0000,+0.0000
457,-4.21,36,False,100.0%,100.0%,0.0%,0.38,0.6,5.02,11.055,0.9815,0.9722,0.8234,-4.1055,+0.0000,+0.0000,+0.0000,+0.0000,-0.1000,-0.0017,-0.0040,+0.0000,+0.0000,+0.0000,+1.0000,+0.0000,+0.0000,+0.0000,+0.0000,+2.0000,-0.2109,+1.0479,+3.6000,+0.0000,+0.0000
459,1.00,1,True,0.0%,0.0%,0.0%,inf,0.9,5.69,0.000,1.0000,0.0000,0.0000,+0.0000,+0.0000,+1.0000,+0.0000,+0.0000,+0.0000,-0.0015,+0.0000,+0.0000,+0.0000,+0.0000,+0.0000,+0.0000,+1.0000,+0.0000,+0.0000,+0.0000,-0.1003,+0.0000,+0.0000,+0.0000,+0.0000
460,0.00,1,False,0.0%,0.0%,0.0%,inf,0.9,4.77,0.000,1.0000,0.0000,1.0000,+0.0000,+0.0000,+0.0000,+0.0000,+0.0000,+0.0000,+0.0000,+0.0000,+0.0000,+0.0000,+0.0000,+0.0000,+0.0000,+0.0000,+0.0000,+0.0000,+0.0000,+0.0000,+0.0000,+0.0000,+0.0000,+0.0000
461,-0.10,90,False,0.0%,0.0%,0.0%,0.25,1.0,7.40,1.750,0.9926,1.0000,0.9035,+0.0000,+0.0000,+0.0000,+0.0000,+0.0000,-0.1000,+0.0003,-0.0043,+0.0000,+0.0000,+0.0000,+0.0000,+0.0000,+0.0000,+0.0000,+0.0000,+2.0000,+0.0222,+1.1225,+9.0000,+0.0000,+0.0000
465,0.00,1,False,0.0%,0.0%,0.0%,inf,0.9,5.45,0.000,1.0000,0.0000,1.0000,+0.0000,+0.0000,+0.0000,+0.0000,+0.0000,+0.0000,+0.0000,+0.0000,+0.0000,+0.0000,+0.0000,+0.0000,+0.0000,+0.0000,+0.0000,+0.0000,+0.0000,+0.0000,+0.0000,+0.0000,+0.0000,+0.0000
467,0.99,48,True,0.0%,0.0%,0.0%,0.01,0.6,5.35,6.935,1.0000,0.7917,0.7525,+0.0000,+0.0000,+1.0000,+0.0000,+0.0000,+0.0000,+0.0002,-0.0080,+0.0000,+0.0000,+0.0000,+0.0000,+0.0000,+1.0000,+0.0000,+0.0000,+0.0000,+0.0112,+2.1116,+4.8000,+0.0000,+0.0000
469,1.00,1,True,0.0%,0.0%,0.0%,inf,1.0,4.85,0.000,1.0000,0.0000,0.0000,+0.0000,+0.0000,+1.0000,+0.0000,+0.0000,+0.0000,-0.0015,+0.0000,+0.0000,+0.0000,+0.0000,+0.0000,+0.0000,+1.0000,+0.0000,+0.0000,+0.0000,-0.1003,+0.0000,+0.0000,+0.0000,+0.0000
470,0.65,61,True,0.0%,0.0%,0.0%,0.01,0.8,5.87,12.952,0.9617,0.9836,0.8843,+0.0000,+0.0000,+1.0000,+0.0000,+0.0000,-0.3500,+0.0002,-0.0038,+0.0000,+0.0000,+0.0000,+0.0000,+0.0000,+1.0000,+0.0000,+0.0000,+7.0000,+0.0148,+1.0060,+6.1000,+0.0000,+0.0000
473,-4.39,45,False,100.0%,100.0%,0.0%,0.23,0.7,5.27,12.805,0.9852,1.0000,0.7359,-4.2805,+0.0000,+0.0000,+0.0000,+0.0000,-0.1000,+0.0002,-0.0082,+0.0000,+0.0000,+0.0000,+1.0000,+0.0000,+0.0000,+0.0000,+0.0000,+2.0000,+0.0111,+2.1513,+4.5000,+0.0000,+0.0000
474,-0.01,90,False,0.0%,0.0%,0.0%,0.25,0.9,6.54,10.128,1.0000,0.9556,0.8202,+0.0000,+0.0000,+0.0000,+0.0000,+0.0000,+0.0000,-0.0030,-0.0103,+0.0000,+0.0000,+0.0000,+0.0000,+0.0000,+0.0000,+0.0000,+0.0000,+0.0000,-0.3863,+2.7135,+9.0000,+0.0000,+0.0000
475,-0.01,90,False,0.0%,0.0%,0.0%,0.08,0.5,5.10,1.901,1.0000,1.0000,0.8478,+0.0000,+0.0000,+0.0000,+0.0000,+0.0000,+0.0000,+0.0003,-0.0083,+0.0000,+0.0000,+0.0000,+0.0000,+0.0000,+0.0000,+0.0000,+0.0000,+0.0000,+0.0225,+2.1914,+9.0000,+0.0000,+0.0000
477,0.00,1,False,0.0%,0.0%,0.0%,inf,0.8,4.80,6.842,1.0000,0.0000,1.0000,+0.0000,+0.0000,+0.0000,+0.0000,+0.0000,+0.0000,+0.0000,+0.0000,+0.0000,+0.0000,+0.0000,+0.0000,+0.0000,+0.0000,+0.0000,+0.0000,+0.0000,+0.0000,+0.0000,+0.0000,+0.0000,+0.0000
478,1.00,1,True,0.0%,0.0%,0.0%,inf,0.8,4.76,0.000,1.0000,1.0000,0.7777,+0.0000,+0.0000,+1.0000,+0.0000,+0.0000,+0.0000,+0.0000,-0.0001,+0.0000,+0.0000,+0.0000,+0.0000,+0.0000,+1.0000,+0.0000,+0.0000,+0.0000,+0.0002,+0.0392,+0.0000,+0.0000,+0.0000
479,1.00,1,True,0.0%,0.0%,0.0%,inf,1.0,4.85,0.000,1.0000,1.0000,0.8868,+0.0000,+0.0000,+1.0000,+0.0000,+0.0000,+0.0000,+0.0000,-0.0001,+0.0000,+0.0000,+0.0000,+0.0000,+0.0000,+1.0000,+0.0000,+0.0000,+0.0000,+0.0002,+0.0161,+0.0000,+0.0000,+0.0000
480,1.00,1,True,0.0%,0.0%,0.0%,inf,0.9,5.53,0.000,1.0000,0.0000,0.0000,+0.0000,+0.0000,+1.0000,+0.0000,+0.0000,+0.0000,-0.0015,+0.0000,+0.0000,+0.0000,+0.0000,+0.0000,+0.0000,+1.0000,+0.0000,+0.0000,+0.0000,-0.1003,+0.0000,+0.0000,+0.0000,+0.0000
482,-3.11,44,False,0.0%,0.0%,100.0%,0.27,0.6,5.23,2.920,0.9848,0.9773,0.5476,+0.0000,-3.0000,+0.0000,+0.0000,+0.0000,-0.1000,+0.0001,-0.0145,+0.0000,+0.0000,+0.0000,+0.0000,+1.0000,+0.0000,+0.0000,+0.0000,+2.0000,+0.0094,+3.8170,+4.4000,+0.0000,+0.0000
483,-0.04,90,False,0.0%,0.0%,0.0%,0.06,0.6,5.11,3.737,1.0000,1.0000,0.4475,+0.0000,+0.0000,+0.0000,+0.0000,+0.0000,+0.0000,+0.0003,-0.0367,+0.0000,+0.0000,+0.0000,+0.0000,+0.0000,+0.0000,+0.0000,+0.0000,+0.0000,+0.0213,+9.6631,+9.0000,+0.0000,+0.0000
484,0.95,1,True,0.0%,0.0%,0.0%,inf,0.8,4.92,0.000,0.6667,0.0000,0.0000,+0.0000,+0.0000,+1.0000,+0.0000,+0.0000,-0.0500,-0.0016,+0.0000,+0.0000,+0.0000,+0.0000,+0.0000,+0.0000,+1.0000,+0.0000,+0.0000,+1.0000,-0.1136,+0.0000,+0.1000,+0.0000,+0.0000
488,-0.16,90,False,0.0%,0.0%,0.0%,0.19,0.8,6.47,3.537,0.9926,0.5000,0.7362,+0.0000,+0.0000,+0.0000,+0.0000,+0.0000,-0.1000,-0.0520,-0.0130,+0.0000,+0.0000,+0.0000,+0.0000,+0.0000,+0.0000,+0.0000,+0.0000,+2.0000,-5.6892,+3.4171,+9.0000,+0.0000,+0.0000
489,-0.04,90,False,0.0%,0.0%,0.0%,0.18,0.6,6.70,8.012,1.0000,0.7667,0.6133,+0.0000,+0.0000,+0.0000,+0.0000,+0.0000,+0.0000,-0.0133,-0.0228,+0.0000,+0.0000,+0.0000,+0.0000,+0.0000,+0.0000,+0.0000,+0.0000,+0.0000,-1.6082,+5.9926,+9.0000,+0.0000,+0.0000
490,-0.12,90,False,0.0%,0.0%,0.0%,0.17,0.8,6.26,5.664,0.9926,0.8556,0.8530,+0.0000,+0.0000,+0.0000,+0.0000,+0.0000,-0.1000,-0.0099,-0.0056,+0.0000,+0.0000,+0.0000,+0.0000,+0.0000,+0.0000,+0.0000,+0.0000,+2.0000,-1.1671,+1.4775,+9.0000,+0.0000,+0.0000
491,0.95,1,True,0.0%,0.0%,0.0%,inf,0.9,4.74,0.523,0.6667,0.0000,0.0000,+0.0000,+0.0000,+1.0000,+0.0000,+0.0000,-0.0500,-0.0019,+0.0000,+0.0000,-0.0004,+0.0000,+0.0000,+0.0000,+1.0000,+0.0000,+0.0000,+1.0000,-0.1526,+0.0000,+0.1000,+0.1000,+0.0000
494,-0.03,90,False,0.0%,0.0%,0.0%,0.20,2.6,7.07,6.315,1.0000,0.8444,0.8865,+0.0000,+0.0000,+0.0000,+0.0000,+0.0000,+0.0000,-0.0212,-0.0049,+0.0000,+0.0000,+0.0000,+0.0000,+0.0000,+0.0000,+0.0000,+0.0000,+0.0000,-2.4974,+1.2856,+9.0000,+0.0000,+0.0000
495,1.00,1,True,0.0%,0.0%,0.0%,inf,1.0,5.37,0.000,1.0000,0.0000,0.0000,+0.0000,+0.0000,+1.0000,+0.0000,+0.0000,+0.0000,-0.0015,+0.0000,+0.0000,+0.0000,+0.0000,+0.0000,+0.0000,+1.0000,+0.0000,+0.0000,+0.0000,-0.1003,+0.0000,+0.0000,+0.0000,+0.0000
496,-0.15,10,True,0.0%,0.0%,0.0%,0.02,0.8,5.48,16.334,0.9000,1.0000,0.8593,+0.0000,+0.0000,+1.0000,+0.0000,+0.0000,-0.1500,+0.0000,-0.0008,+0.0000,+0.0000,-1.0000,+0.0000,+0.0000,+1.0000,+0.0000,+0.0000,+3.0000,+0.0025,+0.2193,+1.0000,+0.0000,+10.0000
498,0.99,50,True,0.0%,0.0%,0.0%,0.01,0.8,5.79,10.400,1.0000,0.9400,0.9483,+0.0000,+0.0000,+1.0000,+0.0000,+0.0000,+0.0000,-0.0111,-0.0005,+0.0000,+0.0000,+0.0000,+0.0000,+0.0000,+1.0000,+0.0000,+0.0000,+0.0000,-1.3717,+0.1321,+5.0000,+0.0000,+0.0000
499,1.00,1,True,0.0%,0.0%,0.0%,inf,1.0,4.97,0.000,1.0000,1.0000,0.7564,+0.0000,+0.0000,+1.0000,+0.0000,+0.0000,+0.0000,+0.0000,-0.0002,+0.0000,+0.0000,+0.0000,+0.0000,+0.0000,+1.0000,+0.0000,+0.0000,+0.0000,+0.0002,+0.0437,+0.0000,+0.0000,+0.0000
501,0.00,1,False,0.0%,0.0%,0.0%,inf,1.3,5.62,0.000,1.0000,0.0000,1.0000,+0.0000,+0.0000,+0.0000,+0.0000,+0.0000,+0.0000,+0.0000,+0.0000,+0.0000,+0.0000,+0.0000,+0.0000,+0.0000,+0.0000,+0.0000,+0.0000,+0.0000,+0.0000,+0.0000,+0.0000,+0.0000,+0.0000
503,1.00,1,True,0.0%,0.0%,0.0%,inf,1.1,5.06,0.000,1.0000,0.0000,0.0000,+0.0000,+0.0000,+1.0000,+0.0000,+0.0000,+0.0000,-0.0015,+0.0000,+0.0000,+0.0000,+0.0000,+0.0000,+0.0000,+1.0000,+0.0000,+0.0000,+0.0000,-0.1003,+0.0000,+0.0000,+0.0000,+0.0000
504,-6.67,90,False,0.0%,0.0%,0.0%,0.07,0.8,6.73,14.404,0.9741,0.9556,0.7803,+0.0000,+0.0000,+0.0000,+0.0000,+0.0000,-0.3500,-0.0085,-0.0130,+0.0000,+0.0000,-6.3000,+0.0000,+0.0000,+0.0000,+0.0000,+0.0000,+7.0000,-1.0928,+3.4184,+9.0000,+0.0000,+63.0000
506,1.00,52,True,0.0%,0.0%,0.0%,0.01,1.0,5.77,9.843,1.0000,1.0000,0.8465,+0.0000,+0.0000,+1.0000,+0.0000,+0.0000,+0.0000,+0.0002,-0.0049,+0.0000,+0.0000,+0.0000,+0.0000,+0.0000,+1.0000,+0.0000,+0.0000,+0.0000,+0.0129,+1.2785,+5.2000,+0.0000,+0.0000
509,0.73,76,True,0.0%,0.0%,0.0%,0.01,0.7,5.65,7.998,0.9781,0.8947,0.7171,+0.0000,+0.0000,+1.0000,+0.0000,+0.0000,-0.2500,-0.0023,-0.0148,+0.0000,+0.0000,+0.0000,+0.0000,+0.0000,+1.0000,+0.0000,+0.0000,+5.0000,-0.2859,+3.8866,+7.6000,+0.0000,+0.0000
510,-0.11,90,False,0.0%,0.0%,0.0%,0.05,0.7,5.93,12.681,0.9926,0.9222,0.7962,+0.0000,+0.0000,+0.0000,+0.0000,+0.0000,-0.1000,+0.0003,-0.0120,+0.0000,+0.0000,+0.0000,+0.0000,+0.0000,+0.0000,+0.0000,+0.0000,+2.0000,+0.0223,+3.1659,+9.0000,+0.0000,+0.0000
512,0.00,1,False,0.0%,0.0%,0.0%,inf,0.8,4.85,0.000,1.0000,0.0000,1.0000,+0.0000,+0.0000,+0.0000,+0.0000,+0.0000,+0.0000,+0.0000,+0.0000,+0.0000,+0.0000,+0.0000,+0.0000,+0.0000,+0.0000,+0.0000,+0.0000,+0.0000,+0.0000,+0.0000,+0.0000,+0.0000,+0.0000
513,1.00,1,True,0.0%,0.0%,0.0%,inf,1.1,4.85,0.000,1.0000,0.0000,0.0000,+0.0000,+0.0000,+1.0000,+0.0000,+0.0000,+0.0000,-0.0015,+0.0000,+0.0000,+0.0000,+0.0000,+0.0000,+0.0000,+1.0000,+0.0000,+0.0000,+0.0000,-0.1003,+0.0000,+0.0000,+0.0000,+0.0000
515,0.90,19,True,0.0%,0.0%,0.0%,0.01,0.7,5.52,10.938,0.9649,1.0000,0.9592,+0.0000,+0.0000,+1.0000,+0.0000,+0.0000,-0.1000,+0.0001,-0.0000,+0.0000,+0.0000,+0.0000,+0.0000,+0.0000,+1.0000,+0.0000,+0.0000,+2.0000,+0.0047,+0.0105,+1.9000,+0.0000,+0.0000
520,-0.17,90,False,0.0%,0.0%,0.0%,0.24,0.7,6.37,5.128,0.9889,0.8111,0.8491,+0.0000,+0.0000,+0.0000,+0.0000,+0.0000,-0.1500,-0.0116,-0.0080,+0.0000,+0.0000,+0.0000,+0.0000,+0.0000,+0.0000,+0.0000,+0.0000,+3.0000,-1.3440,+2.1030,+9.0000,+0.0000,+0.0000
522,-0.11,90,False,0.0%,0.0%,0.0%,0.37,0.7,5.99,1.353,0.9926,0.3000,0.8343,+0.0000,+0.0000,+0.0000,+0.0000,+0.0000,-0.1000,+0.0003,-0.0093,+0.0000,+0.0000,+0.0000,+0.0000,+0.0000,+0.0000,+0.0000,+0.0000,+2.0000,+0.0224,+2.4493,+9.0000,+0.0000,+0.0000
524,1.00,1,True,0.0%,0.0%,0.0%,inf,0.9,4.84,0.000,1.0000,0.0000,0.0000,+0.0000,+0.0000,+1.0000,+0.0000,+0.0000,+0.0000,-0.0015,+0.0000,+0.0000,+0.0000,+0.0000,+0.0000,+0.0000,+1.0000,+0.0000,+0.0000,+0.0000,-0.1003,+0.0000,+0.0000,+0.0000,+0.0000
525,0.00,1,False,0.0%,0.0%,0.0%,inf,0.8,4.86,0.000,1.0000,0.0000,1.0000,+0.0000,+0.0000,+0.0000,+0.0000,+0.0000,+0.0000,+0.0000,+0.0000,+0.0000,+0.0000,+0.0000,+0.0000,+0.0000,+0.0000,+0.0000,+0.0000,+0.0000,+0.0000,+0.0000,+0.0000,+0.0000,+0.0000
526,-0.01,90,False,0.0%,0.0%,0.0%,0.43,0.9,6.82,3.838,1.0000,0.8778,0.8994,+0.0000,+0.0000,+0.0000,+0.0000,+0.0000,+0.0000,-0.0031,-0.0041,+0.0000,+0.0000,+0.0000,+0.0000,+0.0000,+0.0000,+0.0000,+0.0000,+0.0000,-0.3564,+1.0895,+9.0000,+0.0000,+0.0000
527,-0.02,90,False,0.0%,0.0%,0.0%,0.27,0.8,7.33,7.730,1.0000,0.9333,0.9401,+0.0000,+0.0000,+0.0000,+0.0000,+0.0000,+0.0000,-0.0214,-0.0015,+0.0000,+0.0000,+0.0000,+0.0000,+0.0000,+0.0000,+0.0000,+0.0000,+0.0000,-2.5808,+0.3946,+9.0000,+0.0000,+0.0000
528,-0.01,90,False,0.0%,0.0%,0.0%,0.22,0.9,6.61,5.684,1.0000,0.8556,0.9303,+0.0000,+0.0000,+0.0000,+0.0000,+0.0000,+0.0000,-0.0069,-0.0020,+0.0000,+0.0000,+0.0000,+0.0000,+0.0000,+0.0000,+0.0000,+0.0000,+0.0000,-0.8163,+0.5219,+9.0000,+0.0000,+0.0000
529,1.00,1,True,0.0%,0.0%,0.0%,inf,0.8,4.90,0.038,1.0000,1.0000,0.6485,+0.0000,+0.0000,+1.0000,+0.0000,+0.0000,+0.0000,+0.0000,-0.0003,+0.0000,-0.0004,+0.0000,+0.0000,+0.0000,+1.0000,+0.0000,+0.0000,+0.0000,+0.0002,+0.0662,+0.1000,+0.1000,+0.0000
532,1.00,16,True,0.0%,0.0%,0.0%,0.01,0.6,5.39,8.879,1.0000,1.0000,0.9134,+0.0000,+0.0000,+1.0000,+0.0000,+0.0000,+0.0000,+0.0001,-0.0006,+0.0000,+0.0000,+0.0000,+0.0000,+0.0000,+1.0000,+0.0000,+0.0000,+0.0000,+0.0040,+0.1659,+1.6000,+0.0000,+0.0000
534,0.00,1,False,0.0%,0.0%,0.0%,inf,0.9,5.24,0.000,1.0000,0.0000,1.0000,+0.0000,+0.0000,+0.0000,+0.0000,+0.0000,+0.0000,+0.0000,+0.0000,+0.0000,+0.0000,+0.0000,+0.0000,+0.0000,+0.0000,+0.0000,+0.0000,+0.0000,+0.0000,+0.0000,+0.0000,+0.0000,+0.0000
535,-0.18,90,False,0.0%,0.0%,0.0%,0.20,0.8,6.04,1.204,0.9926,0.4778,0.8624,+0.0000,+0.0000,+0.0000,+0.0000,+0.0000,-0.1000,-0.0781,-0.0024,+0.0000,+0.0000,+0.0000,+0.0000,+0.0000,+0.0000,+0.0000,+0.0000,+2.0000,-7.1680,+0.6299,+9.0000,+0.0000,+0.0000
536,-0.00,90,False,0.0%,0.0%,0.0%,0.20,0.8,6.83,7.105,1.0000,0.9444,0.8912,+0.0000,+0.0000,+0.0000,+0.0000,+0.0000,+0.0000,+0.0003,-0.0050,+0.0000,+0.0000,+0.0000,+0.0000,+0.0000,+0.0000,+0.0000,+0.0000,+0.0000,+0.0213,+1.3108,+9.0000,+0.0000,+0.0000
537,0.00,1,False,0.0%,0.0%,0.0%,inf,0.9,4.81,0.000,1.0000,0.0000,1.0000,+0.0000,+0.0000,+0.0000,+0.0000,+0.0000,+0.0000,+0.0000,+0.0000,+0.0000,+0.0000,+0.0000,+0.0000,+0.0000,+0.0000,+0.0000,+0.0000,+0.0000,+0.0000,+0.0000,+0.0000,+0.0000,+0.0000
539,-3.32,69,False,0.0%,0.0%,100.0%,0.32,0.6,6.54,5.787,0.9855,0.0000,0.5838,+0.0000,-3.0000,+0.0000,+0.0000,+0.0000,-0.1500,-0.1687,-0.0062,+0.0000,+0.0000,+0.0000,+0.0000,+1.0000,+0.0000,+0.0000,+0.0000,+3.0000,-19.6039,+1.6308,+6.9000,+0.0000,+0.0000
540,-0.12,90,False,0.0%,0.0%,0.0%,0.42,0.8,6.82,0.279,0.9926,1.0000,0.6958,+0.0000,+0.0000,+0.0000,+0.0000,+0.0000,-0.1000,+0.0003,-0.0193,+0.0000,+0.0000,+0.0000,+0.0000,+0.0000,+0.0000,+0.0000,+0.0000,+2.0000,+0.0221,+5.0716,+9.0000,+0.0000,+0.0000
544,1.00,1,True,0.0%,0.0%,0.0%,inf,1.1,5.57,0.000,1.0000,1.0000,0.7666,+0.0000,+0.0000,+1.0000,+0.0000,+0.0000,+0.0000,+0.0000,-0.0002,+0.0000,+0.0000,+0.0000,+0.0000,+0.0000,+1.0000,+0.0000,+0.0000,+0.0000,+0.0002,+0.0415,+0.0000,+0.0000,+0.0000
547,-0.01,90,False,0.0%,0.0%,0.0%,0.15,0.8,6.72,6.417,1.0000,0.8556,0.9334,+0.0000,+0.0000,+0.0000,+0.0000,+0.0000,+0.0000,-0.0097,-0.0013,+0.0000,+0.0000,+0.0000,+0.0000,+0.0000,+0.0000,+0.0000,+0.0000,+0.0000,-1.1564,+0.3403,+9.0000,+0.0000,+0.0000
552,1.00,1,True,0.0%,0.0%,0.0%,inf,0.9,5.10,0.000,1.0000,0.0000,0.0000,+0.0000,+0.0000,+1.0000,+0.0000,+0.0000,+0.0000,-0.0015,+0.0000,+0.0000,+0.0000,+0.0000,+0.0000,+0.0000,+1.0000,+0.0000,+0.0000,+0.0000,-0.1003,+0.0000,+0.0000,+0.0000,+0.0000
553,0.00,1,False,0.0%,0.0%,0.0%,inf,1.1,5.23,0.000,1.0000,0.0000,1.0000,+0.0000,+0.0000,+0.0000,+0.0000,+0.0000,+0.0000,+0.0000,+0.0000,+0.0000,+0.0000,+0.0000,+0.0000,+0.0000,+0.0000,+0.0000,+0.0000,+0.0000,+0.0000,+0.0000,+0.0000,+0.0000,+0.0000
554,0.89,39,True,0.0%,0.0%,0.0%,0.01,0.9,7.02,1.562,0.9829,1.0000,0.5762,+0.0000,+0.0000,+1.0000,+0.0000,+0.0000,-0.1000,+0.0001,-0.0120,+0.0000,+0.0000,+0.0000,+0.0000,+0.0000,+1.0000,+0.0000,+0.0000,+2.0000,+0.0096,+3.1677,+3.9000,+0.0000,+0.0000
556,-0.18,90,False,0.0%,0.0%,0.0%,0.35,0.6,5.45,3.034,0.9926,0.5000,0.8317,+0.0000,+0.0000,+0.0000,+0.0000,+0.0000,-0.1000,-0.0779,-0.0024,+0.0000,+0.0000,+0.0000,+0.0000,+0.0000,+0.0000,+0.0000,+0.0000,+2.0000,-8.3247,+0.6437,+9.0000,+0.0000,+0.0000
557,-8.49,90,False,0.0%,0.0%,0.0%,0.02,0.7,6.74,17.794,0.9963,0.7111,0.6753,+0.0000,+0.0000,+0.0000,+0.0000,+0.0000,-0.0500,-0.0232,-0.0195,+0.0000,+0.0000,-8.4000,+0.0000,+0.0000,+0.0000,+0.0000,+0.0000,+1.0000,-2.9562,+5.1238,+9.0000,+0.0000,+84.0000
558,-0.17,90,False,0.0%,0.0%,0.0%,0.30,0.6,5.59,2.432,0.9926,0.4778,0.8158,+0.0000,+0.0000,+0.0000,+0.0000,+0.0000,-0.1000,-0.0627,-0.0052,+0.0000,+0.0000,+0.0000,+0.0000,+0.0000,+0.0000,+0.0000,+0.0000,+2.0000,-6.4775,+1.3733,+9.0000,+0.0000,+0.0000
559,0.90,6,True,0.0%,0.0%,0.0%,0.01,0.6,5.30,3.843,0.8889,1.0000,0.8695,+0.0000,+0.0000,+1.0000,+0.0000,+0.0000,-0.1000,+0.0000,-0.0005,+0.0000,+0.0000,+0.0000,+0.0000,+0.0000,+1.0000,+0.0000,+0.0000,+2.0000,+0.0015,+0.1185,+0.6000,+0.0000,+0.0000
560,0.99,86,True,0.0%,0.0%,0.0%,0.01,0.5,4.81,2.849,1.0000,1.0000,0.7917,+0.0000,+0.0000,+1.0000,+0.0000,+0.0000,+0.0000,+0.0003,-0.0117,+0.0000,+0.0000,+0.0000,+0.0000,+0.0000,+1.0000,+0.0000,+0.0000,+0.0000,+0.0206,+3.0813,+8.6000,+0.0000,+0.0000
561,-0.03,90,False,0.0%,0.0%,0.0%,0.12,0.8,6.72,12.051,1.0000,0.9333,0.5853,+0.0000,+0.0000,+0.0000,+0.0000,+0.0000,+0.0000,-0.0075,-0.0257,+0.0000,+0.0000,+0.0000,+0.0000,+0.0000,+0.0000,+0.0000,+0.0000,+0.0000,-0.9409,+6.7747,+9.0000,+0.0000,+0.0000
562,-0.26,90,False,0.0%,0.0%,0.0%,0.04,0.5,4.92,10.853,0.9815,1.0000,0.7900,+0.0000,+0.0000,+0.0000,+0.0000,+0.0000,-0.2500,+0.0003,-0.0125,+0.0000,+0.0000,+0.0000,+0.0000,+0.0000,+0.0000,+0.0000,+0.0000,+5.0000,+0.0223,+3.2890,+9.0000,+0.0000,+0.0000
564,0.79,31,True,0.0%,0.0%,0.0%,0.01,0.5,4.82,2.423,0.9570,0.9355,0.9527,+0.0000,+0.0000,+1.0000,+0.0000,+0.0000,-0.2000,-0.0069,-0.0002,+0.0000,+0.0000,+0.0000,+0.0000,+0.0000,+1.0000,+0.0000,+0.0000,+4.0000,-0.7247,+0.0541,+3.1000,+0.0000,+0.0000
565,-4.17,51,True,0.0%,0.0%,0.0%,0.02,0.8,4.65,20.390,0.9935,0.8431,0.6324,+0.0000,+0.0000,+1.0000,+0.0000,+0.0000,-0.0500,-0.0078,-0.0126,+0.0000,+0.0000,-5.1000,+0.0000,+0.0000,+1.0000,+0.0000,+0.0000,+1.0000,-1.0030,+3.3165,+5.1000,+0.0000,+51.0000
566,-0.01,90,False,0.0%,0.0%,0.0%,0.07,0.6,5.74,8.387,1.0000,1.0000,0.8310,+0.0000,+0.0000,+0.0000,+0.0000,+0.0000,+0.0000,+0.0003,-0.0095,+0.0000,+0.0000,+0.0000,+0.0000,+0.0000,+0.0000,+0.0000,+0.0000,+0.0000,+0.0223,+2.4985,+9.0000,+0.0000,+0.0000
567,0.90,43,True,0.0%,0.0%,0.0%,0.01,0.6,5.18,10.344,0.9845,1.0000,0.8394,+0.0000,+0.0000,+1.0000,+0.0000,+0.0000,-0.1000,+0.0002,-0.0043,+0.0000,+0.0000,+0.0000,+0.0000,+0.0000,+1.0000,+0.0000,+0.0000,+2.0000,+0.0107,+1.1241,+4.3000,+0.0000,+0.0000
568,0.88,81,True,0.0%,0.0%,0.0%,0.01,0.6,5.06,13.440,0.9918,0.9506,0.8684,+0.0000,+0.0000,+1.0000,+0.0000,+0.0000,-0.1000,-0.0093,-0.0060,+0.0000,+0.0000,+0.0000,+0.0000,+0.0000,+1.0000,+0.0000,+0.0000,+2.0000,-1.1809,+1.5882,+8.1000,+0.0000,+0.0000
571,1.00,1,True,0.0%,0.0%,0.0%,inf,2.1,5.04,0.000,1.0000,1.0000,0.9285,+0.0000,+0.0000,+1.0000,+0.0000,+0.0000,+0.0000,+0.0000,-0.0000,+0.0000,+0.0000,+0.0000,+0.0000,+0.0000,+1.0000,+0.0000,+0.0000,+0.0000,+0.0002,+0.0072,+0.0000,+0.0000,+0.0000
573,-0.04,90,False,0.0%,0.0%,0.0%,0.16,0.6,5.75,0.049,1.0000,1.0000,0.8972,+0.0000,+0.0000,+0.0000,+0.0000,+0.0000,+0.0000,+0.0003,-0.0047,+0.0000,-0.0342,+0.0000,+0.0000,+0.0000,+0.0000,+0.0000,+0.0000,+0.0000,+0.0223,+1.2471,+9.0000,+9.0000,+0.0000
577,-0.00,90,False,0.0%,0.0%,0.0%,0.09,0.5,4.82,2.607,1.0000,1.0000,0.9100,+0.0000,+0.0000,+0.0000,+0.0000,+0.0000,+0.0000,+0.0003,-0.0038,+0.0000,+0.0000,+0.0000,+0.0000,+0.0000,+0.0000,+0.0000,+0.0000,+0.0000,+0.0222,+0.9960,+9.0000,+0.0000,+0.0000
578,0.90,1,True,0.0%,0.0%,0.0%,inf,0.9,4.67,14.254,0.3333,1.0000,0.7813,+0.0000,+0.0000,+1.0000,+0.0000,+0.0000,-0.1000,+0.0000,-0.0001,+0.0000,+0.0000,+0.0000,+0.0000,+0.0000,+1.0000,+0.0000,+0.0000,+2.0000,+0.0002,+0.0384,+0.1000,+0.0000,+0.0000
579,-0.11,90,False,0.0%,0.0%,0.0%,0.13,0.7,6.22,5.027,0.9926,1.0000,0.8119,+0.0000,+0.0000,+0.0000,+0.0000,+0.0000,-0.1000,+0.0003,-0.0109,+0.0000,+0.0000,+0.0000,+0.0000,+0.0000,+0.0000,+0.0000,+0.0000,+2.0000,+0.0224,+2.8760,+9.0000,+0.0000,+0.0000
581,-0.16,90,False,0.0%,0.0%,0.0%,0.34,0.8,5.42,1.654,0.9889,1.0000,0.7600,+0.0000,+0.0000,+0.0000,+0.0000,+0.0000,-0.1500,+0.0003,-0.0146,+0.0000,+0.0000,+0.0000,+0.0000,+0.0000,+0.0000,+0.0000,+0.0000,+3.0000,+0.0215,+3.8414,+9.0000,+0.0000,+0.0000
582,0.00,1,False,0.0%,0.0%,0.0%,inf,0.9,4.61,0.000,1.0000,0.0000,1.0000,+0.0000,+0.0000,+0.0000,+0.0000,+0.0000,+0.0000,+0.0000,+0.0000,+0.0000,+0.0000,+0.0000,+0.0000,+0.0000,+0.0000,+0.0000,+0.0000,+0.0000,+0.0000,+0.0000,+0.0000,+0.0000,+0.0000
585,-0.00,90,False,0.0%,0.0%,0.0%,0.14,0.6,5.99,0.228,1.0000,1.0000,0.9406,+0.0000,+0.0000,+0.0000,+0.0000,+0.0000,+0.0000,+0.0003,-0.0016,+0.0000,+0.0000,+0.0000,+0.0000,+0.0000,+0.0000,+0.0000,+0.0000,+0.0000,+0.0225,+0.4110,+9.0000,+0.0000,+0.0000
587,1.00,1,True,0.0%,0.0%,0.0%,inf,0.9,4.57,0.000,1.0000,0.0000,0.0000,+0.0000,+0.0000,+1.0000,+0.0000,+0.0000,+0.0000,-0.0015,+0.0000,+0.0000,+0.0000,+0.0000,+0.0000,+0.0000,+1.0000,+0.0000,+0.0000,+0.0000,-0.1003,+0.0000,+0.0000,+0.0000,+0.0000
588,1.00,1,True,0.0%,0.0%,0.0%,inf,0.8,4.58,0.000,1.0000,1.0000,0.9921,+0.0000,+0.0000,+1.0000,+0.0000,+0.0000,+0.0000,+0.0000,+0.0000,+0.0000,+0.0000,+0.0000,+0.0000,+0.0000,+1.0000,+0.0000,+0.0000,+0.0000,+0.0002,-0.0065,+0.0000,+0.0000,+0.0000
589,0.90,14,True,0.0%,0.0%,0.0%,0.01,0.6,4.73,10.666,0.9524,1.0000,0.6603,+0.0000,+0.0000,+1.0000,+0.0000,+0.0000,-0.1000,+0.0001,-0.0034,+0.0000,+0.0000,+0.0000,+0.0000,+0.0000,+1.0000,+0.0000,+0.0000,+2.0000,+0.0034,+0.8900,+1.4000,+0.0000,+0.0000
590,-0.63,90,False,0.0%,0.0%,0.0%,0.07,0.6,5.39,10.565,0.9556,0.8333,0.6696,+0.0000,+0.0000,+0.0000,+0.0000,+0.0000,-0.6000,-0.0051,-0.0200,+0.0000,+0.0000,+0.0000,+0.0000,+0.0000,+0.0000,+0.0000,+0.0000,+12.0000,-0.6439,+5.2565,+9.0000,+0.0000,+0.0000
591,0.00,1,False,0.0%,0.0%,0.0%,inf,1.1,4.77,0.000,1.0000,0.0000,1.0000,+0.0000,+0.0000,+0.0000,+0.0000,+0.0000,+0.0000,+0.0000,+0.0000,+0.0000,+0.0000,+0.0000,+0.0000,+0.0000,+0.0000,+0.0000,+0.0000,+0.0000,+0.0000,+0.0000,+0.0000,+0.0000,+0.0000
593,0.00,1,False,0.0%,0.0%,0.0%,inf,1.0,5.27,0.000,1.0000,0.0000,1.0000,+0.0000,+0.0000,+0.0000,+0.0000,+0.0000,+0.0000,+0.0000,+0.0000,+0.0000,+0.0000,+0.0000,+0.0000,+0.0000,+0.0000,+0.0000,+0.0000,+0.0000,+0.0000,+0.0000,+0.0000,+0.0000,+0.0000
594,-3.16,25,False,0.0%,0.0%,100.0%,0.37,0.6,4.95,4.178,0.9600,0.0000,0.4231,+0.0000,-3.0000,+0.0000,+0.0000,+0.0000,-0.1500,+0.0001,-0.0107,+0.0000,+0.0000,+0.0000,+0.0000,+1.0000,+0.0000,+0.0000,+0.0000,+3.0000,+0.0040,+2.8057,+2.5000,+0.0000,+0.0000
596,0.00,1,False,0.0%,0.0%,0.0%,inf,0.9,4.67,0.000,1.0000,0.0000,1.0000,+0.0000,+0.0000,+0.0000,+0.0000,+0.0000,+0.0000,+0.0000,+0.0000,+0.0000,+0.0000,+0.0000,+0.0000,+0.0000,+0.0000,+0.0000,+0.0000,+0.0000,+0.0000,+0.0000,+0.0000,+0.0000,+0.0000
597,-5.91,69,True,0.0%,0.0%,0.0%,0.02,0.6,5.37,17.974,1.0000,1.0000,0.7907,+0.0000,+0.0000,+1.0000,+0.0000,+0.0000,+0.0000,+0.0003,-0.0095,+0.0000,+0.0000,-6.9000,+0.0000,+0.0000,+1.0000,+0.0000,+0.0000,+0.0000,+0.0171,+2.4929,+6.9000,+0.0000,+69.0000
598,-0.05,90,False,0.0%,0.0%,0.0%,0.15,0.6,5.59,6.903,1.0000,0.7667,0.8220,+0.0000,+0.0000,+0.0000,+0.0000,+0.0000,+0.0000,-0.0361,-0.0092,+0.0000,+0.0000,+0.0000,+0.0000,+0.0000,+0.0000,+0.0000,+0.0000,+0.0000,-4.2863,+2.4220,+9.0000,+0.0000,+0.0000
601,1.00,1,True,0.0%,0.0%,0.0%,inf,1.0,5.30,0.000,1.0000,0.0000,0.0000,+0.0000,+0.0000,+1.0000,+0.0000,+0.0000,+0.0000,-0.0015,+0.0000,+0.0000,+0.0000,+0.0000,+0.0000,+0.0000,+1.0000,+0.0000,+0.0000,+0.0000,-0.1003,+0.0000,+0.0000,+0.0000,+0.0000
602,-4.35,78,False,100.0%,100.0%,0.0%,0.08,0.8,5.56,11.052,0.9786,1.0000,0.8576,-4.0955,+0.0000,+0.0000,+0.0000,+0.0000,-0.2500,+0.0003,-0.0066,+0.0000,+0.0000,+0.0000,+1.0000,+0.0000,+0.0000,+0.0000,+0.0000,+5.0000,+0.0192,+1.7318,+7.8000,+0.0000,+0.0000
604,0.95,1,True,0.0%,0.0%,0.0%,inf,0.9,4.67,0.733,0.6667,0.0000,0.0000,+0.0000,+0.0000,+1.0000,+0.0000,+0.0000,-0.0500,-0.0021,+0.0000,+0.0000,+0.0000,+0.0000,+0.0000,+0.0000,+1.0000,+0.0000,+0.0000,+1.0000,-0.1735,+0.0000,+0.1000,+0.0000,+0.0000
607,1.00,1,True,0.0%,0.0%,0.0%,inf,0.9,4.67,0.000,1.0000,0.0000,0.0000,+0.0000,+0.0000,+1.0000,+0.0000,+0.0000,+0.0000,-0.0015,+0.0000,+0.0000,+0.0000,+0.0000,+0.0000,+0.0000,+1.0000,+0.0000,+0.0000,+0.0000,-0.1003,+0.0000,+0.0000,+0.0000,+0.0000
609,-0.13,90,False,0.0%,0.0%,0.0%,0.02,0.6,5.51,10.715,0.9926,0.8333,0.7240,+0.0000,+0.0000,+0.0000,+0.0000,+0.0000,-0.1000,-0.0179,-0.0156,+0.0000,+0.0000,+0.0000,+0.0000,+0.0000,+0.0000,+0.0000,+0.0000,+2.0000,-2.2193,+4.0973,+9.0000,+0.0000,+0.0000
611,-0.66,90,False,0.0%,0.0%,0.0%,0.44,0.6,5.71,8.599,0.9926,0.0889,0.6775,+0.0000,+0.0000,+0.0000,+0.0000,+0.0000,-0.1000,-0.5648,+0.0002,+0.0000,+0.0000,+0.0000,+0.0000,+0.0000,+0.0000,+0.0000,+0.0000,+2.0000,-68.1924,-0.0454,+9.0000,+0.0000,+0.0000
612,-0.25,11,True,0.0%,0.0%,0.0%,0.02,0.6,4.73,28.609,0.9091,1.0000,0.7960,+0.0000,+0.0000,+1.0000,+0.0000,+0.0000,-0.1500,+0.0000,-0.0015,+0.0000,+0.0000,-1.1000,+0.0000,+0.0000,+1.0000,+0.0000,+0.0000,+3.0000,+0.0027,+0.3884,+1.1000,+0.0000,+11.0000
613,-0.01,90,False,0.0%,0.0%,0.0%,0.27,0.5,4.90,0.478,1.0000,1.0000,0.8384,+0.0000,+0.0000,+0.0000,+0.0000,+0.0000,+0.0000,+0.0003,-0.0090,+0.0000,+0.0000,+0.0000,+0.0000,+0.0000,+0.0000,+0.0000,+0.0000,+0.0000,+0.0224,+2.3708,+9.0000,+0.0000,+0.0000
614,0.79,76,True,0.0%,0.0%,0.0%,0.01,0.5,4.91,1.809,0.9825,1.0000,0.9548,+0.0000,+0.0000,+1.0000,+0.0000,+0.0000,-0.2000,+0.0003,-0.0004,+0.0000,-0.0148,+0.0000,+0.0000,+0.0000,+1.0000,+0.0000,+0.0000,+4.0000,+0.0189,+0.1144,+7.6000,+3.9000,+0.0000
617,1.00,1,True,0.0%,0.0%,0.0%,inf,1.1,4.94,0.000,1.0000,0.0000,0.0000,+0.0000,+0.0000,+1.0000,+0.0000,+0.0000,+0.0000,-0.0015,+0.0000,+0.0000,+0.0000,+0.0000,+0.0000,+0.0000,+1.0000,+0.0000,+0.0000,+0.0000,-0.1003,+0.0000,+0.0000,+0.0000,+0.0000
618,-0.12,90,False,0.0%,0.0%,0.0%,0.22,0.7,6.44,8.999,0.9926,0.9333,0.7877,+0.0000,+0.0000,+0.0000,+0.0000,+0.0000,-0.1000,-0.0059,-0.0125,+0.0000,+0.0000,+0.0000,+0.0000,+0.0000,+0.0000,+0.0000,+0.0000,+2.0000,-0.7351,+3.2776,+9.0000,+0.0000,+0.0000
619,1.00,1,True,0.0%,0.0%,0.0%,inf,0.8,4.81,0.000,1.0000,1.0000,0.8950,+0.0000,+0.0000,+1.0000,+0.0000,+0.0000,+0.0000,+0.0000,-0.0001,+0.0000,+0.0000,+0.0000,+0.0000,+0.0000,+1.0000,+0.0000,+0.0000,+0.0000,+0.0002,+0.0143,+0.0000,+0.0000,+0.0000
620,-0.14,90,False,0.0%,0.0%,0.0%,0.19,0.9,6.43,6.994,0.9926,0.8111,0.7832,+0.0000,+0.0000,+0.0000,+0.0000,+0.0000,-0.1000,-0.0265,-0.0115,+0.0000,+0.0000,+0.0000,+0.0000,+0.0000,+0.0000,+0.0000,+0.0000,+2.0000,-3.1562,+3.0315,+9.0000,+0.0000,+0.0000
621,-0.04,90,False,0.0%,0.0%,0.0%,0.20,0.6,5.88,7.324,1.0000,0.8333,0.8721,+0.0000,+0.0000,+0.0000,+0.0000,+0.0000,+0.0000,-0.0371,-0.0058,+0.0000,+0.0000,+0.0000,+0.0000,+0.0000,+0.0000,+0.0000,+0.0000,+0.0000,-4.4362,+1.5309,+9.0000,+0.0000,+0.0000
622,0.00,1,False,0.0%,0.0%,0.0%,inf,0.9,4.56,0.000,1.0000,0.0000,1.0000,+0.0000,+0.0000,+0.0000,+0.0000,+0.0000,+0.0000,+0.0000,+0.0000,+0.0000,+0.0000,+0.0000,+0.0000,+0.0000,+0.0000,+0.0000,+0.0000,+0.0000,+0.0000,+0.0000,+0.0000,+0.0000,+0.0000
623,1.00,1,True,0.0%,0.0%,0.0%,inf,0.9,4.69,0.000,1.0000,0.0000,0.0000,+0.0000,+0.0000,+1.0000,+0.0000,+0.0000,+0.0000,-0.0015,+0.0000,+0.0000,+0.0000,+0.0000,+0.0000,+0.0000,+1.0000,+0.0000,+0.0000,+0.0000,-0.1003,+0.0000,+0.0000,+0.0000,+0.0000
624,1.00,1,True,0.0%,0.0%,0.0%,inf,1.1,4.79,0.000,1.0000,0.0000,0.0000,+0.0000,+0.0000,+1.0000,+0.0000,+0.0000,+0.0000,-0.0015,+0.0000,+0.0000,+0.0000,+0.0000,+0.0000,+0.0000,+1.0000,+0.0000,+0.0000,+0.0000,-0.1003,+0.0000,+0.0000,+0.0000,+0.0000
625,-3.06,1,False,100.0%,0.0%,0.0%,inf,1.0,4.68,0.136,0.6667,1.0000,0.9950,-3.0136,+0.0000,+0.0000,+0.0000,+0.0000,-0.0500,+0.0000,+0.0000,+0.0000,+0.0000,+0.0000,+1.0000,+0.0000,+0.0000,+0.0000,+0.0000,+1.0000,+0.0002,-0.0072,+0.1000,+0.0000,+0.0000
627,-3.10,10,False,0.0%,0.0%,100.0%,0.40,0.6,4.67,9.301,0.9333,1.0000,0.7867,+0.0000,-3.0000,+0.0000,+0.0000,+0.0000,-0.1000,+0.0000,-0.0014,+0.0000,+0.0000,+0.0000,+0.0000,+1.0000,+0.0000,+0.0000,+0.0000,+2.0000,+0.0023,+0.3704,+1.0000,+0.0000,+0.0000
628,1.00,1,True,0.0%,0.0%,0.0%,inf,1.0,4.69,0.000,1.0000,0.0000,0.0000,+0.0000,+0.0000,+1.0000,+0.0000,+0.0000,+0.0000,-0.0015,+0.0000,+0.0000,+0.0000,+0.0000,+0.0000,+0.0000,+1.0000,+0.0000,+0.0000,+0.0000,-0.1003,+0.0000,+0.0000,+0.0000,+0.0000
631,1.00,1,True,0.0%,0.0%,0.0%,inf,1.0,5.35,0.000,1.0000,0.0000,0.0000,+0.0000,+0.0000,+1.0000,+0.0000,+0.0000,+0.0000,-0.0015,+0.0000,+0.0000,+0.0000,+0.0000,+0.0000,+0.0000,+1.0000,+0.0000,+0.0000,+0.0000,-0.1003,+0.0000,+0.0000,+0.0000,+0.0000
633,1.00,1,True,0.0%,0.0%,0.0%,inf,0.9,4.79,0.000,1.0000,0.0000,0.0000,+0.0000,+0.0000,+1.0000,+0.0000,+0.0000,+0.0000,-0.0015,+0.0000,+0.0000,+0.0000,+0.0000,+0.0000,+0.0000,+1.0000,+0.0000,+0.0000,+0.0000,-0.1003,+0.0000,+0.0000,+0.0000,+0.0000
634,1.00,1,True,0.0%,0.0%,0.0%,inf,0.9,4.62,0.000,1.0000,1.0000,0.6631,+0.0000,+0.0000,+1.0000,+0.0000,+0.0000,+0.0000,+0.0000,-0.0002,+0.0000,+0.0000,+0.0000,+0.0000,+0.0000,+1.0000,+0.0000,+0.0000,+0.0000,+0.0002,+0.0632,+0.0000,+0.0000,+0.0000
635,1.00,1,True,0.0%,0.0%,0.0%,inf,0.9,4.59,0.000,1.0000,0.0000,0.0000,+0.0000,+0.0000,+1.0000,+0.0000,+0.0000,+0.0000,-0.0015,+0.0000,+0.0000,+0.0000,+0.0000,+0.0000,+0.0000,+1.0000,+0.0000,+0.0000,+0.0000,-0.1003,+0.0000,+0.0000,+0.0000,+0.0000
636,0.00,1,False,0.0%,0.0%,0.0%,inf,0.8,4.78,0.000,1.0000,0.0000,1.0000,+0.0000,+0.0000,+0.0000,+0.0000,+0.0000,+0.0000,+0.0000,+0.0000,+0.0000,+0.0000,+0.0000,+0.0000,+0.0000,+0.0000,+0.0000,+0.0000,+0.0000,+0.0000,+0.0000,+0.0000,+0.0000,+0.0000
637,1.00,1,True,0.0%,0.0%,0.0%,inf,0.8,4.85,0.000,1.0000,0.0000,0.0000,+0.0000,+0.0000,+1.0000,+0.0000,+0.0000,+0.0000,-0.0015,+0.0000,+0.0000,+0.0000,+0.0000,+0.0000,+0.0000,+1.0000,+0.0000,+0.0000,+0.0000,-0.1003,+0.0000,+0.0000,+0.0000,+0.0000
641,1.00,22,True,0.0%,0.0%,0.0%,0.01,0.6,5.49,4.224,1.0000,1.0000,0.9394,+0.0000,+0.0000,+1.0000,+0.0000,+0.0000,+0.0000,+0.0001,-0.0004,+0.0000,+0.0000,+0.0000,+0.0000,+0.0000,+1.0000,+0.0000,+0.0000,+0.0000,+0.0055,+0.1061,+2.2000,+0.0000,+0.0000
647,1.00,1,True,0.0%,0.0%,0.0%,inf,0.9,5.21,0.000,1.0000,1.0000,0.0000,+0.0000,+0.0000,+1.0000,+0.0000,+0.0000,+0.0000,+0.0000,-0.0010,+0.0000,+0.0000,+0.0000,+0.0000,+0.0000,+1.0000,+0.0000,+0.0000,+0.0000,+0.0002,+0.2702,+0.0000,+0.0000,+0.0000
648,-1.07,64,True,0.0%,0.0%,0.0%,0.01,0.6,5.55,14.809,0.9635,0.9531,0.6912,+0.0000,+0.0000,+1.0000,+0.0000,+0.0000,-0.3500,-0.0030,-0.0138,+0.0000,+0.0000,-1.7000,+0.0000,+0.0000,+1.0000,+0.0000,+0.0000,+7.0000,-0.3841,+3.6416,+6.4000,+0.0000,+17.0000
650,0.90,24,True,0.0%,0.0%,0.0%,0.01,0.7,4.99,5.606,0.9722,1.0000,0.8644,+0.0000,+0.0000,+1.0000,+0.0000,+0.0000,-0.1000,+0.0001,-0.0019,+0.0000,+0.0000,+0.0000,+0.0000,+0.0000,+1.0000,+0.0000,+0.0000,+2.0000,+0.0059,+0.4999,+2.4000,+0.0000,+0.0000
651,-0.04,90,False,0.0%,0.0%,0.0%,0.25,0.8,6.32,0.029,1.0000,1.0000,0.9134,+0.0000,+0.0000,+0.0000,+0.0000,+0.0000,+0.0000,+0.0003,-0.0036,+0.0000,-0.0342,+0.0000,+0.0000,+0.0000,+0.0000,+0.0000,+0.0000,+0.0000,+0.0224,+0.9351,+9.0000,+9.0000,+0.0000
652,1.00,1,True,0.0%,0.0%,0.0%,inf,1.0,5.19,0.000,1.0000,0.0000,0.0000,+0.0000,+0.0000,+1.0000,+0.0000,+0.0000,+0.0000,-0.0015,+0.0000,+0.0000,+0.0000,+0.0000,+0.0000,+0.0000,+1.0000,+0.0000,+0.0000,+0.0000,-0.1003,+0.0000,+0.0000,+0.0000,+0.0000
654,0.95,10,True,0.0%,0.0%,0.0%,0.01,0.7,5.31,1.030,0.9667,1.0000,0.8589,+0.0000,+0.0000,+1.0000,+0.0000,+0.0000,-0.0500,+0.0000,-0.0008,+0.0000,+0.0000,+0.0000,+0.0000,+0.0000,+1.0000,+0.0000,+0.0000,+1.0000,+0.0025,+0.2200,+1.0000,+0.0000,+0.0000
658,1.00,1,True,0.0%,0.0%,0.0%,inf,0.9,4.79,0.017,1.0000,1.0000,0.9637,+0.0000,+0.0000,+1.0000,+0.0000,+0.0000,+0.0000,+0.0000,+0.0000,+0.0000,-0.0004,+0.0000,+0.0000,+0.0000,+1.0000,+0.0000,+0.0000,+0.0000,+0.0002,-0.0004,+0.1000,+0.1000,+0.0000
659,-0.02,90,False,0.0%,0.0%,0.0%,0.10,0.6,5.38,4.994,1.0000,0.9444,0.7170,+0.0000,+0.0000,+0.0000,+0.0000,+0.0000,+0.0000,-0.0025,-0.0170,+0.0000,+0.0000,+0.0000,+0.0000,+0.0000,+0.0000,+0.0000,+0.0000,+0.0000,-0.2995,+4.4857,+9.0000,+0.0000,+0.0000
661,1.00,1,True,0.0%,0.0%,0.0%,inf,0.8,4.69,0.000,1.0000,1.0000,0.9081,+0.0000,+0.0000,+1.0000,+0.0000,+0.0000,+0.0000,+0.0000,-0.0000,+0.0000,+0.0000,+0.0000,+0.0000,+0.0000,+1.0000,+0.0000,+0.0000,+0.0000,+0.0002,+0.0115,+0.0000,+0.0000,+0.0000
663,-3.26,3,False,0.0%,0.0%,100.0%,0.18,0.8,4.91,9.795,0.4444,0.0000,0.0000,+0.0000,-3.0000,+0.0000,+0.0000,+0.0000,-0.2500,-0.0090,-0.0012,+0.0000,+0.0000,+0.0000,+0.0000,+1.0000,+0.0000,+0.0000,+0.0000,+5.0000,-1.1075,+0.3261,+0.3000,+0.0000,+0.0000
665,-0.11,90,False,0.0%,0.0%,0.0%,0.25,0.6,6.05,4.435,0.9926,1.0000,0.7769,+0.0000,+0.0000,+0.0000,+0.0000,+0.0000,-0.1000,+0.0003,-0.0133,+0.0000,+0.0000,+0.0000,+0.0000,+0.0000,+0.0000,+0.0000,+0.0000,+2.0000,+0.0220,+3.5095,+9.0000,+0.0000,+0.0000
666,-0.03,90,False,0.0%,0.0%,0.0%,0.24,0.5,5.47,0.945,1.0000,1.0000,0.5370,+0.0000,+0.0000,+0.0000,+0.0000,+0.0000,+0.0000,+0.0003,-0.0306,+0.0000,+0.0000,+0.0000,+0.0000,+0.0000,+0.0000,+0.0000,+0.0000,+0.0000,+0.0223,+8.0396,+9.0000,+0.0000,+0.0000
667,-4.77,57,True,0.0%,0.0%,0.0%,0.01,0.6,5.36,20.378,0.9825,0.9298,0.7372,+0.0000,+0.0000,+1.0000,+0.0000,+0.0000,-0.1500,-0.0123,-0.0100,+0.0000,+0.0000,-5.6000,+0.0000,+0.0000,+1.0000,+0.0000,+0.0000,+3.0000,-1.5786,+2.6342,+5.7000,+0.0000,+56.0000
671,1.00,1,True,0.0%,0.0%,0.0%,inf,1.0,4.98,0.000,1.0000,0.0000,0.0000,+0.0000,+0.0000,+1.0000,+0.0000,+0.0000,+0.0000,-0.0015,+0.0000,+0.0000,+0.0000,+0.0000,+0.0000,+0.0000,+1.0000,+0.0000,+0.0000,+0.0000,-0.1003,+0.0000,+0.0000,+0.0000,+0.0000
672,0.85,17,True,0.0%,0.0%,0.0%,0.01,0.6,5.16,2.008,0.9412,1.0000,0.8021,+0.0000,+0.0000,+1.0000,+0.0000,+0.0000,-0.1500,+0.0001,-0.0022,+0.0000,+0.0000,+0.0000,+0.0000,+0.0000,+1.0000,+0.0000,+0.0000,+3.0000,+0.0041,+0.5784,+1.7000,+0.0000,+0.0000
674,-0.23,90,False,0.0%,0.0%,0.0%,0.12,0.5,5.77,9.509,0.9852,0.9778,0.6278,+0.0000,+0.0000,+0.0000,+0.0000,+0.0000,-0.2000,-0.0012,-0.0239,+0.0000,+0.0000,+0.0000,+0.0000,+0.0000,+0.0000,+0.0000,+0.0000,+4.0000,-0.1592,+6.2991,+9.0000,+0.0000,+0.0000
677,0.00,1,False,0.0%,0.0%,0.0%,inf,1.0,4.96,0.000,1.0000,0.0000,1.0000,+0.0000,+0.0000,+0.0000,+0.0000,+0.0000,+0.0000,+0.0000,+0.0000,+0.0000,+0.0000,+0.0000,+0.0000,+0.0000,+0.0000,+0.0000,+0.0000,+0.0000,+0.0000,+0.0000,+0.0000,+0.0000,+0.0000
682,0.68,80,True,0.0%,0.0%,0.0%,0.01,0.9,6.84,13.902,0.9750,1.0000,0.6454,+0.0000,+0.0000,+1.0000,+0.0000,+0.0000,-0.3000,+0.0003,-0.0203,+0.0000,+0.0000,+0.0000,+0.0000,+0.0000,+1.0000,+0.0000,+0.0000,+6.0000,+0.0198,+5.3453,+8.0000,+0.0000,+0.0000
684,0.90,28,True,0.0%,0.0%,0.0%,0.01,0.8,5.41,1.559,0.9762,1.0000,0.9511,+0.0000,+0.0000,+1.0000,+0.0000,+0.0000,-0.1000,+0.0001,-0.0002,+0.0000,+0.0000,+0.0000,+0.0000,+0.0000,+1.0000,+0.0000,+0.0000,+2.0000,+0.0069,+0.0646,+2.8000,+0.0000,+0.0000
686,-0.02,90,False,0.0%,0.0%,0.0%,0.12,0.9,7.38,8.819,1.0000,0.9889,0.6821,+0.0000,+0.0000,+0.0000,+0.0000,+0.0000,+0.0000,+0.0003,-0.0201,+0.0000,+0.0000,+0.0000,+0.0000,+0.0000,+0.0000,+0.0000,+0.0000,+0.0000,+0.0219,+5.2801,+9.0000,+0.0000,+0.0000
688,-0.62,90,False,0.0%,0.0%,0.0%,0.36,0.6,6.15,10.105,0.9926,0.1222,0.6648,+0.0000,+0.0000,+0.0000,+0.0000,+0.0000,-0.1000,-0.5192,+0.0001,+0.0000,+0.0000,+0.0000,+0.0000,+0.0000,+0.0000,+0.0000,+0.0000,+2.0000,-63.4960,-0.0160,+9.0000,+0.0000,+0.0000
689,0.99,24,True,0.0%,0.0%,0.0%,0.01,0.6,5.19,10.152,1.0000,0.6250,0.8256,+0.0000,+0.0000,+1.0000,+0.0000,+0.0000,+0.0000,-0.0093,-0.0021,+0.0000,+0.0000,+0.0000,+0.0000,+0.0000,+1.0000,+0.0000,+0.0000,+0.0000,-1.1428,+0.5427,+2.4000,+0.0000,+0.0000
690,0.00,1,False,0.0%,0.0%,0.0%,inf,0.8,4.85,0.000,1.0000,0.0000,1.0000,+0.0000,+0.0000,+0.0000,+0.0000,+0.0000,+0.0000,+0.0000,+0.0000,+0.0000,+0.0000,+0.0000,+0.0000,+0.0000,+0.0000,+0.0000,+0.0000,+0.0000,+0.0000,+0.0000,+0.0000,+0.0000,+0.0000
692,0.00,1,False,0.0%,0.0%,0.0%,inf,1.1,4.88,0.000,1.0000,0.0000,1.0000,+0.0000,+0.0000,+0.0000,+0.0000,+0.0000,+0.0000,+0.0000,+0.0000,+0.0000,+0.0000,+0.0000,+0.0000,+0.0000,+0.0000,+0.0000,+0.0000,+0.0000,+0.0000,+0.0000,+0.0000,+0.0000,+0.0000
693,0.00,1,False,0.0%,0.0%,0.0%,inf,0.9,5.55,0.000,1.0000,0.0000,1.0000,+0.0000,+0.0000,+0.0000,+0.0000,+0.0000,+0.0000,+0.0000,+0.0000,+0.0000,+0.0000,+0.0000,+0.0000,+0.0000,+0.0000,+0.0000,+0.0000,+0.0000,+0.0000,+0.0000,+0.0000,+0.0000,+0.0000
694,-0.01,90,False,0.0%,0.0%,0.0%,0.25,0.6,5.85,5.366,1.0000,0.9444,0.9108,+0.0000,+0.0000,+0.0000,+0.0000,+0.0000,+0.0000,-0.0082,-0.0034,+0.0000,+0.0000,+0.0000,+0.0000,+0.0000,+0.0000,+0.0000,+0.0000,+0.0000,-0.9562,+0.8859,+9.0000,+0.0000,+0.0000
695,0.90,80,True,0.0%,0.0%,0.0%,0.01,0.8,5.82,2.184,0.9917,1.0000,0.9771,+0.0000,+0.0000,+1.0000,+0.0000,+0.0000,-0.1000,+0.0003,+0.0010,+0.0000,+0.0000,+0.0000,+0.0000,+0.0000,+1.0000,+0.0000,+0.0000,+2.0000,+0.0198,-0.2647,+8.0000,+0.0000,+0.0000
696,0.85,1,True,0.0%,0.0%,0.0%,inf,1.1,5.31,1.108,0.0000,0.0000,0.0000,+0.0000,+0.0000,+1.0000,+0.0000,+0.0000,-0.1500,-0.0023,+0.0000,+0.0000,+0.0000,+0.0000,+0.0000,+0.0000,+1.0000,+0.0000,+0.0000,+3.0000,-0.2111,+0.0000,+0.1000,+0.0000,+0.0000
700,-0.15,90,False,0.0%,0.0%,0.0%,0.16,0.7,5.97,0.261,1.0000,0.0000,0.9411,+0.0000,+0.0000,+0.0000,+0.0000,+0.0000,+0.0000,-0.1529,+0.0025,+0.0000,+0.0000,+0.0000,+0.0000,+0.0000,+0.0000,+0.0000,+0.0000,+0.0000,-11.3655,-0.6595,+9.0000,+0.0000,+0.0000
701,1.00,1,True,0.0%,0.0%,0.0%,inf,1.1,5.44,0.000,1.0000,1.0000,0.8703,+0.0000,+0.0000,+1.0000,+0.0000,+0.0000,+0.0000,+0.0000,-0.0001,+0.0000,+0.0000,+0.0000,+0.0000,+0.0000,+1.0000,+0.0000,+0.0000,+0.0000,+0.0002,+0.0196,+0.0000,+0.0000,+0.0000
702,1.00,30,True,0.0%,0.0%,0.0%,0.01,0.6,5.11,12.073,1.0000,1.0000,0.8364,+0.0000,+0.0000,+1.0000,+0.0000,+0.0000,+0.0000,+0.0001,-0.0030,+0.0000,+0.0000,+0.0000,+0.0000,+0.0000,+1.0000,+0.0000,+0.0000,+0.0000,+0.0074,+0.8023,+3.0000,+0.0000,+0.0000
703,1.00,1,True,0.0%,0.0%,0.0%,inf,0.9,4.95,0.000,1.0000,0.0000,0.0000,+0.0000,+0.0000,+1.0000,+0.0000,+0.0000,+0.0000,-0.0015,+0.0000,+0.0000,+0.0000,+0.0000,+0.0000,+0.0000,+1.0000,+0.0000,+0.0000,+0.0000,-0.1003,+0.0000,+0.0000,+0.0000,+0.0000
704,1.00,34,True,0.0%,0.0%,0.0%,0.01,0.7,5.24,3.578,0.9020,1.0000,0.9842,+0.0000,+0.0000,+1.0000,+0.0000,+0.0000,+0.0000,+0.0000,+0.0000,+0.0000,+0.0000,+0.0000,+0.0000,+0.0000,+1.0000,+0.0000,+0.0000,+10.0000,+0.0085,-0.1643,+3.4000,+0.0000,+0.0000
706,0.62,69,True,0.0%,0.0%,0.0%,0.01,0.8,5.55,11.548,0.9662,0.6667,0.4900,+0.0000,+0.0000,+1.0000,+0.0000,+0.0000,-0.3500,+0.0002,-0.0253,+0.0000,+0.0000,+0.0000,+0.0000,+0.0000,+1.0000,+0.0000,+0.0000,+7.0000,+0.0154,+6.6532,+6.9000,+0.0000,+0.0000
707,-0.02,90,False,0.0%,0.0%,0.0%,0.13,0.9,7.20,9.898,1.0000,0.9000,0.8754,+0.0000,+0.0000,+0.0000,+0.0000,+0.0000,+0.0000,-0.0096,-0.0059,+0.0000,+0.0000,+0.0000,+0.0000,+0.0000,+0.0000,+0.0000,+0.0000,+0.0000,-1.1947,+1.5417,+9.0000,+0.0000,+0.0000
708,0.90,42,True,0.0%,0.0%,0.0%,0.01,0.6,5.05,7.905,0.9841,1.0000,0.8272,+0.0000,+0.0000,+1.0000,+0.0000,+0.0000,-0.1000,+0.0002,-0.0046,+0.0000,+0.0000,+0.0000,+0.0000,+0.0000,+1.0000,+0.0000,+0.0000,+2.0000,+0.0102,+1.1992,+4.2000,+0.0000,+0.0000
712,-0.00,90,False,0.0%,0.0%,0.0%,0.15,0.8,7.27,12.304,1.0000,0.9444,0.9149,+0.0000,+0.0000,+0.0000,+0.0000,+0.0000,+0.0000,+0.0003,-0.0032,+0.0000,+0.0000,+0.0000,+0.0000,+0.0000,+0.0000,+0.0000,+0.0000,+0.0000,+0.0217,+0.8496,+9.0000,+0.0000,+0.0000
714,-0.01,90,False,0.0%,0.0%,0.0%,0.28,0.7,5.92,6.544,1.0000,0.9556,0.8382,+0.0000,+0.0000,+0.0000,+0.0000,+0.0000,+0.0000,+0.0003,-0.0090,+0.0000,+0.0000,+0.0000,+0.0000,+0.0000,+0.0000,+0.0000,+0.0000,+0.0000,+0.0218,+2.3589,+9.0000,+0.0000,+0.0000
715,-0.01,90,False,0.0%,0.0%,0.0%,0.23,0.7,6.16,0.271,1.0000,0.0000,0.8125,+0.0000,+0.0000,+0.0000,+0.0000,+0.0000,+0.0000,+0.0003,-0.0109,+0.0000,+0.0000,+0.0000,+0.0000,+0.0000,+0.0000,+0.0000,+0.0000,+0.0000,+0.0223,+2.8646,+9.0000,+0.0000,+0.0000
717,-0.34,90,False,0.0%,0.0%,0.0%,0.02,0.6,4.97,13.470,0.9778,1.0000,0.4574,+0.0000,+0.0000,+0.0000,+0.0000,+0.0000,-0.3000,+0.0003,-0.0360,+0.0000,+0.0000,+0.0000,+0.0000,+0.0000,+0.0000,+0.0000,+0.0000,+6.0000,+0.0215,+9.4713,+9.0000,+0.0000,+0.0000
718,-9.81,59,False,100.0%,100.0%,0.0%,0.13,0.6,5.07,18.802,0.9831,1.0000,0.9438,-4.3643,+0.0000,+0.0000,+0.0000,+0.0000,-0.1500,+0.0002,-0.0009,+0.0000,+0.0000,-5.3000,+1.0000,+0.0000,+0.0000,+0.0000,+0.0000,+3.0000,+0.0147,+0.2277,+5.9000,+0.0000,+53.0000
719,0.90,38,True,0.0%,0.0%,0.0%,0.01,0.9,4.94,10.314,0.9825,0.9737,0.8872,+0.0000,+0.0000,+1.0000,+0.0000,+0.0000,-0.1000,+0.0001,-0.0023,+0.0000,+0.0000,+0.0000,+0.0000,+0.0000,+1.0000,+0.0000,+0.0000,+2.0000,+0.0093,+0.6043,+3.8000,+0.0000,+0.0000
720,1.00,1,True,0.0%,0.0%,0.0%,inf,0.9,4.68,0.000,1.0000,0.0000,0.0000,+0.0000,+0.0000,+1.0000,+0.0000,+0.0000,+0.0000,-0.0015,+0.0000,+0.0000,+0.0000,+0.0000,+0.0000,+0.0000,+1.0000,+0.0000,+0.0000,+0.0000,-0.1003,+0.0000,+0.0000,+0.0000,+0.0000
721,-5.41,63,True,0.0%,0.0%,0.0%,0.01,0.6,5.44,15.060,0.9894,1.0000,0.7156,+0.0000,+0.0000,+1.0000,+0.0000,+0.0000,-0.1000,+0.0002,-0.0125,+0.0000,+0.0000,-6.3000,+0.0000,+0.0000,+1.0000,+0.0000,+0.0000,+2.0000,+0.0157,+3.2898,+6.3000,+0.0000,+63.0000
722,1.00,1,True,0.0%,0.0%,0.0%,inf,0.9,4.92,0.000,1.0000,0.0000,0.0000,+0.0000,+0.0000,+1.0000,+0.0000,+0.0000,+0.0000,-0.0015,+0.0000,+0.0000,+0.0000,+0.0000,+0.0000,+0.0000,+1.0000,+0.0000,+0.0000,+0.0000,-0.1003,+0.0000,+0.0000,+0.0000,+0.0000
723,1.00,1,True,0.0%,0.0%,0.0%,inf,1.1,5.28,0.000,1.0000,0.0000,0.0000,+0.0000,+0.0000,+1.0000,+0.0000,+0.0000,+0.0000,-0.0015,+0.0000,+0.0000,+0.0000,+0.0000,+0.0000,+0.0000,+1.0000,+0.0000,+0.0000,+0.0000,-0.1003,+0.0000,+0.0000,+0.0000,+0.0000
725,-0.14,90,False,0.0%,0.0%,0.0%,0.16,0.5,5.81,0.425,0.9926,1.0000,0.9333,+0.0000,+0.0000,+0.0000,+0.0000,+0.0000,-0.1000,+0.0003,-0.0021,+0.0000,-0.0342,+0.0000,+0.0000,+0.0000,+0.0000,+0.0000,+0.0000,+2.0000,+0.0224,+0.5508,+9.0000,+9.0000,+0.0000
726,-5.11,60,True,0.0%,0.0%,0.0%,0.02,0.6,5.21,17.966,0.9889,0.7667,0.6763,+0.0000,+0.0000,+1.0000,+0.0000,+0.0000,-0.1000,-0.0008,-0.0134,+0.0000,+0.0000,-6.0000,+0.0000,+0.0000,+1.0000,+0.0000,+0.0000,+2.0000,-0.1129,+3.5258,+6.0000,+0.0000,+60.0000
727,-4.37,52,True,0.0%,0.0%,0.0%,0.02,0.7,5.56,20.084,0.9808,0.9231,0.8055,+0.0000,+0.0000,+1.0000,+0.0000,+0.0000,-0.1500,-0.0110,-0.0063,+0.0000,+0.0000,-5.2000,+0.0000,+0.0000,+1.0000,+0.0000,+0.0000,+3.0000,-1.4179,+1.6570,+5.2000,+0.0000,+52.0000
728,0.00,1,False,0.0%,0.0%,0.0%,inf,0.9,4.85,0.000,1.0000,0.0000,1.0000,+0.0000,+0.0000,+0.0000,+0.0000,+0.0000,+0.0000,+0.0000,+0.0000,+0.0000,+0.0000,+0.0000,+0.0000,+0.0000,+0.0000,+0.0000,+0.0000,+0.0000,+0.0000,+0.0000,+0.0000,+0.0000,+0.0000
730,-3.98,25,False,100.0%,100.0%,0.0%,0.36,0.8,5.20,8.551,0.9733,0.7600,0.9375,-3.8551,+0.0000,+0.0000,+0.0000,+0.0000,-0.1000,-0.0255,-0.0000,+0.0000,+0.0000,+0.0000,+1.0000,+0.0000,+0.0000,+0.0000,+0.0000,+2.0000,-3.0841,+0.0023,+2.5000,+0.0000,+0.0000
732,-0.12,90,False,0.0%,0.0%,0.0%,0.16,0.6,5.93,4.493,0.9926,0.8667,0.8689,+0.0000,+0.0000,+0.0000,+0.0000,+0.0000,-0.1000,-0.0147,-0.0064,+0.0000,+0.0000,+0.0000,+0.0000,+0.0000,+0.0000,+0.0000,+0.0000,+2.0000,-1.6749,+1.6813,+9.0000,+0.0000,+0.0000
733,0.00,1,False,0.0%,0.0%,0.0%,inf,0.8,4.94,0.000,1.0000,0.0000,1.0000,+0.0000,+0.0000,+0.0000,+0.0000,+0.0000,+0.0000,+0.0000,+0.0000,+0.0000,+0.0000,+0.0000,+0.0000,+0.0000,+0.0000,+0.0000,+0.0000,+0.0000,+0.0000,+0.0000,+0.0000,+0.0000,+0.0000
734,-3.61,4,False,100.0%,100.0%,0.0%,0.35,0.8,4.89,5.064,0.8333,1.0000,0.9216,-3.5064,+0.0000,+0.0000,+0.0000,+0.0000,-0.1000,+0.0000,-0.0001,+0.0000,+0.0000,+0.0000,+1.0000,+0.0000,+0.0000,+0.0000,+0.0000,+2.0000,+0.0010,+0.0345,+0.4000,+0.0000,+0.0000
735,0.90,21,True,0.0%,0.0%,0.0%,0.01,0.6,4.91,4.493,0.9683,1.0000,0.8101,+0.0000,+0.0000,+1.0000,+0.0000,+0.0000,-0.1000,+0.0001,-0.0026,+0.0000,+0.0000,+0.0000,+0.0000,+0.0000,+1.0000,+0.0000,+0.0000,+2.0000,+0.0052,+0.6788,+2.1000,+0.0000,+0.0000
736,-0.01,90,False,0.0%,0.0%,0.0%,0.11,0.7,6.01,11.577,1.0000,0.9556,0.9458,+0.0000,+0.0000,+0.0000,+0.0000,+0.0000,+0.0000,-0.0132,-0.0010,+0.0000,+0.0000,+0.0000,+0.0000,+0.0000,+0.0000,+0.0000,+0.0000,+0.0000,-1.6479,+0.2747,+9.0000,+0.0000,+0.0000
738,1.00,1,True,0.0%,0.0%,0.0%,inf,1.1,4.90,0.000,1.0000,0.0000,0.0000,+0.0000,+0.0000,+1.0000,+0.0000,+0.0000,+0.0000,-0.0015,+0.0000,+0.0000,+0.0000,+0.0000,+0.0000,+0.0000,+1.0000,+0.0000,+0.0000,+0.0000,-0.1003,+0.0000,+0.0000,+0.0000,+0.0000
740,1.00,1,True,0.0%,0.0%,0.0%,inf,0.9,5.34,0.000,1.0000,0.0000,0.0000,+0.0000,+0.0000,+1.0000,+0.0000,+0.0000,+0.0000,-0.0015,+0.0000,+0.0000,+0.0000,+0.0000,+0.0000,+0.0000,+1.0000,+0.0000,+0.0000,+0.0000,-0.1003,+0.0000,+0.0000,+0.0000,+0.0000
742,-0.02,90,False,0.0%,0.0%,0.0%,0.06,0.8,6.88,11.808,1.0000,0.9000,0.9190,+0.0000,+0.0000,+0.0000,+0.0000,+0.0000,+0.0000,-0.0173,-0.0028,+0.0000,+0.0000,+0.0000,+0.0000,+0.0000,+0.0000,+0.0000,+0.0000,+0.0000,-2.1619,+0.7305,+9.0000,+0.0000,+0.0000
743,0.00,1,False,0.0%,0.0%,0.0%,inf,0.8,4.76,0.000,1.0000,0.0000,1.0000,+0.0000,+0.0000,+0.0000,+0.0000,+0.0000,+0.0000,+0.0000,+0.0000,+0.0000,+0.0000,+0.0000,+0.0000,+0.0000,+0.0000,+0.0000,+0.0000,+0.0000,+0.0000,+0.0000,+0.0000,+0.0000,+0.0000
746,0.00,1,False,0.0%,0.0%,0.0%,inf,0.8,4.77,0.000,1.0000,0.0000,1.0000,+0.0000,+0.0000,+0.0000,+0.0000,+0.0000,+0.0000,+0.0000,+0.0000,+0.0000,+0.0000,+0.0000,+0.0000,+0.0000,+0.0000,+0.0000,+0.0000,+0.0000,+0.0000,+0.0000,+0.0000,+0.0000,+0.0000
749,1.00,1,True,0.0%,0.0%,0.0%,inf,0.9,4.68,0.000,1.0000,0.0000,0.0000,+0.0000,+0.0000,+1.0000,+0.0000,+0.0000,+0.0000,-0.0015,+0.0000,+0.0000,+0.0000,+0.0000,+0.0000,+0.0000,+1.0000,+0.0000,+0.0000,+0.0000,-0.1003,+0.0000,+0.0000,+0.0000,+0.0000
750,1.00,1,True,0.0%,0.0%,0.0%,inf,1.1,5.02,0.000,1.0000,1.0000,0.0000,+0.0000,+0.0000,+1.0000,+0.0000,+0.0000,+0.0000,+0.0000,-0.0008,+0.0000,+0.0000,+0.0000,+0.0000,+0.0000,+1.0000,+0.0000,+0.0000,+0.0000,+0.0002,+0.2180,+0.0000,+0.0000,+0.0000
751,-0.03,90,False,0.0%,0.0%,0.0%,0.03,0.7,6.73,12.920,1.0000,0.9778,0.6119,+0.0000,+0.0000,+0.0000,+0.0000,+0.0000,+0.0000,-0.0045,-0.0246,+0.0000,+0.0000,+0.0000,+0.0000,+0.0000,+0.0000,+0.0000,+0.0000,+0.0000,-0.5847,+6.4774,+9.0000,+0.0000,+0.0000
752,-2.85,37,True,0.0%,0.0%,0.0%,0.02,0.5,4.88,19.981,0.9730,1.0000,0.8581,+0.0000,+0.0000,+1.0000,+0.0000,+0.0000,-0.1500,+0.0001,-0.0031,+0.0000,+0.0000,-3.7000,+0.0000,+0.0000,+1.0000,+0.0000,+0.0000,+3.0000,+0.0092,+0.8197,+3.7000,+0.0000,+37.0000
753,1.00,1,True,0.0%,0.0%,0.0%,inf,0.8,4.75,0.000,1.0000,1.0000,0.8968,+0.0000,+0.0000,+1.0000,+0.0000,+0.0000,+0.0000,+0.0000,-0.0001,+0.0000,+0.0000,+0.0000,+0.0000,+0.0000,+1.0000,+0.0000,+0.0000,+0.0000,+0.0002,+0.0139,+0.0000,+0.0000,+0.0000
754,1.00,1,True,0.0%,0.0%,0.0%,inf,0.8,4.94,0.000,1.0000,0.0000,0.0000,+0.0000,+0.0000,+1.0000,+0.0000,+0.0000,+0.0000,-0.0015,+0.0000,+0.0000,+0.0000,+0.0000,+0.0000,+0.0000,+1.0000,+0.0000,+0.0000,+0.0000,-0.1003,+0.0000,+0.0000,+0.0000,+0.0000
757,0.96,77,True,0.0%,0.0%,0.0%,0.02,3.1,6.10,12.922,1.0000,0.8831,0.8049,+0.0000,+0.0000,+1.0000,+0.0000,+0.0000,+0.0000,-0.0341,-0.0093,+0.0000,+0.0000,+0.0000,+0.0000,+0.0000,+1.0000,+0.0000,+0.0000,+0.0000,-4.2612,+2.4515,+7.7000,+0.0000,+0.0000
758,-0.15,90,False,0.0%,0.0%,0.0%,0.10,0.6,6.07,5.983,0.9889,0.9889,0.9679,+0.0000,+0.0000,+0.0000,+0.0000,+0.0000,-0.1500,-0.0047,+0.0005,+0.0000,+0.0000,+0.0000,+0.0000,+0.0000,+0.0000,+0.0000,+0.0000,+3.0000,-0.5594,-0.1193,+9.0000,+0.0000,+0.0000
760,0.87,88,True,0.0%,0.0%,0.0%,0.01,0.5,5.30,6.898,0.9924,1.0000,0.5852,+0.0000,+0.0000,+1.0000,+0.0000,+0.0000,-0.1000,+0.0003,-0.0264,+0.0000,+0.0000,+0.0000,+0.0000,+0.0000,+1.0000,+0.0000,+0.0000,+2.0000,+0.0211,+6.9431,+8.8000,+0.0000,+0.0000
761,-13.91,88,False,100.0%,100.0%,0.0%,0.03,0.6,5.72,20.928,0.9280,0.8864,0.6573,-4.4310,+0.0000,+0.0000,+0.0000,+0.0000,-0.9500,-0.0031,-0.0210,+0.0000,+0.0000,-8.5000,+1.0000,+0.0000,+0.0000,+0.0000,+0.0000,+19.0000,-0.4120,+5.5259,+8.8000,+0.0000,+85.0000
762,-0.33,90,False,0.0%,0.0%,0.0%,0.22,1.0,7.35,9.051,0.9778,0.8667,0.6264,+0.0000,+0.0000,+0.0000,+0.0000,+0.0000,-0.3000,-0.0083,-0.0234,+0.0000,+0.0000,+0.0000,+0.0000,+0.0000,+0.0000,+0.0000,+0.0000,+6.0000,-1.0217,+6.1597,+9.0000,+0.0000,+0.0000
763,-0.15,90,False,0.0%,0.0%,0.0%,0.17,0.8,6.61,4.120,0.9926,0.5778,0.7213,+0.0000,+0.0000,+0.0000,+0.0000,+0.0000,-0.1000,-0.0384,-0.0109,+0.0000,+0.0000,+0.0000,+0.0000,+0.0000,+0.0000,+0.0000,+0.0000,+2.0000,-4.2861,+2.8694,+9.0000,+0.0000,+0.0000
766,1.00,1,True,0.0%,0.0%,0.0%,inf,0.8,4.83,0.000,1.0000,0.0000,0.0000,+0.0000,+0.0000,+1.0000,+0.0000,+0.0000,+0.0000,-0.0002,+0.0000,+0.0000,+0.0000,+0.0000,+0.0000,+0.0000,+1.0000,+0.0000,+0.0000,+0.0000,-0.0112,-0.0002,+0.0000,+0.0000,+0.0000
769,1.00,1,True,0.0%,0.0%,0.0%,inf,0.8,4.69,0.000,1.0000,1.0000,0.9779,+0.0000,+0.0000,+1.0000,+0.0000,+0.0000,+0.0000,+0.0000,+0.0000,+0.0000,+0.0000,+0.0000,+0.0000,+0.0000,+1.0000,+0.0000,+0.0000,+0.0000,+0.0002,-0.0035,+0.0000,+0.0000,+0.0000
770,-4.24,54,False,100.0%,100.0%,0.0%,0.40,0.9,6.07,12.328,1.0000,1.0000,0.7066,-4.2328,+0.0000,+0.0000,+0.0000,+0.0000,+0.0000,+0.0002,-0.0110,+0.0000,+0.0000,+0.0000,+1.0000,+0.0000,+0.0000,+0.0000,+0.0000,+0.0000,+0.0133,+2.8949,+5.4000,+0.0000,+0.0000
771,0.00,1,False,0.0%,0.0%,0.0%,inf,1.1,4.84,0.000,1.0000,0.0000,1.0000,+0.0000,+0.0000,+0.0000,+0.0000,+0.0000,+0.0000,+0.0000,+0.0000,+0.0000,+0.0000,+0.0000,+0.0000,+0.0000,+0.0000,+0.0000,+0.0000,+0.0000,+0.0000,+0.0000,+0.0000,+0.0000,+0.0000
772,0.47,75,True,0.0%,0.0%,0.0%,0.01,0.7,6.45,10.734,0.9556,0.8267,0.8318,+0.0000,+0.0000,+1.0000,+0.0000,+0.0000,-0.5000,-0.0279,-0.0066,+0.0000,+0.0000,+0.0000,+0.0000,+0.0000,+1.0000,+0.0000,+0.0000,+10.0000,-3.4409,+1.7462,+7.5000,+0.0000,+0.0000
773,1.00,1,True,0.0%,0.0%,0.0%,inf,0.9,4.84,0.000,1.0000,0.0000,0.0000,+0.0000,+0.0000,+1.0000,+0.0000,+0.0000,+0.0000,-0.0015,+0.0000,+0.0000,+0.0000,+0.0000,+0.0000,+0.0000,+1.0000,+0.0000,+0.0000,+0.0000,-0.1003,+0.0000,+0.0000,+0.0000,+0.0000
774,-3.91,76,False,0.0%,0.0%,100.0%,0.18,0.6,5.20,7.958,0.9518,0.3158,0.5675,+0.0000,-3.0000,+0.0000,+0.0000,+0.0000,-0.5500,-0.3516,-0.0088,+0.0000,+0.0000,+0.0000,+0.0000,+1.0000,+0.0000,+0.0000,+0.0000,+11.0000,-42.1839,+2.3080,+7.6000,+0.0000,+0.0000
775,0.00,1,False,0.0%,0.0%,0.0%,inf,0.9,4.61,0.000,1.0000,0.0000,1.0000,+0.0000,+0.0000,+0.0000,+0.0000,+0.0000,+0.0000,+0.0000,+0.0000,+0.0000,+0.0000,+0.0000,+0.0000,+0.0000,+0.0000,+0.0000,+0.0000,+0.0000,+0.0000,+0.0000,+0.0000,+0.0000,+0.0000
776,0.00,1,False,0.0%,0.0%,0.0%,inf,1.0,4.69,0.000,1.0000,0.0000,1.0000,+0.0000,+0.0000,+0.0000,+0.0000,+0.0000,+0.0000,+0.0000,+0.0000,+0.0000,+0.0000,+0.0000,+0.0000,+0.0000,+0.0000,+0.0000,+0.0000,+0.0000,+0.0000,+0.0000,+0.0000,+0.0000,+0.0000
777,-0.55,90,False,0.0%,0.0%,0.0%,0.42,0.6,6.62,8.633,0.9926,0.2222,0.7866,+0.0000,+0.0000,+0.0000,+0.0000,+0.0000,-0.1000,-0.4480,-0.0009,+0.0000,+0.0000,+0.0000,+0.0000,+0.0000,+0.0000,+0.0000,+0.0000,+2.0000,-54.1039,+0.2313,+9.0000,+0.0000,+0.0000
779,-0.13,90,False,0.0%,0.0%,0.0%,0.14,0.5,5.08,1.708,0.9926,0.6111,0.7836,+0.0000,+0.0000,+0.0000,+0.0000,+0.0000,-0.1000,-0.0164,-0.0096,+0.0000,+0.0000,+0.0000,+0.0000,+0.0000,+0.0000,+0.0000,+0.0000,+2.0000,-1.5986,+2.5237,+9.0000,+0.0000,+0.0000
780,1.00,1,True,0.0%,0.0%,0.0%,inf,0.8,4.71,0.000,1.0000,0.0000,0.0000,+0.0000,+0.0000,+1.0000,+0.0000,+0.0000,+0.0000,-0.0015,+0.0000,+0.0000,+0.0000,+0.0000,+0.0000,+0.0000,+1.0000,+0.0000,+0.0000,+0.0000,-0.1003,+0.0000,+0.0000,+0.0000,+0.0000
782,-0.25,90,False,0.0%,0.0%,0.0%,0.24,0.6,5.99,6.310,0.9889,0.5444,0.6435,+0.0000,+0.0000,+0.0000,+0.0000,+0.0000,-0.1500,-0.0823,-0.0179,+0.0000,+0.0000,+0.0000,+0.0000,+0.0000,+0.0000,+0.0000,+0.0000,+3.0000,-9.6670,+4.7037,+9.0000,+0.0000,+0.0000
783,1.00,1,True,0.0%,0.0%,0.0%,inf,0.9,4.68,0.000,1.0000,1.0000,0.9326,+0.0000,+0.0000,+1.0000,+0.0000,+0.0000,+0.0000,+0.0000,-0.0000,+0.0000,+0.0000,+0.0000,+0.0000,+0.0000,+1.0000,+0.0000,+0.0000,+0.0000,+0.0002,+0.0063,+0.0000,+0.0000,+0.0000
787,-0.34,90,False,0.0%,0.0%,0.0%,0.08,0.6,5.76,7.797,0.9778,0.8000,0.5108,+0.0000,+0.0000,+0.0000,+0.0000,+0.0000,-0.3000,-0.0066,-0.0311,+0.0000,+0.0000,+0.0000,+0.0000,+0.0000,+0.0000,+0.0000,+0.0000,+6.0000,-0.8044,+8.1840,+9.0000,+0.0000,+0.0000
788,1.00,1,True,0.0%,0.0%,0.0%,inf,0.9,5.01,0.000,1.0000,0.0000,0.0000,+0.0000,+0.0000,+1.0000,+0.0000,+0.0000,+0.0000,-0.0015,+0.0000,+0.0000,+0.0000,+0.0000,+0.0000,+0.0000,+1.0000,+0.0000,+0.0000,+0.0000,-0.1003,+0.0000,+0.0000,+0.0000,+0.0000
789,-3.12,23,False,0.0%,0.0%,100.0%,0.10,0.6,4.73,5.206,0.9710,0.0435,0.2788,+0.0000,-3.0000,+0.0000,+0.0000,+0.0000,-0.1000,-0.0067,-0.0099,+0.0000,+0.0000,+0.0000,+0.0000,+1.0000,+0.0000,+0.0000,+0.0000,+2.0000,-0.7748,+2.5982,+2.3000,+0.0000,+0.0000
790,-0.00,90,False,0.0%,0.0%,0.0%,0.22,0.6,5.69,5.675,1.0000,0.9889,0.9595,+0.0000,+0.0000,+0.0000,+0.0000,+0.0000,+0.0000,-0.0026,-0.0002,+0.0000,+0.0000,+0.0000,+0.0000,+0.0000,+0.0000,+0.0000,+0.0000,+0.0000,-0.3156,+0.0410,+9.0000,+0.0000,+0.0000
791,-0.13,90,False,0.0%,0.0%,0.0%,0.20,1.1,6.95,1.307,0.9926,1.0000,0.5005,+0.0000,+0.0000,+0.0000,+0.0000,+0.0000,-0.1000,+0.0003,-0.0331,+0.0000,+0.0000,+0.0000,+0.0000,+0.0000,+0.0000,+0.0000,+0.0000,+2.0000,+0.0219,+8.7160,+9.0000,+0.0000,+0.0000
792,1.00,1,True,0.0%,0.0%,0.0%,inf,1.1,5.16,0.000,1.0000,1.0000,0.9885,+0.0000,+0.0000,+1.0000,+0.0000,+0.0000,+0.0000,+0.0000,+0.0000,+0.0000,+0.0000,+0.0000,+0.0000,+0.0000,+1.0000,+0.0000,+0.0000,+0.0000,+0.0002,-0.0058,+0.0000,+0.0000,+0.0000
795,0.95,1,True,0.0%,0.0%,0.0%,inf,0.9,5.45,0.000,0.6667,0.0000,0.0000,+0.0000,+0.0000,+1.0000,+0.0000,+0.0000,-0.0500,-0.0017,+0.0000,+0.0000,+0.0000,+0.0000,+0.0000,+0.0000,+1.0000,+0.0000,+0.0000,+1.0000,-0.1270,+0.0000,+0.1000,+0.0000,+0.0000
798,-0.10,90,False,0.0%,0.0%,0.0%,0.06,0.6,5.30,10.694,0.9926,1.0000,0.9736,+0.0000,+0.0000,+0.0000,+0.0000,+0.0000,-0.1000,+0.0003,+0.0009,+0.0000,+0.0000,+0.0000,+0.0000,+0.0000,+0.0000,+0.0000,+0.0000,+2.0000,+0.0224,-0.2296,+9.0000,+0.0000,+0.0000
800,1.00,1,True,0.0%,0.0%,0.0%,inf,3.0,4.68,0.000,1.0000,0.0000,0.0000,+0.0000,+0.0000,+1.0000,+0.0000,+0.0000,+0.0000,-0.0015,+0.0000,+0.0000,+0.0000,+0.0000,+0.0000,+0.0000,+1.0000,+0.0000,+0.0000,+0.0000,-0.1003,+0.0000,+0.0000,+0.0000,+0.0000
801,1.00,1,True,0.0%,0.0%,0.0%,inf,0.9,4.57,0.000,1.0000,0.0000,0.0000,+0.0000,+0.0000,+1.0000,+0.0000,+0.0000,+0.0000,-0.0015,+0.0000,+0.0000,+0.0000,+0.0000,+0.0000,+0.0000,+1.0000,+0.0000,+0.0000,+0.0000,-0.1003,+0.0000,+0.0000,+0.0000,+0.0000
802,1.00,31,True,0.0%,0.0%,0.0%,0.01,0.6,4.83,11.710,1.0000,0.9032,0.9746,+0.0000,+0.0000,+1.0000,+0.0000,+0.0000,+0.0000,-0.0052,+0.0003,+0.0000,+0.0000,+0.0000,+0.0000,+0.0000,+1.0000,+0.0000,+0.0000,+0.0000,-0.6545,-0.0865,+3.1000,+0.0000,+0.0000
808,1.00,76,True,0.0%,0.0%,0.0%,0.01,0.5,4.99,8.647,1.0000,1.0000,0.9365,+0.0000,+0.0000,+1.0000,+0.0000,+0.0000,+0.0000,+0.0003,-0.0016,+0.0000,+0.0000,+0.0000,+0.0000,+0.0000,+1.0000,+0.0000,+0.0000,+0.0000,+0.0189,+0.4109,+7.6000,+0.0000,+0.0000
810,0.26,74,True,0.0%,0.0%,0.0%,0.01,0.5,5.18,11.967,0.9369,1.0000,0.3488,+0.0000,+0.0000,+1.0000,+0.0000,+0.0000,-0.7000,+0.0003,-0.0357,+0.0000,+0.0000,+0.0000,+0.0000,+0.0000,+1.0000,+0.0000,+0.0000,+14.0000,+0.0174,+9.3996,+7.4000,+0.0000,+0.0000
811,-0.17,90,False,0.0%,0.0%,0.0%,0.19,0.6,5.74,6.753,0.9926,0.6556,0.6405,+0.0000,+0.0000,+0.0000,+0.0000,+0.0000,-0.1000,-0.0501,-0.0159,+0.0000,+0.0000,+0.0000,+0.0000,+0.0000,+0.0000,+0.0000,+0.0000,+2.0000,-5.9237,+4.1876,+9.0000,+0.0000,+0.0000
812,0.05,8,True,0.0%,0.0%,0.0%,0.02,0.6,4.62,16.224,0.8750,1.0000,0.5444,+0.0000,+0.0000,+1.0000,+0.0000,+0.0000,-0.1500,+0.0000,-0.0027,+0.0000,+0.0000,-0.8000,+0.0000,+0.0000,+1.0000,+0.0000,+0.0000,+3.0000,+0.0019,+0.7021,+0.8000,+0.0000,+8.0000
816,-11.06,61,False,100.0%,100.0%,0.0%,0.30,0.5,4.85,21.352,0.9836,0.9836,0.8625,-4.8012,+0.0000,+0.0000,+0.0000,+0.0000,-0.1500,-0.0004,-0.0049,+0.0000,+0.0000,-6.1000,+1.0000,+0.0000,+0.0000,+0.0000,+0.0000,+3.0000,-0.0680,+1.2883,+6.1000,+0.0000,+61.0000
817,0.85,1,True,0.0%,0.0%,0.0%,inf,0.9,4.76,16.282,0.6667,1.0000,0.8619,+0.0000,+0.0000,+1.0000,+0.0000,+0.0000,-0.0500,+0.0000,-0.0001,+0.0000,+0.0000,-0.1000,+0.0000,+0.0000,+1.0000,+0.0000,+0.0000,+1.0000,+0.0002,+0.0214,+0.1000,+0.0000,+1.0000
818,-3.61,67,False,100.0%,100.0%,0.0%,0.25,0.7,5.89,5.902,1.0000,0.7164,0.8378,-3.5903,+0.0000,+0.0000,+0.0000,+0.0000,+0.0000,-0.0129,-0.0057,+0.0000,+0.0000,+0.0000,+1.0000,+0.0000,+0.0000,+0.0000,+0.0000,+0.0000,-1.5128,+1.5054,+6.7000,+0.0000,+0.0000
820,1.00,1,True,0.0%,0.0%,0.0%,inf,1.0,5.21,0.000,1.0000,0.0000,0.0000,+0.0000,+0.0000,+1.0000,+0.0000,+0.0000,+0.0000,-0.0015,+0.0000,+0.0000,+0.0000,+0.0000,+0.0000,+0.0000,+1.0000,+0.0000,+0.0000,+0.0000,-0.1003,+0.0000,+0.0000,+0.0000,+0.0000
821,1.00,1,True,0.0%,0.0%,0.0%,inf,0.7,4.61,0.000,1.0000,1.0000,0.9924,+0.0000,+0.0000,+1.0000,+0.0000,+0.0000,+0.0000,+0.0000,+0.0000,+0.0000,+0.0000,+0.0000,+0.0000,+0.0000,+1.0000,+0.0000,+0.0000,+0.0000,+0.0002,-0.0066,+0.0000,+0.0000,+0.0000
822,1.00,1,True,0.0%,0.0%,0.0%,inf,0.9,4.78,0.000,1.0000,0.0000,0.5112,+0.0000,+0.0000,+1.0000,+0.0000,+0.0000,+0.0000,+0.0000,+0.0000,+0.0000,+0.0000,+0.0000,+0.0000,+0.0000,+1.0000,+0.0000,+0.0000,+0.0000,+0.0000,-0.0031,+0.0000,+0.0000,+0.0000
823,-0.01,90,False,0.0%,0.0%,0.0%,0.33,0.6,5.63,0.809,1.0000,1.0000,0.7614,+0.0000,+0.0000,+0.0000,+0.0000,+0.0000,+0.0000,+0.0003,-0.0145,+0.0000,+0.0000,+0.0000,+0.0000,+0.0000,+0.0000,+0.0000,+0.0000,+0.0000,+0.0209,+3.8214,+9.0000,+0.0000,+0.0000
824,1.00,1,True,0.0%,0.0%,0.0%,inf,0.9,4.57,0.000,1.0000,0.0000,0.0000,+0.0000,+0.0000,+1.0000,+0.0000,+0.0000,+0.0000,-0.0015,+0.0000,+0.0000,+0.0000,+0.0000,+0.0000,+0.0000,+1.0000,+0.0000,+0.0000,+0.0000,-0.1003,+0.0000,+0.0000,+0.0000,+0.0000
825,-0.50,90,False,0.0%,0.0%,0.0%,0.35,0.6,5.50,7.544,0.9926,0.2000,0.4898,+0.0000,+0.0000,+0.0000,+0.0000,+0.0000,-0.1000,-0.3909,-0.0044,+0.0000,+0.0000,+0.0000,+0.0000,+0.0000,+0.0000,+0.0000,+0.0000,+2.0000,-46.6579,+1.1593,+9.0000,+0.0000,+0.0000
826,-0.43,90,False,0.0%,0.0%,0.0%,0.16,0.6,5.42,13.894,0.9704,1.0000,0.5963,+0.0000,+0.0000,+0.0000,+0.0000,+0.0000,-0.4000,+0.0003,-0.0262,+0.0000,+0.0000,+0.0000,+0.0000,+0.0000,+0.0000,+0.0000,+0.0000,+8.0000,+0.0214,+6.8926,+9.0000,+0.0000,+0.0000
828,-0.19,90,False,0.0%,0.0%,0.0%,0.19,0.5,5.39,2.276,0.9926,0.5111,0.8110,+0.0000,+0.0000,+0.0000,+0.0000,+0.0000,-0.1000,-0.0820,-0.0041,+0.0000,+0.0000,+0.0000,+0.0000,+0.0000,+0.0000,+0.0000,+0.0000,+2.0000,-8.3806,+1.0850,+9.0000,+0.0000,+0.0000
831,-0.12,90,False,0.0%,0.0%,0.0%,0.21,0.8,7.62,8.946,0.9926,0.8333,0.8349,+0.0000,+0.0000,+0.0000,+0.0000,+0.0000,-0.1000,-0.0065,-0.0092,+0.0000,+0.0000,+0.0000,+0.0000,+0.0000,+0.0000,+0.0000,+0.0000,+2.0000,-0.8028,+2.4265,+9.0000,+0.0000,+0.0000
833,0.90,46,True,0.0%,0.0%,0.0%,0.01,0.6,4.81,1.987,0.9855,1.0000,0.9537,+0.0000,+0.0000,+1.0000,+0.0000,+0.0000,-0.1000,+0.0002,-0.0003,+0.0000,+0.0000,+0.0000,+0.0000,+0.0000,+1.0000,+0.0000,+0.0000,+2.0000,+0.0114,+0.0797,+4.6000,+0.0000,+0.0000
834,-0.11,90,False,0.0%,0.0%,0.0%,0.17,2.3,6.04,0.341,0.9926,1.0000,0.8160,+0.0000,+0.0000,+0.0000,+0.0000,+0.0000,-0.1000,+0.0003,-0.0106,+0.0000,+0.0000,+0.0000,+0.0000,+0.0000,+0.0000,+0.0000,+0.0000,+2.0000,+0.0224,+2.7994,+9.0000,+0.0000,+0.0000
835,0.00,1,False,0.0%,0.0%,0.0%,inf,0.9,4.61,0.000,1.0000,0.0000,1.0000,+0.0000,+0.0000,+0.0000,+0.0000,+0.0000,+0.0000,+0.0000,+0.0000,+0.0000,+0.0000,+0.0000,+0.0000,+0.0000,+0.0000,+0.0000,+0.0000,+0.0000,+0.0000,+0.0000,+0.0000,+0.0000,+0.0000
836,-0.03,90,False,0.0%,0.0%,0.0%,0.13,0.5,5.09,7.132,1.0000,1.0000,0.5183,+0.0000,+0.0000,+0.0000,+0.0000,+0.0000,+0.0000,+0.0003,-0.0317,+0.0000,+0.0000,+0.0000,+0.0000,+0.0000,+0.0000,+0.0000,+0.0000,+0.0000,+0.0214,+8.3481,+9.0000,+0.0000,+0.0000
837,0.95,1,True,0.0%,0.0%,0.0%,inf,1.1,5.12,0.000,0.6667,0.0000,0.0000,+0.0000,+0.0000,+1.0000,+0.0000,+0.0000,-0.0500,-0.0016,+0.0000,+0.0000,+0.0000,+0.0000,+0.0000,+0.0000,+1.0000,+0.0000,+0.0000,+1.0000,-0.1136,+0.0000,+0.1000,+0.0000,+0.0000
838,0.00,1,False,0.0%,0.0%,0.0%,inf,0.9,4.94,0.000,1.0000,0.0000,1.0000,+0.0000,+0.0000,+0.0000,+0.0000,+0.0000,+0.0000,+0.0000,+0.0000,+0.0000,+0.0000,+0.0000,+0.0000,+0.0000,+0.0000,+0.0000,+0.0000,+0.0000,+0.0000,+0.0000,+0.0000,+0.0000,+0.0000
840,0.00,1,False,0.0%,0.0%,0.0%,inf,1.0,4.58,0.000,1.0000,0.0000,1.0000,+0.0000,+0.0000,+0.0000,+0.0000,+0.0000,+0.0000,+0.0000,+0.0000,+0.0000,+0.0000,+0.0000,+0.0000,+0.0000,+0.0000,+0.0000,+0.0000,+0.0000,+0.0000,+0.0000,+0.0000,+0.0000,+0.0000
841,0.20,6,True,0.0%,0.0%,0.0%,0.02,1.2,4.71,16.389,0.7778,1.0000,0.9608,+0.0000,+0.0000,+1.0000,+0.0000,+0.0000,-0.2000,+0.0000,-0.0000,+0.0000,+0.0000,-0.6000,+0.0000,+0.0000,+1.0000,+0.0000,+0.0000,+4.0000,+0.0015,+0.0014,+0.6000,+0.0000,+6.0000
843,-4.44,50,False,100.0%,100.0%,0.0%,0.23,0.6,4.86,13.249,0.9867,0.8800,0.6619,-4.3249,+0.0000,+0.0000,+0.0000,+0.0000,-0.1000,+0.0002,-0.0120,+0.0000,+0.0000,+0.0000,+1.0000,+0.0000,+0.0000,+0.0000,+0.0000,+2.0000,+0.0122,+3.1564,+5.0000,+0.0000,+0.0000
846,0.95,1,True,0.0%,0.0%,0.0%,inf,0.8,4.77,0.095,0.6667,1.0000,0.8953,+0.0000,+0.0000,+1.0000,+0.0000,+0.0000,-0.0500,+0.0000,-0.0001,+0.0000,+0.0000,+0.0000,+0.0000,+0.0000,+1.0000,+0.0000,+0.0000,+1.0000,+0.0002,+0.0142,+0.1000,+0.0000,+0.0000
847,1.00,1,True,0.0%,0.0%,0.0%,inf,0.9,4.70,0.000,1.0000,0.0000,0.0000,+0.0000,+0.0000,+1.0000,+0.0000,+0.0000,+0.0000,-0.0015,+0.0000,+0.0000,+0.0000,+0.0000,+0.0000,+0.0000,+1.0000,+0.0000,+0.0000,+0.0000,-0.1003,+0.0000,+0.0000,+0.0000,+0.0000
848,-11.06,66,False,100.0%,100.0%,0.0%,0.16,0.9,7.35,16.691,0.9444,0.8939,0.5485,-4.3843,+0.0000,+0.0000,+0.0000,+0.0000,-0.5500,-0.0021,-0.0215,+0.0000,+0.0000,-6.1000,+1.0000,+0.0000,+0.0000,+0.0000,+0.0000,+11.0000,-0.2758,+5.6623,+6.6000,+0.0000,+61.0000
849,1.00,1,True,0.0%,0.0%,0.0%,inf,1.1,4.91,0.000,1.0000,0.0000,0.0000,+0.0000,+0.0000,+1.0000,+0.0000,+0.0000,+0.0000,-0.0015,+0.0000,+0.0000,+0.0000,+0.0000,+0.0000,+0.0000,+1.0000,+0.0000,+0.0000,+0.0000,-0.1003,+0.0000,+0.0000,+0.0000,+0.0000
850,1.00,1,True,0.0%,0.0%,0.0%,inf,0.9,4.63,0.000,1.0000,0.0000,0.0000,+0.0000,+0.0000,+1.0000,+0.0000,+0.0000,+0.0000,-0.0015,+0.0000,+0.0000,+0.0000,+0.0000,+0.0000,+0.0000,+1.0000,+0.0000,+0.0000,+0.0000,-0.1003,+0.0000,+0.0000,+0.0000,+0.0000
851,-6.40,90,False,0.0%,0.0%,0.0%,0.07,3.1,5.46,18.856,0.9519,0.9111,0.7070,+0.0000,+0.0000,+0.0000,+0.0000,+0.0000,+0.0000,+0.0000,+0.0000,+0.0000,+0.0000,-6.4000,+0.0000,+0.0000,+0.0000,+0.0000,+0.0000,+13.0000,-0.9824,+4.5659,+9.0000,+0.0000,+64.0000
852,-0.41,90,False,0.0%,0.0%,0.0%,0.13,0.6,5.64,10.415,0.9926,0.4889,0.4397,+0.0000,+0.0000,+0.0000,+0.0000,+0.0000,-0.1000,-0.2861,-0.0206,+0.0000,+0.0000,+0.0000,+0.0000,+0.0000,+0.0000,+0.0000,+0.0000,+2.0000,-35.0724,+5.4331,+9.0000,+0.0000,+0.0000
854,0.39,5,True,0.0%,0.0%,0.0%,0.01,0.7,4.94,16.200,0.8667,0.8000,0.9175,+0.0000,+0.0000,+1.0000,+0.0000,+0.0000,-0.1000,-0.0096,-0.0002,+0.0000,+0.0000,-0.5000,+0.0000,+0.0000,+1.0000,+0.0000,+0.0000,+2.0000,-1.2107,+0.0436,+0.5000,+0.0000,+5.0000
855,1.00,1,True,0.0%,0.0%,0.0%,inf,0.9,5.30,0.000,1.0000,0.0000,0.0000,+0.0000,+0.0000,+1.0000,+0.0000,+0.0000,+0.0000,-0.0015,+0.0000,+0.0000,+0.0000,+0.0000,+0.0000,+0.0000,+1.0000,+0.0000,+0.0000,+0.0000,-0.1003,+0.0000,+0.0000,+0.0000,+0.0000
856,1.00,1,True,0.0%,0.0%,0.0%,inf,0.8,4.63,0.000,1.0000,0.0000,0.0000,+0.0000,+0.0000,+1.0000,+0.0000,+0.0000,+0.0000,-0.0015,+0.0000,+0.0000,+0.0000,+0.0000,+0.0000,+0.0000,+1.0000,+0.0000,+0.0000,+0.0000,-0.1003,+0.0000,+0.0000,+0.0000,+0.0000
857,0.95,1,True,0.0%,0.0%,0.0%,inf,0.9,4.64,0.000,0.6667,1.0000,0.9118,+0.0000,+0.0000,+1.0000,+0.0000,+0.0000,-0.0500,+0.0000,-0.0000,+0.0000,+0.0000,+0.0000,+0.0000,+0.0000,+1.0000,+0.0000,+0.0000,+1.0000,+0.0002,+0.0107,+0.1000,+0.0000,+0.0000
859,1.00,1,True,0.0%,0.0%,0.0%,inf,0.9,4.70,0.000,1.0000,0.0000,0.0000,+0.0000,+0.0000,+1.0000,+0.0000,+0.0000,+0.0000,-0.0015,+0.0000,+0.0000,+0.0000,+0.0000,+0.0000,+0.0000,+1.0000,+0.0000,+0.0000,+0.0000,-0.1003,+0.0000,+0.0000,+0.0000,+0.0000
860,-3.82,12,False,100.0%,100.0%,0.0%,0.30,0.6,4.75,6.503,0.9167,0.1667,0.6945,-3.6503,+0.0000,+0.0000,+0.0000,+0.0000,-0.1500,-0.0157,-0.0018,+0.0000,+0.0000,+0.0000,+1.0000,+0.0000,+0.0000,+0.0000,+0.0000,+3.0000,-1.8496,+0.4634,+1.2000,+0.0000,+0.0000
862,0.90,28,True,0.0%,0.0%,0.0%,0.01,0.6,5.57,4.707,0.9762,1.0000,0.9650,+0.0000,+0.0000,+1.0000,+0.0000,+0.0000,-0.1000,+0.0001,+0.0001,+0.0000,+0.0000,+0.0000,+0.0000,+0.0000,+1.0000,+0.0000,+0.0000,+2.0000,+0.0070,-0.0192,+2.8000,+0.0000,+0.0000
865,0.90,37,True,0.0%,0.0%,0.0%,0.01,0.6,5.16,12.870,0.9820,1.0000,0.8163,+0.0000,+0.0000,+1.0000,+0.0000,+0.0000,-0.1000,+0.0001,-0.0043,+0.0000,+0.0000,+0.0000,+0.0000,+0.0000,+1.0000,+0.0000,+0.0000,+2.0000,+0.0091,+1.1441,+3.7000,+0.0000,+0.0000
866,-0.16,90,False,0.0%,0.0%,0.0%,0.13,0.6,5.64,8.494,0.9926,0.7889,0.7423,+0.0000,+0.0000,+0.0000,+0.0000,+0.0000,-0.1000,-0.0476,-0.0125,+0.0000,+0.0000,+0.0000,+0.0000,+0.0000,+0.0000,+0.0000,+0.0000,+2.0000,-5.7529,+3.2885,+9.0000,+0.0000,+0.0000
868,-3.04,90,False,100.0%,100.0%,0.0%,0.13,0.7,5.89,0.084,1.0000,1.0000,0.9887,-3.0084,+0.0000,+0.0000,+0.0000,+0.0000,+0.0000,+0.0003,+0.0020,+0.0000,-0.0342,+0.0000,+1.0000,+0.0000,+0.0000,+0.0000,+0.0000,+0.0000,+0.0225,-0.5214,+9.0000,+9.0000,+0.0000
869,-0.00,90,False,0.0%,0.0%,0.0%,0.09,0.6,5.67,4.350,1.0000,0.9667,0.9411,+0.0000,+0.0000,+0.0000,+0.0000,+0.0000,+0.0000,-0.0024,-0.0013,+0.0000,+0.0000,+0.0000,+0.0000,+0.0000,+0.0000,+0.0000,+0.0000,+0.0000,-0.2850,+0.3538,+9.0000,+0.0000,+0.0000
870,1.00,1,True,0.0%,0.0%,0.0%,inf,1.0,5.34,0.000,1.0000,0.0000,0.0000,+0.0000,+0.0000,+1.0000,+0.0000,+0.0000,+0.0000,-0.0015,+0.0000,+0.0000,+0.0000,+0.0000,+0.0000,+0.0000,+1.0000,+0.0000,+0.0000,+0.0000,-0.1003,+0.0000,+0.0000,+0.0000,+0.0000
873,-0.14,90,False,0.0%,0.0%,0.0%,0.34,0.7,5.63,0.370,0.9926,1.0000,0.8707,+0.0000,+0.0000,+0.0000,+0.0000,+0.0000,-0.1000,+0.0003,-0.0067,+0.0000,-0.0342,+0.0000,+0.0000,+0.0000,+0.0000,+0.0000,+0.0000,+2.0000,+0.0223,+1.7546,+9.0000,+9.0000,+0.0000
875,1.00,1,True,0.0%,0.0%,0.0%,inf,0.9,4.63,0.000,1.0000,1.0000,0.9374,+0.0000,+0.0000,+1.0000,+0.0000,+0.0000,+0.0000,+0.0000,-0.0000,+0.0000,+0.0000,+0.0000,+0.0000,+0.0000,+1.0000,+0.0000,+0.0000,+0.0000,+0.0002,+0.0052,+0.0000,+0.0000,+0.0000
876,-0.00,90,False,0.0%,0.0%,0.0%,0.15,1.0,6.60,14.202,1.0000,1.0000,0.9508,+0.0000,+0.0000,+0.0000,+0.0000,+0.0000,+0.0000,+0.0003,-0.0008,+0.0000,+0.0000,+0.0000,+0.0000,+0.0000,+0.0000,+0.0000,+0.0000,+0.0000,+0.0224,+0.2096,+9.0000,+0.0000,+0.0000
878,0.00,1,False,0.0%,0.0%,0.0%,inf,1.1,5.24,0.577,1.0000,0.0000,1.0000,+0.0000,+0.0000,+0.0000,+0.0000,+0.0000,+0.0000,+0.0000,+0.0000,+0.0000,+0.0000,+0.0000,+0.0000,+0.0000,+0.0000,+0.0000,+0.0000,+0.0000,+0.0000,+0.0000,+0.0000,+0.0000,+0.0000
879,1.00,1,True,0.0%,0.0%,0.0%,inf,0.9,5.68,0.000,1.0000,1.0000,0.8320,+0.0000,+0.0000,+1.0000,+0.0000,+0.0000,+0.0000,+0.0000,-0.0001,+0.0000,+0.0000,+0.0000,+0.0000,+0.0000,+1.0000,+0.0000,+0.0000,+0.0000,+0.0002,+0.0277,+0.0000,+0.0000,+0.0000
884,-0.03,90,False,0.0%,0.0%,0.0%,0.14,0.5,5.27,14.912,1.0000,0.9667,0.5351,+0.0000,+0.0000,+0.0000,+0.0000,+0.0000,+0.0000,+0.0003,-0.0306,+0.0000,+0.0000,+0.0000,+0.0000,+0.0000,+0.0000,+0.0000,+0.0000,+0.0000,+0.0222,+8.0618,+9.0000,+0.0000,+0.0000
886,0.88,84,True,0.0%,0.0%,0.0%,0.01,0.6,6.64,7.461,0.9921,0.8690,0.8491,+0.0000,+0.0000,+1.0000,+0.0000,+0.0000,-0.1000,-0.0157,-0.0069,+0.0000,+0.0000,+0.0000,+0.0000,+0.0000,+1.0000,+0.0000,+0.0000,+2.0000,-1.8896,+1.8270,+8.4000,+0.0000,+0.0000
891,0.00,1,False,0.0%,0.0%,0.0%,inf,0.8,4.88,0.000,1.0000,0.0000,1.0000,+0.0000,+0.0000,+0.0000,+0.0000,+0.0000,+0.0000,+0.0000,+0.0000,+0.0000,+0.0000,+0.0000,+0.0000,+0.0000,+0.0000,+0.0000,+0.0000,+0.0000,+0.0000,+0.0000,+0.0000,+0.0000,+0.0000
894,1.00,1,True,0.0%,0.0%,0.0%,inf,0.9,4.90,0.000,1.0000,0.0000,0.0000,+0.0000,+0.0000,+1.0000,+0.0000,+0.0000,+0.0000,-0.0015,+0.0000,+0.0000,+0.0000,+0.0000,+0.0000,+0.0000,+1.0000,+0.0000,+0.0000,+0.0000,-0.1003,+0.0000,+0.0000,+0.0000,+0.0000
895,-0.29,90,False,0.0%,0.0%,0.0%,0.28,0.6,5.12,1.508,0.9889,0.0000,0.8182,+0.0000,+0.0000,+0.0000,+0.0000,+0.0000,-0.1500,-0.1445,+0.0020,+0.0000,+0.0000,+0.0000,+0.0000,+0.0000,+0.0000,+0.0000,+0.0000,+3.0000,-13.7678,-0.5305,+9.0000,+0.0000,+0.0000
896,1.00,1,True,0.0%,0.0%,0.0%,inf,1.1,5.12,0.000,1.0000,0.0000,0.0000,+0.0000,+0.0000,+1.0000,+0.0000,+0.0000,+0.0000,-0.0015,+0.0000,+0.0000,+0.0000,+0.0000,+0.0000,+0.0000,+1.0000,+0.0000,+0.0000,+0.0000,-0.1003,+0.0000,+0.0000,+0.0000,+0.0000
898,-9.82,90,False,0.0%,0.0%,0.0%,0.18,0.6,6.33,19.839,0.9556,0.7556,0.4774,+0.0000,+0.0000,+0.0000,+0.0000,+0.0000,-0.6000,-0.1938,-0.0262,+0.0000,+0.0000,-9.0000,+0.0000,+0.0000,+0.0000,+0.0000,+0.0000,+12.0000,-24.6803,+6.8969,+9.0000,+0.0000,+90.0000
899,1.00,1,True,0.0%,0.0%,0.0%,inf,0.8,5.06,0.000,1.0000,0.0000,0.0000,+0.0000,+0.0000,+1.0000,+0.0000,+0.0000,+0.0000,-0.0015,+0.0000,+0.0000,+0.0000,+0.0000,+0.0000,+0.0000,+1.0000,+0.0000,+0.0000,+0.0000,-0.1003,+0.0000,+0.0000,+0.0000,+0.0000
900,-0.00,90,False,0.0%,0.0%,0.0%,0.06,0.6,5.33,7.450,1.0000,0.9556,0.9400,+0.0000,+0.0000,+0.0000,+0.0000,+0.0000,+0.0000,-0.0018,-0.0014,+0.0000,+0.0000,+0.0000,+0.0000,+0.0000,+0.0000,+0.0000,+0.0000,+0.0000,-0.2320,+0.3743,+9.0000,+0.0000,+0.0000
903,1.00,1,True,0.0%,0.0%,0.0%,inf,0.9,4.79,0.000,1.0000,0.0000,0.0000,+0.0000,+0.0000,+1.0000,+0.0000,+0.0000,+0.0000,-0.0015,+0.0000,+0.0000,+0.0000,+0.0000,+0.0000,+0.0000,+1.0000,+0.0000,+0.0000,+0.0000,-0.1003,+0.0000,+0.0000,+0.0000,+0.0000
904,1.00,25,True,0.0%,0.0%,0.0%,0.01,0.6,5.37,11.514,1.0000,1.0000,0.8708,+0.0000,+0.0000,+1.0000,+0.0000,+0.0000,+0.0000,+0.0001,-0.0018,+0.0000,+0.0000,+0.0000,+0.0000,+0.0000,+1.0000,+0.0000,+0.0000,+0.0000,+0.0062,+0.4866,+2.5000,+0.0000,+0.0000
905,0.00,1,False,0.0%,0.0%,0.0%,inf,1.1,5.34,0.000,1.0000,0.0000,1.0000,+0.0000,+0.0000,+0.0000,+0.0000,+0.0000,+0.0000,+0.0000,+0.0000,+0.0000,+0.0000,+0.0000,+0.0000,+0.0000,+0.0000,+0.0000,+0.0000,+0.0000,+0.0000,+0.0000,+0.0000,+0.0000,+0.0000
906,-0.10,90,False,0.0%,0.0%,0.0%,0.23,0.6,5.62,0.171,0.9926,1.0000,0.9801,+0.0000,+0.0000,+0.0000,+0.0000,+0.0000,-0.1000,+0.0003,+0.0013,+0.0000,+0.0000,+0.0000,+0.0000,+0.0000,+0.0000,+0.0000,+0.0000,+2.0000,+0.0218,-0.3548,+9.0000,+0.0000,+0.0000
908,-6.72,76,True,0.0%,0.0%,0.0%,0.01,0.6,5.47,17.335,0.9912,0.9737,0.6101,+0.0000,+0.0000,+1.0000,+0.0000,+0.0000,-0.1000,+0.0003,-0.0214,+0.0000,+0.0000,-7.6000,+0.0000,+0.0000,+1.0000,+0.0000,+0.0000,+2.0000,+0.0188,+5.6366,+7.6000,+0.0000,+76.0000
909,-3.83,41,False,100.0%,100.0%,0.0%,0.30,0.7,5.25,6.807,0.9837,0.5610,0.8858,-3.6807,+0.0000,+0.0000,+0.0000,+0.0000,-0.1000,-0.0456,-0.0007,+0.0000,+0.0000,+0.0000,+1.0000,+0.0000,+0.0000,+0.0000,+0.0000,+2.0000,-5.3948,+0.1745,+4.1000,+0.0000,+0.0000
910,1.00,1,True,0.0%,0.0%,0.0%,inf,0.9,5.35,0.000,1.0000,0.0000,0.0000,+0.0000,+0.0000,+1.0000,+0.0000,+0.0000,+0.0000,-0.0015,+0.0000,+0.0000,+0.0000,+0.0000,+0.0000,+0.0000,+1.0000,+0.0000,+0.0000,+0.0000,-0.1003,+0.0000,+0.0000,+0.0000,+0.0000
913,1.00,5,True,0.0%,0.0%,0.0%,0.01,1.3,5.31,3.959,1.0000,1.0000,0.9869,+0.0000,+0.0000,+1.0000,+0.0000,+0.0000,+0.0000,+0.0000,+0.0001,+0.0000,+0.0000,+0.0000,+0.0000,+0.0000,+1.0000,+0.0000,+0.0000,+0.0000,+0.0012,-0.0271,+0.5000,+0.0000,+0.0000
915,0.00,1,False,0.0%,0.0%,0.0%,inf,1.0,5.26,0.000,1.0000,0.0000,1.0000,+0.0000,+0.0000,+0.0000,+0.0000,+0.0000,+0.0000,+0.0000,+0.0000,+0.0000,+0.0000,+0.0000,+0.0000,+0.0000,+0.0000,+0.0000,+0.0000,+0.0000,+0.0000,+0.0000,+0.0000,+0.0000,+0.0000
917,0.00,1,False,0.0%,0.0%,0.0%,inf,1.0,4.97,0.000,1.0000,0.0000,1.0000,+0.0000,+0.0000,+0.0000,+0.0000,+0.0000,+0.0000,+0.0000,+0.0000,+0.0000,+0.0000,+0.0000,+0.0000,+0.0000,+0.0000,+0.0000,+0.0000,+0.0000,+0.0000,+0.0000,+0.0000,+0.0000,+0.0000
918,0.02,78,True,0.0%,0.0%,0.0%,0.01,0.9,6.65,7.300,0.9188,0.7949,0.5139,+0.0000,+0.0000,+1.0000,+0.0000,+0.0000,-0.9500,-0.0062,-0.0275,+0.0000,+0.0000,+0.0000,+0.0000,+0.0000,+1.0000,+0.0000,+0.0000,+19.0000,-0.7377,+7.2390,+7.8000,+0.0000,+0.0000
920,0.00,1,False,0.0%,0.0%,0.0%,inf,0.9,4.84,0.000,1.0000,0.0000,1.0000,+0.0000,+0.0000,+0.0000,+0.0000,+0.0000,+0.0000,+0.0000,+0.0000,+0.0000,+0.0000,+0.0000,+0.0000,+0.0000,+0.0000,+0.0000,+0.0000,+0.0000,+0.0000,+0.0000,+0.0000,+0.0000,+0.0000
921,-3.81,47,True,0.0%,0.0%,0.0%,0.02,0.6,5.05,15.565,0.9858,0.8936,0.7760,+0.0000,+0.0000,+1.0000,+0.0000,+0.0000,-0.1000,+0.0002,-0.0070,+0.0000,+0.0000,-4.7000,+0.0000,+0.0000,+1.0000,+0.0000,+0.0000,+2.0000,+0.0116,+1.8437,+4.7000,+0.0000,+47.0000
922,1.00,18,True,0.0%,0.0%,0.0%,0.01,0.8,5.79,7.560,1.0000,1.0000,0.9828,+0.0000,+0.0000,+1.0000,+0.0000,+0.0000,+0.0000,+0.0001,+0.0003,+0.0000,+0.0000,+0.0000,+0.0000,+0.0000,+1.0000,+0.0000,+0.0000,+0.0000,+0.0045,-0.0813,+1.8000,+0.0000,+0.0000
923,-0.11,90,False,0.0%,0.0%,0.0%,0.26,2.3,6.29,0.149,0.9926,0.8556,0.9080,+0.0000,+0.0000,+0.0000,+0.0000,+0.0000,-0.1000,-0.0033,-0.0037,+0.0000,+0.0000,+0.0000,+0.0000,+0.0000,+0.0000,+0.0000,+0.0000,+2.0000,-0.2383,+0.9628,+9.0000,+0.0000,+0.0000
926,1.00,37,True,0.0%,0.0%,0.0%,0.01,0.6,5.02,6.359,1.0000,1.0000,0.8964,+0.0000,+0.0000,+1.0000,+0.0000,+0.0000,+0.0000,+0.0001,-0.0020,+0.0000,+0.0000,+0.0000,+0.0000,+0.0000,+1.0000,+0.0000,+0.0000,+0.0000,+0.0091,+0.5173,+3.7000,+0.0000,+0.0000
927,0.65,29,True,0.0%,0.0%,0.0%,0.01,0.6,4.89,6.965,0.9195,0.9310,0.8698,+0.0000,+0.0000,+1.0000,+0.0000,+0.0000,-0.3500,-0.0002,-0.0021,+0.0000,+0.0000,+0.0000,+0.0000,+0.0000,+1.0000,+0.0000,+0.0000,+7.0000,-0.0335,+0.5521,+2.9000,+0.0000,+0.0000
928,1.00,1,True,0.0%,0.0%,0.0%,inf,1.1,5.08,0.000,1.0000,0.0000,0.0000,+0.0000,+0.0000,+1.0000,+0.0000,+0.0000,+0.0000,-0.0015,+0.0000,+0.0000,+0.0000,+0.0000,+0.0000,+0.0000,+1.0000,+0.0000,+0.0000,+0.0000,-0.1003,+0.0000,+0.0000,+0.0000,+0.0000
929,0.84,46,True,0.0%,0.0%,0.0%,0.01,0.6,5.49,12.921,0.9783,1.0000,0.7479,+0.0000,+0.0000,+1.0000,+0.0000,+0.0000,-0.1500,+0.0002,-0.0079,+0.0000,+0.0000,+0.0000,+0.0000,+0.0000,+1.0000,+0.0000,+0.0000,+3.0000,+0.0112,+2.0710,+4.6000,+0.0000,+0.0000
930,0.90,35,True,0.0%,0.0%,0.0%,0.01,0.7,5.67,2.075,0.9810,1.0000,0.7824,+0.0000,+0.0000,+1.0000,+0.0000,+0.0000,-0.1000,+0.0001,-0.0051,+0.0000,+0.0000,+0.0000,+0.0000,+0.0000,+1.0000,+0.0000,+0.0000,+2.0000,+0.0086,+1.3360,+3.5000,+0.0000,+0.0000
932,-3.17,45,False,0.0%,0.0%,100.0%,0.45,0.6,5.56,5.023,0.9852,0.0222,0.7259,+0.0000,-3.0000,+0.0000,+0.0000,+0.0000,-0.1000,-0.0695,-0.0024,+0.0000,+0.0000,+0.0000,+0.0000,+1.0000,+0.0000,+0.0000,+0.0000,+2.0000,-7.9490,+0.6300,+4.5000,+0.0000,+0.0000
934,0.78,76,True,0.0%,0.0%,0.0%,0.01,0.7,5.63,10.683,0.9868,0.7632,0.5870,+0.0000,+0.0000,+1.0000,+0.0000,+0.0000,-0.1500,-0.0484,-0.0205,+0.0000,+0.0000,+0.0000,+0.0000,+0.0000,+1.0000,+0.0000,+0.0000,+3.0000,-5.9527,+5.4077,+7.6000,+0.0000,+0.0000
936,-0.05,90,False,0.0%,0.0%,0.0%,0.08,0.7,6.10,6.381,1.0000,0.7111,0.7163,+0.0000,+0.0000,+0.0000,+0.0000,+0.0000,+0.0000,-0.0341,-0.0155,+0.0000,+0.0000,+0.0000,+0.0000,+0.0000,+0.0000,+0.0000,+0.0000,+0.0000,-4.0190,+4.0911,+9.0000,+0.0000,+0.0000
940,-0.05,90,False,0.0%,0.0%,0.0%,0.12,0.6,5.73,7.651,1.0000,0.8000,0.5861,+0.0000,+0.0000,+0.0000,+0.0000,+0.0000,+0.0000,-0.0241,-0.0250,+0.0000,+0.0000,+0.0000,+0.0000,+0.0000,+0.0000,+0.0000,+0.0000,+0.0000,-2.8897,+6.5786,+9.0000,+0.0000,+0.0000
943,-9.11,90,False,0.0%,0.0%,0.0%,0.07,0.7,6.12,15.126,0.9926,0.7333,0.7918,+0.0000,+0.0000,+0.0000,+0.0000,+0.0000,-0.1000,+0.0003,-0.0123,+0.0000,+0.0000,-9.0000,+0.0000,+0.0000,+0.0000,+0.0000,+0.0000,+2.0000,+0.0220,+3.2437,+9.0000,+0.0000,+90.0000
946,0.95,1,True,0.0%,0.0%,0.0%,inf,0.9,4.65,0.443,0.6667,1.0000,0.9510,+0.0000,+0.0000,+1.0000,+0.0000,+0.0000,-0.0500,+0.0000,-0.0000,+0.0000,+0.0000,+0.0000,+0.0000,+0.0000,+1.0000,+0.0000,+0.0000,+1.0000,+0.0002,+0.0023,+0.1000,+0.0000,+0.0000
951,0.90,56,True,0.0%,0.0%,0.0%,0.01,0.6,5.24,6.225,0.9881,0.8393,0.9298,+0.0000,+0.0000,+1.0000,+0.0000,+0.0000,-0.1000,-0.0028,-0.0011,+0.0000,+0.0000,+0.0000,+0.0000,+0.0000,+1.0000,+0.0000,+0.0000,+2.0000,-0.3338,+0.2908,+5.6000,+0.0000,+0.0000
953,1.00,1,True,0.0%,0.0%,0.0%,inf,1.1,5.17,0.000,1.0000,0.0000,0.0000,+0.0000,+0.0000,+1.0000,+0.0000,+0.0000,+0.0000,-0.0015,+0.0000,+0.0000,+0.0000,+0.0000,+0.0000,+0.0000,+1.0000,+0.0000,+0.0000,+0.0000,-0.1003,+0.0000,+0.0000,+0.0000,+0.0000
954,-0.13,90,False,0.0%,0.0%,0.0%,0.06,0.5,5.41,7.542,0.9926,0.8000,0.5586,+0.0000,+0.0000,+0.0000,+0.0000,+0.0000,-0.1000,-0.0004,-0.0286,+0.0000,+0.0000,+0.0000,+0.0000,+0.0000,+0.0000,+0.0000,+0.0000,+2.0000,-0.0607,+7.5226,+9.0000,+0.0000,+0.0000
955,1.00,1,True,0.0%,0.0%,0.0%,inf,1.0,4.85,0.010,1.0000,1.0000,0.8481,+0.0000,+0.0000,+1.0000,+0.0000,+0.0000,+0.0000,+0.0000,-0.0001,+0.0000,-0.0004,+0.0000,+0.0000,+0.0000,+1.0000,+0.0000,+0.0000,+0.0000,+0.0002,+0.0243,+0.1000,+0.1000,+0.0000
958,0.90,40,True,0.0%,0.0%,0.0%,0.01,0.9,6.03,11.978,0.9833,0.9750,0.9143,+0.0000,+0.0000,+1.0000,+0.0000,+0.0000,-0.1000,+0.0001,-0.0015,+0.0000,+0.0000,+0.0000,+0.0000,+0.0000,+1.0000,+0.0000,+0.0000,+2.0000,+0.0098,+0.3930,+4.0000,+0.0000,+0.0000
959,1.00,1,True,0.0%,0.0%,0.0%,inf,0.9,4.65,0.000,1.0000,0.0000,0.0000,+0.0000,+0.0000,+1.0000,+0.0000,+0.0000,+0.0000,-0.0015,+0.0000,+0.0000,+0.0000,+0.0000,+0.0000,+0.0000,+1.0000,+0.0000,+0.0000,+0.0000,-0.1003,+0.0000,+0.0000,+0.0000,+0.0000
960,0.20,10,True,0.0%,0.0%,0.0%,0.01,0.6,5.16,15.846,0.9333,1.0000,0.9074,+0.0000,+0.0000,+1.0000,+0.0000,+0.0000,-0.1000,+0.0000,-0.0004,+0.0000,+0.0000,-0.7000,+0.0000,+0.0000,+1.0000,+0.0000,+0.0000,+2.0000,+0.0025,+0.1168,+1.0000,+0.0000,+7.0000
966,-0.14,90,False,0.0%,0.0%,0.0%,0.29,0.7,6.84,4.351,0.9926,0.5889,0.8135,+0.0000,+0.0000,+0.0000,+0.0000,+0.0000,-0.1000,-0.0332,-0.0062,+0.0000,+0.0000,+0.0000,+0.0000,+0.0000,+0.0000,+0.0000,+0.0000,+2.0000,-3.7366,+1.6235,+9.0000,+0.0000,+0.0000
968,1.00,1,True,0.0%,0.0%,0.0%,inf,0.9,4.82,0.000,1.0000,0.0000,0.0000,+0.0000,+0.0000,+1.0000,+0.0000,+0.0000,+0.0000,-0.0015,+0.0000,+0.0000,+0.0000,+0.0000,+0.0000,+0.0000,+1.0000,+0.0000,+0.0000,+0.0000,-0.1003,+0.0000,+0.0000,+0.0000,+0.0000
969,0.89,24,True,0.0%,0.0%,0.0%,0.02,0.9,5.28,10.935,0.9722,1.0000,0.6557,+0.0000,+0.0000,+1.0000,+0.0000,+0.0000,-0.1000,+0.0001,-0.0059,+0.0000,+0.0000,+0.0000,+0.0000,+0.0000,+1.0000,+0.0000,+0.0000,+2.0000,+0.0060,+1.5532,+2.4000,+0.0000,+0.0000
971,1.00,1,True,0.0%,0.0%,0.0%,inf,0.9,5.19,0.000,1.0000,0.0000,0.0000,+0.0000,+0.0000,+1.0000,+0.0000,+0.0000,+0.0000,-0.0015,+0.0000,+0.0000,+0.0000,+0.0000,+0.0000,+0.0000,+1.0000,+0.0000,+0.0000,+0.0000,-0.1003,+0.0000,+0.0000,+0.0000,+0.0000
972,-0.03,90,False,0.0%,0.0%,0.0%,0.13,0.5,5.41,0.242,1.0000,1.0000,0.9935,+0.0000,+0.0000,+0.0000,+0.0000,+0.0000,+0.0000,+0.0003,+0.0023,+0.0000,-0.0342,+0.0000,+0.0000,+0.0000,+0.0000,+0.0000,+0.0000,+0.0000,+0.0224,-0.6160,+9.0000,+9.0000,+0.0000
973,0.00,1,False,0.0%,0.0%,0.0%,inf,0.9,5.13,0.000,1.0000,0.0000,1.0000,+0.0000,+0.0000,+0.0000,+0.0000,+0.0000,+0.0000,+0.0000,+0.0000,+0.0000,+0.0000,+0.0000,+0.0000,+0.0000,+0.0000,+0.0000,+0.0000,+0.0000,+0.0000,+0.0000,+0.0000,+0.0000,+0.0000
974,-0.21,90,False,0.0%,0.0%,0.0%,0.25,0.6,5.43,10.030,1.0000,0.6778,0.0000,+0.0000,+0.0000,+0.0000,+0.0000,+0.0000,+0.0000,-0.1948,-0.0197,+0.0000,+0.0000,+0.0000,+0.0000,+0.0000,+0.0000,+0.0000,+0.0000,+0.0000,-23.8207,+5.1844,+9.0000,+0.0000,+0.0000
975,1.00,1,True,0.0%,0.0%,0.0%,inf,1.0,4.96,0.000,1.0000,0.0000,0.0000,+0.0000,+0.0000,+1.0000,+0.0000,+0.0000,+0.0000,-0.0015,+0.0000,+0.0000,+0.0000,+0.0000,+0.0000,+0.0000,+1.0000,+0.0000,+0.0000,+0.0000,-0.1003,+0.0000,+0.0000,+0.0000,+0.0000
976,1.00,1,True,0.0%,0.0%,0.0%,inf,0.9,5.21,0.000,1.0000,0.0000,0.0000,+0.0000,+0.0000,+1.0000,+0.0000,+0.0000,+0.0000,-0.0015,+0.0000,+0.0000,+0.0000,+0.0000,+0.0000,+0.0000,+1.0000,+0.0000,+0.0000,+0.0000,-0.1003,+0.0000,+0.0000,+0.0000,+0.0000
977,1.00,1,True,0.0%,0.0%,0.0%,inf,1.1,5.06,0.000,1.0000,0.0000,0.0000,+0.0000,+0.0000,+1.0000,+0.0000,+0.0000,+0.0000,-0.0015,+0.0000,+0.0000,+0.0000,+0.0000,+0.0000,+0.0000,+1.0000,+0.0000,+0.0000,+0.0000,-0.1003,+0.0000,+0.0000,+0.0000,+0.0000
979,1.00,1,True,0.0%,0.0%,0.0%,inf,0.9,5.44,0.000,1.0000,1.0000,0.9293,+0.0000,+0.0000,+1.0000,+0.0000,+0.0000,+0.0000,+0.0000,-0.0000,+0.0000,+0.0000,+0.0000,+0.0000,+0.0000,+1.0000,+0.0000,+0.0000,+0.0000,+0.0002,+0.0070,+0.0000,+0.0000,+0.0000
981,-1.55,29,True,0.0%,0.0%,0.0%,0.01,0.6,4.96,17.684,0.9885,1.0000,0.8079,+0.0000,+0.0000,+1.0000,+0.0000,+0.0000,-0.0500,+0.0001,-0.0036,+0.0000,+0.0000,-2.5000,+0.0000,+0.0000,+1.0000,+0.0000,+0.0000,+1.0000,+0.0072,+0.9512,+2.9000,+0.0000,+25.0000
982,1.00,1,True,0.0%,0.0%,0.0%,inf,0.8,4.96,0.000,1.0000,0.0000,0.0000,+0.0000,+0.0000,+1.0000,+0.0000,+0.0000,+0.0000,-0.0015,+0.0000,+0.0000,+0.0000,+0.0000,+0.0000,+0.0000,+1.0000,+0.0000,+0.0000,+0.0000,-0.1003,+0.0000,+0.0000,+0.0000,+0.0000
985,1.00,1,True,0.0%,0.0%,0.0%,inf,1.1,4.78,0.000,1.0000,0.0000,0.0000,+0.0000,+0.0000,+1.0000,+0.0000,+0.0000,+0.0000,-0.0015,+0.0000,+0.0000,+0.0000,+0.0000,+0.0000,+0.0000,+1.0000,+0.0000,+0.0000,+0.0000,-0.1003,+0.0000,+0.0000,+0.0000,+0.0000
986,-3.24,81,False,100.0%,100.0%,0.0%,0.29,0.6,5.33,1.227,0.9918,0.1111,0.5745,-3.1227,+0.0000,+0.0000,+0.0000,+0.0000,-0.1000,-0.0024,-0.0147,+0.0000,+0.0000,+0.0000,+1.0000,+0.0000,+0.0000,+0.0000,+0.0000,+2.0000,-0.2240,+3.8610,+8.1000,+0.0000,+0.0000
987,-0.13,90,False,0.0%,0.0%,0.0%,0.25,0.6,6.07,2.843,0.9926,0.5222,0.7413,+0.0000,+0.0000,+0.0000,+0.0000,+0.0000,-0.1000,-0.0192,-0.0088,+0.0000,+0.0000,+0.0000,+0.0000,+0.0000,+0.0000,+0.0000,+0.0000,+2.0000,-2.0333,+2.3228,+9.0000,+0.0000,+0.0000
988,0.00,1,False,0.0%,0.0%,0.0%,inf,0.9,4.91,0.000,1.0000,0.0000,1.0000,+0.0000,+0.0000,+0.0000,+0.0000,+0.0000,+0.0000,+0.0000,+0.0000,+0.0000,+0.0000,+0.0000,+0.0000,+0.0000,+0.0000,+0.0000,+0.0000,+0.0000,+0.0000,+0.0000,+0.0000,+0.0000,+0.0000
989,-3.00,46,False,0.0%,0.0%,100.0%,0.20,0.7,5.30,1.184,1.0000,1.0000,0.8442,+0.0000,-3.0000,+0.0000,+0.0000,+0.0000,+0.0000,+0.0002,-0.0044,+0.0000,+0.0000,+0.0000,+0.0000,+1.0000,+0.0000,+0.0000,+0.0000,+0.0000,+0.0109,+1.1532,+4.6000,+0.0000,+0.0000
990,0.73,82,True,0.0%,0.0%,0.0%,0.01,0.6,5.13,7.943,0.9797,1.0000,0.6939,+0.0000,+0.0000,+1.0000,+0.0000,+0.0000,-0.2500,+0.0003,-0.0176,+0.0000,+0.0000,+0.0000,+0.0000,+0.0000,+1.0000,+0.0000,+0.0000,+5.0000,+0.0199,+4.6192,+8.2000,+0.0000,+0.0000
991,1.00,1,True,0.0%,0.0%,0.0%,inf,0.8,5.35,0.000,1.0000,0.0000,0.0000,+0.0000,+0.0000,+1.0000,+0.0000,+0.0000,+0.0000,-0.0015,+0.0000,+0.0000,+0.0000,+0.0000,+0.0000,+0.0000,+1.0000,+0.0000,+0.0000,+0.0000,-0.1003,+0.0000,+0.0000,+0.0000,+0.0000
995,-4.92,58,True,0.0%,0.0%,0.0%,0.01,0.7,6.43,18.259,0.9885,0.8966,0.5432,+0.0000,+0.0000,+1.0000,+0.0000,+0.0000,-0.1000,+0.0002,-0.0193,+0.0000,+0.0000,-5.8000,+0.0000,+0.0000,+1.0000,+0.0000,+0.0000,+2.0000,+0.0137,+5.0692,+5.8000,+0.0000,+58.0000
996,0.98,87,True,0.0%,0.0%,0.0%,0.01,0.6,5.43,14.792,1.0000,0.8966,0.7445,+0.0000,+0.0000,+1.0000,+0.0000,+0.0000,+0.0000,-0.0072,-0.0149,+0.0000,+0.0000,+0.0000,+0.0000,+0.0000,+1.0000,+0.0000,+0.0000,+0.0000,-0.9267,+3.9263,+8.7000,+0.0000,+0.0000
997,1.00,1,True,0.0%,0.0%,0.0%,inf,0.8,4.65,0.000,1.0000,1.0000,0.9677,+0.0000,+0.0000,+1.0000,+0.0000,+0.0000,+0.0000,+0.0000,+0.0000,+0.0000,+0.0000,+0.0000,+0.0000,+0.0000,+1.0000,+0.0000,+0.0000,+0.0000,+0.0002,-0.0013,+0.0000,+0.0000,+0.0000
998,-0.15,90,False,0.0%,0.0%,0.0%,0.23,0.6,5.36,1.924,0.9926,0.7333,0.8953,+0.0000,+0.0000,+0.0000,+0.0000,+0.0000,-0.1000,-0.0476,-0.0022,+0.0000,+0.0000,+0.0000,+0.0000,+0.0000,+0.0000,+0.0000,+0.0000,+2.0000,-4.7308,+0.5828,+9.0000,+0.0000,+0.0000
999,-0.12,90,False,0.0%,0.0%,0.0%,0.29,0.6,5.49,0.755,0.9926,1.0000,0.7428,+0.0000,+0.0000,+0.0000,+0.0000,+0.0000,-0.1000,+0.0003,-0.0159,+0.0000,+0.0000,+0.0000,+0.0000,+0.0000,+0.0000,+0.0000,+0.0000,+2.0000,+0.0224,+4.1862,+9.0000,+0.0000,+0.0000
