map_id,total_reward,num_steps,goal_reached,collision_rate,at_fault_collision_rate,offroad_rate,final_goal_distance,avg_planning_time_ms,total_time_s,mean_speed_mps,score_comfort,score_l_align,score_l_center,r_collision,r_offroad,r_goal,r_jerk_legacy,r_velocity,r_comfort,r_l_align,r_l_center,r_timestep,r_reverse,r_speed_limit,raw_collision,raw_offroad,raw_goal,raw_jerk_legacy,raw_velocity,raw_comfort,raw_l_align,raw_l_center,raw_timestep,raw_reverse,raw_speed_limit
3,-0.27,90,False,0.0%,0.0%,0.0%,0.12,1.0,7.39,6.905,0.9926,0.9556,0.8983,+0.0000,+0.0000,+0.0000,+0.0000,+0.0000,-0.2000,-0.0283,-0.0379,+0.0000,+0.0000,+0.0000,+0.0000,+0.0000,+0.0000,+0.0000,+0.0000,+2.0000,-1.1338,+5.0554,+9.0000,+0.0000,+0.0000
5,0.10,8,True,0.0%,0.0%,0.0%,0.01,0.6,5.36,19.618,0.9583,0.7500,0.8787,+0.0000,+0.0000,+1.0000,+0.0000,+0.0000,-0.1000,+0.0000,-0.0041,+0.0000,+0.0000,-0.8000,+0.0000,+0.0000,+1.0000,+0.0000,+0.0000,+1.0000,+0.0020,+0.5521,+0.8000,+0.0000,+8.0000
6,1.00,1,True,0.0%,0.0%,0.0%,inf,1.1,4.82,0.000,0.3333,1.0000,0.9924,+0.0000,+0.0000,+1.0000,+0.0000,+0.0000,+0.0000,+0.0000,+0.0000,+0.0000,+0.0000,+0.0000,+0.0000,+0.0000,+1.0000,+0.0000,+0.0000,+2.0000,+0.0002,-0.0066,+0.1000,+0.1000,+0.0000
7,-1.22,90,False,0.0%,0.0%,0.0%,0.19,0.7,6.64,8.293,0.9926,0.3222,0.7109,+0.0000,+0.0000,+0.0000,+0.0000,+0.0000,-0.2000,-1.0032,-0.0193,+0.0000,+0.0000,+0.0000,+0.0000,+0.0000,+0.0000,+0.0000,+0.0000,+2.0000,-40.1263,+2.5775,+9.0000,+0.0000,+0.0000
9,-0.03,90,False,0.0%,0.0%,0.0%,0.30,0.6,5.99,0.199,1.0000,1.0000,0.9732,+0.0000,+0.0000,+0.0000,+0.0000,+0.0000,+0.0000,+0.0006,-0.0342,+0.0000,+0.0000,+0.0000,+0.0000,+0.0000,+0.0000,+0.0000,+0.0000,+0.0000,+0.0224,+4.5564,+9.0000,+0.0000,+0.0000
10,-0.01,90,False,0.0%,0.0%,0.0%,0.24,0.7,6.32,7.647,1.0000,0.9889,0.8288,+0.0000,+0.0000,+0.0000,+0.0000,+0.0000,+0.0000,+0.0004,-0.0111,+0.0000,+0.0000,+0.0000,+0.0000,+0.0000,+0.0000,+0.0000,+0.0000,+0.0000,+0.0177,+1.4769,+9.0000,+0.0000,+0.0000
12,0.78,24,True,0.0%,0.0%,0.0%,0.01,0.6,5.03,1.420,0.9722,1.0000,0.7589,+0.0000,+0.0000,+1.0000,+0.0000,+0.0000,-0.2000,+0.0001,-0.0171,+0.0000,+0.0000,+0.0000,+0.0000,+0.0000,+1.0000,+0.0000,+0.0000,+2.0000,+0.0056,+2.2827,+2.4000,+0.0000,+0.0000
13,0.90,1,True,0.0%,0.0%,0.0%,inf,1.0,4.68,0.121,0.6667,1.0000,0.8220,+0.0000,+0.0000,+1.0000,+0.0000,+0.0000,-0.1000,+0.0000,-0.0001,+0.0000,+0.0000,+0.0000,+0.0000,+0.0000,+1.0000,+0.0000,+0.0000,+1.0000,+0.0002,+0.0073,+0.1000,+0.0000,+0.0000
15,-0.62,90,False,0.0%,0.0%,0.0%,0.11,0.5,4.95,4.282,0.9778,1.0000,0.9103,+0.0000,+0.0000,+0.0000,+0.0000,+0.0000,-0.6000,+0.0006,-0.0232,+0.0000,+0.0000,+0.0000,+0.0000,+0.0000,+0.0000,+0.0000,+0.0000,+6.0000,+0.0223,+3.0937,+9.0000,+0.0000,+0.0000
17,1.00,1,True,0.0%,0.0%,0.0%,inf,1.2,4.96,0.000,1.0000,0.0000,0.0000,+0.0000,+0.0000,+1.0000,+0.0000,+0.0000,+0.0000,-0.0025,+0.0000,+0.0000,+0.0000,+0.0000,+0.0000,+0.0000,+1.0000,+0.0000,+0.0000,+0.0000,-0.1003,+0.0000,+0.0000,+0.0000,+0.0000
18,1.00,1,True,0.0%,0.0%,0.0%,inf,1.1,5.16,0.000,1.0000,0.0000,0.0000,+0.0000,+0.0000,+1.0000,+0.0000,+0.0000,+0.0000,-0.0025,+0.0000,+0.0000,+0.0000,+0.0000,+0.0000,+0.0000,+1.0000,+0.0000,+0.0000,+0.0000,-0.1003,+0.0000,+0.0000,+0.0000,+0.0000
21,1.00,1,True,0.0%,0.0%,0.0%,inf,0.9,4.90,0.000,1.0000,0.0000,0.0000,+0.0000,+0.0000,+1.0000,+0.0000,+0.0000,+0.0000,-0.0025,+0.0000,+0.0000,+0.0000,+0.0000,+0.0000,+0.0000,+1.0000,+0.0000,+0.0000,+0.0000,-0.1003,+0.0000,+0.0000,+0.0000,+0.0000
22,1.00,1,True,0.0%,0.0%,0.0%,inf,1.1,5.14,0.000,1.0000,1.0000,0.7904,+0.0000,+0.0000,+1.0000,+0.0000,+0.0000,+0.0000,+0.0000,-0.0007,+0.0000,+0.0000,+0.0000,+0.0000,+0.0000,+1.0000,+0.0000,+0.0000,+0.0000,+0.0002,+0.0886,+0.0000,+0.0000,+0.0000
24,1.00,1,True,0.0%,0.0%,0.0%,inf,1.1,5.17,0.000,1.0000,0.0000,0.0000,+0.0000,+0.0000,+1.0000,+0.0000,+0.0000,+0.0000,-0.0025,+0.0000,+0.0000,+0.0000,+0.0000,+0.0000,+0.0000,+1.0000,+0.0000,+0.0000,+0.0000,-0.1003,+0.0000,+0.0000,+0.0000,+0.0000
27,0.00,1,False,0.0%,0.0%,0.0%,inf,1.2,4.93,0.000,1.0000,0.0000,1.0000,+0.0000,+0.0000,+0.0000,+0.0000,+0.0000,+0.0000,+0.0000,+0.0000,+0.0000,+0.0000,+0.0000,+0.0000,+0.0000,+0.0000,+0.0000,+0.0000,+0.0000,+0.0000,+0.0000,+0.0000,+0.0000,+0.0000
28,-0.21,90,False,0.0%,0.0%,0.0%,0.24,0.6,5.49,7.706,0.9926,1.0000,0.7420,+0.0000,+0.0000,+0.0000,+0.0000,+0.0000,-0.2000,+0.0006,-0.0153,+0.0000,+0.0000,+0.0000,+0.0000,+0.0000,+0.0000,+0.0000,+0.0000,+2.0000,+0.0223,+2.0463,+9.0000,+0.0000,+0.0000
29,0.70,1,True,0.0%,0.0%,0.0%,inf,1.2,5.27,0.666,0.0000,0.0000,0.4984,+0.0000,+0.0000,+1.0000,+0.0000,+0.0000,-0.3000,+0.0000,-0.0011,+0.0000,-0.0008,+0.0000,+0.0000,+0.0000,+1.0000,+0.0000,+0.0000,+3.0000,+0.0001,+0.1485,+0.1000,+0.1000,+0.0000
31,1.00,1,True,0.0%,0.0%,0.0%,inf,0.9,5.04,0.000,1.0000,0.0000,0.0000,+0.0000,+0.0000,+1.0000,+0.0000,+0.0000,+0.0000,-0.0025,+0.0000,+0.0000,+0.0000,+0.0000,+0.0000,+0.0000,+1.0000,+0.0000,+0.0000,+0.0000,-0.1003,+0.0000,+0.0000,+0.0000,+0.0000
32,1.00,1,True,0.0%,0.0%,0.0%,inf,1.1,5.22,0.000,1.0000,0.0000,0.0000,+0.0000,+0.0000,+1.0000,+0.0000,+0.0000,+0.0000,-0.0025,+0.0000,+0.0000,+0.0000,+0.0000,+0.0000,+0.0000,+1.0000,+0.0000,+0.0000,+0.0000,-0.1003,+0.0000,+0.0000,+0.0000,+0.0000
33,0.00,1,False,0.0%,0.0%,0.0%,inf,1.1,5.08,0.000,1.0000,0.0000,1.0000,+0.0000,+0.0000,+0.0000,+0.0000,+0.0000,+0.0000,+0.0000,+0.0000,+0.0000,+0.0000,+0.0000,+0.0000,+0.0000,+0.0000,+0.0000,+0.0000,+0.0000,+0.0000,+0.0000,+0.0000,+0.0000,+0.0000
35,-1.24,90,False,0.0%,0.0%,0.0%,0.16,0.8,5.33,7.119,0.9556,1.0000,0.5203,+0.0000,+0.0000,+0.0000,+0.0000,+0.0000,-1.2000,+0.0005,-0.0389,+0.0000,+0.0000,+0.0000,+0.0000,+0.0000,+0.0000,+0.0000,+0.0000,+12.0000,+0.0213,+5.1920,+9.0000,+0.0000,+0.0000
37,-4.84,90,False,0.0%,0.0%,0.0%,0.27,0.5,5.13,15.429,0.9963,1.0000,0.9127,+0.0000,+0.0000,+0.0000,+0.0000,+0.0000,-0.1000,+0.0006,-0.0427,+0.0000,+0.0000,-4.7000,+0.0000,+0.0000,+0.0000,+0.0000,+0.0000,+1.0000,+0.0225,+5.6882,+9.0000,+0.0000,+47.0000
39,-1.11,90,False,0.0%,0.0%,0.0%,0.23,0.6,5.98,8.769,0.9704,0.5333,0.6219,+0.0000,+0.0000,+0.0000,+0.0000,+0.0000,-0.8000,-0.2559,-0.0539,+0.0000,+0.0000,+0.0000,+0.0000,+0.0000,+0.0000,+0.0000,+0.0000,+8.0000,-10.2365,+7.1832,+9.0000,+0.0000,+0.0000
42,-0.23,90,False,0.0%,0.0%,0.0%,0.31,0.7,6.58,7.840,0.9926,1.0000,0.9825,+0.0000,+0.0000,+0.0000,+0.0000,+0.0000,-0.2000,+0.0006,-0.0312,+0.0000,+0.0000,+0.0000,+0.0000,+0.0000,+0.0000,+0.0000,+0.0000,+2.0000,+0.0225,+4.1633,+9.0000,+0.0000,+0.0000
45,1.00,1,True,0.0%,0.0%,0.0%,inf,1.2,5.25,0.000,1.0000,1.0000,0.9046,+0.0000,+0.0000,+1.0000,+0.0000,+0.0000,+0.0000,+0.0000,-0.0005,+0.0000,+0.0000,+0.0000,+0.0000,+0.0000,+1.0000,+0.0000,+0.0000,+0.0000,+0.0002,+0.0649,+0.0000,+0.0000,+0.0000
46,-4.07,26,False,100.0%,100.0%,0.0%,0.37,0.6,5.30,10.420,1.0000,0.6538,0.8478,-4.0420,+0.0000,+0.0000,+0.0000,+0.0000,+0.0000,-0.0182,-0.0062,+0.0000,+0.0000,+0.0000,+1.0000,+0.0000,+0.0000,+0.0000,+0.0000,+0.0000,-0.7286,+0.8300,+2.6000,+0.0000,+0.0000
48,1.00,1,True,0.0%,0.0%,0.0%,inf,1.1,4.87,0.000,1.0000,0.0000,0.0000,+0.0000,+0.0000,+1.0000,+0.0000,+0.0000,+0.0000,-0.0025,+0.0000,+0.0000,+0.0000,+0.0000,+0.0000,+0.0000,+1.0000,+0.0000,+0.0000,+0.0000,-0.1003,+0.0000,+0.0000,+0.0000,+0.0000
49,1.00,1,True,0.0%,0.0%,0.0%,inf,0.9,4.86,0.000,1.0000,0.0000,0.0000,+0.0000,+0.0000,+1.0000,+0.0000,+0.0000,+0.0000,-0.0025,+0.0000,+0.0000,+0.0000,+0.0000,+0.0000,+0.0000,+1.0000,+0.0000,+0.0000,+0.0000,-0.1003,+0.0000,+0.0000,+0.0000,+0.0000
50,1.00,1,True,0.0%,0.0%,0.0%,inf,1.0,4.64,0.039,1.0000,1.0000,0.9899,+0.0000,+0.0000,+1.0000,+0.0000,+0.0000,+0.0000,+0.0000,-0.0003,+0.0000,-0.0008,+0.0000,+0.0000,+0.0000,+1.0000,+0.0000,+0.0000,+0.0000,+0.0002,+0.0429,+0.1000,+0.1000,+0.0000
53,-0.03,90,False,0.0%,0.0%,0.0%,0.16,0.6,5.93,6.563,1.0000,0.8667,0.6487,+0.0000,+0.0000,+0.0000,+0.0000,+0.0000,+0.0000,-0.0233,-0.0104,+0.0000,+0.0000,+0.0000,+0.0000,+0.0000,+0.0000,+0.0000,+0.0000,+0.0000,-0.9321,+1.3887,+9.0000,+0.0000,+0.0000
54,1.00,1,True,0.0%,0.0%,0.0%,inf,0.8,4.51,0.000,1.0000,0.0000,0.0000,+0.0000,+0.0000,+1.0000,+0.0000,+0.0000,+0.0000,-0.0025,+0.0000,+0.0000,+0.0000,+0.0000,+0.0000,+0.0000,+1.0000,+0.0000,+0.0000,+0.0000,-0.1003,+0.0000,+0.0000,+0.0000,+0.0000
55,-0.04,90,False,0.0%,0.0%,0.0%,0.33,0.5,5.18,3.223,1.0000,0.9444,0.9786,+0.0000,+0.0000,+0.0000,+0.0000,+0.0000,+0.0000,-0.0127,-0.0291,+0.0000,+0.0000,+0.0000,+0.0000,+0.0000,+0.0000,+0.0000,+0.0000,+0.0000,-0.5084,+3.8859,+9.0000,+0.0000,+0.0000
57,-3.97,90,False,0.0%,0.0%,0.0%,0.04,0.6,5.63,13.663,0.9889,0.9556,0.8784,+0.0000,+0.0000,+0.0000,+0.0000,+0.0000,-0.3000,-0.0294,-0.0425,+0.0000,+0.0000,-3.6000,+0.0000,+0.0000,+0.0000,+0.0000,+0.0000,+3.0000,-1.1751,+5.6680,+9.0000,+0.0000,+36.0000
58,0.90,1,True,0.0%,0.0%,0.0%,inf,1.1,5.12,3.499,0.6667,1.0000,0.5053,+0.0000,+0.0000,+1.0000,+0.0000,+0.0000,-0.1000,+0.0000,-0.0003,+0.0000,+0.0000,+0.0000,+0.0000,+0.0000,+1.0000,+0.0000,+0.0000,+1.0000,+0.0002,+0.0439,+0.1000,+0.0000,+0.0000
59,0.00,1,False,0.0%,0.0%,0.0%,inf,1.1,4.60,0.000,1.0000,0.0000,1.0000,+0.0000,+0.0000,+0.0000,+0.0000,+0.0000,+0.0000,+0.0000,+0.0000,+0.0000,+0.0000,+0.0000,+0.0000,+0.0000,+0.0000,+0.0000,+0.0000,+0.0000,+0.0000,+0.0000,+0.0000,+0.0000,+0.0000
66,-0.67,90,False,0.0%,0.0%,0.0%,0.14,0.7,6.82,9.838,0.9778,0.8222,0.6494,+0.0000,+0.0000,+0.0000,+0.0000,+0.0000,-0.6000,-0.0190,-0.0520,+0.0000,+0.0000,+0.0000,+0.0000,+0.0000,+0.0000,+0.0000,+0.0000,+6.0000,-0.7598,+6.9331,+9.0000,+0.0000,+0.0000
68,1.00,1,True,0.0%,0.0%,0.0%,inf,1.0,4.69,0.000,1.0000,1.0000,0.0694,+0.0000,+0.0000,+1.0000,+0.0000,+0.0000,+0.0000,+0.0000,-0.0010,+0.0000,+0.0000,+0.0000,+0.0000,+0.0000,+1.0000,+0.0000,+0.0000,+0.0000,+0.0002,+0.1340,+0.0000,+0.0000,+0.0000
70,0.87,54,True,0.0%,0.0%,0.0%,0.01,0.6,5.70,10.263,0.9938,1.0000,0.8907,+0.0000,+0.0000,+1.0000,+0.0000,+0.0000,-0.1000,+0.0003,-0.0275,+0.0000,+0.0000,+0.0000,+0.0000,+0.0000,+1.0000,+0.0000,+0.0000,+1.0000,+0.0135,+3.6632,+5.4000,+0.0000,+0.0000
71,-4.05,16,False,100.0%,100.0%,0.0%,0.26,0.8,5.20,7.096,0.9583,0.0000,0.8170,-3.7096,+0.0000,+0.0000,+0.0000,+0.0000,-0.2000,-0.1341,-0.0022,+0.0000,+0.0000,+0.0000,+1.0000,+0.0000,+0.0000,+0.0000,+0.0000,+2.0000,-5.3640,+0.2919,+1.6000,+0.0000,+0.0000
73,-0.24,90,False,0.0%,0.0%,0.0%,0.31,0.7,6.66,5.004,0.9926,0.8889,0.9123,+0.0000,+0.0000,+0.0000,+0.0000,+0.0000,-0.2000,-0.0242,-0.0190,+0.0000,+0.0000,+0.0000,+0.0000,+0.0000,+0.0000,+0.0000,+0.0000,+2.0000,-0.9686,+2.5324,+9.0000,+0.0000,+0.0000
74,1.00,1,True,0.0%,0.0%,0.0%,inf,1.0,4.89,0.000,1.0000,0.0000,0.0000,+0.0000,+0.0000,+1.0000,+0.0000,+0.0000,+0.0000,-0.0025,+0.0000,+0.0000,+0.0000,+0.0000,+0.0000,+0.0000,+1.0000,+0.0000,+0.0000,+0.0000,-0.1003,+0.0000,+0.0000,+0.0000,+0.0000
75,-0.02,90,False,0.0%,0.0%,0.0%,0.16,0.5,5.45,8.320,1.0000,0.8222,0.9335,+0.0000,+0.0000,+0.0000,+0.0000,+0.0000,+0.0000,-0.0021,-0.0204,+0.0000,+0.0000,+0.0000,+0.0000,+0.0000,+0.0000,+0.0000,+0.0000,+0.0000,-0.0820,+2.7165,+9.0000,+0.0000,+0.0000
76,-5.65,9,False,100.0%,100.0%,0.0%,0.14,0.6,4.72,16.104,0.9259,1.0000,0.9717,-4.5439,+0.0000,+0.0000,+0.0000,+0.0000,-0.2000,+0.0001,-0.0026,+0.0000,+0.0000,-0.9000,+1.0000,+0.0000,+0.0000,+0.0000,+0.0000,+2.0000,+0.0022,+0.3529,+0.9000,+0.0000,+9.0000
77,0.90,1,True,0.0%,0.0%,0.0%,inf,1.1,4.92,0.916,0.6667,0.0000,0.0000,+0.0000,+0.0000,+1.0000,+0.0000,+0.0000,-0.1000,-0.0048,+0.0000,+0.0000,+0.0000,+0.0000,+0.0000,+0.0000,+1.0000,+0.0000,+0.0000,+1.0000,-0.1919,+0.0000,+0.1000,+0.0000,+0.0000
78,1.00,1,True,0.0%,0.0%,0.0%,inf,0.9,4.79,0.000,1.0000,0.0000,0.0000,+0.0000,+0.0000,+1.0000,+0.0000,+0.0000,+0.0000,-0.0025,+0.0000,+0.0000,+0.0000,+0.0000,+0.0000,+0.0000,+1.0000,+0.0000,+0.0000,+0.0000,-0.1003,+0.0000,+0.0000,+0.0000,+0.0000
79,1.00,1,True,0.0%,0.0%,0.0%,inf,1.1,4.89,0.000,1.0000,0.0000,0.0000,+0.0000,+0.0000,+1.0000,+0.0000,+0.0000,+0.0000,-0.0025,+0.0000,+0.0000,+0.0000,+0.0000,+0.0000,+0.0000,+1.0000,+0.0000,+0.0000,+0.0000,-0.1003,+0.0000,+0.0000,+0.0000,+0.0000
82,-1.36,90,False,0.0%,0.0%,0.0%,0.35,0.7,6.97,8.892,0.9926,0.3111,0.6164,+0.0000,+0.0000,+0.0000,+0.0000,+0.0000,-0.2000,-1.1516,-0.0097,+0.0000,+0.0000,+0.0000,+0.0000,+0.0000,+0.0000,+0.0000,+0.0000,+2.0000,-46.0651,+1.2962,+9.0000,+0.0000,+0.0000
85,0.00,1,False,0.0%,0.0%,0.0%,inf,1.0,5.20,0.000,1.0000,0.0000,1.0000,+0.0000,+0.0000,+0.0000,+0.0000,+0.0000,+0.0000,+0.0000,+0.0000,+0.0000,+0.0000,+0.0000,+0.0000,+0.0000,+0.0000,+0.0000,+0.0000,+0.0000,+0.0000,+0.0000,+0.0000,+0.0000,+0.0000
86,1.00,1,True,0.0%,0.0%,0.0%,inf,1.1,5.02,0.000,1.0000,0.0000,0.0000,+0.0000,+0.0000,+1.0000,+0.0000,+0.0000,+0.0000,-0.0025,+0.0000,+0.0000,+0.0000,+0.0000,+0.0000,+0.0000,+1.0000,+0.0000,+0.0000,+0.0000,-0.1003,+0.0000,+0.0000,+0.0000,+0.0000
88,0.00,1,False,0.0%,0.0%,0.0%,inf,1.1,5.01,0.000,1.0000,0.0000,1.0000,+0.0000,+0.0000,+0.0000,+0.0000,+0.0000,+0.0000,+0.0000,+0.0000,+0.0000,+0.0000,+0.0000,+0.0000,+0.0000,+0.0000,+0.0000,+0.0000,+0.0000,+0.0000,+0.0000,+0.0000,+0.0000,+0.0000
89,1.00,1,True,0.0%,0.0%,0.0%,inf,1.1,4.90,0.000,1.0000,0.0000,0.0000,+0.0000,+0.0000,+1.0000,+0.0000,+0.0000,+0.0000,-0.0025,+0.0000,+0.0000,+0.0000,+0.0000,+0.0000,+0.0000,+1.0000,+0.0000,+0.0000,+0.0000,-0.1003,+0.0000,+0.0000,+0.0000,+0.0000
90,1.00,1,True,0.0%,0.0%,0.0%,inf,0.9,5.24,1.112,1.0000,1.0000,0.7567,+0.0000,+0.0000,+1.0000,+0.0000,+0.0000,+0.0000,+0.0000,-0.0007,+0.0000,+0.0000,+0.0000,+0.0000,+0.0000,+1.0000,+0.0000,+0.0000,+0.0000,+0.0002,+0.0956,+0.1000,+0.0000,+0.0000
93,0.90,1,True,0.0%,0.0%,0.0%,inf,1.1,5.16,2.034,0.6667,1.0000,0.8876,+0.0000,+0.0000,+1.0000,+0.0000,+0.0000,-0.1000,+0.0000,-0.0002,+0.0000,+0.0000,+0.0000,+0.0000,+0.0000,+1.0000,+0.0000,+0.0000,+1.0000,+0.0002,+0.0213,+0.1000,+0.0000,+0.0000
96,1.00,1,True,0.0%,0.0%,0.0%,inf,1.1,5.04,0.000,1.0000,0.0000,0.0000,+0.0000,+0.0000,+1.0000,+0.0000,+0.0000,+0.0000,-0.0025,+0.0000,+0.0000,+0.0000,+0.0000,+0.0000,+0.0000,+1.0000,+0.0000,+0.0000,+0.0000,-0.1003,+0.0000,+0.0000,+0.0000,+0.0000
97,-1.35,90,False,0.0%,0.0%,0.0%,0.36,0.6,5.89,6.313,0.9926,0.1444,0.6879,+0.0000,+0.0000,+0.0000,+0.0000,+0.0000,-0.2000,-1.1496,-0.0006,+0.0000,+0.0000,+0.0000,+0.0000,+0.0000,+0.0000,+0.0000,+0.0000,+2.0000,-45.9852,+0.0795,+9.0000,+0.0000,+0.0000
98,1.00,1,True,0.0%,0.0%,0.0%,inf,0.8,4.62,0.000,1.0000,0.0000,0.0000,+0.0000,+0.0000,+1.0000,+0.0000,+0.0000,+0.0000,-0.0025,+0.0000,+0.0000,+0.0000,+0.0000,+0.0000,+0.0000,+1.0000,+0.0000,+0.0000,+0.0000,-0.1003,+0.0000,+0.0000,+0.0000,+0.0000
100,-0.15,90,False,0.0%,0.0%,0.0%,0.26,0.6,5.49,8.391,0.9963,0.9778,0.6932,+0.0000,+0.0000,+0.0000,+0.0000,+0.0000,-0.1000,+0.0005,-0.0502,+0.0000,+0.0000,+0.0000,+0.0000,+0.0000,+0.0000,+0.0000,+0.0000,+1.0000,+0.0219,+6.6868,+9.0000,+0.0000,+0.0000
101,-2.23,38,True,0.0%,0.0%,0.0%,0.01,0.5,4.71,16.610,0.9825,1.0000,0.6324,+0.0000,+0.0000,+1.0000,+0.0000,+0.0000,-0.2000,+0.0002,-0.0340,+0.0000,+0.0000,-3.0000,+0.0000,+0.0000,+1.0000,+0.0000,+0.0000,+2.0000,+0.0093,+4.5395,+3.8000,+0.0000,+30.0000
105,-0.16,90,False,0.0%,0.0%,0.0%,0.45,0.6,5.58,7.053,0.9963,0.9889,0.8781,+0.0000,+0.0000,+0.0000,+0.0000,+0.0000,-0.1000,-0.0169,-0.0431,+0.0000,+0.0000,+0.0000,+0.0000,+0.0000,+0.0000,+0.0000,+0.0000,+1.0000,-0.6765,+5.7533,+9.0000,+0.0000,+0.0000
107,-3.56,90,False,0.0%,0.0%,0.0%,0.40,0.9,6.91,13.718,0.9963,0.9333,0.6571,+0.0000,+0.0000,+0.0000,+0.0000,+0.0000,-0.1000,-0.0085,-0.0513,+0.0000,+0.0000,-3.4000,+0.0000,+0.0000,+0.0000,+0.0000,+0.0000,+1.0000,-0.3390,+6.8416,+9.0000,+0.0000,+34.0000
108,-0.22,90,False,0.0%,0.0%,0.0%,0.23,0.7,6.49,1.387,0.9926,0.9222,0.8087,+0.0000,+0.0000,+0.0000,+0.0000,+0.0000,-0.2000,-0.0210,-0.0039,+0.0000,+0.0000,+0.0000,+0.0000,+0.0000,+0.0000,+0.0000,+0.0000,+2.0000,-0.8418,+0.5188,+9.0000,+0.0000,+0.0000
110,-0.28,90,False,0.0%,0.0%,0.0%,0.18,1.0,6.82,6.021,0.9926,0.8556,0.7847,+0.0000,+0.0000,+0.0000,+0.0000,+0.0000,-0.2000,-0.0298,-0.0546,+0.0000,+0.0000,+0.0000,+0.0000,+0.0000,+0.0000,+0.0000,+0.0000,+2.0000,-1.1939,+7.2754,+9.0000,+0.0000,+0.0000
114,-0.10,90,False,0.0%,0.0%,0.0%,0.26,0.9,6.07,5.109,1.0000,0.8222,0.8927,+0.0000,+0.0000,+0.0000,+0.0000,+0.0000,+0.0000,-0.0634,-0.0383,+0.0000,+0.0000,+0.0000,+0.0000,+0.0000,+0.0000,+0.0000,+0.0000,+0.0000,-2.5352,+5.1056,+9.0000,+0.0000,+0.0000
115,-0.04,90,False,0.0%,0.0%,0.0%,0.24,0.7,6.27,5.335,1.0000,0.9778,0.9754,+0.0000,+0.0000,+0.0000,+0.0000,+0.0000,+0.0000,-0.0078,-0.0311,+0.0000,+0.0000,+0.0000,+0.0000,+0.0000,+0.0000,+0.0000,+0.0000,+0.0000,-0.3124,+4.1525,+9.0000,+0.0000,+0.0000
118,-0.72,90,False,0.0%,0.0%,0.0%,0.02,1.0,6.77,4.328,0.9889,0.6444,0.3921,+0.0000,+0.0000,+0.0000,+0.0000,+0.0000,-0.3000,-0.3459,-0.0704,+0.0000,+0.0000,+0.0000,+0.0000,+0.0000,+0.0000,+0.0000,+0.0000,+3.0000,-13.8363,+9.3860,+9.0000,+0.0000,+0.0000
119,1.00,1,True,0.0%,0.0%,0.0%,inf,1.0,5.35,0.000,1.0000,0.0000,0.0000,+0.0000,+0.0000,+1.0000,+0.0000,+0.0000,+0.0000,-0.0025,+0.0000,+0.0000,+0.0000,+0.0000,+0.0000,+0.0000,+1.0000,+0.0000,+0.0000,+0.0000,-0.1003,+0.0000,+0.0000,+0.0000,+0.0000
120,-0.38,90,False,0.0%,0.0%,0.0%,0.24,0.6,5.43,6.717,0.9889,1.0000,0.6600,+0.0000,+0.0000,+0.0000,+0.0000,+0.0000,-0.3000,+0.0006,-0.0779,+0.0000,+0.0000,+0.0000,+0.0000,+0.0000,+0.0000,+0.0000,+0.0000,+3.0000,+0.0223,+10.3862,+9.0000,+0.0000,+0.0000
121,-0.01,90,False,0.0%,0.0%,0.0%,0.22,0.6,5.90,0.825,1.0000,1.0000,0.8505,+0.0000,+0.0000,+0.0000,+0.0000,+0.0000,+0.0000,+0.0005,-0.0090,+0.0000,+0.0000,+0.0000,+0.0000,+0.0000,+0.0000,+0.0000,+0.0000,+0.0000,+0.0220,+1.2020,+9.0000,+0.0000,+0.0000
122,0.00,1,False,0.0%,0.0%,0.0%,inf,1.3,4.87,0.000,1.0000,0.0000,1.0000,+0.0000,+0.0000,+0.0000,+0.0000,+0.0000,+0.0000,+0.0000,+0.0000,+0.0000,+0.0000,+0.0000,+0.0000,+0.0000,+0.0000,+0.0000,+0.0000,+0.0000,+0.0000,+0.0000,+0.0000,+0.0000,+0.0000
124,0.00,90,False,0.0%,0.0%,0.0%,0.01,0.7,5.33,2.388,0.8519,1.0000,0.9635,+0.0000,+0.0000,+0.0000,+0.0000,+0.0000,+0.0000,+0.0000,+0.0000,+0.0000,+0.0000,+0.0000,+0.0000,+0.0000,+0.0000,+0.0000,+0.0000,+40.0000,+0.0223,-0.0341,+9.0000,+1.3000,+0.0000
131,-3.32,36,False,0.0%,0.0%,100.0%,0.29,0.7,5.57,5.424,0.9722,0.0000,0.5552,+0.0000,-3.0000,+0.0000,+0.0000,+0.0000,-0.3000,+0.0002,-0.0235,+0.0000,+0.0000,+0.0000,+0.0000,+1.0000,+0.0000,+0.0000,+0.0000,+3.0000,+0.0064,+3.1357,+3.6000,+0.0000,+0.0000
132,0.81,90,True,0.0%,0.0%,0.0%,0.01,0.8,6.17,5.845,0.9963,0.8778,0.8564,+0.0000,+0.0000,+1.0000,+0.0000,+0.0000,-0.1000,-0.0460,-0.0438,+0.0000,+0.0000,+0.0000,+0.0000,+0.0000,+1.0000,+0.0000,+0.0000,+1.0000,-1.8409,+5.8445,+9.0000,+0.0000,+0.0000
134,0.00,1,False,0.0%,0.0%,0.0%,inf,1.2,5.48,0.000,1.0000,0.0000,1.0000,+0.0000,+0.0000,+0.0000,+0.0000,+0.0000,+0.0000,+0.0000,+0.0000,+0.0000,+0.0000,+0.0000,+0.0000,+0.0000,+0.0000,+0.0000,+0.0000,+0.0000,+0.0000,+0.0000,+0.0000,+0.0000,+0.0000
136,0.00,1,False,0.0%,0.0%,0.0%,inf,0.9,5.03,0.000,1.0000,0.0000,1.0000,+0.0000,+0.0000,+0.0000,+0.0000,+0.0000,+0.0000,+0.0000,+0.0000,+0.0000,+0.0000,+0.0000,+0.0000,+0.0000,+0.0000,+0.0000,+0.0000,+0.0000,+0.0000,+0.0000,+0.0000,+0.0000,+0.0000
140,-0.61,90,False,0.0%,0.0%,0.0%,0.13,1.0,6.75,4.828,0.9815,0.7111,0.8884,+0.0000,+0.0000,+0.0000,+0.0000,+0.0000,-0.5000,-0.0790,-0.0318,+0.0000,+0.0000,+0.0000,+0.0000,+0.0000,+0.0000,+0.0000,+0.0000,+5.0000,-3.1601,+4.2409,+9.0000,+0.0000,+0.0000
141,1.00,1,True,0.0%,0.0%,0.0%,inf,1.4,5.40,0.000,1.0000,1.0000,0.7287,+0.0000,+0.0000,+1.0000,+0.0000,+0.0000,+0.0000,+0.0000,+0.0000,+0.0000,+0.0000,+0.0000,+0.0000,+0.0000,+1.0000,+0.0000,+0.0000,+0.0000,+0.0002,-0.0036,+0.0000,+0.0000,+0.0000
142,-0.03,90,False,0.0%,0.0%,0.0%,0.25,0.9,6.61,3.023,1.0000,0.9778,0.9743,+0.0000,+0.0000,+0.0000,+0.0000,+0.0000,+0.0000,-0.0024,-0.0260,+0.0000,+0.0000,+0.0000,+0.0000,+0.0000,+0.0000,+0.0000,+0.0000,+0.0000,-0.0941,+3.4700,+9.0000,+0.0000,+0.0000
143,-0.45,90,False,0.0%,0.0%,0.0%,0.33,1.0,7.21,7.479,0.9852,0.8444,0.8032,+0.0000,+0.0000,+0.0000,+0.0000,+0.0000,-0.4000,-0.0240,-0.0216,+0.0000,+0.0000,+0.0000,+0.0000,+0.0000,+0.0000,+0.0000,+0.0000,+4.0000,-0.9599,+2.8835,+9.0000,+0.0000,+0.0000
148,1.00,1,True,0.0%,0.0%,0.0%,inf,0.9,4.60,0.000,1.0000,1.0000,0.8579,+0.0000,+0.0000,+1.0000,+0.0000,+0.0000,+0.0000,+0.0000,-0.0006,+0.0000,+0.0000,+0.0000,+0.0000,+0.0000,+1.0000,+0.0000,+0.0000,+0.0000,+0.0002,+0.0747,+0.0000,+0.0000,+0.0000
149,-0.11,90,False,0.0%,0.0%,0.0%,0.06,1.0,5.76,10.964,0.9963,1.0000,0.8375,+0.0000,+0.0000,+0.0000,+0.0000,+0.0000,-0.1000,+0.0006,-0.0075,+0.0000,+0.0000,+0.0000,+0.0000,+0.0000,+0.0000,+0.0000,+0.0000,+1.0000,+0.0224,+0.9962,+9.0000,+0.0000,+0.0000
150,-0.87,90,False,0.0%,0.0%,0.0%,0.12,0.6,6.21,9.666,0.9704,1.0000,0.4955,+0.0000,+0.0000,+0.0000,+0.0000,+0.0000,-0.8000,+0.0005,-0.0732,+0.0000,+0.0000,+0.0000,+0.0000,+0.0000,+0.0000,+0.0000,+0.0000,+8.0000,+0.0218,+9.7659,+9.0000,+0.0000,+0.0000
151,1.00,1,True,0.0%,0.0%,0.0%,inf,1.4,5.29,0.000,1.0000,0.0000,0.0000,+0.0000,+0.0000,+1.0000,+0.0000,+0.0000,+0.0000,-0.0025,+0.0000,+0.0000,+0.0000,+0.0000,+0.0000,+0.0000,+1.0000,+0.0000,+0.0000,+0.0000,-0.1003,+0.0000,+0.0000,+0.0000,+0.0000
153,1.00,1,True,0.0%,0.0%,0.0%,inf,1.0,4.84,0.000,1.0000,1.0000,0.9678,+0.0000,+0.0000,+1.0000,+0.0000,+0.0000,+0.0000,+0.0000,-0.0004,+0.0000,+0.0000,+0.0000,+0.0000,+0.0000,+1.0000,+0.0000,+0.0000,+0.0000,+0.0002,+0.0518,+0.0000,+0.0000,+0.0000
155,1.00,1,True,0.0%,0.0%,0.0%,inf,1.0,4.67,0.000,1.0000,0.0000,0.0000,+0.0000,+0.0000,+1.0000,+0.0000,+0.0000,+0.0000,-0.0025,+0.0000,+0.0000,+0.0000,+0.0000,+0.0000,+0.0000,+1.0000,+0.0000,+0.0000,+0.0000,-0.1003,+0.0000,+0.0000,+0.0000,+0.0000
156,-0.37,90,False,0.0%,0.0%,0.0%,0.05,0.7,6.80,8.381,0.9889,0.8000,0.6332,+0.0000,+0.0000,+0.0000,+0.0000,+0.0000,-0.3000,-0.0513,-0.0189,+0.0000,+0.0000,+0.0000,+0.0000,+0.0000,+0.0000,+0.0000,+0.0000,+3.0000,-2.0520,+2.5211,+9.0000,+0.0000,+0.0000
157,0.00,1,False,0.0%,0.0%,0.0%,inf,1.1,4.71,0.000,1.0000,0.0000,1.0000,+0.0000,+0.0000,+0.0000,+0.0000,+0.0000,+0.0000,+0.0000,+0.0000,+0.0000,+0.0000,+0.0000,+0.0000,+0.0000,+0.0000,+0.0000,+0.0000,+0.0000,+0.0000,+0.0000,+0.0000,+0.0000,+0.0000
158,0.90,7,True,0.0%,0.0%,0.0%,0.01,1.0,5.13,12.424,0.9524,1.0000,0.6712,+0.0000,+0.0000,+1.0000,+0.0000,+0.0000,-0.1000,+0.0000,-0.0005,+0.0000,+0.0000,+0.0000,+0.0000,+0.0000,+1.0000,+0.0000,+0.0000,+1.0000,+0.0017,+0.0609,+0.7000,+0.0000,+0.0000
159,0.00,1,False,0.0%,0.0%,0.0%,inf,0.9,5.21,0.000,1.0000,0.0000,1.0000,+0.0000,+0.0000,+0.0000,+0.0000,+0.0000,+0.0000,+0.0000,+0.0000,+0.0000,+0.0000,+0.0000,+0.0000,+0.0000,+0.0000,+0.0000,+0.0000,+0.0000,+0.0000,+0.0000,+0.0000,+0.0000,+0.0000
160,1.00,1,True,0.0%,0.0%,0.0%,inf,0.9,4.84,0.000,1.0000,0.0000,0.0000,+0.0000,+0.0000,+1.0000,+0.0000,+0.0000,+0.0000,-0.0025,+0.0000,+0.0000,+0.0000,+0.0000,+0.0000,+0.0000,+1.0000,+0.0000,+0.0000,+0.0000,-0.1003,+0.0000,+0.0000,+0.0000,+0.0000
161,0.80,3,True,0.0%,0.0%,0.0%,0.01,1.2,5.56,9.661,0.7778,1.0000,0.6934,+0.0000,+0.0000,+1.0000,+0.0000,+0.0000,-0.2000,+0.0000,-0.0001,+0.0000,+0.0000,+0.0000,+0.0000,+0.0000,+1.0000,+0.0000,+0.0000,+2.0000,+0.0007,+0.0119,+0.3000,+0.0000,+0.0000
162,-0.33,90,False,0.0%,0.0%,0.0%,0.13,1.0,6.20,7.727,0.9889,0.9778,0.9652,+0.0000,+0.0000,+0.0000,+0.0000,+0.0000,-0.3000,+0.0004,-0.0348,+0.0000,+0.0000,+0.0000,+0.0000,+0.0000,+0.0000,+0.0000,+0.0000,+3.0000,+0.0175,+4.6408,+9.0000,+0.0000,+0.0000
163,0.89,26,True,0.0%,0.0%,0.0%,0.01,0.9,5.35,7.880,0.9872,1.0000,0.9289,+0.0000,+0.0000,+1.0000,+0.0000,+0.0000,-0.1000,+0.0002,-0.0058,+0.0000,+0.0000,+0.0000,+0.0000,+0.0000,+1.0000,+0.0000,+0.0000,+1.0000,+0.0064,+0.7793,+2.6000,+0.0000,+0.0000
165,1.00,1,True,0.0%,0.0%,0.0%,inf,0.9,4.82,0.000,1.0000,0.0000,0.0000,+0.0000,+0.0000,+1.0000,+0.0000,+0.0000,+0.0000,-0.0025,+0.0000,+0.0000,+0.0000,+0.0000,+0.0000,+0.0000,+1.0000,+0.0000,+0.0000,+0.0000,-0.1003,+0.0000,+0.0000,+0.0000,+0.0000
167,1.00,1,True,0.0%,0.0%,0.0%,inf,1.2,5.55,0.000,1.0000,0.0000,0.0000,+0.0000,+0.0000,+1.0000,+0.0000,+0.0000,+0.0000,-0.0025,+0.0000,+0.0000,+0.0000,+0.0000,+0.0000,+0.0000,+1.0000,+0.0000,+0.0000,+0.0000,-0.1003,+0.0000,+0.0000,+0.0000,+0.0000
168,-1.43,90,False,0.0%,0.0%,0.0%,0.04,1.0,5.90,11.275,0.9481,0.8556,0.7915,+0.0000,+0.0000,+0.0000,+0.0000,+0.0000,-1.4000,+0.0005,-0.0265,+0.0000,+0.0000,+0.0000,+0.0000,+0.0000,+0.0000,+0.0000,+0.0000,+14.0000,+0.0207,+3.5378,+9.0000,+0.0000,+0.0000
172,-0.26,90,False,0.0%,0.0%,0.0%,0.18,0.8,5.23,3.168,0.9926,0.9000,0.8026,+0.0000,+0.0000,+0.0000,+0.0000,+0.0000,-0.2000,+0.0001,-0.0341,+0.0000,-0.0233,+0.0000,+0.0000,+0.0000,+0.0000,+0.0000,+0.0000,+2.0000,+0.0032,+4.5411,+9.0000,+3.1000,+0.0000
173,0.88,56,True,0.0%,0.0%,0.0%,0.01,0.8,6.02,7.859,0.9940,0.8750,0.9099,+0.0000,+0.0000,+1.0000,+0.0000,+0.0000,-0.1000,-0.0102,-0.0148,+0.0000,+0.0000,+0.0000,+0.0000,+0.0000,+1.0000,+0.0000,+0.0000,+1.0000,-0.4066,+1.9758,+5.6000,+0.0000,+0.0000
174,0.78,25,True,0.0%,0.0%,0.0%,0.01,1.0,5.26,12.747,0.9733,1.0000,0.6781,+0.0000,+0.0000,+1.0000,+0.0000,+0.0000,-0.2000,+0.0001,-0.0180,+0.0000,+0.0000,+0.0000,+0.0000,+0.0000,+1.0000,+0.0000,+0.0000,+2.0000,+0.0060,+2.4024,+2.5000,+0.0000,+0.0000
175,-3.32,25,False,0.0%,0.0%,100.0%,0.37,0.7,5.70,6.423,0.9600,0.0000,0.5297,+0.0000,-3.0000,+0.0000,+0.0000,+0.0000,-0.3000,+0.0001,-0.0171,+0.0000,+0.0000,+0.0000,+0.0000,+1.0000,+0.0000,+0.0000,+0.0000,+3.0000,+0.0038,+2.2821,+2.5000,+0.0000,+0.0000
178,-3.26,59,False,0.0%,0.0%,100.0%,0.40,0.9,5.26,9.152,0.9887,0.9492,0.6401,+0.0000,-3.0000,+0.0000,+0.0000,+0.0000,-0.2000,-0.0250,-0.0339,+0.0000,+0.0000,+0.0000,+0.0000,+1.0000,+0.0000,+0.0000,+0.0000,+2.0000,-1.0018,+4.5147,+5.9000,+0.0000,+0.0000
179,-0.43,90,False,0.0%,0.0%,0.0%,0.44,1.0,7.93,6.328,0.9889,0.7889,0.8192,+0.0000,+0.0000,+0.0000,+0.0000,+0.0000,-0.3000,-0.0811,-0.0472,+0.0000,+0.0000,+0.0000,+0.0000,+0.0000,+0.0000,+0.0000,+0.0000,+3.0000,-3.2459,+6.2889,+9.0000,+0.0000,+0.0000
180,0.86,87,True,0.0%,0.0%,0.0%,0.01,0.8,6.23,9.253,0.9962,0.9080,0.7365,+0.0000,+0.0000,+1.0000,+0.0000,+0.0000,-0.1000,-0.0321,-0.0033,+0.0000,+0.0000,+0.0000,+0.0000,+0.0000,+1.0000,+0.0000,+0.0000,+1.0000,-1.2836,+0.4336,+8.7000,+0.0000,+0.0000
181,1.00,1,True,0.0%,0.0%,0.0%,inf,1.1,5.06,0.000,1.0000,1.0000,0.0000,+0.0000,+0.0000,+1.0000,+0.0000,+0.0000,+0.0000,+0.0000,-0.0018,+0.0000,+0.0000,+0.0000,+0.0000,+0.0000,+1.0000,+0.0000,+0.0000,+0.0000,+0.0002,+0.2459,+0.0000,+0.0000,+0.0000
183,1.00,1,True,0.0%,0.0%,0.0%,inf,0.9,5.11,0.000,1.0000,1.0000,0.0000,+0.0000,+0.0000,+1.0000,+0.0000,+0.0000,+0.0000,+0.0000,-0.0017,+0.0000,+0.0000,+0.0000,+0.0000,+0.0000,+1.0000,+0.0000,+0.0000,+0.0000,+0.0002,+0.2298,+0.0000,+0.0000,+0.0000
185,-1.45,90,False,0.0%,0.0%,0.0%,0.13,0.7,6.10,10.909,0.9481,1.0000,0.8055,+0.0000,+0.0000,+0.0000,+0.0000,+0.0000,-1.4000,+0.0006,-0.0507,+0.0000,+0.0000,+0.0000,+0.0000,+0.0000,+0.0000,+0.0000,+0.0000,+14.0000,+0.0222,+6.7628,+9.0000,+0.0000,+0.0000
186,-1.81,25,True,0.0%,0.0%,0.0%,0.01,0.5,5.15,17.379,0.9600,1.0000,0.9262,+0.0000,+0.0000,+1.0000,+0.0000,+0.0000,-0.3000,+0.0002,-0.0109,+0.0000,+0.0000,-2.5000,+0.0000,+0.0000,+1.0000,+0.0000,+0.0000,+3.0000,+0.0062,+1.4573,+2.5000,+0.0000,+25.0000
187,-4.37,24,False,100.0%,100.0%,0.0%,0.38,0.8,5.10,13.698,1.0000,1.0000,0.8350,-4.3698,+0.0000,+0.0000,+0.0000,+0.0000,+0.0000,+0.0001,-0.0038,+0.0000,+0.0000,+0.0000,+1.0000,+0.0000,+0.0000,+0.0000,+0.0000,+0.0000,+0.0059,+0.5047,+2.4000,+0.0000,+0.0000
188,-0.60,90,False,0.0%,0.0%,0.0%,0.06,0.7,5.75,6.517,0.9815,0.8667,0.7122,+0.0000,+0.0000,+0.0000,+0.0000,+0.0000,-0.5000,-0.0679,-0.0290,+0.0000,+0.0000,+0.0000,+0.0000,+0.0000,+0.0000,+0.0000,+0.0000,+5.0000,-2.7154,+3.8724,+9.0000,+0.0000,+0.0000
189,1.00,1,True,0.0%,0.0%,0.0%,inf,1.1,5.02,0.283,1.0000,1.0000,0.9256,+0.0000,+0.0000,+1.0000,+0.0000,+0.0000,+0.0000,+0.0000,-0.0002,+0.0000,+0.0000,+0.0000,+0.0000,+0.0000,+1.0000,+0.0000,+0.0000,+0.0000,+0.0002,+0.0293,+0.1000,+0.0000,+0.0000
191,1.00,1,True,0.0%,0.0%,0.0%,inf,1.2,5.31,0.000,1.0000,0.0000,0.0000,+0.0000,+0.0000,+1.0000,+0.0000,+0.0000,+0.0000,-0.0025,+0.0000,+0.0000,+0.0000,+0.0000,+0.0000,+0.0000,+1.0000,+0.0000,+0.0000,+0.0000,-0.1003,+0.0000,+0.0000,+0.0000,+0.0000
192,-0.02,90,False,0.0%,0.0%,0.0%,0.13,0.7,5.55,9.121,1.0000,0.9111,0.7194,+0.0000,+0.0000,+0.0000,+0.0000,+0.0000,+0.0000,+0.0005,-0.0210,+0.0000,+0.0000,+0.0000,+0.0000,+0.0000,+0.0000,+0.0000,+0.0000,+0.0000,+0.0213,+2.7973,+9.0000,+0.0000,+0.0000
194,1.00,1,True,0.0%,0.0%,0.0%,inf,1.0,5.75,0.000,1.0000,0.0000,0.0000,+0.0000,+0.0000,+1.0000,+0.0000,+0.0000,+0.0000,-0.0025,+0.0000,+0.0000,+0.0000,+0.0000,+0.0000,+0.0000,+1.0000,+0.0000,+0.0000,+0.0000,-0.1003,+0.0000,+0.0000,+0.0000,+0.0000
196,-0.32,90,False,0.0%,0.0%,0.0%,0.26,1.0,6.59,0.095,0.9926,1.0000,0.8674,+0.0000,+0.0000,+0.0000,+0.0000,+0.0000,-0.2000,+0.0006,-0.0491,+0.0000,-0.0675,+0.0000,+0.0000,+0.0000,+0.0000,+0.0000,+0.0000,+2.0000,+0.0225,+6.5407,+9.0000,+9.0000,+0.0000
197,1.00,1,True,0.0%,0.0%,0.0%,inf,1.2,5.97,0.000,1.0000,0.0000,0.0000,+0.0000,+0.0000,+1.0000,+0.0000,+0.0000,+0.0000,-0.0025,+0.0000,+0.0000,+0.0000,+0.0000,+0.0000,+0.0000,+1.0000,+0.0000,+0.0000,+0.0000,-0.1003,+0.0000,+0.0000,+0.0000,+0.0000
199,1.00,1,True,0.0%,0.0%,0.0%,inf,0.9,4.81,0.000,1.0000,1.0000,0.9889,+0.0000,+0.0000,+1.0000,+0.0000,+0.0000,+0.0000,+0.0000,-0.0003,+0.0000,+0.0000,+0.0000,+0.0000,+0.0000,+1.0000,+0.0000,+0.0000,+0.0000,+0.0002,+0.0427,+0.0000,+0.0000,+0.0000
200,-0.24,90,False,0.0%,0.0%,0.0%,0.27,1.0,6.79,0.294,0.9926,1.0000,0.9433,+0.0000,+0.0000,+0.0000,+0.0000,+0.0000,-0.2000,+0.0006,-0.0384,+0.0000,+0.0000,+0.0000,+0.0000,+0.0000,+0.0000,+0.0000,+0.0000,+2.0000,+0.0225,+5.1194,+9.0000,+0.0000,+0.0000
201,-3.56,24,False,100.0%,100.0%,0.0%,0.21,1.0,5.12,3.476,0.9722,1.0000,0.7975,-3.3476,+0.0000,+0.0000,+0.0000,+0.0000,-0.2000,+0.0001,-0.0157,+0.0000,+0.0000,+0.0000,+1.0000,+0.0000,+0.0000,+0.0000,+0.0000,+2.0000,+0.0060,+2.0921,+2.4000,+0.0000,+0.0000
202,-0.03,90,False,0.0%,0.0%,0.0%,0.24,0.8,6.48,0.885,1.0000,1.0000,0.9735,+0.0000,+0.0000,+0.0000,+0.0000,+0.0000,+0.0000,+0.0006,-0.0341,+0.0000,+0.0000,+0.0000,+0.0000,+0.0000,+0.0000,+0.0000,+0.0000,+0.0000,+0.0224,+4.5495,+9.0000,+0.0000,+0.0000
203,1.00,1,True,0.0%,0.0%,0.0%,inf,1.1,4.95,0.000,1.0000,0.0000,0.0000,+0.0000,+0.0000,+1.0000,+0.0000,+0.0000,+0.0000,-0.0025,+0.0000,+0.0000,+0.0000,+0.0000,+0.0000,+0.0000,+1.0000,+0.0000,+0.0000,+0.0000,-0.1003,+0.0000,+0.0000,+0.0000,+0.0000
206,-0.03,90,False,0.0%,0.0%,0.0%,0.31,1.3,7.69,0.370,1.0000,1.0000,0.9652,+0.0000,+0.0000,+0.0000,+0.0000,+0.0000,+0.0000,+0.0006,-0.0353,+0.0000,+0.0000,+0.0000,+0.0000,+0.0000,+0.0000,+0.0000,+0.0000,+0.0000,+0.0222,+4.7073,+9.0000,+0.0000,+0.0000
207,-0.20,90,False,0.0%,0.0%,0.0%,0.10,1.1,6.09,10.222,0.9963,0.9000,0.8762,+0.0000,+0.0000,+0.0000,+0.0000,+0.0000,-0.1000,-0.0574,-0.0436,+0.0000,+0.0000,+0.0000,+0.0000,+0.0000,+0.0000,+0.0000,+0.0000,+1.0000,-2.2955,+5.8112,+9.0000,+0.0000,+0.0000
210,1.00,1,True,0.0%,0.0%,0.0%,inf,1.0,5.39,0.000,1.0000,1.0000,0.9846,+0.0000,+0.0000,+1.0000,+0.0000,+0.0000,+0.0000,+0.0000,-0.0003,+0.0000,+0.0000,+0.0000,+0.0000,+0.0000,+1.0000,+0.0000,+0.0000,+0.0000,+0.0002,+0.0418,+0.0000,+0.0000,+0.0000
212,-0.32,90,False,0.0%,0.0%,0.0%,0.27,1.0,6.21,6.224,0.9889,0.9667,0.8279,+0.0000,+0.0000,+0.0000,+0.0000,+0.0000,-0.3000,-0.0105,-0.0125,+0.0000,+0.0000,+0.0000,+0.0000,+0.0000,+0.0000,+0.0000,+0.0000,+3.0000,-0.4215,+1.6674,+9.0000,+0.0000,+0.0000
213,0.00,1,False,0.0%,0.0%,0.0%,inf,1.1,5.08,0.000,1.0000,0.0000,1.0000,+0.0000,+0.0000,+0.0000,+0.0000,+0.0000,+0.0000,+0.0000,+0.0000,+0.0000,+0.0000,+0.0000,+0.0000,+0.0000,+0.0000,+0.0000,+0.0000,+0.0000,+0.0000,+0.0000,+0.0000,+0.0000,+0.0000
214,1.00,1,True,0.0%,0.0%,0.0%,inf,0.9,5.32,0.000,1.0000,0.0000,0.0000,+0.0000,+0.0000,+1.0000,+0.0000,+0.0000,+0.0000,-0.0025,+0.0000,+0.0000,+0.0000,+0.0000,+0.0000,+0.0000,+1.0000,+0.0000,+0.0000,+0.0000,-0.1003,+0.0000,+0.0000,+0.0000,+0.0000
215,-0.01,90,False,0.0%,0.0%,0.0%,0.35,0.9,7.32,1.419,1.0000,1.0000,0.8298,+0.0000,+0.0000,+0.0000,+0.0000,+0.0000,+0.0000,+0.0006,-0.0060,+0.0000,+0.0000,+0.0000,+0.0000,+0.0000,+0.0000,+0.0000,+0.0000,+0.0000,+0.0223,+0.8022,+9.0000,+0.0000,+0.0000
220,1.00,1,True,0.0%,0.0%,0.0%,inf,1.2,5.11,0.000,1.0000,0.0000,0.0000,+0.0000,+0.0000,+1.0000,+0.0000,+0.0000,+0.0000,-0.0025,+0.0000,+0.0000,+0.0000,+0.0000,+0.0000,+0.0000,+1.0000,+0.0000,+0.0000,+0.0000,-0.1003,+0.0000,+0.0000,+0.0000,+0.0000
222,1.00,1,True,0.0%,0.0%,0.0%,inf,0.9,4.85,0.000,1.0000,0.0000,0.0000,+0.0000,+0.0000,+1.0000,+0.0000,+0.0000,+0.0000,-0.0025,+0.0000,+0.0000,+0.0000,+0.0000,+0.0000,+0.0000,+1.0000,+0.0000,+0.0000,+0.0000,-0.1003,+0.0000,+0.0000,+0.0000,+0.0000
223,-0.31,90,False,0.0%,0.0%,0.0%,0.30,1.0,6.41,2.376,0.9926,0.3889,0.6982,+0.0000,+0.0000,+0.0000,+0.0000,+0.0000,-0.2000,-0.0721,-0.0409,+0.0000,+0.0000,+0.0000,+0.0000,+0.0000,+0.0000,+0.0000,+0.0000,+2.0000,-2.8837,+5.4593,+9.0000,+0.0000,+0.0000
226,-0.39,90,False,0.0%,0.0%,0.0%,0.26,0.8,6.22,4.426,0.9926,0.6444,0.8649,+0.0000,+0.0000,+0.0000,+0.0000,+0.0000,-0.2000,-0.1606,-0.0338,+0.0000,+0.0000,+0.0000,+0.0000,+0.0000,+0.0000,+0.0000,+0.0000,+2.0000,-6.4233,+4.5060,+9.0000,+0.0000,+0.0000
227,-0.28,90,False,0.0%,0.0%,0.0%,0.19,0.7,6.69,6.916,0.9926,0.8444,0.9057,+0.0000,+0.0000,+0.0000,+0.0000,+0.0000,-0.2000,-0.0465,-0.0357,+0.0000,+0.0000,+0.0000,+0.0000,+0.0000,+0.0000,+0.0000,+0.0000,+2.0000,-1.8581,+4.7664,+9.0000,+0.0000,+0.0000
228,-0.03,90,False,0.0%,0.0%,0.0%,0.02,0.7,5.38,0.045,1.0000,1.0000,0.9903,+0.0000,+0.0000,+0.0000,+0.0000,+0.0000,+0.0000,+0.0006,-0.0290,+0.0000,+0.0000,+0.0000,+0.0000,+0.0000,+0.0000,+0.0000,+0.0000,+0.0000,+0.0221,+3.8662,+9.0000,+0.0000,+0.0000
231,1.00,1,True,0.0%,0.0%,0.0%,inf,1.1,5.28,0.000,1.0000,1.0000,0.8329,+0.0000,+0.0000,+1.0000,+0.0000,+0.0000,+0.0000,+0.0000,-0.0001,+0.0000,+0.0000,+0.0000,+0.0000,+0.0000,+1.0000,+0.0000,+0.0000,+0.0000,+0.0002,+0.0096,+0.0000,+0.0000,+0.0000
232,1.00,1,True,0.0%,0.0%,0.0%,inf,0.9,4.97,0.000,1.0000,0.0000,0.0000,+0.0000,+0.0000,+1.0000,+0.0000,+0.0000,+0.0000,-0.0025,+0.0000,+0.0000,+0.0000,+0.0000,+0.0000,+0.0000,+1.0000,+0.0000,+0.0000,+0.0000,-0.1003,+0.0000,+0.0000,+0.0000,+0.0000
235,-0.04,90,False,0.0%,0.0%,0.0%,0.02,0.9,6.47,0.337,1.0000,1.0000,0.9299,+0.0000,+0.0000,+0.0000,+0.0000,+0.0000,+0.0000,+0.0005,-0.0384,+0.0000,+0.0000,+0.0000,+0.0000,+0.0000,+0.0000,+0.0000,+0.0000,+0.0000,+0.0204,+5.1253,+9.0000,+0.0000,+0.0000
241,-0.34,90,False,0.0%,0.0%,0.0%,0.07,0.9,6.35,11.867,0.9889,0.9778,0.9048,+0.0000,+0.0000,+0.0000,+0.0000,+0.0000,-0.3000,+0.0005,-0.0415,+0.0000,+0.0000,+0.0000,+0.0000,+0.0000,+0.0000,+0.0000,+0.0000,+3.0000,+0.0220,+5.5399,+9.0000,+0.0000,+0.0000
242,-0.26,90,False,0.0%,0.0%,0.0%,0.23,1.0,6.42,3.956,0.9926,0.7444,0.7315,+0.0000,+0.0000,+0.0000,+0.0000,+0.0000,-0.2000,-0.0515,-0.0068,+0.0000,+0.0000,+0.0000,+0.0000,+0.0000,+0.0000,+0.0000,+0.0000,+2.0000,-2.0594,+0.9078,+9.0000,+0.0000,+0.0000
244,1.00,1,True,0.0%,0.0%,0.0%,inf,1.1,5.33,0.000,1.0000,1.0000,0.0000,+0.0000,+0.0000,+1.0000,+0.0000,+0.0000,+0.0000,+0.0000,-0.0017,+0.0000,+0.0000,+0.0000,+0.0000,+0.0000,+1.0000,+0.0000,+0.0000,+0.0000,+0.0002,+0.2226,+0.0000,+0.0000,+0.0000
246,0.00,1,False,0.0%,0.0%,0.0%,inf,0.9,5.04,0.560,1.0000,0.0000,1.0000,+0.0000,+0.0000,+0.0000,+0.0000,+0.0000,+0.0000,+0.0000,+0.0000,+0.0000,+0.0000,+0.0000,+0.0000,+0.0000,+0.0000,+0.0000,+0.0000,+0.0000,+0.0000,+0.0000,+0.0000,+0.0000,+0.0000
248,-0.38,90,False,0.0%,0.0%,0.0%,0.25,1.0,6.01,4.825,0.9926,0.6556,0.7348,+0.0000,+0.0000,+0.0000,+0.0000,+0.0000,-0.2000,-0.1402,-0.0442,+0.0000,+0.0000,+0.0000,+0.0000,+0.0000,+0.0000,+0.0000,+0.0000,+2.0000,-5.6098,+5.8965,+9.0000,+0.0000,+0.0000
253,1.00,1,True,0.0%,0.0%,0.0%,inf,0.9,5.44,0.000,1.0000,0.0000,0.0000,+0.0000,+0.0000,+1.0000,+0.0000,+0.0000,+0.0000,-0.0025,+0.0000,+0.0000,+0.0000,+0.0000,+0.0000,+0.0000,+1.0000,+0.0000,+0.0000,+0.0000,-0.1003,+0.0000,+0.0000,+0.0000,+0.0000
255,0.79,44,True,0.0%,0.0%,0.0%,0.01,0.7,5.00,9.397,0.9848,1.0000,0.9415,+0.0000,+0.0000,+1.0000,+0.0000,+0.0000,-0.2000,+0.0003,-0.0108,+0.0000,+0.0000,+0.0000,+0.0000,+0.0000,+1.0000,+0.0000,+0.0000,+2.0000,+0.0110,+1.4377,+4.4000,+0.0000,+0.0000
257,0.67,50,True,0.0%,0.0%,0.0%,0.01,0.5,5.57,7.106,0.9800,1.0000,0.8411,+0.0000,+0.0000,+1.0000,+0.0000,+0.0000,-0.3000,+0.0003,-0.0277,+0.0000,+0.0000,+0.0000,+0.0000,+0.0000,+1.0000,+0.0000,+0.0000,+3.0000,+0.0123,+3.6964,+5.0000,+0.0000,+0.0000
259,0.82,87,True,0.0%,0.0%,0.0%,0.01,0.8,5.59,6.463,0.9962,0.9885,0.4339,+0.0000,+0.0000,+1.0000,+0.0000,+0.0000,-0.1000,+0.0005,-0.0791,+0.0000,+0.0000,+0.0000,+0.0000,+0.0000,+1.0000,+0.0000,+0.0000,+1.0000,+0.0209,+10.5417,+8.7000,+0.0000,+0.0000
260,0.00,1,False,0.0%,0.0%,0.0%,inf,0.9,4.85,0.000,1.0000,0.0000,1.0000,+0.0000,+0.0000,+0.0000,+0.0000,+0.0000,+0.0000,+0.0000,+0.0000,+0.0000,+0.0000,+0.0000,+0.0000,+0.0000,+0.0000,+0.0000,+0.0000,+0.0000,+0.0000,+0.0000,+0.0000,+0.0000,+0.0000
261,1.00,1,True,0.0%,0.0%,0.0%,inf,1.2,5.63,0.000,1.0000,1.0000,0.9776,+0.0000,+0.0000,+1.0000,+0.0000,+0.0000,+0.0000,+0.0000,-0.0004,+0.0000,+0.0000,+0.0000,+0.0000,+0.0000,+1.0000,+0.0000,+0.0000,+0.0000,+0.0002,+0.0497,+0.0000,+0.0000,+0.0000
262,-0.14,90,False,0.0%,0.0%,0.0%,0.06,0.7,5.46,2.603,1.0000,0.5778,0.7300,+0.0000,+0.0000,+0.0000,+0.0000,+0.0000,+0.0000,-0.1314,-0.0101,+0.0000,+0.0000,+0.0000,+0.0000,+0.0000,+0.0000,+0.0000,+0.0000,+0.0000,-5.2549,+1.3447,+9.0000,+0.0000,+0.0000
263,1.00,1,True,0.0%,0.0%,0.0%,inf,1.2,5.79,0.000,1.0000,0.0000,0.0000,+0.0000,+0.0000,+1.0000,+0.0000,+0.0000,+0.0000,-0.0025,+0.0000,+0.0000,+0.0000,+0.0000,+0.0000,+0.0000,+1.0000,+0.0000,+0.0000,+0.0000,-0.1003,+0.0000,+0.0000,+0.0000,+0.0000
265,1.00,1,True,0.0%,0.0%,0.0%,inf,0.9,5.03,0.000,1.0000,0.0000,0.0000,+0.0000,+0.0000,+1.0000,+0.0000,+0.0000,+0.0000,-0.0025,+0.0000,+0.0000,+0.0000,+0.0000,+0.0000,+0.0000,+1.0000,+0.0000,+0.0000,+0.0000,-0.1003,+0.0000,+0.0000,+0.0000,+0.0000
266,0.00,1,False,0.0%,0.0%,0.0%,inf,1.4,4.81,0.000,1.0000,0.0000,1.0000,+0.0000,+0.0000,+0.0000,+0.0000,+0.0000,+0.0000,+0.0000,+0.0000,+0.0000,+0.0000,+0.0000,+0.0000,+0.0000,+0.0000,+0.0000,+0.0000,+0.0000,+0.0000,+0.0000,+0.0000,+0.0000,+0.0000
267,-0.10,90,False,0.0%,0.0%,0.0%,0.03,0.8,5.78,10.826,0.9963,0.9889,0.7589,+0.0000,+0.0000,+0.0000,+0.0000,+0.0000,-0.1000,+0.0006,-0.0004,+0.0000,+0.0000,+0.0000,+0.0000,+0.0000,+0.0000,+0.0000,+0.0000,+1.0000,+0.0224,+0.0564,+9.0000,+0.0000,+0.0000
268,-0.26,90,False,0.0%,0.0%,0.0%,0.08,1.0,7.93,2.959,1.0000,0.3889,0.7936,+0.0000,+0.0000,+0.0000,+0.0000,+0.0000,+0.0000,-0.2507,-0.0137,+0.0000,+0.0000,+0.0000,+0.0000,+0.0000,+0.0000,+0.0000,+0.0000,+0.0000,-10.0295,+1.8254,+9.0000,+0.0000,+0.0000
269,0.68,46,True,0.0%,0.0%,0.0%,0.01,0.7,5.09,4.697,0.9783,1.0000,0.9168,+0.0000,+0.0000,+1.0000,+0.0000,+0.0000,-0.3000,+0.0003,-0.0215,+0.0000,+0.0000,+0.0000,+0.0000,+0.0000,+1.0000,+0.0000,+0.0000,+3.0000,+0.0114,+2.8699,+4.6000,+0.0000,+0.0000
270,1.00,1,True,0.0%,0.0%,0.0%,inf,1.4,5.46,0.000,1.0000,1.0000,0.0000,+0.0000,+0.0000,+1.0000,+0.0000,+0.0000,+0.0000,+0.0000,-0.0013,+0.0000,+0.0000,+0.0000,+0.0000,+0.0000,+1.0000,+0.0000,+0.0000,+0.0000,+0.0002,+0.1717,+0.0000,+0.0000,+0.0000
271,-0.40,78,True,0.0%,0.0%,0.0%,0.01,0.5,4.84,11.669,0.9957,1.0000,0.8063,+0.0000,+0.0000,+1.0000,+0.0000,+0.0000,-0.1000,+0.0005,-0.0023,+0.0000,+0.0000,-1.3000,+0.0000,+0.0000,+1.0000,+0.0000,+0.0000,+1.0000,+0.0195,+0.3033,+7.8000,+0.0000,+13.0000
273,-0.15,90,False,0.0%,0.0%,0.0%,0.09,0.9,7.08,11.010,0.9963,0.9333,0.9094,+0.0000,+0.0000,+0.0000,+0.0000,+0.0000,-0.1000,-0.0351,-0.0165,+0.0000,+0.0000,+0.0000,+0.0000,+0.0000,+0.0000,+0.0000,+0.0000,+1.0000,-1.4021,+2.2018,+9.0000,+0.0000,+0.0000
274,1.00,52,True,0.0%,0.0%,0.0%,0.01,1.0,5.74,0.118,1.0000,1.0000,0.7837,+0.0000,+0.0000,+1.0000,+0.0000,+0.0000,+0.0000,+0.0003,+0.0004,+0.0000,+0.0000,+0.0000,+0.0000,+0.0000,+1.0000,+0.0000,+0.0000,+0.0000,+0.0129,-0.0498,+5.2000,+0.0000,+0.0000
275,-4.30,51,False,100.0%,100.0%,0.0%,0.09,1.0,5.76,9.156,0.9542,1.0000,0.8667,-3.5907,+0.0000,+0.0000,+0.0000,+0.0000,-0.7000,+0.0003,-0.0076,+0.0000,+0.0000,+0.0000,+1.0000,+0.0000,+0.0000,+0.0000,+0.0000,+7.0000,+0.0126,+1.0174,+5.1000,+0.0000,+0.0000
277,-0.02,90,False,0.0%,0.0%,0.0%,0.13,0.6,5.20,4.074,1.0000,1.0000,0.9223,+0.0000,+0.0000,+0.0000,+0.0000,+0.0000,+0.0000,+0.0006,-0.0236,+0.0000,+0.0000,+0.0000,+0.0000,+0.0000,+0.0000,+0.0000,+0.0000,+0.0000,+0.0223,+3.1519,+9.0000,+0.0000,+0.0000
278,-7.92,90,False,0.0%,0.0%,0.0%,0.02,0.5,5.58,15.429,0.9778,0.3889,0.4156,+0.0000,+0.0000,+0.0000,+0.0000,+0.0000,-0.6000,-1.9957,-0.0238,+0.0000,+0.0000,-5.3000,+0.0000,+0.0000,+0.0000,+0.0000,+0.0000,+6.0000,-79.8289,+3.1778,+9.0000,+0.0000,+53.0000
281,1.00,1,True,0.0%,0.0%,0.0%,inf,0.9,4.86,0.000,1.0000,0.0000,0.0000,+0.0000,+0.0000,+1.0000,+0.0000,+0.0000,+0.0000,-0.0025,+0.0000,+0.0000,+0.0000,+0.0000,+0.0000,+0.0000,+1.0000,+0.0000,+0.0000,+0.0000,-0.1003,+0.0000,+0.0000,+0.0000,+0.0000
282,-0.14,90,False,0.0%,0.0%,0.0%,0.08,0.6,5.54,6.172,0.9963,0.6889,0.8256,+0.0000,+0.0000,+0.0000,+0.0000,+0.0000,-0.1000,-0.0340,-0.0065,+0.0000,+0.0000,+0.0000,+0.0000,+0.0000,+0.0000,+0.0000,+0.0000,+1.0000,-1.3618,+0.8653,+9.0000,+0.0000,+0.0000
283,1.00,1,True,0.0%,0.0%,0.0%,inf,1.0,5.17,0.000,1.0000,0.0000,0.0000,+0.0000,+0.0000,+1.0000,+0.0000,+0.0000,+0.0000,-0.0025,+0.0000,+0.0000,+0.0000,+0.0000,+0.0000,+0.0000,+1.0000,+0.0000,+0.0000,+0.0000,-0.1003,+0.0000,+0.0000,+0.0000,+0.0000
285,0.75,46,True,0.0%,0.0%,0.0%,0.01,0.6,4.80,11.292,0.9855,1.0000,0.4771,+0.0000,+0.0000,+1.0000,+0.0000,+0.0000,-0.2000,+0.0003,-0.0473,+0.0000,+0.0000,+0.0000,+0.0000,+0.0000,+1.0000,+0.0000,+0.0000,+2.0000,+0.0112,+6.3086,+4.6000,+0.0000,+0.0000
287,-0.01,90,False,0.0%,0.0%,0.0%,0.08,0.5,5.73,5.335,1.0000,1.0000,0.8671,+0.0000,+0.0000,+0.0000,+0.0000,+0.0000,+0.0000,+0.0006,-0.0114,+0.0000,+0.0000,+0.0000,+0.0000,+0.0000,+0.0000,+0.0000,+0.0000,+0.0000,+0.0224,+1.5190,+9.0000,+0.0000,+0.0000
290,1.00,1,True,0.0%,0.0%,0.0%,inf,0.8,4.75,0.000,1.0000,0.0000,0.0000,+0.0000,+0.0000,+1.0000,+0.0000,+0.0000,+0.0000,-0.0025,+0.0000,+0.0000,+0.0000,+0.0000,+0.0000,+0.0000,+1.0000,+0.0000,+0.0000,+0.0000,-0.1003,+0.0000,+0.0000,+0.0000,+0.0000
291,1.00,1,True,0.0%,0.0%,0.0%,inf,0.8,4.70,0.000,1.0000,0.0000,0.0000,+0.0000,+0.0000,+1.0000,+0.0000,+0.0000,+0.0000,-0.0025,+0.0000,+0.0000,+0.0000,+0.0000,+0.0000,+0.0000,+1.0000,+0.0000,+0.0000,+0.0000,-0.1003,+0.0000,+0.0000,+0.0000,+0.0000
292,-0.49,90,False,0.0%,0.0%,0.0%,0.14,0.7,6.88,2.462,0.9852,0.3667,0.8375,+0.0000,+0.0000,+0.0000,+0.0000,+0.0000,-0.4000,-0.0397,-0.0123,+0.0000,-0.0338,+0.0000,+0.0000,+0.0000,+0.0000,+0.0000,+0.0000,+4.0000,-1.5894,+1.6420,+9.0000,+4.5000,+0.0000
293,1.00,1,True,0.0%,0.0%,0.0%,inf,0.8,4.81,0.000,1.0000,0.0000,0.0000,+0.0000,+0.0000,+1.0000,+0.0000,+0.0000,+0.0000,-0.0025,+0.0000,+0.0000,+0.0000,+0.0000,+0.0000,+0.0000,+1.0000,+0.0000,+0.0000,+0.0000,-0.1003,+0.0000,+0.0000,+0.0000,+0.0000
294,-0.24,90,False,0.0%,0.0%,0.0%,0.18,0.6,5.56,5.602,0.9926,0.9778,0.8851,+0.0000,+0.0000,+0.0000,+0.0000,+0.0000,-0.2000,+0.0005,-0.0454,+0.0000,+0.0000,+0.0000,+0.0000,+0.0000,+0.0000,+0.0000,+0.0000,+2.0000,+0.0220,+6.0588,+9.0000,+0.0000,+0.0000
295,-0.09,90,False,0.0%,0.0%,0.0%,0.26,0.8,6.27,3.906,1.0000,0.8556,0.9377,+0.0000,+0.0000,+0.0000,+0.0000,+0.0000,+0.0000,-0.0666,-0.0204,+0.0000,+0.0000,+0.0000,+0.0000,+0.0000,+0.0000,+0.0000,+0.0000,+0.0000,-2.6628,+2.7144,+9.0000,+0.0000,+0.0000
296,-0.13,90,False,0.0%,0.0%,0.0%,0.21,0.6,5.37,4.641,1.0000,0.6111,0.6925,+0.0000,+0.0000,+0.0000,+0.0000,+0.0000,+0.0000,-0.1049,-0.0293,+0.0000,+0.0000,+0.0000,+0.0000,+0.0000,+0.0000,+0.0000,+0.0000,+0.0000,-4.1952,+3.9099,+9.0000,+0.0000,+0.0000
297,-0.15,90,False,0.0%,0.0%,0.0%,0.36,0.6,5.46,7.259,0.9963,1.0000,0.8341,+0.0000,+0.0000,+0.0000,+0.0000,+0.0000,-0.1000,+0.0006,-0.0478,+0.0000,+0.0000,+0.0000,+0.0000,+0.0000,+0.0000,+0.0000,+0.0000,+1.0000,+0.0222,+6.3707,+9.0000,+0.0000,+0.0000
299,1.00,1,True,0.0%,0.0%,0.0%,inf,0.9,5.28,0.000,1.0000,0.0000,0.0000,+0.0000,+0.0000,+1.0000,+0.0000,+0.0000,+0.0000,-0.0025,+0.0000,+0.0000,+0.0000,+0.0000,+0.0000,+0.0000,+1.0000,+0.0000,+0.0000,+0.0000,-0.1003,+0.0000,+0.0000,+0.0000,+0.0000
301,-2.28,90,False,0.0%,0.0%,0.0%,0.24,0.7,6.08,11.612,0.9889,1.0000,0.6443,+0.0000,+0.0000,+0.0000,+0.0000,+0.0000,-0.3000,+0.0006,-0.0790,+0.0000,+0.0000,-1.9000,+0.0000,+0.0000,+0.0000,+0.0000,+0.0000,+3.0000,+0.0222,+10.5312,+9.0000,+0.0000,+19.0000
302,-0.07,90,False,0.0%,0.0%,0.0%,0.21,0.6,5.45,5.159,1.0000,1.0000,0.7419,+0.0000,+0.0000,+0.0000,+0.0000,+0.0000,+0.0000,+0.0006,-0.0665,+0.0000,+0.0000,+0.0000,+0.0000,+0.0000,+0.0000,+0.0000,+0.0000,+0.0000,+0.0222,+8.8644,+9.0000,+0.0000,+0.0000
305,0.80,15,True,0.0%,0.0%,0.0%,0.01,0.6,5.60,12.775,0.9556,1.0000,0.6793,+0.0000,+0.0000,+1.0000,+0.0000,+0.0000,-0.2000,+0.0001,-0.0008,+0.0000,+0.0000,+0.0000,+0.0000,+0.0000,+1.0000,+0.0000,+0.0000,+2.0000,+0.0037,+0.1047,+1.5000,+0.0000,+0.0000
307,0.65,85,True,0.0%,0.0%,0.0%,0.01,0.5,4.87,7.149,0.9882,0.8824,0.7891,+0.0000,+0.0000,+1.0000,+0.0000,+0.0000,-0.3000,+0.0005,-0.0537,+0.0000,+0.0000,+0.0000,+0.0000,+0.0000,+1.0000,+0.0000,+0.0000,+3.0000,+0.0203,+7.1560,+8.5000,+0.0000,+0.0000
308,1.00,1,True,0.0%,0.0%,0.0%,inf,1.1,4.90,0.000,1.0000,1.0000,0.9284,+0.0000,+0.0000,+1.0000,+0.0000,+0.0000,+0.0000,+0.0000,-0.0002,+0.0000,+0.0000,+0.0000,+0.0000,+0.0000,+1.0000,+0.0000,+0.0000,+0.0000,+0.0002,+0.0299,+0.0000,+0.0000,+0.0000
310,0.90,1,True,0.0%,0.0%,0.0%,inf,0.9,5.17,0.599,0.6667,1.0000,0.7810,+0.0000,+0.0000,+1.0000,+0.0000,+0.0000,-0.1000,+0.0000,-0.0007,+0.0000,+0.0000,+0.0000,+0.0000,+0.0000,+1.0000,+0.0000,+0.0000,+1.0000,+0.0002,+0.0906,+0.1000,+0.0000,+0.0000
311,1.00,1,True,0.0%,0.0%,0.0%,inf,0.9,4.78,0.000,1.0000,1.0000,0.0000,+0.0000,+0.0000,+1.0000,+0.0000,+0.0000,+0.0000,+0.0000,-0.0014,+0.0000,+0.0000,+0.0000,+0.0000,+0.0000,+1.0000,+0.0000,+0.0000,+0.0000,+0.0002,+0.1871,+0.0000,+0.0000,+0.0000
315,-3.23,8,False,100.0%,0.0%,0.0%,0.25,0.8,4.79,0.249,0.9167,1.0000,0.8816,-3.0249,+0.0000,+0.0000,+0.0000,+0.0000,-0.2000,+0.0000,-0.0012,+0.0000,+0.0000,+0.0000,+1.0000,+0.0000,+0.0000,+0.0000,+0.0000,+2.0000,+0.0020,+0.1598,+0.8000,+0.0000,+0.0000
316,0.90,1,True,0.0%,0.0%,0.0%,inf,0.8,4.73,10.150,0.6667,1.0000,0.9733,+0.0000,+0.0000,+1.0000,+0.0000,+0.0000,-0.1000,+0.0000,-0.0004,+0.0000,+0.0000,+0.0000,+0.0000,+0.0000,+1.0000,+0.0000,+0.0000,+1.0000,+0.0002,+0.0506,+0.1000,+0.0000,+0.0000
317,0.99,19,True,0.0%,0.0%,0.0%,0.01,0.6,5.11,1.807,1.0000,1.0000,0.8476,+0.0000,+0.0000,+1.0000,+0.0000,+0.0000,+0.0000,+0.0001,-0.0109,+0.0000,+0.0000,+0.0000,+0.0000,+0.0000,+1.0000,+0.0000,+0.0000,+0.0000,+0.0047,+1.4592,+1.9000,+0.0000,+0.0000
320,-1.54,90,False,0.0%,0.0%,0.0%,0.37,0.7,6.23,7.652,0.9926,0.0222,0.7090,+0.0000,+0.0000,+0.0000,+0.0000,+0.0000,-0.2000,-1.3357,-0.0038,+0.0000,+0.0000,+0.0000,+0.0000,+0.0000,+0.0000,+0.0000,+0.0000,+2.0000,-53.4284,+0.5057,+9.0000,+0.0000,+0.0000
323,1.00,1,True,0.0%,0.0%,0.0%,inf,0.8,5.11,0.069,1.0000,1.0000,0.8470,+0.0000,+0.0000,+1.0000,+0.0000,+0.0000,+0.0000,+0.0000,-0.0006,+0.0000,+0.0000,+0.0000,+0.0000,+0.0000,+1.0000,+0.0000,+0.0000,+0.0000,+0.0002,+0.0769,+0.1000,+0.0000,+0.0000
326,1.00,1,True,0.0%,0.0%,0.0%,inf,0.9,4.65,0.052,1.0000,1.0000,0.8715,+0.0000,+0.0000,+1.0000,+0.0000,+0.0000,+0.0000,+0.0000,-0.0005,+0.0000,+0.0000,+0.0000,+0.0000,+0.0000,+1.0000,+0.0000,+0.0000,+0.0000,+0.0002,+0.0718,+0.1000,+0.0000,+0.0000
327,-0.32,90,False,0.0%,0.0%,0.0%,0.03,0.5,5.00,9.638,0.9889,0.9444,0.7355,+0.0000,+0.0000,+0.0000,+0.0000,+0.0000,-0.3000,-0.0133,-0.0022,+0.0000,+0.0000,+0.0000,+0.0000,+0.0000,+0.0000,+0.0000,+0.0000,+3.0000,-0.5326,+0.2953,+9.0000,+0.0000,+0.0000
329,-0.77,90,False,0.0%,0.0%,0.0%,0.19,0.7,5.82,4.424,0.9926,0.2111,0.6848,+0.0000,+0.0000,+0.0000,+0.0000,+0.0000,-0.2000,-0.5573,-0.0123,+0.0000,+0.0000,+0.0000,+0.0000,+0.0000,+0.0000,+0.0000,+0.0000,+2.0000,-22.2909,+1.6345,+9.0000,+0.0000,+0.0000
330,-0.49,90,False,0.0%,0.0%,0.0%,0.10,0.6,6.50,11.462,0.9926,0.7333,0.7398,+0.0000,+0.0000,+0.0000,+0.0000,+0.0000,-0.2000,-0.2443,-0.0497,+0.0000,+0.0000,+0.0000,+0.0000,+0.0000,+0.0000,+0.0000,+0.0000,+2.0000,-9.7702,+6.6239,+9.0000,+0.0000,+0.0000
331,1.00,1,True,0.0%,0.0%,0.0%,inf,0.8,4.66,0.000,1.0000,1.0000,0.8668,+0.0000,+0.0000,+1.0000,+0.0000,+0.0000,+0.0000,+0.0000,-0.0001,+0.0000,+0.0000,+0.0000,+0.0000,+0.0000,+1.0000,+0.0000,+0.0000,+0.0000,+0.0002,+0.0168,+0.0000,+0.0000,+0.0000
332,1.00,1,True,0.0%,0.0%,0.0%,inf,1.0,4.76,0.000,1.0000,0.0000,0.0000,+0.0000,+0.0000,+1.0000,+0.0000,+0.0000,+0.0000,-0.0025,+0.0000,+0.0000,+0.0000,+0.0000,+0.0000,+0.0000,+1.0000,+0.0000,+0.0000,+0.0000,-0.1003,+0.0000,+0.0000,+0.0000,+0.0000
333,1.00,1,True,0.0%,0.0%,0.0%,inf,0.9,5.15,0.000,1.0000,0.0000,0.0000,+0.0000,+0.0000,+1.0000,+0.0000,+0.0000,+0.0000,-0.0025,+0.0000,+0.0000,+0.0000,+0.0000,+0.0000,+0.0000,+1.0000,+0.0000,+0.0000,+0.0000,-0.1003,+0.0000,+0.0000,+0.0000,+0.0000
334,-5.02,82,False,100.0%,100.0%,0.0%,0.35,0.6,6.18,11.313,0.9919,0.8902,0.6467,-3.5793,+0.0000,+0.0000,+0.0000,+0.0000,-0.2000,-0.0169,-0.0232,+0.0000,+0.0000,-1.2000,+1.0000,+0.0000,+0.0000,+0.0000,+0.0000,+2.0000,-0.6761,+3.0934,+8.2000,+0.0000,+12.0000
336,-0.26,90,False,0.0%,0.0%,0.0%,0.33,0.6,6.23,5.266,0.9926,0.8667,0.9302,+0.0000,+0.0000,+0.0000,+0.0000,+0.0000,-0.2000,-0.0457,-0.0185,+0.0000,+0.0000,+0.0000,+0.0000,+0.0000,+0.0000,+0.0000,+0.0000,+2.0000,-1.8263,+2.4626,+9.0000,+0.0000,+0.0000
338,0.00,1,False,0.0%,0.0%,0.0%,inf,1.1,5.24,0.000,1.0000,0.0000,1.0000,+0.0000,+0.0000,+0.0000,+0.0000,+0.0000,+0.0000,+0.0000,+0.0000,+0.0000,+0.0000,+0.0000,+0.0000,+0.0000,+0.0000,+0.0000,+0.0000,+0.0000,+0.0000,+0.0000,+0.0000,+0.0000,+0.0000
339,-0.05,90,False,0.0%,0.0%,0.0%,0.22,0.6,6.46,6.866,1.0000,0.8222,0.9502,+0.0000,+0.0000,+0.0000,+0.0000,+0.0000,+0.0000,-0.0155,-0.0305,+0.0000,+0.0000,+0.0000,+0.0000,+0.0000,+0.0000,+0.0000,+0.0000,+0.0000,-0.6187,+4.0684,+9.0000,+0.0000,+0.0000
340,1.00,1,True,0.0%,0.0%,0.0%,inf,0.8,4.59,0.000,1.0000,0.0000,0.0000,+0.0000,+0.0000,+1.0000,+0.0000,+0.0000,+0.0000,-0.0025,+0.0000,+0.0000,+0.0000,+0.0000,+0.0000,+0.0000,+1.0000,+0.0000,+0.0000,+0.0000,-0.1003,+0.0000,+0.0000,+0.0000,+0.0000
341,-0.84,90,False,0.0%,0.0%,0.0%,0.03,0.5,5.23,11.633,0.9704,1.0000,0.6808,+0.0000,+0.0000,+0.0000,+0.0000,+0.0000,-0.8000,+0.0005,-0.0423,+0.0000,+0.0000,+0.0000,+0.0000,+0.0000,+0.0000,+0.0000,+0.0000,+8.0000,+0.0215,+5.6415,+9.0000,+0.0000,+0.0000
342,-3.63,26,False,100.0%,100.0%,0.0%,0.39,0.6,4.83,5.952,1.0000,0.8077,0.7246,-3.5952,+0.0000,+0.0000,+0.0000,+0.0000,+0.0000,-0.0301,-0.0002,+0.0000,+0.0000,+0.0000,+1.0000,+0.0000,+0.0000,+0.0000,+0.0000,+0.0000,-1.2031,+0.0254,+2.6000,+0.0000,+0.0000
344,-0.06,90,False,0.0%,0.0%,0.0%,0.34,0.5,5.16,0.054,1.0000,1.0000,0.7701,+0.0000,+0.0000,+0.0000,+0.0000,+0.0000,+0.0000,+0.0006,-0.0627,+0.0000,+0.0000,+0.0000,+0.0000,+0.0000,+0.0000,+0.0000,+0.0000,+0.0000,+0.0224,+8.3535,+9.0000,+0.0000,+0.0000
345,1.00,1,True,0.0%,0.0%,0.0%,inf,0.8,4.66,0.000,1.0000,1.0000,0.6960,+0.0000,+0.0000,+1.0000,+0.0000,+0.0000,+0.0000,+0.0000,-0.0000,+0.0000,+0.0000,+0.0000,+0.0000,+0.0000,+1.0000,+0.0000,+0.0000,+0.0000,+0.0002,+0.0034,+0.0000,+0.0000,+0.0000
346,-0.69,90,False,0.0%,0.0%,0.0%,0.06,0.6,5.49,8.167,0.9778,0.8889,0.7689,+0.0000,+0.0000,+0.0000,+0.0000,+0.0000,-0.6000,-0.0333,-0.0581,+0.0000,+0.0000,+0.0000,+0.0000,+0.0000,+0.0000,+0.0000,+0.0000,+6.0000,-1.3333,+7.7494,+9.0000,+0.0000,+0.0000
349,1.00,1,True,0.0%,0.0%,0.0%,inf,1.0,5.03,0.000,1.0000,1.0000,0.8602,+0.0000,+0.0000,+1.0000,+0.0000,+0.0000,+0.0000,+0.0000,-0.0006,+0.0000,+0.0000,+0.0000,+0.0000,+0.0000,+1.0000,+0.0000,+0.0000,+0.0000,+0.0002,+0.0742,+0.0000,+0.0000,+0.0000
351,-3.61,48,False,100.0%,100.0%,0.0%,0.22,0.5,4.92,5.021,0.9792,1.0000,0.6856,-3.3051,+0.0000,+0.0000,+0.0000,+0.0000,-0.3000,+0.0003,-0.0020,+0.0000,+0.0000,+0.0000,+1.0000,+0.0000,+0.0000,+0.0000,+0.0000,+3.0000,+0.0120,+0.2704,+4.8000,+0.0000,+0.0000
352,0.87,33,True,0.0%,0.0%,0.0%,0.01,0.5,4.76,11.004,0.9899,1.0000,0.5896,+0.0000,+0.0000,+1.0000,+0.0000,+0.0000,-0.1000,+0.0002,-0.0321,+0.0000,+0.0000,+0.0000,+0.0000,+0.0000,+1.0000,+0.0000,+0.0000,+1.0000,+0.0082,+4.2847,+3.3000,+0.0000,+0.0000
355,-0.21,90,False,0.0%,0.0%,0.0%,0.25,0.9,5.94,1.415,0.9926,1.0000,0.7532,+0.0000,+0.0000,+0.0000,+0.0000,+0.0000,-0.2000,+0.0005,-0.0080,+0.0000,+0.0000,+0.0000,+0.0000,+0.0000,+0.0000,+0.0000,+0.0000,+2.0000,+0.0217,+1.0673,+9.0000,+0.0000,+0.0000
358,-3.00,1,False,100.0%,0.0%,0.0%,inf,1.1,5.34,0.000,1.0000,1.0000,0.9686,-3.0000,+0.0000,+0.0000,+0.0000,+0.0000,+0.0000,+0.0000,-0.0004,+0.0000,+0.0000,+0.0000,+1.0000,+0.0000,+0.0000,+0.0000,+0.0000,+0.0000,+0.0002,+0.0516,+0.0000,+0.0000,+0.0000
359,-0.17,90,False,0.0%,0.0%,0.0%,0.08,0.6,5.60,10.857,0.9963,0.9111,0.8107,+0.0000,+0.0000,+0.0000,+0.0000,+0.0000,-0.1000,-0.0640,-0.0087,+0.0000,+0.0000,+0.0000,+0.0000,+0.0000,+0.0000,+0.0000,+0.0000,+1.0000,-2.5582,+1.1658,+9.0000,+0.0000,+0.0000
364,-0.22,90,False,0.0%,0.0%,0.0%,0.03,0.5,5.25,1.125,0.9926,0.9444,0.8838,+0.0000,+0.0000,+0.0000,+0.0000,+0.0000,-0.2000,+0.0005,-0.0241,+0.0000,+0.0000,+0.0000,+0.0000,+0.0000,+0.0000,+0.0000,+0.0000,+2.0000,+0.0203,+3.2172,+9.0000,+0.0000,+0.0000
367,1.00,1,True,0.0%,0.0%,0.0%,inf,0.9,5.74,0.000,1.0000,0.0000,0.0000,+0.0000,+0.0000,+1.0000,+0.0000,+0.0000,+0.0000,-0.0025,+0.0000,+0.0000,+0.0000,+0.0000,+0.0000,+0.0000,+1.0000,+0.0000,+0.0000,+0.0000,-0.1003,+0.0000,+0.0000,+0.0000,+0.0000
368,-2.72,36,True,0.0%,0.0%,0.0%,0.01,1.1,6.70,18.646,0.9907,0.9722,0.8886,+0.0000,+0.0000,+1.0000,+0.0000,+0.0000,-0.1000,+0.0002,-0.0184,+0.0000,+0.0000,-3.6000,+0.0000,+0.0000,+1.0000,+0.0000,+0.0000,+1.0000,+0.0089,+2.4552,+3.6000,+0.0000,+36.0000
369,0.79,7,True,0.0%,0.0%,0.0%,0.02,1.2,9.25,14.211,0.9048,1.0000,0.6940,+0.0000,+0.0000,+1.0000,+0.0000,+0.0000,-0.2000,+0.0000,-0.0057,+0.0000,+0.0000,+0.0000,+0.0000,+0.0000,+1.0000,+0.0000,+0.0000,+2.0000,+0.0017,+0.7594,+0.7000,+0.0000,+0.0000
375,-0.01,90,False,0.0%,0.0%,0.0%,0.25,1.3,10.34,1.868,1.0000,0.4000,0.8404,+0.0000,+0.0000,+0.0000,+0.0000,+0.0000,+0.0000,+0.0005,-0.0090,+0.0000,+0.0000,+0.0000,+0.0000,+0.0000,+0.0000,+0.0000,+0.0000,+0.0000,+0.0220,+1.2001,+9.0000,+0.0000,+0.0000
377,1.00,1,True,0.0%,0.0%,0.0%,inf,1.7,7.75,0.000,1.0000,1.0000,0.4012,+0.0000,+0.0000,+1.0000,+0.0000,+0.0000,+0.0000,+0.0000,-0.0005,+0.0000,+0.0000,+0.0000,+0.0000,+0.0000,+1.0000,+0.0000,+0.0000,+0.0000,+0.0002,+0.0657,+0.0000,+0.0000,+0.0000
380,-0.29,90,False,0.0%,0.0%,0.0%,0.51,1.4,11.01,7.880,0.9926,1.0000,0.4543,+0.0000,+0.0000,+0.0000,+0.0000,+0.0000,-0.2000,+0.0006,-0.0862,+0.0000,+0.0000,+0.0000,+0.0000,+0.0000,+0.0000,+0.0000,+0.0000,+2.0000,+0.0221,+11.4980,+9.0000,+0.0000,+0.0000
381,0.88,27,True,0.0%,0.0%,0.0%,0.01,0.9,10.92,6.917,0.9877,1.0000,0.7367,+0.0000,+0.0000,+1.0000,+0.0000,+0.0000,-0.1000,+0.0002,-0.0202,+0.0000,+0.0000,+0.0000,+0.0000,+0.0000,+1.0000,+0.0000,+0.0000,+1.0000,+0.0067,+2.6919,+2.7000,+0.0000,+0.0000
384,-0.37,90,False,0.0%,0.0%,0.0%,0.04,1.1,9.14,7.805,0.9889,0.9333,0.8642,+0.0000,+0.0000,+0.0000,+0.0000,+0.0000,-0.3000,-0.0315,-0.0341,+0.0000,+0.0000,+0.0000,+0.0000,+0.0000,+0.0000,+0.0000,+0.0000,+3.0000,-1.2587,+4.5413,+9.0000,+0.0000,+0.0000
385,-10.08,53,False,100.0%,100.0%,0.0%,0.48,1.3,9.93,18.937,0.9874,1.0000,0.6117,-4.5346,+0.0000,+0.0000,+0.0000,+0.0000,-0.2000,+0.0003,-0.0498,+0.0000,+0.0000,-5.3000,+1.0000,+0.0000,+0.0000,+0.0000,+0.0000,+2.0000,+0.0131,+6.6334,+5.3000,+0.0000,+53.0000
388,1.00,1,True,0.0%,0.0%,0.0%,inf,1.7,9.18,0.000,1.0000,0.0000,0.0000,+0.0000,+0.0000,+1.0000,+0.0000,+0.0000,+0.0000,-0.0025,+0.0000,+0.0000,+0.0000,+0.0000,+0.0000,+0.0000,+1.0000,+0.0000,+0.0000,+0.0000,-0.1003,+0.0000,+0.0000,+0.0000,+0.0000
390,1.00,1,True,0.0%,0.0%,0.0%,inf,1.3,9.05,0.000,1.0000,0.0000,0.0000,+0.0000,+0.0000,+1.0000,+0.0000,+0.0000,+0.0000,-0.0025,+0.0000,+0.0000,+0.0000,+0.0000,+0.0000,+0.0000,+1.0000,+0.0000,+0.0000,+0.0000,-0.1003,+0.0000,+0.0000,+0.0000,+0.0000
391,1.00,1,True,0.0%,0.0%,0.0%,inf,1.4,9.14,0.000,1.0000,0.0000,0.0000,+0.0000,+0.0000,+1.0000,+0.0000,+0.0000,+0.0000,-0.0025,+0.0000,+0.0000,+0.0000,+0.0000,+0.0000,+0.0000,+1.0000,+0.0000,+0.0000,+0.0000,-0.1003,+0.0000,+0.0000,+0.0000,+0.0000
392,1.00,1,True,0.0%,0.0%,0.0%,inf,1.2,7.56,0.000,1.0000,0.0000,0.0000,+0.0000,+0.0000,+1.0000,+0.0000,+0.0000,+0.0000,-0.0025,+0.0000,+0.0000,+0.0000,+0.0000,+0.0000,+0.0000,+1.0000,+0.0000,+0.0000,+0.0000,-0.1003,+0.0000,+0.0000,+0.0000,+0.0000
393,0.88,38,True,0.0%,0.0%,0.0%,0.01,1.3,9.64,6.515,0.9912,0.9474,0.9028,+0.0000,+0.0000,+1.0000,+0.0000,+0.0000,-0.1000,+0.0002,-0.0177,+0.0000,+0.0000,+0.0000,+0.0000,+0.0000,+1.0000,+0.0000,+0.0000,+1.0000,+0.0091,+2.3593,+3.8000,+0.0000,+0.0000
394,-2.73,90,False,0.0%,0.0%,0.0%,0.09,1.3,9.87,6.838,0.9000,0.9444,0.6182,+0.0000,+0.0000,+0.0000,+0.0000,+0.0000,-2.7000,+0.0005,-0.0325,+0.0000,+0.0000,+0.0000,+0.0000,+0.0000,+0.0000,+0.0000,+0.0000,+27.0000,+0.0205,+4.3380,+9.0000,+0.0000,+0.0000
395,-0.03,90,False,0.0%,0.0%,0.0%,0.27,1.1,9.84,0.196,1.0000,1.0000,0.9933,+0.0000,+0.0000,+0.0000,+0.0000,+0.0000,+0.0000,+0.0006,-0.0294,+0.0000,+0.0000,+0.0000,+0.0000,+0.0000,+0.0000,+0.0000,+0.0000,+0.0000,+0.0224,+3.9236,+9.0000,+0.0000,+0.0000
396,-3.46,19,False,0.0%,0.0%,100.0%,0.28,1.6,8.45,10.143,0.9474,0.0000,0.5798,+0.0000,-3.0000,+0.0000,+0.0000,+0.0000,-0.3000,-0.1496,-0.0076,+0.0000,+0.0000,+0.0000,+0.0000,+1.0000,+0.0000,+0.0000,+0.0000,+3.0000,-5.9857,+1.0118,+1.9000,+0.0000,+0.0000
397,1.00,1,True,0.0%,0.0%,0.0%,inf,1.1,6.48,0.000,1.0000,0.0000,0.0000,+0.0000,+0.0000,+1.0000,+0.0000,+0.0000,+0.0000,-0.0025,+0.0000,+0.0000,+0.0000,+0.0000,+0.0000,+0.0000,+1.0000,+0.0000,+0.0000,+0.0000,-0.1003,+0.0000,+0.0000,+0.0000,+0.0000
399,-0.61,90,False,0.0%,0.0%,0.0%,0.02,0.5,5.91,2.631,0.9815,0.9889,0.4077,+0.0000,+0.0000,+0.0000,+0.0000,+0.0000,-0.5000,+0.0005,-0.0916,+0.0000,-0.0233,+0.0000,+0.0000,+0.0000,+0.0000,+0.0000,+0.0000,+5.0000,+0.0208,+12.2169,+9.0000,+3.1000,+0.0000
400,0.10,24,True,0.0%,0.0%,0.0%,0.01,0.7,5.31,14.625,0.9861,1.0000,0.8941,+0.0000,+0.0000,+1.0000,+0.0000,+0.0000,-0.1000,+0.0001,-0.0041,+0.0000,+0.0000,-0.8000,+0.0000,+0.0000,+1.0000,+0.0000,+0.0000,+1.0000,+0.0060,+0.5432,+2.4000,+0.0000,+8.0000
402,1.00,1,True,0.0%,0.0%,0.0%,inf,1.0,5.66,0.000,1.0000,0.0000,0.0000,+0.0000,+0.0000,+1.0000,+0.0000,+0.0000,+0.0000,-0.0025,+0.0000,+0.0000,+0.0000,+0.0000,+0.0000,+0.0000,+1.0000,+0.0000,+0.0000,+0.0000,-0.1003,+0.0000,+0.0000,+0.0000,+0.0000
406,-0.04,90,False,0.0%,0.0%,0.0%,0.33,0.9,7.17,3.184,1.0000,0.9667,0.9378,+0.0000,+0.0000,+0.0000,+0.0000,+0.0000,+0.0000,+0.0005,-0.0385,+0.0000,+0.0000,+0.0000,+0.0000,+0.0000,+0.0000,+0.0000,+0.0000,+0.0000,+0.0220,+5.1387,+9.0000,+0.0000,+0.0000
407,0.89,25,True,0.0%,0.0%,0.0%,0.01,0.6,5.31,12.748,0.9867,1.0000,0.8743,+0.0000,+0.0000,+1.0000,+0.0000,+0.0000,-0.1000,+0.0002,-0.0128,+0.0000,+0.0000,+0.0000,+0.0000,+0.0000,+1.0000,+0.0000,+0.0000,+1.0000,+0.0062,+1.7037,+2.5000,+0.0000,+0.0000
408,-3.22,41,False,0.0%,0.0%,100.0%,0.42,0.5,5.57,5.372,0.9837,0.9756,0.8056,+0.0000,-3.0000,+0.0000,+0.0000,+0.0000,-0.2000,-0.0087,-0.0088,+0.0000,+0.0000,+0.0000,+0.0000,+1.0000,+0.0000,+0.0000,+0.0000,+2.0000,-0.3483,+1.1770,+4.1000,+0.0000,+0.0000
410,-0.34,47,True,0.0%,0.0%,0.0%,0.01,1.3,6.24,8.722,0.9078,1.0000,0.5065,+0.0000,+0.0000,+1.0000,+0.0000,+0.0000,-1.3000,+0.0003,-0.0366,+0.0000,+0.0000,+0.0000,+0.0000,+0.0000,+1.0000,+0.0000,+0.0000,+13.0000,+0.0104,+4.8858,+4.7000,+0.0000,+0.0000
411,1.00,1,True,0.0%,0.0%,0.0%,inf,1.1,5.69,0.000,1.0000,0.0000,0.0000,+0.0000,+0.0000,+1.0000,+0.0000,+0.0000,+0.0000,-0.0025,+0.0000,+0.0000,+0.0000,+0.0000,+0.0000,+0.0000,+1.0000,+0.0000,+0.0000,+0.0000,-0.1003,+0.0000,+0.0000,+0.0000,+0.0000
412,0.50,3,True,0.0%,0.0%,0.0%,0.02,0.9,6.54,18.513,0.7778,1.0000,0.9913,+0.0000,+0.0000,+1.0000,+0.0000,+0.0000,-0.2000,+0.0000,-0.0011,+0.0000,+0.0000,-0.3000,+0.0000,+0.0000,+1.0000,+0.0000,+0.0000,+2.0000,+0.0007,+0.1405,+0.3000,+0.0000,+3.0000
413,-0.06,90,False,0.0%,0.0%,0.0%,0.16,0.5,5.07,7.775,1.0000,0.9444,0.8473,+0.0000,+0.0000,+0.0000,+0.0000,+0.0000,+0.0000,-0.0109,-0.0506,+0.0000,+0.0000,+0.0000,+0.0000,+0.0000,+0.0000,+0.0000,+0.0000,+0.0000,-0.4375,+6.7523,+9.0000,+0.0000,+0.0000
414,-0.21,90,False,0.0%,0.0%,0.0%,0.29,1.0,6.80,0.062,0.9926,1.0000,0.8802,+0.0000,+0.0000,+0.0000,+0.0000,+0.0000,-0.2000,+0.0006,-0.0133,+0.0000,+0.0000,+0.0000,+0.0000,+0.0000,+0.0000,+0.0000,+0.0000,+2.0000,+0.0221,+1.7726,+9.0000,+0.0000,+0.0000
415,1.00,1,True,0.0%,0.0%,0.0%,inf,0.9,5.01,0.000,1.0000,0.0000,0.0000,+0.0000,+0.0000,+1.0000,+0.0000,+0.0000,+0.0000,-0.0025,+0.0000,+0.0000,+0.0000,+0.0000,+0.0000,+0.0000,+1.0000,+0.0000,+0.0000,+0.0000,-0.1003,+0.0000,+0.0000,+0.0000,+0.0000
416,1.00,1,True,0.0%,0.0%,0.0%,inf,1.5,5.28,0.000,1.0000,0.0000,0.0000,+0.0000,+0.0000,+1.0000,+0.0000,+0.0000,+0.0000,-0.0025,+0.0000,+0.0000,+0.0000,+0.0000,+0.0000,+0.0000,+1.0000,+0.0000,+0.0000,+0.0000,-0.1003,+0.0000,+0.0000,+0.0000,+0.0000
417,0.88,41,True,0.0%,0.0%,0.0%,0.01,0.6,5.52,4.205,0.9919,1.0000,0.8326,+0.0000,+0.0000,+1.0000,+0.0000,+0.0000,-0.1000,+0.0003,-0.0246,+0.0000,+0.0000,+0.0000,+0.0000,+0.0000,+1.0000,+0.0000,+0.0000,+1.0000,+0.0101,+3.2749,+4.1000,+0.0000,+0.0000
418,-3.97,89,False,0.0%,0.0%,100.0%,0.16,0.6,5.35,10.105,0.9925,1.0000,0.7196,+0.0000,-3.0000,+0.0000,+0.0000,+0.0000,-0.2000,+0.0006,-0.0677,+0.0000,+0.0000,-0.7000,+0.0000,+1.0000,+0.0000,+0.0000,+0.0000,+2.0000,+0.0221,+9.0223,+8.9000,+0.0000,+7.0000
423,1.00,1,True,0.0%,0.0%,0.0%,inf,0.9,5.00,0.000,1.0000,0.0000,0.0000,+0.0000,+0.0000,+1.0000,+0.0000,+0.0000,+0.0000,-0.0025,+0.0000,+0.0000,+0.0000,+0.0000,+0.0000,+0.0000,+1.0000,+0.0000,+0.0000,+0.0000,-0.1003,+0.0000,+0.0000,+0.0000,+0.0000
425,1.00,1,True,0.0%,0.0%,0.0%,inf,1.1,5.04,0.000,1.0000,0.0000,0.0000,+0.0000,+0.0000,+1.0000,+0.0000,+0.0000,+0.0000,-0.0025,+0.0000,+0.0000,+0.0000,+0.0000,+0.0000,+0.0000,+1.0000,+0.0000,+0.0000,+0.0000,-0.1003,+0.0000,+0.0000,+0.0000,+0.0000
426,-4.23,42,False,100.0%,100.0%,0.0%,0.31,1.0,5.86,9.814,0.9841,0.8095,0.7176,-3.9814,+0.0000,+0.0000,+0.0000,+0.0000,-0.2000,-0.0136,-0.0303,+0.0000,+0.0000,+0.0000,+1.0000,+0.0000,+0.0000,+0.0000,+0.0000,+2.0000,-0.5439,+4.0461,+4.2000,+0.0000,+0.0000
427,-0.04,90,False,0.0%,0.0%,0.0%,0.20,1.0,6.89,4.708,1.0000,0.7667,0.8364,+0.0000,+0.0000,+0.0000,+0.0000,+0.0000,+0.0000,-0.0350,-0.0024,+0.0000,+0.0000,+0.0000,+0.0000,+0.0000,+0.0000,+0.0000,+0.0000,+0.0000,-1.3995,+0.3163,+9.0000,+0.0000,+0.0000
428,1.00,1,True,0.0%,0.0%,0.0%,inf,1.2,5.33,0.000,0.6667,1.0000,0.9897,+0.0000,+0.0000,+1.0000,+0.0000,+0.0000,+0.0000,+0.0000,+0.0000,+0.0000,+0.0000,+0.0000,+0.0000,+0.0000,+1.0000,+0.0000,+0.0000,+1.0000,+0.0002,-0.0060,+0.1000,+0.0000,+0.0000
429,-1.09,90,False,0.0%,0.0%,0.0%,0.39,0.9,6.83,7.744,1.0000,0.2556,0.7716,+0.0000,+0.0000,+0.0000,+0.0000,+0.0000,+0.0000,-1.0859,-0.0042,+0.0000,+0.0000,+0.0000,+0.0000,+0.0000,+0.0000,+0.0000,+0.0000,+0.0000,-43.4340,+0.5665,+9.0000,+0.0000,+0.0000
430,-0.03,90,False,0.0%,0.0%,0.0%,0.26,0.7,6.48,0.522,1.0000,1.0000,0.9830,+0.0000,+0.0000,+0.0000,+0.0000,+0.0000,+0.0000,+0.0006,-0.0328,+0.0000,+0.0000,+0.0000,+0.0000,+0.0000,+0.0000,+0.0000,+0.0000,+0.0000,+0.0224,+4.3701,+9.0000,+0.0000,+0.0000
431,1.00,1,True,0.0%,0.0%,0.0%,inf,1.1,6.81,0.000,1.0000,0.0000,0.0000,+0.0000,+0.0000,+1.0000,+0.0000,+0.0000,+0.0000,-0.0025,+0.0000,+0.0000,+0.0000,+0.0000,+0.0000,+0.0000,+1.0000,+0.0000,+0.0000,+0.0000,-0.1003,+0.0000,+0.0000,+0.0000,+0.0000
435,1.00,1,True,0.0%,0.0%,0.0%,inf,1.0,4.78,0.000,1.0000,0.0000,0.0000,+0.0000,+0.0000,+1.0000,+0.0000,+0.0000,+0.0000,-0.0025,+0.0000,+0.0000,+0.0000,+0.0000,+0.0000,+0.0000,+1.0000,+0.0000,+0.0000,+0.0000,-0.1003,+0.0000,+0.0000,+0.0000,+0.0000
438,-4.01,8,False,100.0%,100.0%,0.0%,0.50,1.0,5.36,9.679,0.9583,1.0000,0.8111,-3.9080,+0.0000,+0.0000,+0.0000,+0.0000,-0.1000,+0.0000,-0.0051,+0.0000,+0.0000,+0.0000,+1.0000,+0.0000,+0.0000,+0.0000,+0.0000,+1.0000,+0.0020,+0.6749,+0.8000,+0.0000,+0.0000
440,-0.06,39,False,100.0%,100.0%,0.0%,0.02,1.0,6.35,2.662,0.8376,0.9231,0.7092,-0.0641,+0.0000,+0.0000,+0.0000,+0.0000,+0.0000,+0.0000,+0.0000,+0.0000,+0.0000,+0.0000,+1.0000,+0.0000,+0.0000,+0.0000,+0.0000,+19.0000,-0.5112,+2.0226,+3.9000,+0.0000,+0.0000
442,0.00,1,False,0.0%,0.0%,0.0%,inf,1.2,5.29,0.000,1.0000,0.0000,1.0000,+0.0000,+0.0000,+0.0000,+0.0000,+0.0000,+0.0000,+0.0000,+0.0000,+0.0000,+0.0000,+0.0000,+0.0000,+0.0000,+0.0000,+0.0000,+0.0000,+0.0000,+0.0000,+0.0000,+0.0000,+0.0000,+0.0000
443,1.00,1,True,0.0%,0.0%,0.0%,inf,1.1,5.41,0.001,1.0000,1.0000,0.8355,+0.0000,+0.0000,+1.0000,+0.0000,+0.0000,+0.0000,+0.0000,-0.0001,+0.0000,-0.0008,+0.0000,+0.0000,+0.0000,+1.0000,+0.0000,+0.0000,+0.0000,+0.0002,+0.0102,+0.1000,+0.1000,+0.0000
444,-4.27,17,False,100.0%,100.0%,0.0%,0.42,1.0,6.39,8.655,0.9608,0.0000,0.8318,-3.8655,+0.0000,+0.0000,+0.0000,+0.0000,-0.2000,-0.2073,-0.0009,+0.0000,+0.0000,+0.0000,+1.0000,+0.0000,+0.0000,+0.0000,+0.0000,+2.0000,-8.2912,+0.1227,+1.7000,+0.0000,+0.0000
447,1.00,1,True,0.0%,0.0%,0.0%,inf,0.9,4.95,0.056,1.0000,1.0000,0.8236,+0.0000,+0.0000,+1.0000,+0.0000,+0.0000,+0.0000,+0.0000,-0.0001,+0.0000,+0.0000,+0.0000,+0.0000,+0.0000,+1.0000,+0.0000,+0.0000,+0.0000,+0.0002,+0.0076,+0.1000,+0.0000,+0.0000
450,-0.07,90,False,0.0%,0.0%,0.0%,0.29,1.0,7.79,7.256,1.0000,0.5333,0.6951,+0.0000,+0.0000,+0.0000,+0.0000,+0.0000,+0.0000,-0.0578,-0.0118,+0.0000,+0.0000,+0.0000,+0.0000,+0.0000,+0.0000,+0.0000,+0.0000,+0.0000,-2.3136,+1.5680,+9.0000,+0.0000,+0.0000
451,0.65,71,True,0.0%,0.0%,0.0%,0.01,1.1,7.14,5.088,0.9859,0.9718,0.7780,+0.0000,+0.0000,+1.0000,+0.0000,+0.0000,-0.3000,+0.0004,-0.0474,+0.0000,+0.0000,+0.0000,+0.0000,+0.0000,+1.0000,+0.0000,+0.0000,+3.0000,+0.0172,+6.3206,+7.1000,+0.0000,+0.0000
453,-0.66,90,False,0.0%,0.0%,0.0%,0.06,1.1,7.43,8.031,0.9778,0.8889,0.8894,+0.0000,+0.0000,+0.0000,+0.0000,+0.0000,-0.6000,-0.0403,-0.0191,+0.0000,+0.0000,+0.0000,+0.0000,+0.0000,+0.0000,+0.0000,+0.0000,+6.0000,-1.6125,+2.5413,+9.0000,+0.0000,+0.0000
454,1.00,1,True,0.0%,0.0%,0.0%,inf,1.2,5.48,0.000,1.0000,0.0000,0.0000,+0.0000,+0.0000,+1.0000,+0.0000,+0.0000,+0.0000,-0.0025,+0.0000,+0.0000,+0.0000,+0.0000,+0.0000,+0.0000,+1.0000,+0.0000,+0.0000,+0.0000,-0.1003,+0.0000,+0.0000,+0.0000,+0.0000
457,-0.36,90,False,0.0%,0.0%,0.0%,0.32,0.9,8.44,5.712,0.9889,0.9889,0.5640,+0.0000,+0.0000,+0.0000,+0.0000,+0.0000,-0.3000,-0.0050,-0.0503,+0.0000,+0.0000,+0.0000,+0.0000,+0.0000,+0.0000,+0.0000,+0.0000,+3.0000,-0.1980,+6.7005,+9.0000,+0.0000,+0.0000
459,1.00,1,True,0.0%,0.0%,0.0%,inf,1.0,5.33,0.000,1.0000,0.0000,0.0000,+0.0000,+0.0000,+1.0000,+0.0000,+0.0000,+0.0000,-0.0025,+0.0000,+0.0000,+0.0000,+0.0000,+0.0000,+0.0000,+1.0000,+0.0000,+0.0000,+0.0000,-0.1003,+0.0000,+0.0000,+0.0000,+0.0000
460,0.00,1,False,0.0%,0.0%,0.0%,inf,1.2,5.56,0.000,1.0000,0.0000,1.0000,+0.0000,+0.0000,+0.0000,+0.0000,+0.0000,+0.0000,+0.0000,+0.0000,+0.0000,+0.0000,+0.0000,+0.0000,+0.0000,+0.0000,+0.0000,+0.0000,+0.0000,+0.0000,+0.0000,+0.0000,+0.0000,+0.0000
461,-0.24,90,False,0.0%,0.0%,0.0%,0.25,1.0,8.09,1.750,0.9926,1.0000,0.9035,+0.0000,+0.0000,+0.0000,+0.0000,+0.0000,-0.2000,+0.0006,-0.0440,+0.0000,+0.0000,+0.0000,+0.0000,+0.0000,+0.0000,+0.0000,+0.0000,+2.0000,+0.0222,+5.8643,+9.0000,+0.0000,+0.0000
465,0.00,1,False,0.0%,0.0%,0.0%,inf,1.2,5.66,0.000,1.0000,0.0000,1.0000,+0.0000,+0.0000,+0.0000,+0.0000,+0.0000,+0.0000,+0.0000,+0.0000,+0.0000,+0.0000,+0.0000,+0.0000,+0.0000,+0.0000,+0.0000,+0.0000,+0.0000,+0.0000,+0.0000,+0.0000,+0.0000,+0.0000
467,0.87,50,True,0.0%,0.0%,0.0%,0.01,0.9,5.38,6.693,0.9933,0.8000,0.7367,+0.0000,+0.0000,+1.0000,+0.0000,+0.0000,-0.1000,+0.0003,-0.0309,+0.0000,+0.0000,+0.0000,+0.0000,+0.0000,+1.0000,+0.0000,+0.0000,+1.0000,+0.0117,+4.1155,+5.0000,+0.0000,+0.0000
469,1.00,1,True,0.0%,0.0%,0.0%,inf,1.2,5.11,0.000,1.0000,0.0000,0.0000,+0.0000,+0.0000,+1.0000,+0.0000,+0.0000,+0.0000,-0.0025,+0.0000,+0.0000,+0.0000,+0.0000,+0.0000,+0.0000,+1.0000,+0.0000,+0.0000,+0.0000,-0.1003,+0.0000,+0.0000,+0.0000,+0.0000
470,-3.70,86,False,100.0%,100.0%,0.0%,0.01,1.3,7.27,9.228,0.9884,0.9884,0.8270,-3.3653,+0.0000,+0.0000,+0.0000,+0.0000,-0.3000,+0.0005,-0.0329,+0.0000,+0.0000,+0.0000,+1.0000,+0.0000,+0.0000,+0.0000,+0.0000,+3.0000,+0.0207,+4.3862,+8.6000,+0.0000,+0.0000
473,-0.73,90,False,0.0%,0.0%,0.0%,0.05,0.9,6.95,10.363,0.9741,1.0000,0.5770,+0.0000,+0.0000,+0.0000,+0.0000,+0.0000,-0.7000,+0.0006,-0.0260,+0.0000,+0.0000,+0.0000,+0.0000,+0.0000,+0.0000,+0.0000,+0.0000,+7.0000,+0.0223,+3.4719,+9.0000,+0.0000,+0.0000
474,-0.42,90,False,0.0%,0.0%,0.0%,0.50,0.8,5.94,4.721,0.9852,0.9222,0.8386,+0.0000,+0.0000,+0.0000,+0.0000,+0.0000,-0.4000,-0.0114,-0.0065,+0.0000,+0.0000,+0.0000,+0.0000,+0.0000,+0.0000,+0.0000,+0.0000,+4.0000,-0.4543,+0.8642,+9.0000,+0.0000,+0.0000
475,-0.05,90,False,0.0%,0.0%,0.0%,0.08,0.5,5.64,1.901,1.0000,1.0000,0.8478,+0.0000,+0.0000,+0.0000,+0.0000,+0.0000,+0.0000,+0.0006,-0.0518,+0.0000,+0.0000,+0.0000,+0.0000,+0.0000,+0.0000,+0.0000,+0.0000,+0.0000,+0.0225,+6.9068,+9.0000,+0.0000,+0.0000
477,0.00,1,False,0.0%,0.0%,0.0%,inf,0.9,4.81,6.842,1.0000,0.0000,1.0000,+0.0000,+0.0000,+0.0000,+0.0000,+0.0000,+0.0000,+0.0000,+0.0000,+0.0000,+0.0000,+0.0000,+0.0000,+0.0000,+0.0000,+0.0000,+0.0000,+0.0000,+0.0000,+0.0000,+0.0000,+0.0000,+0.0000
478,1.00,1,True,0.0%,0.0%,0.0%,inf,0.9,4.78,0.000,1.0000,1.0000,0.7777,+0.0000,+0.0000,+1.0000,+0.0000,+0.0000,+0.0000,+0.0000,+0.0000,+0.0000,+0.0000,+0.0000,+0.0000,+0.0000,+1.0000,+0.0000,+0.0000,+0.0000,+0.0002,-0.0023,+0.0000,+0.0000,+0.0000
479,1.00,1,True,0.0%,0.0%,0.0%,inf,0.9,4.78,0.000,1.0000,1.0000,0.8868,+0.0000,+0.0000,+1.0000,+0.0000,+0.0000,+0.0000,+0.0000,-0.0002,+0.0000,+0.0000,+0.0000,+0.0000,+0.0000,+1.0000,+0.0000,+0.0000,+0.0000,+0.0002,+0.0211,+0.0000,+0.0000,+0.0000
480,1.00,1,True,0.0%,0.0%,0.0%,inf,1.1,4.74,0.000,1.0000,0.0000,0.0000,+0.0000,+0.0000,+1.0000,+0.0000,+0.0000,+0.0000,-0.0025,+0.0000,+0.0000,+0.0000,+0.0000,+0.0000,+0.0000,+1.0000,+0.0000,+0.0000,+0.0000,-0.1003,+0.0000,+0.0000,+0.0000,+0.0000
482,-3.23,44,False,0.0%,0.0%,100.0%,0.27,0.9,5.86,2.920,0.9848,0.9773,0.5476,+0.0000,-3.0000,+0.0000,+0.0000,+0.0000,-0.2000,+0.0002,-0.0302,+0.0000,+0.0000,+0.0000,+0.0000,+1.0000,+0.0000,+0.0000,+0.0000,+2.0000,+0.0094,+4.0281,+4.4000,+0.0000,+0.0000
483,-0.09,90,False,0.0%,0.0%,0.0%,0.06,0.5,5.67,3.737,1.0000,1.0000,0.4475,+0.0000,+0.0000,+0.0000,+0.0000,+0.0000,+0.0000,+0.0005,-0.0941,+0.0000,+0.0000,+0.0000,+0.0000,+0.0000,+0.0000,+0.0000,+0.0000,+0.0000,+0.0213,+12.5520,+9.0000,+0.0000,+0.0000
484,1.00,1,True,0.0%,0.0%,0.0%,inf,0.9,4.73,0.000,1.0000,0.0000,0.0000,+0.0000,+0.0000,+1.0000,+0.0000,+0.0000,+0.0000,-0.0025,+0.0000,+0.0000,+0.0000,+0.0000,+0.0000,+0.0000,+1.0000,+0.0000,+0.0000,+0.0000,-0.1003,+0.0000,+0.0000,+0.0000,+0.0000
488,-0.47,90,False,0.0%,0.0%,0.0%,0.17,0.8,6.02,2.942,0.9889,0.4556,0.7276,+0.0000,+0.0000,+0.0000,+0.0000,+0.0000,-0.3000,-0.1534,-0.0188,+0.0000,-0.0023,+0.0000,+0.0000,+0.0000,+0.0000,+0.0000,+0.0000,+3.0000,-6.1350,+2.5039,+9.0000,+0.3000,+0.0000
489,-0.27,90,False,0.0%,0.0%,0.0%,0.23,0.7,7.14,6.922,0.9926,0.7444,0.5842,+0.0000,+0.0000,+0.0000,+0.0000,+0.0000,-0.2000,-0.0459,-0.0262,+0.0000,+0.0000,+0.0000,+0.0000,+0.0000,+0.0000,+0.0000,+0.0000,+2.0000,-1.8340,+3.4949,+9.0000,+0.0000,+0.0000
490,-0.25,90,False,0.0%,0.0%,0.0%,0.17,0.9,6.72,5.664,0.9926,0.8556,0.8530,+0.0000,+0.0000,+0.0000,+0.0000,+0.0000,-0.2000,-0.0292,-0.0215,+0.0000,+0.0000,+0.0000,+0.0000,+0.0000,+0.0000,+0.0000,+0.0000,+2.0000,-1.1671,+2.8670,+9.0000,+0.0000,+0.0000
491,0.90,1,True,0.0%,0.0%,0.0%,inf,0.9,5.13,0.523,0.6667,0.0000,0.0000,+0.0000,+0.0000,+1.0000,+0.0000,+0.0000,-0.1000,-0.0038,+0.0000,+0.0000,-0.0008,+0.0000,+0.0000,+0.0000,+1.0000,+0.0000,+0.0000,+1.0000,-0.1526,+0.0000,+0.1000,+0.1000,+0.0000
494,-0.10,90,False,0.0%,0.0%,0.0%,0.20,2.4,6.94,6.315,1.0000,0.8444,0.8865,+0.0000,+0.0000,+0.0000,+0.0000,+0.0000,+0.0000,-0.0624,-0.0385,+0.0000,+0.0000,+0.0000,+0.0000,+0.0000,+0.0000,+0.0000,+0.0000,+0.0000,-2.4974,+5.1394,+9.0000,+0.0000,+0.0000
495,1.00,1,True,0.0%,0.0%,0.0%,inf,1.1,4.88,0.000,1.0000,0.0000,0.0000,+0.0000,+0.0000,+1.0000,+0.0000,+0.0000,+0.0000,-0.0025,+0.0000,+0.0000,+0.0000,+0.0000,+0.0000,+0.0000,+1.0000,+0.0000,+0.0000,+0.0000,-0.1003,+0.0000,+0.0000,+0.0000,+0.0000
496,-0.31,11,True,0.0%,0.0%,0.0%,0.01,0.8,5.55,15.669,0.9091,1.0000,0.8600,+0.0000,+0.0000,+1.0000,+0.0000,+0.0000,-0.3000,+0.0001,-0.0061,+0.0000,+0.0000,-1.0000,+0.0000,+0.0000,+1.0000,+0.0000,+0.0000,+3.0000,+0.0027,+0.8164,+1.1000,+0.0000,+10.0000
498,0.85,68,True,0.0%,0.0%,0.0%,0.01,0.6,5.75,7.705,0.9951,0.8971,0.9473,+0.0000,+0.0000,+1.0000,+0.0000,+0.0000,-0.1000,-0.0298,-0.0175,+0.0000,+0.0000,+0.0000,+0.0000,+0.0000,+1.0000,+0.0000,+0.0000,+1.0000,-1.1919,+2.3329,+6.8000,+0.0000,+0.0000
499,1.00,1,True,0.0%,0.0%,0.0%,inf,1.2,5.27,0.000,1.0000,1.0000,0.7564,+0.0000,+0.0000,+1.0000,+0.0000,+0.0000,+0.0000,+0.0000,-0.0007,+0.0000,+0.0000,+0.0000,+0.0000,+0.0000,+1.0000,+0.0000,+0.0000,+0.0000,+0.0002,+0.0957,+0.0000,+0.0000,+0.0000
501,0.00,1,False,0.0%,0.0%,0.0%,inf,0.9,4.98,0.000,1.0000,0.0000,1.0000,+0.0000,+0.0000,+0.0000,+0.0000,+0.0000,+0.0000,+0.0000,+0.0000,+0.0000,+0.0000,+0.0000,+0.0000,+0.0000,+0.0000,+0.0000,+0.0000,+0.0000,+0.0000,+0.0000,+0.0000,+0.0000,+0.0000
503,1.00,1,True,0.0%,0.0%,0.0%,inf,0.9,4.78,0.000,1.0000,0.0000,0.0000,+0.0000,+0.0000,+1.0000,+0.0000,+0.0000,+0.0000,-0.0025,+0.0000,+0.0000,+0.0000,+0.0000,+0.0000,+0.0000,+1.0000,+0.0000,+0.0000,+0.0000,-0.1003,+0.0000,+0.0000,+0.0000,+0.0000
504,-0.42,90,False,0.0%,0.0%,0.0%,0.30,0.7,6.22,9.426,0.9926,0.9556,0.8100,+0.0000,+0.0000,+0.0000,+0.0000,+0.0000,-0.2000,-0.0193,-0.0025,+0.0000,+0.0000,-0.2000,+0.0000,+0.0000,+0.0000,+0.0000,+0.0000,+2.0000,-0.7701,+0.3348,+9.0000,+0.0000,+2.0000
506,0.87,59,True,0.0%,0.0%,0.0%,0.01,1.0,4.99,8.653,0.9944,1.0000,0.8383,+0.0000,+0.0000,+1.0000,+0.0000,+0.0000,-0.1000,+0.0004,-0.0347,+0.0000,+0.0000,+0.0000,+0.0000,+0.0000,+1.0000,+0.0000,+0.0000,+1.0000,+0.0146,+4.6257,+5.9000,+0.0000,+0.0000
509,0.46,78,True,0.0%,0.0%,0.0%,0.01,0.7,6.20,7.837,0.9786,0.8974,0.7051,+0.0000,+0.0000,+1.0000,+0.0000,+0.0000,-0.5000,-0.0071,-0.0284,+0.0000,+0.0000,+0.0000,+0.0000,+0.0000,+1.0000,+0.0000,+0.0000,+5.0000,-0.2855,+3.7871,+7.8000,+0.0000,+0.0000
510,-0.20,90,False,0.0%,0.0%,0.0%,0.31,0.8,6.09,6.894,0.9926,0.8000,0.7828,+0.0000,+0.0000,+0.0000,+0.0000,+0.0000,-0.2000,+0.0006,+0.0008,+0.0000,+0.0000,+0.0000,+0.0000,+0.0000,+0.0000,+0.0000,+0.0000,+2.0000,+0.0224,-0.1058,+9.0000,+0.0000,+0.0000
512,0.00,1,False,0.0%,0.0%,0.0%,inf,0.9,4.81,0.000,1.0000,0.0000,1.0000,+0.0000,+0.0000,+0.0000,+0.0000,+0.0000,+0.0000,+0.0000,+0.0000,+0.0000,+0.0000,+0.0000,+0.0000,+0.0000,+0.0000,+0.0000,+0.0000,+0.0000,+0.0000,+0.0000,+0.0000,+0.0000,+0.0000
513,1.00,1,True,0.0%,0.0%,0.0%,inf,0.9,4.69,0.000,1.0000,0.0000,0.0000,+0.0000,+0.0000,+1.0000,+0.0000,+0.0000,+0.0000,-0.0025,+0.0000,+0.0000,+0.0000,+0.0000,+0.0000,+0.0000,+1.0000,+0.0000,+0.0000,+0.0000,-0.1003,+0.0000,+0.0000,+0.0000,+0.0000
515,0.79,21,True,0.0%,0.0%,0.0%,0.01,0.7,5.03,9.608,0.9683,1.0000,0.9591,+0.0000,+0.0000,+1.0000,+0.0000,+0.0000,-0.2000,+0.0001,-0.0057,+0.0000,+0.0000,+0.0000,+0.0000,+0.0000,+1.0000,+0.0000,+0.0000,+2.0000,+0.0052,+0.7641,+2.1000,+0.0000,+0.0000
520,-0.38,90,False,0.0%,0.0%,0.0%,0.24,0.8,6.85,5.128,0.9889,0.8111,0.8491,+0.0000,+0.0000,+0.0000,+0.0000,+0.0000,-0.3000,-0.0336,-0.0489,+0.0000,+0.0000,+0.0000,+0.0000,+0.0000,+0.0000,+0.0000,+0.0000,+3.0000,-1.3440,+6.5181,+9.0000,+0.0000,+0.0000
522,-0.21,90,False,0.0%,0.0%,0.0%,0.37,0.6,5.60,1.353,0.9926,0.3000,0.8343,+0.0000,+0.0000,+0.0000,+0.0000,+0.0000,-0.2000,+0.0006,-0.0067,+0.0000,+0.0000,+0.0000,+0.0000,+0.0000,+0.0000,+0.0000,+0.0000,+2.0000,+0.0224,+0.8910,+9.0000,+0.0000,+0.0000
524,1.00,1,True,0.0%,0.0%,0.0%,inf,0.8,4.73,0.000,1.0000,0.0000,0.0000,+0.0000,+0.0000,+1.0000,+0.0000,+0.0000,+0.0000,-0.0025,+0.0000,+0.0000,+0.0000,+0.0000,+0.0000,+0.0000,+1.0000,+0.0000,+0.0000,+0.0000,-0.1003,+0.0000,+0.0000,+0.0000,+0.0000
525,0.00,1,False,0.0%,0.0%,0.0%,inf,1.0,4.95,0.000,1.0000,0.0000,1.0000,+0.0000,+0.0000,+0.0000,+0.0000,+0.0000,+0.0000,+0.0000,+0.0000,+0.0000,+0.0000,+0.0000,+0.0000,+0.0000,+0.0000,+0.0000,+0.0000,+0.0000,+0.0000,+0.0000,+0.0000,+0.0000,+0.0000
526,-0.02,90,False,0.0%,0.0%,0.0%,0.43,0.6,5.83,3.838,1.0000,0.8778,0.8994,+0.0000,+0.0000,+0.0000,+0.0000,+0.0000,+0.0000,-0.0089,-0.0143,+0.0000,+0.0000,+0.0000,+0.0000,+0.0000,+0.0000,+0.0000,+0.0000,+0.0000,-0.3564,+1.9043,+9.0000,+0.0000,+0.0000
527,-0.10,90,False,0.0%,0.0%,0.0%,0.27,0.6,6.56,7.730,1.0000,0.9333,0.9401,+0.0000,+0.0000,+0.0000,+0.0000,+0.0000,+0.0000,-0.0645,-0.0362,+0.0000,+0.0000,+0.0000,+0.0000,+0.0000,+0.0000,+0.0000,+0.0000,+0.0000,-2.5808,+4.8319,+9.0000,+0.0000,+0.0000
528,-0.04,90,False,0.0%,0.0%,0.0%,0.22,0.6,6.65,5.684,1.0000,0.8556,0.9303,+0.0000,+0.0000,+0.0000,+0.0000,+0.0000,+0.0000,-0.0204,-0.0181,+0.0000,+0.0000,+0.0000,+0.0000,+0.0000,+0.0000,+0.0000,+0.0000,+0.0000,-0.8163,+2.4126,+9.0000,+0.0000,+0.0000
529,1.00,1,True,0.0%,0.0%,0.0%,inf,0.8,4.68,0.038,1.0000,1.0000,0.6485,+0.0000,+0.0000,+1.0000,+0.0000,+0.0000,+0.0000,+0.0000,-0.0001,+0.0000,-0.0008,+0.0000,+0.0000,+0.0000,+1.0000,+0.0000,+0.0000,+0.0000,+0.0002,+0.0136,+0.1000,+0.1000,+0.0000
532,0.90,19,True,0.0%,0.0%,0.0%,0.01,0.5,4.71,7.682,0.9825,1.0000,0.9105,+0.0000,+0.0000,+1.0000,+0.0000,+0.0000,-0.1000,+0.0001,-0.0037,+0.0000,+0.0000,+0.0000,+0.0000,+0.0000,+1.0000,+0.0000,+0.0000,+1.0000,+0.0047,+0.4962,+1.9000,+0.0000,+0.0000
534,0.00,1,False,0.0%,0.0%,0.0%,inf,0.8,4.67,0.000,1.0000,0.0000,1.0000,+0.0000,+0.0000,+0.0000,+0.0000,+0.0000,+0.0000,+0.0000,+0.0000,+0.0000,+0.0000,+0.0000,+0.0000,+0.0000,+0.0000,+0.0000,+0.0000,+0.0000,+0.0000,+0.0000,+0.0000,+0.0000,+0.0000
535,-0.40,90,False,0.0%,0.0%,0.0%,0.20,0.6,5.59,1.204,0.9926,0.4778,0.8624,+0.0000,+0.0000,+0.0000,+0.0000,+0.0000,-0.2000,-0.1792,-0.0176,+0.0000,+0.0000,+0.0000,+0.0000,+0.0000,+0.0000,+0.0000,+0.0000,+2.0000,-7.1680,+2.3529,+9.0000,+0.0000,+0.0000
536,-0.22,90,False,0.0%,0.0%,0.0%,0.33,0.6,6.61,4.281,0.9926,0.9222,0.9082,+0.0000,+0.0000,+0.0000,+0.0000,+0.0000,-0.2000,+0.0005,-0.0184,+0.0000,+0.0000,+0.0000,+0.0000,+0.0000,+0.0000,+0.0000,+0.0000,+2.0000,+0.0211,+2.4514,+9.0000,+0.0000,+0.0000
537,0.00,1,False,0.0%,0.0%,0.0%,inf,0.8,4.84,0.000,1.0000,0.0000,1.0000,+0.0000,+0.0000,+0.0000,+0.0000,+0.0000,+0.0000,+0.0000,+0.0000,+0.0000,+0.0000,+0.0000,+0.0000,+0.0000,+0.0000,+0.0000,+0.0000,+0.0000,+0.0000,+0.0000,+0.0000,+0.0000,+0.0000
539,-3.81,69,False,0.0%,0.0%,100.0%,0.32,0.6,5.33,5.787,0.9855,0.0000,0.5838,+0.0000,-3.0000,+0.0000,+0.0000,+0.0000,-0.3000,-0.4901,-0.0152,+0.0000,+0.0000,+0.0000,+0.0000,+1.0000,+0.0000,+0.0000,+0.0000,+3.0000,-19.6039,+2.0252,+6.9000,+0.0000,+0.0000
540,-0.20,90,False,0.0%,0.0%,0.0%,0.42,0.6,6.21,0.279,0.9926,1.0000,0.6958,+0.0000,+0.0000,+0.0000,+0.0000,+0.0000,-0.2000,+0.0006,-0.0023,+0.0000,+0.0000,+0.0000,+0.0000,+0.0000,+0.0000,+0.0000,+0.0000,+2.0000,+0.0221,+0.3096,+9.0000,+0.0000,+0.0000
544,1.00,1,True,0.0%,0.0%,0.0%,inf,0.8,4.61,0.000,1.0000,1.0000,0.7666,+0.0000,+0.0000,+1.0000,+0.0000,+0.0000,+0.0000,+0.0000,-0.0007,+0.0000,+0.0000,+0.0000,+0.0000,+0.0000,+1.0000,+0.0000,+0.0000,+0.0000,+0.0002,+0.0935,+0.0000,+0.0000,+0.0000
547,-0.05,90,False,0.0%,0.0%,0.0%,0.15,0.6,5.71,6.417,1.0000,0.8556,0.9334,+0.0000,+0.0000,+0.0000,+0.0000,+0.0000,+0.0000,-0.0289,-0.0260,+0.0000,+0.0000,+0.0000,+0.0000,+0.0000,+0.0000,+0.0000,+0.0000,+0.0000,-1.1564,+3.4726,+9.0000,+0.0000,+0.0000
552,1.00,1,True,0.0%,0.0%,0.0%,inf,1.0,4.85,0.000,1.0000,0.0000,0.0000,+0.0000,+0.0000,+1.0000,+0.0000,+0.0000,+0.0000,-0.0025,+0.0000,+0.0000,+0.0000,+0.0000,+0.0000,+0.0000,+1.0000,+0.0000,+0.0000,+0.0000,-0.1003,+0.0000,+0.0000,+0.0000,+0.0000
553,0.00,1,False,0.0%,0.0%,0.0%,inf,0.9,5.12,0.000,1.0000,0.0000,1.0000,+0.0000,+0.0000,+0.0000,+0.0000,+0.0000,+0.0000,+0.0000,+0.0000,+0.0000,+0.0000,+0.0000,+0.0000,+0.0000,+0.0000,+0.0000,+0.0000,+0.0000,+0.0000,+0.0000,+0.0000,+0.0000,+0.0000
554,0.95,55,True,0.0%,0.0%,0.0%,0.01,0.9,6.84,1.117,1.0000,1.0000,0.5823,+0.0000,+0.0000,+1.0000,+0.0000,+0.0000,+0.0000,+0.0003,-0.0542,+0.0000,+0.0000,+0.0000,+0.0000,+0.0000,+1.0000,+0.0000,+0.0000,+0.0000,+0.0136,+7.2250,+5.5000,+0.0000,+0.0000
556,-0.43,90,False,0.0%,0.0%,0.0%,0.35,0.6,5.45,3.034,0.9926,0.5000,0.8317,+0.0000,+0.0000,+0.0000,+0.0000,+0.0000,-0.2000,-0.2081,-0.0203,+0.0000,+0.0000,+0.0000,+0.0000,+0.0000,+0.0000,+0.0000,+0.0000,+2.0000,-8.3247,+2.7066,+9.0000,+0.0000,+0.0000
557,-6.12,90,False,0.0%,0.0%,0.0%,0.14,0.6,6.45,15.061,0.9889,0.6556,0.6285,+0.0000,+0.0000,+0.0000,+0.0000,+0.0000,-0.3000,-0.0802,-0.0416,+0.0000,+0.0000,-5.7000,+0.0000,+0.0000,+0.0000,+0.0000,+0.0000,+3.0000,-3.2087,+5.5419,+9.0000,+0.0000,+57.0000
558,-0.38,90,False,0.0%,0.0%,0.0%,0.30,0.6,5.45,2.432,0.9926,0.4778,0.8158,+0.0000,+0.0000,+0.0000,+0.0000,+0.0000,-0.2000,-0.1619,-0.0159,+0.0000,+0.0000,+0.0000,+0.0000,+0.0000,+0.0000,+0.0000,+0.0000,+2.0000,-6.4775,+2.1203,+9.0000,+0.0000,+0.0000
559,0.80,6,True,0.0%,0.0%,0.0%,0.01,0.6,5.22,3.843,0.8889,1.0000,0.8695,+0.0000,+0.0000,+1.0000,+0.0000,+0.0000,-0.2000,+0.0000,-0.0033,+0.0000,+0.0000,+0.0000,+0.0000,+0.0000,+1.0000,+0.0000,+0.0000,+2.0000,+0.0015,+0.4335,+0.6000,+0.0000,+0.0000
560,0.95,86,True,0.0%,0.0%,0.0%,0.01,0.5,5.68,2.849,1.0000,1.0000,0.7917,+0.0000,+0.0000,+1.0000,+0.0000,+0.0000,+0.0000,+0.0005,-0.0523,+0.0000,+0.0000,+0.0000,+0.0000,+0.0000,+1.0000,+0.0000,+0.0000,+0.0000,+0.0206,+6.9794,+8.6000,+0.0000,+0.0000
561,-0.20,90,False,0.0%,0.0%,0.0%,0.13,0.6,6.72,11.916,0.9963,0.9333,0.5843,+0.0000,+0.0000,+0.0000,+0.0000,+0.0000,-0.1000,-0.0235,-0.0788,+0.0000,+0.0000,+0.0000,+0.0000,+0.0000,+0.0000,+0.0000,+0.0000,+1.0000,-0.9409,+10.5064,+9.0000,+0.0000,+0.0000
562,-0.30,90,False,0.0%,0.0%,0.0%,0.08,0.5,4.78,10.062,0.9889,1.0000,0.7938,+0.0000,+0.0000,+0.0000,+0.0000,+0.0000,-0.3000,+0.0006,-0.0008,+0.0000,+0.0000,+0.0000,+0.0000,+0.0000,+0.0000,+0.0000,+0.0000,+3.0000,+0.0225,+0.1083,+9.0000,+0.0000,+0.0000
564,0.75,69,True,0.0%,0.0%,0.0%,0.01,0.5,5.44,1.106,0.9903,0.9275,0.9546,+0.0000,+0.0000,+1.0000,+0.0000,+0.0000,-0.2000,-0.0256,-0.0220,+0.0000,+0.0000,+0.0000,+0.0000,+0.0000,+1.0000,+0.0000,+0.0000,+2.0000,-1.0239,+2.9386,+6.9000,+0.0000,+0.0000
565,-3.97,60,True,0.0%,0.0%,0.0%,0.01,0.8,4.85,17.461,0.9944,0.8833,0.6201,+0.0000,+0.0000,+1.0000,+0.0000,+0.0000,-0.1000,-0.0205,-0.0528,+0.0000,+0.0000,-4.8000,+0.0000,+0.0000,+1.0000,+0.0000,+0.0000,+1.0000,-0.8191,+7.0356,+6.0000,+0.0000,+48.0000
566,-0.11,90,False,0.0%,0.0%,0.0%,0.07,0.6,5.67,8.383,0.9963,1.0000,0.8310,+0.0000,+0.0000,+0.0000,+0.0000,+0.0000,-0.1000,+0.0006,-0.0133,+0.0000,+0.0000,+0.0000,+0.0000,+0.0000,+0.0000,+0.0000,+0.0000,+1.0000,+0.0223,+1.7784,+9.0000,+0.0000,+0.0000
567,0.70,53,True,0.0%,0.0%,0.0%,0.01,0.6,5.38,8.387,0.9811,1.0000,0.8424,+0.0000,+0.0000,+1.0000,+0.0000,+0.0000,-0.3000,+0.0003,-0.0046,+0.0000,+0.0000,+0.0000,+0.0000,+0.0000,+1.0000,+0.0000,+0.0000,+3.0000,+0.0132,+0.6155,+5.3000,+0.0000,+0.0000
568,-0.37,90,False,0.0%,0.0%,0.0%,0.04,1.1,6.31,11.480,0.9889,0.9222,0.8654,+0.0000,+0.0000,+0.0000,+0.0000,+0.0000,-0.3000,-0.0264,-0.0464,+0.0000,+0.0000,+0.0000,+0.0000,+0.0000,+0.0000,+0.0000,+0.0000,+3.0000,-1.0559,+6.1926,+9.0000,+0.0000,+0.0000
571,1.00,1,True,0.0%,0.0%,0.0%,inf,1.5,6.97,0.000,1.0000,1.0000,0.9285,+0.0000,+0.0000,+1.0000,+0.0000,+0.0000,+0.0000,+0.0000,-0.0002,+0.0000,+0.0000,+0.0000,+0.0000,+0.0000,+1.0000,+0.0000,+0.0000,+0.0000,+0.0002,+0.0299,+0.0000,+0.0000,+0.0000
573,-0.11,90,False,0.0%,0.0%,0.0%,0.16,0.8,8.20,0.049,1.0000,1.0000,0.8972,+0.0000,+0.0000,+0.0000,+0.0000,+0.0000,+0.0000,+0.0006,-0.0449,+0.0000,-0.0675,+0.0000,+0.0000,+0.0000,+0.0000,+0.0000,+0.0000,+0.0000,+0.0223,+5.9848,+9.0000,+9.0000,+0.0000
577,-0.02,90,False,0.0%,0.0%,0.0%,0.09,0.6,6.64,2.607,1.0000,1.0000,0.9100,+0.0000,+0.0000,+0.0000,+0.0000,+0.0000,+0.0000,+0.0006,-0.0182,+0.0000,+0.0000,+0.0000,+0.0000,+0.0000,+0.0000,+0.0000,+0.0000,+0.0000,+0.0222,+2.4323,+9.0000,+0.0000,+0.0000
578,0.80,1,True,0.0%,0.0%,0.0%,inf,1.6,6.20,14.254,0.3333,1.0000,0.7814,+0.0000,+0.0000,+1.0000,+0.0000,+0.0000,-0.2000,+0.0000,-0.0007,+0.0000,+0.0000,+0.0000,+0.0000,+0.0000,+1.0000,+0.0000,+0.0000,+2.0000,+0.0002,+0.0905,+0.1000,+0.0000,+0.0000
579,-0.20,90,False,0.0%,0.0%,0.0%,0.13,0.9,7.24,5.027,0.9926,1.0000,0.8119,+0.0000,+0.0000,+0.0000,+0.0000,+0.0000,-0.2000,+0.0006,-0.0034,+0.0000,+0.0000,+0.0000,+0.0000,+0.0000,+0.0000,+0.0000,+0.0000,+2.0000,+0.0224,+0.4571,+9.0000,+0.0000,+0.0000
581,-0.36,90,False,0.0%,0.0%,0.0%,0.34,0.8,5.98,1.654,0.9889,1.0000,0.7600,+0.0000,+0.0000,+0.0000,+0.0000,+0.0000,-0.3000,+0.0005,-0.0639,+0.0000,+0.0000,+0.0000,+0.0000,+0.0000,+0.0000,+0.0000,+0.0000,+3.0000,+0.0215,+8.5214,+9.0000,+0.0000,+0.0000
582,0.00,1,False,0.0%,0.0%,0.0%,inf,1.0,5.85,0.000,1.0000,0.0000,1.0000,+0.0000,+0.0000,+0.0000,+0.0000,+0.0000,+0.0000,+0.0000,+0.0000,+0.0000,+0.0000,+0.0000,+0.0000,+0.0000,+0.0000,+0.0000,+0.0000,+0.0000,+0.0000,+0.0000,+0.0000,+0.0000,+0.0000
585,-0.04,90,False,0.0%,0.0%,0.0%,0.14,0.9,6.42,0.228,1.0000,1.0000,0.9406,+0.0000,+0.0000,+0.0000,+0.0000,+0.0000,+0.0000,+0.0006,-0.0388,+0.0000,+0.0000,+0.0000,+0.0000,+0.0000,+0.0000,+0.0000,+0.0000,+0.0000,+0.0225,+5.1702,+9.0000,+0.0000,+0.0000
587,1.00,1,True,0.0%,0.0%,0.0%,inf,0.9,5.28,0.000,1.0000,0.0000,0.0000,+0.0000,+0.0000,+1.0000,+0.0000,+0.0000,+0.0000,-0.0025,+0.0000,+0.0000,+0.0000,+0.0000,+0.0000,+0.0000,+1.0000,+0.0000,+0.0000,+0.0000,-0.1003,+0.0000,+0.0000,+0.0000,+0.0000
588,1.00,1,True,0.0%,0.0%,0.0%,inf,1.4,5.78,0.000,1.0000,1.0000,0.9921,+0.0000,+0.0000,+1.0000,+0.0000,+0.0000,+0.0000,+0.0000,-0.0003,+0.0000,+0.0000,+0.0000,+0.0000,+0.0000,+1.0000,+0.0000,+0.0000,+0.0000,+0.0002,+0.0433,+0.0000,+0.0000,+0.0000
589,0.79,15,True,0.0%,0.0%,0.0%,0.01,0.7,5.34,9.735,0.9556,1.0000,0.6626,+0.0000,+0.0000,+1.0000,+0.0000,+0.0000,-0.2000,+0.0001,-0.0129,+0.0000,+0.0000,+0.0000,+0.0000,+0.0000,+1.0000,+0.0000,+0.0000,+2.0000,+0.0036,+1.7226,+1.5000,+0.0000,+0.0000
590,-5.72,63,False,100.0%,100.0%,0.0%,0.22,0.8,6.12,10.243,0.9048,0.8254,0.7666,-3.8635,+0.0000,+0.0000,+0.0000,+0.0000,-1.8000,-0.0212,-0.0305,+0.0000,+0.0000,+0.0000,+1.0000,+0.0000,+0.0000,+0.0000,+0.0000,+18.0000,-0.8479,+4.0646,+6.3000,+0.0000,+0.0000
591,0.00,1,False,0.0%,0.0%,0.0%,inf,0.9,5.22,0.000,1.0000,0.0000,1.0000,+0.0000,+0.0000,+0.0000,+0.0000,+0.0000,+0.0000,+0.0000,+0.0000,+0.0000,+0.0000,+0.0000,+0.0000,+0.0000,+0.0000,+0.0000,+0.0000,+0.0000,+0.0000,+0.0000,+0.0000,+0.0000,+0.0000
593,0.00,1,False,0.0%,0.0%,0.0%,inf,0.9,5.39,0.000,1.0000,0.0000,1.0000,+0.0000,+0.0000,+0.0000,+0.0000,+0.0000,+0.0000,+0.0000,+0.0000,+0.0000,+0.0000,+0.0000,+0.0000,+0.0000,+0.0000,+0.0000,+0.0000,+0.0000,+0.0000,+0.0000,+0.0000,+0.0000,+0.0000
594,-3.32,25,False,0.0%,0.0%,100.0%,0.37,0.8,5.20,4.178,0.9600,0.0000,0.4231,+0.0000,-3.0000,+0.0000,+0.0000,+0.0000,-0.3000,+0.0001,-0.0205,+0.0000,+0.0000,+0.0000,+0.0000,+1.0000,+0.0000,+0.0000,+0.0000,+3.0000,+0.0040,+2.7358,+2.5000,+0.0000,+0.0000
596,0.00,1,False,0.0%,0.0%,0.0%,inf,0.8,5.13,0.000,1.0000,0.0000,1.0000,+0.0000,+0.0000,+0.0000,+0.0000,+0.0000,+0.0000,+0.0000,+0.0000,+0.0000,+0.0000,+0.0000,+0.0000,+0.0000,+0.0000,+0.0000,+0.0000,+0.0000,+0.0000,+0.0000,+0.0000,+0.0000,+0.0000
597,-3.02,90,False,0.0%,0.0%,0.0%,0.05,0.7,6.67,12.945,0.9963,1.0000,0.7735,+0.0000,+0.0000,+0.0000,+0.0000,+0.0000,-0.1000,+0.0006,-0.0189,+0.0000,+0.0000,-2.9000,+0.0000,+0.0000,+0.0000,+0.0000,+0.0000,+1.0000,+0.0223,+2.5172,+9.0000,+0.0000,+29.0000
598,-0.35,90,False,0.0%,0.0%,0.0%,0.28,0.9,6.25,4.132,0.9926,0.7556,0.9204,+0.0000,+0.0000,+0.0000,+0.0000,+0.0000,-0.2000,-0.1248,-0.0275,+0.0000,+0.0000,+0.0000,+0.0000,+0.0000,+0.0000,+0.0000,+0.0000,+2.0000,-4.9918,+3.6733,+9.0000,+0.0000,+0.0000
601,1.00,1,True,0.0%,0.0%,0.0%,inf,0.9,5.10,0.000,1.0000,0.0000,0.0000,+0.0000,+0.0000,+1.0000,+0.0000,+0.0000,+0.0000,-0.0025,+0.0000,+0.0000,+0.0000,+0.0000,+0.0000,+0.0000,+1.0000,+0.0000,+0.0000,+0.0000,-0.1003,+0.0000,+0.0000,+0.0000,+0.0000
602,-0.84,90,False,0.0%,0.0%,0.0%,0.06,1.1,6.30,9.954,0.9704,1.0000,0.8801,+0.0000,+0.0000,+0.0000,+0.0000,+0.0000,-0.8000,+0.0006,-0.0417,+0.0000,+0.0000,+0.0000,+0.0000,+0.0000,+0.0000,+0.0000,+0.0000,+8.0000,+0.0222,+5.5548,+9.0000,+0.0000,+0.0000
604,0.90,1,True,0.0%,0.0%,0.0%,inf,1.0,5.67,0.733,0.6667,0.0000,0.0000,+0.0000,+0.0000,+1.0000,+0.0000,+0.0000,-0.1000,-0.0043,+0.0000,+0.0000,+0.0000,+0.0000,+0.0000,+0.0000,+1.0000,+0.0000,+0.0000,+1.0000,-0.1735,+0.0000,+0.1000,+0.0000,+0.0000
607,1.00,1,True,0.0%,0.0%,0.0%,inf,1.1,5.14,0.000,1.0000,0.0000,0.0000,+0.0000,+0.0000,+1.0000,+0.0000,+0.0000,+0.0000,-0.0025,+0.0000,+0.0000,+0.0000,+0.0000,+0.0000,+0.0000,+1.0000,+0.0000,+0.0000,+0.0000,-0.1003,+0.0000,+0.0000,+0.0000,+0.0000
609,-0.62,90,False,0.0%,0.0%,0.0%,0.07,0.9,6.73,9.607,0.9815,0.8333,0.7047,+0.0000,+0.0000,+0.0000,+0.0000,+0.0000,-0.5000,-0.0555,-0.0631,+0.0000,+0.0000,+0.0000,+0.0000,+0.0000,+0.0000,+0.0000,+0.0000,+5.0000,-2.2193,+8.4154,+9.0000,+0.0000,+0.0000
611,-1.90,90,False,0.0%,0.0%,0.0%,0.44,0.7,6.49,8.599,0.9926,0.0889,0.6775,+0.0000,+0.0000,+0.0000,+0.0000,+0.0000,-0.2000,-1.7048,+0.0004,+0.0000,+0.0000,+0.0000,+0.0000,+0.0000,+0.0000,+0.0000,+0.0000,+2.0000,-68.1924,-0.0518,+9.0000,+0.0000,+0.0000
612,-0.31,11,True,0.0%,0.0%,0.0%,0.02,0.6,5.08,29.255,0.9394,1.0000,0.7965,+0.0000,+0.0000,+1.0000,+0.0000,+0.0000,-0.2000,+0.0001,-0.0072,+0.0000,+0.0000,-1.1000,+0.0000,+0.0000,+1.0000,+0.0000,+0.0000,+2.0000,+0.0027,+0.9609,+1.1000,+0.0000,+11.0000
613,-0.01,90,False,0.0%,0.0%,0.0%,0.27,0.6,5.35,0.478,1.0000,1.0000,0.8384,+0.0000,+0.0000,+0.0000,+0.0000,+0.0000,+0.0000,+0.0006,-0.0073,+0.0000,+0.0000,+0.0000,+0.0000,+0.0000,+0.0000,+0.0000,+0.0000,+0.0000,+0.0224,+0.9704,+9.0000,+0.0000,+0.0000
614,-0.29,90,False,0.0%,0.0%,0.0%,0.08,0.5,6.08,0.135,0.9926,1.0000,0.9395,+0.0000,+0.0000,+0.0000,+0.0000,+0.0000,-0.2000,+0.0006,-0.0218,+0.0000,-0.0675,+0.0000,+0.0000,+0.0000,+0.0000,+0.0000,+0.0000,+2.0000,+0.0223,+2.9030,+9.0000,+9.0000,+0.0000
617,1.00,1,True,0.0%,0.0%,0.0%,inf,0.9,5.01,0.000,1.0000,0.0000,0.0000,+0.0000,+0.0000,+1.0000,+0.0000,+0.0000,+0.0000,-0.0025,+0.0000,+0.0000,+0.0000,+0.0000,+0.0000,+0.0000,+1.0000,+0.0000,+0.0000,+0.0000,-0.1003,+0.0000,+0.0000,+0.0000,+0.0000
618,-0.36,90,False,0.0%,0.0%,0.0%,0.35,0.8,6.83,6.098,0.9889,0.8556,0.9251,+0.0000,+0.0000,+0.0000,+0.0000,+0.0000,-0.3000,-0.0290,-0.0306,+0.0000,+0.0000,+0.0000,+0.0000,+0.0000,+0.0000,+0.0000,+0.0000,+3.0000,-1.1599,+4.0793,+9.0000,+0.0000,+0.0000
619,1.00,1,True,0.0%,0.0%,0.0%,inf,0.9,4.84,0.000,1.0000,1.0000,0.8950,+0.0000,+0.0000,+1.0000,+0.0000,+0.0000,+0.0000,+0.0000,-0.0005,+0.0000,+0.0000,+0.0000,+0.0000,+0.0000,+1.0000,+0.0000,+0.0000,+0.0000,+0.0002,+0.0669,+0.0000,+0.0000,+0.0000
620,-0.33,90,False,0.0%,0.0%,0.0%,0.19,1.1,7.38,6.994,0.9926,0.8111,0.7832,+0.0000,+0.0000,+0.0000,+0.0000,+0.0000,-0.2000,-0.0789,-0.0514,+0.0000,+0.0000,+0.0000,+0.0000,+0.0000,+0.0000,+0.0000,+0.0000,+2.0000,-3.1562,+6.8506,+9.0000,+0.0000,+0.0000
621,-0.15,90,False,0.0%,0.0%,0.0%,0.20,0.8,6.76,7.324,1.0000,0.8333,0.8721,+0.0000,+0.0000,+0.0000,+0.0000,+0.0000,+0.0000,-0.1109,-0.0418,+0.0000,+0.0000,+0.0000,+0.0000,+0.0000,+0.0000,+0.0000,+0.0000,+0.0000,-4.4362,+5.5681,+9.0000,+0.0000,+0.0000
622,0.00,1,False,0.0%,0.0%,0.0%,inf,1.0,6.13,0.000,1.0000,0.0000,1.0000,+0.0000,+0.0000,+0.0000,+0.0000,+0.0000,+0.0000,+0.0000,+0.0000,+0.0000,+0.0000,+0.0000,+0.0000,+0.0000,+0.0000,+0.0000,+0.0000,+0.0000,+0.0000,+0.0000,+0.0000,+0.0000,+0.0000
623,1.00,1,True,0.0%,0.0%,0.0%,inf,0.8,4.87,0.000,1.0000,0.0000,0.0000,+0.0000,+0.0000,+1.0000,+0.0000,+0.0000,+0.0000,-0.0025,+0.0000,+0.0000,+0.0000,+0.0000,+0.0000,+0.0000,+1.0000,+0.0000,+0.0000,+0.0000,-0.1003,+0.0000,+0.0000,+0.0000,+0.0000
624,1.00,1,True,0.0%,0.0%,0.0%,inf,1.2,5.09,0.000,1.0000,0.0000,0.0000,+0.0000,+0.0000,+1.0000,+0.0000,+0.0000,+0.0000,-0.0025,+0.0000,+0.0000,+0.0000,+0.0000,+0.0000,+0.0000,+1.0000,+0.0000,+0.0000,+0.0000,-0.1003,+0.0000,+0.0000,+0.0000,+0.0000
625,-3.11,1,False,100.0%,0.0%,0.0%,inf,1.2,5.36,0.136,0.6667,1.0000,0.9950,-3.0136,+0.0000,+0.0000,+0.0000,+0.0000,-0.1000,+0.0000,-0.0003,+0.0000,+0.0000,+0.0000,+1.0000,+0.0000,+0.0000,+0.0000,+0.0000,+1.0000,+0.0002,+0.0461,+0.1000,+0.0000,+0.0000
627,-3.20,10,False,0.0%,0.0%,100.0%,0.40,0.8,5.64,9.301,0.9333,1.0000,0.7867,+0.0000,-3.0000,+0.0000,+0.0000,+0.0000,-0.2000,+0.0001,-0.0019,+0.0000,+0.0000,+0.0000,+0.0000,+1.0000,+0.0000,+0.0000,+0.0000,+2.0000,+0.0023,+0.2598,+1.0000,+0.0000,+0.0000
628,1.00,1,True,0.0%,0.0%,0.0%,inf,1.0,5.31,0.000,1.0000,0.0000,0.0000,+0.0000,+0.0000,+1.0000,+0.0000,+0.0000,+0.0000,-0.0025,+0.0000,+0.0000,+0.0000,+0.0000,+0.0000,+0.0000,+1.0000,+0.0000,+0.0000,+0.0000,-0.1003,+0.0000,+0.0000,+0.0000,+0.0000
631,1.00,1,True,0.0%,0.0%,0.0%,inf,0.9,5.17,0.000,1.0000,0.0000,0.0000,+0.0000,+0.0000,+1.0000,+0.0000,+0.0000,+0.0000,-0.0025,+0.0000,+0.0000,+0.0000,+0.0000,+0.0000,+0.0000,+1.0000,+0.0000,+0.0000,+0.0000,-0.1003,+0.0000,+0.0000,+0.0000,+0.0000
633,1.00,1,True,0.0%,0.0%,0.0%,inf,0.9,4.94,0.000,1.0000,0.0000,0.0000,+0.0000,+0.0000,+1.0000,+0.0000,+0.0000,+0.0000,-0.0025,+0.0000,+0.0000,+0.0000,+0.0000,+0.0000,+0.0000,+1.0000,+0.0000,+0.0000,+0.0000,-0.1003,+0.0000,+0.0000,+0.0000,+0.0000
634,1.00,1,True,0.0%,0.0%,0.0%,inf,1.6,5.83,0.000,1.0000,1.0000,0.6631,+0.0000,+0.0000,+1.0000,+0.0000,+0.0000,+0.0000,+0.0000,-0.0001,+0.0000,+0.0000,+0.0000,+0.0000,+0.0000,+1.0000,+0.0000,+0.0000,+0.0000,+0.0002,+0.0104,+0.0000,+0.0000,+0.0000
635,1.00,1,True,0.0%,0.0%,0.0%,inf,0.9,5.20,0.000,1.0000,0.0000,0.0000,+0.0000,+0.0000,+1.0000,+0.0000,+0.0000,+0.0000,-0.0025,+0.0000,+0.0000,+0.0000,+0.0000,+0.0000,+0.0000,+1.0000,+0.0000,+0.0000,+0.0000,-0.1003,+0.0000,+0.0000,+0.0000,+0.0000
636,0.00,1,False,0.0%,0.0%,0.0%,inf,1.2,5.69,0.000,1.0000,0.0000,1.0000,+0.0000,+0.0000,+0.0000,+0.0000,+0.0000,+0.0000,+0.0000,+0.0000,+0.0000,+0.0000,+0.0000,+0.0000,+0.0000,+0.0000,+0.0000,+0.0000,+0.0000,+0.0000,+0.0000,+0.0000,+0.0000,+0.0000
637,1.00,1,True,0.0%,0.0%,0.0%,inf,0.9,5.20,0.000,1.0000,0.0000,0.0000,+0.0000,+0.0000,+1.0000,+0.0000,+0.0000,+0.0000,-0.0025,+0.0000,+0.0000,+0.0000,+0.0000,+0.0000,+0.0000,+1.0000,+0.0000,+0.0000,+0.0000,-0.1003,+0.0000,+0.0000,+0.0000,+0.0000
641,0.79,25,True,0.0%,0.0%,0.0%,0.01,0.6,5.01,3.793,0.9733,1.0000,0.9383,+0.0000,+0.0000,+1.0000,+0.0000,+0.0000,-0.2000,+0.0002,-0.0109,+0.0000,+0.0000,+0.0000,+0.0000,+0.0000,+1.0000,+0.0000,+0.0000,+2.0000,+0.0062,+1.4479,+2.5000,+0.0000,+0.0000
647,1.00,1,True,0.0%,0.0%,0.0%,inf,0.9,4.91,0.000,1.0000,1.0000,0.0000,+0.0000,+0.0000,+1.0000,+0.0000,+0.0000,+0.0000,+0.0000,-0.0016,+0.0000,+0.0000,+0.0000,+0.0000,+0.0000,+1.0000,+0.0000,+0.0000,+0.0000,+0.0002,+0.2198,+0.0000,+0.0000,+0.0000
648,0.26,74,True,0.0%,0.0%,0.0%,0.01,0.7,5.72,12.823,0.9685,0.9595,0.7197,+0.0000,+0.0000,+1.0000,+0.0000,+0.0000,-0.7000,-0.0095,-0.0265,+0.0000,+0.0000,+0.0000,+0.0000,+0.0000,+1.0000,+0.0000,+0.0000,+7.0000,-0.3817,+3.5281,+7.4000,+0.0000,+0.0000
650,0.69,26,True,0.0%,0.0%,0.0%,0.01,0.6,5.80,5.269,0.9615,1.0000,0.8615,+0.0000,+0.0000,+1.0000,+0.0000,+0.0000,-0.3000,+0.0002,-0.0144,+0.0000,+0.0000,+0.0000,+0.0000,+0.0000,+1.0000,+0.0000,+0.0000,+3.0000,+0.0064,+1.9216,+2.6000,+0.0000,+0.0000
651,-0.11,90,False,0.0%,0.0%,0.0%,0.25,0.6,6.02,0.029,1.0000,1.0000,0.9134,+0.0000,+0.0000,+0.0000,+0.0000,+0.0000,+0.0000,+0.0006,-0.0426,+0.0000,-0.0675,+0.0000,+0.0000,+0.0000,+0.0000,+0.0000,+0.0000,+0.0000,+0.0224,+5.6806,+9.0000,+9.0000,+0.0000
652,1.00,1,True,0.0%,0.0%,0.0%,inf,0.8,4.63,0.000,1.0000,0.0000,0.0000,+0.0000,+0.0000,+1.0000,+0.0000,+0.0000,+0.0000,-0.0025,+0.0000,+0.0000,+0.0000,+0.0000,+0.0000,+0.0000,+1.0000,+0.0000,+0.0000,+0.0000,-0.1003,+0.0000,+0.0000,+0.0000,+0.0000
654,-0.01,90,False,0.0%,0.0%,0.0%,0.01,0.6,5.93,0.069,1.0000,1.0000,0.8595,+0.0000,+0.0000,+0.0000,+0.0000,+0.0000,+0.0000,+0.0006,-0.0103,+0.0000,+0.0000,+0.0000,+0.0000,+0.0000,+0.0000,+0.0000,+0.0000,+0.0000,+0.0224,+1.3748,+9.0000,+0.0000,+0.0000
658,1.00,1,True,0.0%,0.0%,0.0%,inf,1.0,4.82,0.017,1.0000,1.0000,0.9637,+0.0000,+0.0000,+1.0000,+0.0000,+0.0000,+0.0000,+0.0000,-0.0004,+0.0000,-0.0008,+0.0000,+0.0000,+0.0000,+1.0000,+0.0000,+0.0000,+0.0000,+0.0002,+0.0526,+0.1000,+0.1000,+0.0000
659,-0.07,90,False,0.0%,0.0%,0.0%,0.10,0.5,5.79,4.994,1.0000,0.9444,0.7170,+0.0000,+0.0000,+0.0000,+0.0000,+0.0000,+0.0000,-0.0075,-0.0667,+0.0000,+0.0000,+0.0000,+0.0000,+0.0000,+0.0000,+0.0000,+0.0000,+0.0000,-0.2995,+8.8984,+9.0000,+0.0000,+0.0000
661,1.00,1,True,0.0%,0.0%,0.0%,inf,0.8,4.62,0.000,1.0000,1.0000,0.9081,+0.0000,+0.0000,+1.0000,+0.0000,+0.0000,+0.0000,+0.0000,-0.0005,+0.0000,+0.0000,+0.0000,+0.0000,+0.0000,+1.0000,+0.0000,+0.0000,+0.0000,+0.0002,+0.0642,+0.0000,+0.0000,+0.0000
663,-4.18,12,False,100.0%,100.0%,0.0%,0.14,0.6,4.82,9.706,0.9444,0.0000,0.5194,-3.9706,+0.0000,+0.0000,+0.0000,+0.0000,-0.2000,+0.0001,-0.0097,+0.0000,+0.0000,+0.0000,+1.0000,+0.0000,+0.0000,+0.0000,+0.0000,+2.0000,+0.0023,+1.2949,+1.2000,+0.0000,+0.0000
665,-0.26,90,False,0.0%,0.0%,0.0%,0.25,0.6,5.24,4.435,0.9926,1.0000,0.7769,+0.0000,+0.0000,+0.0000,+0.0000,+0.0000,-0.2000,+0.0006,-0.0594,+0.0000,+0.0000,+0.0000,+0.0000,+0.0000,+0.0000,+0.0000,+0.0000,+2.0000,+0.0220,+7.9251,+9.0000,+0.0000,+0.0000
666,-0.02,90,False,0.0%,0.0%,0.0%,0.24,0.6,5.23,0.945,1.0000,1.0000,0.5370,+0.0000,+0.0000,+0.0000,+0.0000,+0.0000,+0.0000,+0.0006,-0.0251,+0.0000,+0.0000,+0.0000,+0.0000,+0.0000,+0.0000,+0.0000,+0.0000,+0.0000,+0.0223,+3.3489,+9.0000,+0.0000,+0.0000
667,-4.38,66,True,0.0%,0.0%,0.0%,0.01,0.7,5.54,17.578,0.9899,0.9091,0.7395,+0.0000,+0.0000,+1.0000,+0.0000,+0.0000,-0.2000,-0.0717,-0.0114,+0.0000,+0.0000,-5.1000,+0.0000,+0.0000,+1.0000,+0.0000,+0.0000,+2.0000,-2.8686,+1.5134,+6.6000,+0.0000,+51.0000
671,1.00,1,True,0.0%,0.0%,0.0%,inf,0.9,5.31,0.000,1.0000,0.0000,0.0000,+0.0000,+0.0000,+1.0000,+0.0000,+0.0000,+0.0000,-0.0025,+0.0000,+0.0000,+0.0000,+0.0000,+0.0000,+0.0000,+1.0000,+0.0000,+0.0000,+0.0000,-0.1003,+0.0000,+0.0000,+0.0000,+0.0000
672,-0.32,90,False,0.0%,0.0%,0.0%,0.03,0.6,5.80,0.092,0.9926,1.0000,0.8390,+0.0000,+0.0000,+0.0000,+0.0000,+0.0000,-0.2000,+0.0005,-0.0530,+0.0000,-0.0675,+0.0000,+0.0000,+0.0000,+0.0000,+0.0000,+0.0000,+2.0000,+0.0219,+7.0710,+9.0000,+9.0000,+0.0000
674,-0.69,90,False,0.0%,0.0%,0.0%,0.12,0.5,4.97,9.510,0.9778,0.9778,0.6245,+0.0000,+0.0000,+0.0000,+0.0000,+0.0000,-0.6000,-0.0040,-0.0818,+0.0000,+0.0000,+0.0000,+0.0000,+0.0000,+0.0000,+0.0000,+0.0000,+6.0000,-0.1593,+10.9046,+9.0000,+0.0000,+0.0000
677,0.00,1,False,0.0%,0.0%,0.0%,inf,0.9,4.65,0.000,1.0000,0.0000,1.0000,+0.0000,+0.0000,+0.0000,+0.0000,+0.0000,+0.0000,+0.0000,+0.0000,+0.0000,+0.0000,+0.0000,+0.0000,+0.0000,+0.0000,+0.0000,+0.0000,+0.0000,+0.0000,+0.0000,+0.0000,+0.0000,+0.0000
682,-0.11,90,False,0.0%,0.0%,0.0%,0.04,0.7,5.94,11.728,0.9963,1.0000,0.6496,+0.0000,+0.0000,+0.0000,+0.0000,+0.0000,-0.1000,+0.0006,-0.0101,+0.0000,+0.0000,+0.0000,+0.0000,+0.0000,+0.0000,+0.0000,+0.0000,+1.0000,+0.0224,+1.3452,+9.0000,+0.0000,+0.0000
684,0.79,28,True,0.0%,0.0%,0.0%,0.01,0.8,5.80,1.559,0.9762,1.0000,0.9511,+0.0000,+0.0000,+1.0000,+0.0000,+0.0000,-0.2000,+0.0002,-0.0073,+0.0000,+0.0000,+0.0000,+0.0000,+0.0000,+1.0000,+0.0000,+0.0000,+2.0000,+0.0069,+0.9715,+2.8000,+0.0000,+0.0000
686,-0.07,90,False,0.0%,0.0%,0.0%,0.12,0.9,6.62,8.819,1.0000,0.9889,0.6821,+0.0000,+0.0000,+0.0000,+0.0000,+0.0000,+0.0000,+0.0005,-0.0733,+0.0000,+0.0000,+0.0000,+0.0000,+0.0000,+0.0000,+0.0000,+0.0000,+0.0000,+0.0219,+9.7753,+9.0000,+0.0000,+0.0000
688,-1.79,90,False,0.0%,0.0%,0.0%,0.36,0.7,5.88,10.105,0.9926,0.1222,0.6648,+0.0000,+0.0000,+0.0000,+0.0000,+0.0000,-0.2000,-1.5874,-0.0023,+0.0000,+0.0000,+0.0000,+0.0000,+0.0000,+0.0000,+0.0000,+0.0000,+2.0000,-63.4960,+0.3119,+9.0000,+0.0000,+0.0000
689,0.85,29,True,0.0%,0.0%,0.0%,0.01,0.9,5.16,8.290,0.9885,0.6207,0.8353,+0.0000,+0.0000,+1.0000,+0.0000,+0.0000,-0.1000,-0.0409,-0.0128,+0.0000,+0.0000,+0.0000,+0.0000,+0.0000,+1.0000,+0.0000,+0.0000,+1.0000,-1.6376,+1.7013,+2.9000,+0.0000,+0.0000
690,0.00,1,False,0.0%,0.0%,0.0%,inf,1.1,5.48,0.000,1.0000,0.0000,1.0000,+0.0000,+0.0000,+0.0000,+0.0000,+0.0000,+0.0000,+0.0000,+0.0000,+0.0000,+0.0000,+0.0000,+0.0000,+0.0000,+0.0000,+0.0000,+0.0000,+0.0000,+0.0000,+0.0000,+0.0000,+0.0000,+0.0000
692,0.00,1,False,0.0%,0.0%,0.0%,inf,1.0,5.03,0.000,1.0000,0.0000,1.0000,+0.0000,+0.0000,+0.0000,+0.0000,+0.0000,+0.0000,+0.0000,+0.0000,+0.0000,+0.0000,+0.0000,+0.0000,+0.0000,+0.0000,+0.0000,+0.0000,+0.0000,+0.0000,+0.0000,+0.0000,+0.0000,+0.0000
693,0.00,1,False,0.0%,0.0%,0.0%,inf,0.9,4.71,0.000,1.0000,0.0000,1.0000,+0.0000,+0.0000,+0.0000,+0.0000,+0.0000,+0.0000,+0.0000,+0.0000,+0.0000,+0.0000,+0.0000,+0.0000,+0.0000,+0.0000,+0.0000,+0.0000,+0.0000,+0.0000,+0.0000,+0.0000,+0.0000,+0.0000
694,-0.05,90,False,0.0%,0.0%,0.0%,0.25,0.7,5.83,5.366,1.0000,0.9444,0.9108,+0.0000,+0.0000,+0.0000,+0.0000,+0.0000,+0.0000,-0.0239,-0.0276,+0.0000,+0.0000,+0.0000,+0.0000,+0.0000,+0.0000,+0.0000,+0.0000,+0.0000,-0.9562,+3.6779,+9.0000,+0.0000,+0.0000
695,-0.03,90,False,0.0%,0.0%,0.0%,0.08,0.7,6.01,0.348,1.0000,1.0000,0.9937,+0.0000,+0.0000,+0.0000,+0.0000,+0.0000,+0.0000,+0.0006,-0.0311,+0.0000,+0.0000,+0.0000,+0.0000,+0.0000,+0.0000,+0.0000,+0.0000,+0.0000,+0.0223,+4.1449,+9.0000,+0.0000,+0.0000
696,0.69,1,True,0.0%,0.0%,0.0%,inf,0.9,5.07,1.108,0.0000,0.0000,0.0000,+0.0000,+0.0000,+1.0000,+0.0000,+0.0000,-0.3000,-0.0053,+0.0000,+0.0000,+0.0000,+0.0000,+0.0000,+0.0000,+1.0000,+0.0000,+0.0000,+3.0000,-0.2111,+0.0000,+0.1000,+0.0000,+0.0000
700,-0.28,90,False,0.0%,0.0%,0.0%,0.16,0.7,5.62,0.261,1.0000,0.0000,0.9411,+0.0000,+0.0000,+0.0000,+0.0000,+0.0000,+0.0000,-0.2841,+0.0038,+0.0000,+0.0000,+0.0000,+0.0000,+0.0000,+0.0000,+0.0000,+0.0000,+0.0000,-11.3655,-0.5063,+9.0000,+0.0000,+0.0000
701,1.00,1,True,0.0%,0.0%,0.0%,inf,1.1,5.41,0.000,1.0000,1.0000,0.8703,+0.0000,+0.0000,+1.0000,+0.0000,+0.0000,+0.0000,+0.0000,-0.0001,+0.0000,+0.0000,+0.0000,+0.0000,+0.0000,+1.0000,+0.0000,+0.0000,+0.0000,+0.0002,+0.0176,+0.0000,+0.0000,+0.0000
702,0.90,38,True,0.0%,0.0%,0.0%,0.01,0.6,5.10,9.613,0.9912,1.0000,0.8289,+0.0000,+0.0000,+1.0000,+0.0000,+0.0000,-0.1000,+0.0002,-0.0027,+0.0000,+0.0000,+0.0000,+0.0000,+0.0000,+1.0000,+0.0000,+0.0000,+1.0000,+0.0094,+0.3595,+3.8000,+0.0000,+0.0000
703,1.00,1,True,0.0%,0.0%,0.0%,inf,0.9,4.65,0.000,1.0000,0.0000,0.0000,+0.0000,+0.0000,+1.0000,+0.0000,+0.0000,+0.0000,-0.0025,+0.0000,+0.0000,+0.0000,+0.0000,+0.0000,+0.0000,+1.0000,+0.0000,+0.0000,+0.0000,-0.1003,+0.0000,+0.0000,+0.0000,+0.0000
704,1.00,45,True,0.0%,0.0%,0.0%,0.01,0.8,5.22,2.753,0.8963,1.0000,0.9513,+0.0000,+0.0000,+1.0000,+0.0000,+0.0000,+0.0000,+0.0000,+0.0000,+0.0000,+0.0000,+0.0000,+0.0000,+0.0000,+1.0000,+0.0000,+0.0000,+14.0000,+0.0112,+0.1010,+4.5000,+0.0000,+0.0000
706,-0.84,90,False,0.0%,0.0%,0.0%,0.04,0.5,5.20,9.765,0.9704,0.7333,0.5486,+0.0000,+0.0000,+0.0000,+0.0000,+0.0000,-0.8000,+0.0005,-0.0419,+0.0000,+0.0000,+0.0000,+0.0000,+0.0000,+0.0000,+0.0000,+0.0000,+8.0000,+0.0202,+5.5923,+9.0000,+0.0000,+0.0000
707,-0.14,90,False,0.0%,0.0%,0.0%,0.13,0.7,6.57,9.844,0.9963,0.9111,0.8753,+0.0000,+0.0000,+0.0000,+0.0000,+0.0000,-0.1000,-0.0261,-0.0118,+0.0000,+0.0000,+0.0000,+0.0000,+0.0000,+0.0000,+0.0000,+0.0000,+1.0000,-1.0447,+1.5752,+9.0000,+0.0000,+0.0000
708,0.68,43,True,0.0%,0.0%,0.0%,0.01,0.6,5.01,7.623,0.9767,1.0000,0.8313,+0.0000,+0.0000,+1.0000,+0.0000,+0.0000,-0.3000,+0.0003,-0.0231,+0.0000,+0.0000,+0.0000,+0.0000,+0.0000,+1.0000,+0.0000,+0.0000,+3.0000,+0.0104,+3.0834,+4.3000,+0.0000,+0.0000
712,-0.13,90,False,0.0%,0.0%,0.0%,0.42,0.8,7.13,6.386,0.9963,0.9667,0.9759,+0.0000,+0.0000,+0.0000,+0.0000,+0.0000,-0.1000,+0.0006,-0.0319,+0.0000,+0.0000,+0.0000,+0.0000,+0.0000,+0.0000,+0.0000,+0.0000,+1.0000,+0.0224,+4.2472,+9.0000,+0.0000,+0.0000
714,-0.03,90,False,0.0%,0.0%,0.0%,0.28,0.6,5.72,6.544,1.0000,0.9556,0.8382,+0.0000,+0.0000,+0.0000,+0.0000,+0.0000,+0.0000,+0.0005,-0.0281,+0.0000,+0.0000,+0.0000,+0.0000,+0.0000,+0.0000,+0.0000,+0.0000,+0.0000,+0.0218,+3.7404,+9.0000,+0.0000,+0.0000
715,-0.00,90,False,0.0%,0.0%,0.0%,0.23,0.5,5.68,0.271,1.0000,0.0000,0.8125,+0.0000,+0.0000,+0.0000,+0.0000,+0.0000,+0.0000,+0.0006,-0.0035,+0.0000,+0.0000,+0.0000,+0.0000,+0.0000,+0.0000,+0.0000,+0.0000,+0.0000,+0.0223,+0.4707,+9.0000,+0.0000,+0.0000
717,-0.57,90,False,0.0%,0.0%,0.0%,0.12,0.5,5.37,11.206,0.9815,1.0000,0.4693,+0.0000,+0.0000,+0.0000,+0.0000,+0.0000,-0.5000,+0.0005,-0.0738,+0.0000,+0.0000,+0.0000,+0.0000,+0.0000,+0.0000,+0.0000,+0.0000,+5.0000,+0.0218,+9.8346,+9.0000,+0.0000,+0.0000
718,-3.95,90,False,0.0%,0.0%,0.0%,0.05,0.6,5.22,14.132,0.9926,0.9778,0.9236,+0.0000,+0.0000,+0.0000,+0.0000,+0.0000,-0.2000,-0.0127,-0.0378,+0.0000,+0.0000,-3.7000,+0.0000,+0.0000,+0.0000,+0.0000,+0.0000,+2.0000,-0.5087,+5.0359,+9.0000,+0.0000,+37.0000
719,0.69,45,True,0.0%,0.0%,0.0%,0.01,0.9,4.80,8.754,0.9778,0.9778,0.8971,+0.0000,+0.0000,+1.0000,+0.0000,+0.0000,-0.3000,+0.0003,-0.0090,+0.0000,+0.0000,+0.0000,+0.0000,+0.0000,+1.0000,+0.0000,+0.0000,+3.0000,+0.0110,+1.2036,+4.5000,+0.0000,+0.0000
720,1.00,1,True,0.0%,0.0%,0.0%,inf,0.9,4.83,0.000,1.0000,0.0000,0.0000,+0.0000,+0.0000,+1.0000,+0.0000,+0.0000,+0.0000,-0.0025,+0.0000,+0.0000,+0.0000,+0.0000,+0.0000,+0.0000,+1.0000,+0.0000,+0.0000,+0.0000,-0.1003,+0.0000,+0.0000,+0.0000,+0.0000
721,-1.00,90,False,0.0%,0.0%,0.0%,0.03,0.6,6.03,10.031,0.9889,1.0000,0.7203,+0.0000,+0.0000,+0.0000,+0.0000,+0.0000,-0.3000,+0.0006,+0.0012,+0.0000,+0.0000,-0.7000,+0.0000,+0.0000,+0.0000,+0.0000,+0.0000,+3.0000,+0.0225,-0.1648,+9.0000,+0.0000,+7.0000
722,1.00,1,True,0.0%,0.0%,0.0%,inf,0.9,4.79,0.000,1.0000,0.0000,0.0000,+0.0000,+0.0000,+1.0000,+0.0000,+0.0000,+0.0000,-0.0025,+0.0000,+0.0000,+0.0000,+0.0000,+0.0000,+0.0000,+1.0000,+0.0000,+0.0000,+0.0000,-0.1003,+0.0000,+0.0000,+0.0000,+0.0000
723,1.00,1,True,0.0%,0.0%,0.0%,inf,1.1,5.25,0.000,1.0000,0.0000,0.0000,+0.0000,+0.0000,+1.0000,+0.0000,+0.0000,+0.0000,-0.0025,+0.0000,+0.0000,+0.0000,+0.0000,+0.0000,+0.0000,+1.0000,+0.0000,+0.0000,+0.0000,-0.1003,+0.0000,+0.0000,+0.0000,+0.0000
725,-0.31,90,False,0.0%,0.0%,0.0%,0.16,0.5,5.08,0.425,0.9926,1.0000,0.9333,+0.0000,+0.0000,+0.0000,+0.0000,+0.0000,-0.2000,+0.0006,-0.0398,+0.0000,-0.0675,+0.0000,+0.0000,+0.0000,+0.0000,+0.0000,+0.0000,+2.0000,+0.0224,+5.3063,+9.0000,+9.0000,+0.0000
726,-2.48,90,False,0.0%,0.0%,0.0%,0.01,0.5,4.93,12.048,0.9926,0.8000,0.6171,+0.0000,+0.0000,+0.0000,+0.0000,+0.0000,-0.2000,-0.0016,-0.0816,+0.0000,+0.0000,-2.2000,+0.0000,+0.0000,+0.0000,+0.0000,+0.0000,+2.0000,-0.0656,+10.8774,+9.0000,+0.0000,+22.0000
727,-3.63,63,True,0.0%,0.0%,0.0%,0.01,0.6,5.30,16.747,0.9894,0.9524,0.7984,+0.0000,+0.0000,+1.0000,+0.0000,+0.0000,-0.2000,-0.0261,-0.0029,+0.0000,+0.0000,-4.4000,+0.0000,+0.0000,+1.0000,+0.0000,+0.0000,+2.0000,-1.0456,+0.3845,+6.3000,+0.0000,+44.0000
728,0.00,1,False,0.0%,0.0%,0.0%,inf,0.8,4.75,0.000,1.0000,0.0000,1.0000,+0.0000,+0.0000,+0.0000,+0.0000,+0.0000,+0.0000,+0.0000,+0.0000,+0.0000,+0.0000,+0.0000,+0.0000,+0.0000,+0.0000,+0.0000,+0.0000,+0.0000,+0.0000,+0.0000,+0.0000,+0.0000,+0.0000
730,-4.14,25,False,100.0%,100.0%,0.0%,0.36,0.5,4.77,8.551,0.9733,0.7600,0.9375,-3.8551,+0.0000,+0.0000,+0.0000,+0.0000,-0.2000,-0.0771,-0.0055,+0.0000,+0.0000,+0.0000,+1.0000,+0.0000,+0.0000,+0.0000,+0.0000,+2.0000,-3.0841,+0.7326,+2.5000,+0.0000,+0.0000
732,-0.29,90,False,0.0%,0.0%,0.0%,0.16,0.6,5.80,4.493,0.9926,0.8667,0.8689,+0.0000,+0.0000,+0.0000,+0.0000,+0.0000,-0.2000,-0.0419,-0.0434,+0.0000,+0.0000,+0.0000,+0.0000,+0.0000,+0.0000,+0.0000,+0.0000,+2.0000,-1.6749,+5.7862,+9.0000,+0.0000,+0.0000
733,0.00,1,False,0.0%,0.0%,0.0%,inf,0.8,4.72,0.000,1.0000,0.0000,1.0000,+0.0000,+0.0000,+0.0000,+0.0000,+0.0000,+0.0000,+0.0000,+0.0000,+0.0000,+0.0000,+0.0000,+0.0000,+0.0000,+0.0000,+0.0000,+0.0000,+0.0000,+0.0000,+0.0000,+0.0000,+0.0000,+0.0000
734,-3.71,4,False,100.0%,100.0%,0.0%,0.35,0.7,4.71,5.064,0.8333,1.0000,0.9216,-3.5064,+0.0000,+0.0000,+0.0000,+0.0000,-0.2000,+0.0000,-0.0009,+0.0000,+0.0000,+0.0000,+1.0000,+0.0000,+0.0000,+0.0000,+0.0000,+2.0000,+0.0010,+0.1139,+0.4000,+0.0000,+0.0000
735,0.79,21,True,0.0%,0.0%,0.0%,0.01,0.6,4.75,4.493,0.9683,1.0000,0.8101,+0.0000,+0.0000,+1.0000,+0.0000,+0.0000,-0.2000,+0.0001,-0.0133,+0.0000,+0.0000,+0.0000,+0.0000,+0.0000,+1.0000,+0.0000,+0.0000,+2.0000,+0.0052,+1.7755,+2.1000,+0.0000,+0.0000
736,-0.26,90,False,0.0%,0.0%,0.0%,0.38,0.6,5.57,5.681,0.9926,0.9333,0.9319,+0.0000,+0.0000,+0.0000,+0.0000,+0.0000,-0.2000,-0.0398,-0.0194,+0.0000,+0.0000,+0.0000,+0.0000,+0.0000,+0.0000,+0.0000,+0.0000,+2.0000,-1.5926,+2.5830,+9.0000,+0.0000,+0.0000
738,1.00,1,True,0.0%,0.0%,0.0%,inf,0.8,4.53,0.000,1.0000,0.0000,0.0000,+0.0000,+0.0000,+1.0000,+0.0000,+0.0000,+0.0000,-0.0025,+0.0000,+0.0000,+0.0000,+0.0000,+0.0000,+0.0000,+1.0000,+0.0000,+0.0000,+0.0000,-0.1003,+0.0000,+0.0000,+0.0000,+0.0000
740,1.00,1,True,0.0%,0.0%,0.0%,inf,1.1,5.30,0.000,1.0000,0.0000,0.0000,+0.0000,+0.0000,+1.0000,+0.0000,+0.0000,+0.0000,-0.0025,+0.0000,+0.0000,+0.0000,+0.0000,+0.0000,+0.0000,+1.0000,+0.0000,+0.0000,+0.0000,-0.1003,+0.0000,+0.0000,+0.0000,+0.0000
742,-0.43,90,False,0.0%,0.0%,0.0%,0.11,0.6,6.41,10.676,0.9889,0.8556,0.9163,+0.0000,+0.0000,+0.0000,+0.0000,+0.0000,-0.3000,-0.0961,-0.0370,+0.0000,+0.0000,+0.0000,+0.0000,+0.0000,+0.0000,+0.0000,+0.0000,+3.0000,-3.8440,+4.9397,+9.0000,+0.0000,+0.0000
743,0.00,1,False,0.0%,0.0%,0.0%,inf,0.8,4.61,0.000,1.0000,0.0000,1.0000,+0.0000,+0.0000,+0.0000,+0.0000,+0.0000,+0.0000,+0.0000,+0.0000,+0.0000,+0.0000,+0.0000,+0.0000,+0.0000,+0.0000,+0.0000,+0.0000,+0.0000,+0.0000,+0.0000,+0.0000,+0.0000,+0.0000
746,0.00,1,False,0.0%,0.0%,0.0%,inf,0.9,4.68,0.000,1.0000,0.0000,1.0000,+0.0000,+0.0000,+0.0000,+0.0000,+0.0000,+0.0000,+0.0000,+0.0000,+0.0000,+0.0000,+0.0000,+0.0000,+0.0000,+0.0000,+0.0000,+0.0000,+0.0000,+0.0000,+0.0000,+0.0000,+0.0000,+0.0000
749,1.00,1,True,0.0%,0.0%,0.0%,inf,0.8,4.68,0.000,1.0000,0.0000,0.0000,+0.0000,+0.0000,+1.0000,+0.0000,+0.0000,+0.0000,-0.0025,+0.0000,+0.0000,+0.0000,+0.0000,+0.0000,+0.0000,+1.0000,+0.0000,+0.0000,+0.0000,-0.1003,+0.0000,+0.0000,+0.0000,+0.0000
750,1.00,1,True,0.0%,0.0%,0.0%,inf,1.1,5.37,0.000,1.0000,1.0000,0.0000,+0.0000,+0.0000,+1.0000,+0.0000,+0.0000,+0.0000,+0.0000,-0.0013,+0.0000,+0.0000,+0.0000,+0.0000,+0.0000,+1.0000,+0.0000,+0.0000,+0.0000,+0.0002,+0.1674,+0.0000,+0.0000,+0.0000
751,-0.11,90,False,0.0%,0.0%,0.0%,0.30,0.6,6.03,7.001,0.9963,1.0000,0.7664,+0.0000,+0.0000,+0.0000,+0.0000,+0.0000,-0.1000,+0.0006,-0.0068,+0.0000,+0.0000,+0.0000,+0.0000,+0.0000,+0.0000,+0.0000,+0.0000,+1.0000,+0.0223,+0.9051,+9.0000,+0.0000,+0.0000
752,-3.30,41,True,0.0%,0.0%,0.0%,0.01,0.5,4.76,18.303,0.9837,1.0000,0.8565,+0.0000,+0.0000,+1.0000,+0.0000,+0.0000,-0.2000,+0.0003,-0.0045,+0.0000,+0.0000,-4.1000,+0.0000,+0.0000,+1.0000,+0.0000,+0.0000,+2.0000,+0.0102,+0.5990,+4.1000,+0.0000,+41.0000
753,1.00,1,True,0.0%,0.0%,0.0%,inf,0.8,4.65,0.000,1.0000,1.0000,0.8968,+0.0000,+0.0000,+1.0000,+0.0000,+0.0000,+0.0000,+0.0000,-0.0005,+0.0000,+0.0000,+0.0000,+0.0000,+0.0000,+1.0000,+0.0000,+0.0000,+0.0000,+0.0002,+0.0666,+0.0000,+0.0000,+0.0000
754,1.00,1,True,0.0%,0.0%,0.0%,inf,0.8,4.74,0.000,1.0000,0.0000,0.0000,+0.0000,+0.0000,+1.0000,+0.0000,+0.0000,+0.0000,-0.0025,+0.0000,+0.0000,+0.0000,+0.0000,+0.0000,+0.0000,+1.0000,+0.0000,+0.0000,+0.0000,-0.1003,+0.0000,+0.0000,+0.0000,+0.0000
757,-0.19,90,False,0.0%,0.0%,0.0%,0.19,2.3,5.83,7.135,0.9963,0.9556,0.8018,+0.0000,+0.0000,+0.0000,+0.0000,+0.0000,-0.1000,-0.0305,-0.0567,+0.0000,+0.0000,+0.0000,+0.0000,+0.0000,+0.0000,+0.0000,+0.0000,+1.0000,-1.2190,+7.5596,+9.0000,+0.0000,+0.0000
758,-0.35,90,False,0.0%,0.0%,0.0%,0.10,0.5,5.76,5.983,0.9889,0.9889,0.9679,+0.0000,+0.0000,+0.0000,+0.0000,+0.0000,-0.3000,-0.0140,-0.0345,+0.0000,+0.0000,+0.0000,+0.0000,+0.0000,+0.0000,+0.0000,+0.0000,+3.0000,-0.5594,+4.6046,+9.0000,+0.0000,+0.0000
760,-0.37,90,False,0.0%,0.0%,0.0%,0.01,0.5,4.99,6.672,0.9889,1.0000,0.5833,+0.0000,+0.0000,+0.0000,+0.0000,+0.0000,-0.3000,+0.0005,-0.0681,+0.0000,+0.0000,+0.0000,+0.0000,+0.0000,+0.0000,+0.0000,+0.0000,+3.0000,+0.0216,+9.0822,+9.0000,+0.0000,+0.0000
761,-10.40,90,False,0.0%,0.0%,0.0%,0.03,0.6,5.38,20.743,0.9519,0.9556,0.5188,+0.0000,+0.0000,+0.0000,+0.0000,+0.0000,-1.3000,-0.0481,-0.0561,+0.0000,+0.0000,-9.0000,+0.0000,+0.0000,+0.0000,+0.0000,+0.0000,+13.0000,-1.9238,+7.4815,+9.0000,+0.0000,+90.0000
762,-0.25,90,False,0.0%,0.0%,0.0%,0.35,0.7,6.70,6.230,0.9926,0.7778,0.6575,+0.0000,+0.0000,+0.0000,+0.0000,+0.0000,-0.2000,-0.0268,-0.0229,+0.0000,+0.0000,+0.0000,+0.0000,+0.0000,+0.0000,+0.0000,+0.0000,+2.0000,-1.0706,+3.0552,+9.0000,+0.0000,+0.0000
763,-0.45,90,False,0.0%,0.0%,0.0%,0.17,0.6,5.68,4.005,0.9889,0.5444,0.7353,+0.0000,+0.0000,+0.0000,+0.0000,+0.0000,-0.3000,-0.1118,-0.0376,+0.0000,+0.0000,+0.0000,+0.0000,+0.0000,+0.0000,+0.0000,+0.0000,+3.0000,-4.4722,+5.0187,+9.0000,+0.0000,+0.0000
766,1.00,1,True,0.0%,0.0%,0.0%,inf,0.9,5.38,0.000,1.0000,0.0000,0.0000,+0.0000,+0.0000,+1.0000,+0.0000,+0.0000,+0.0000,-0.0003,+0.0000,+0.0000,+0.0000,+0.0000,+0.0000,+0.0000,+1.0000,+0.0000,+0.0000,+0.0000,-0.0112,-0.0003,+0.0000,+0.0000,+0.0000
769,1.00,1,True,0.0%,0.0%,0.0%,inf,0.8,4.70,0.000,1.0000,1.0000,0.9779,+0.0000,+0.0000,+1.0000,+0.0000,+0.0000,+0.0000,+0.0000,-0.0003,+0.0000,+0.0000,+0.0000,+0.0000,+0.0000,+1.0000,+0.0000,+0.0000,+0.0000,+0.0002,+0.0404,+0.0000,+0.0000,+0.0000
770,-0.22,90,False,0.0%,0.0%,0.0%,0.43,0.6,6.39,6.673,0.9926,1.0000,0.6523,+0.0000,+0.0000,+0.0000,+0.0000,+0.0000,-0.2000,+0.0006,-0.0241,+0.0000,+0.0000,+0.0000,+0.0000,+0.0000,+0.0000,+0.0000,+0.0000,+2.0000,+0.0221,+3.2150,+9.0000,+0.0000,+0.0000
771,0.00,1,False,0.0%,0.0%,0.0%,inf,0.9,4.63,0.000,1.0000,0.0000,1.0000,+0.0000,+0.0000,+0.0000,+0.0000,+0.0000,+0.0000,+0.0000,+0.0000,+0.0000,+0.0000,+0.0000,+0.0000,+0.0000,+0.0000,+0.0000,+0.0000,+0.0000,+0.0000,+0.0000,+0.0000,+0.0000,+0.0000
772,-1.04,90,False,0.0%,0.0%,0.0%,0.01,0.6,5.53,8.770,0.9667,0.8333,0.6330,+0.0000,+0.0000,+0.0000,+0.0000,+0.0000,-0.9000,-0.0811,-0.0584,+0.0000,+0.0000,+0.0000,+0.0000,+0.0000,+0.0000,+0.0000,+0.0000,+9.0000,-3.2456,+7.7839,+9.0000,+0.0000,+0.0000
773,1.00,1,True,0.0%,0.0%,0.0%,inf,1.1,5.13,0.000,1.0000,0.0000,0.0000,+0.0000,+0.0000,+1.0000,+0.0000,+0.0000,+0.0000,-0.0025,+0.0000,+0.0000,+0.0000,+0.0000,+0.0000,+0.0000,+1.0000,+0.0000,+0.0000,+0.0000,-0.1003,+0.0000,+0.0000,+0.0000,+0.0000
774,0.08,37,True,0.0%,0.0%,0.0%,0.01,0.5,5.09,6.058,0.9189,0.9459,0.6210,+0.0000,+0.0000,+1.0000,+0.0000,+0.0000,-0.9000,+0.0002,-0.0243,+0.0000,+0.0000,+0.0000,+0.0000,+0.0000,+1.0000,+0.0000,+0.0000,+9.0000,+0.0078,+3.2340,+3.7000,+0.0000,+0.0000
775,0.00,1,False,0.0%,0.0%,0.0%,inf,0.8,4.70,0.000,1.0000,0.0000,1.0000,+0.0000,+0.0000,+0.0000,+0.0000,+0.0000,+0.0000,+0.0000,+0.0000,+0.0000,+0.0000,+0.0000,+0.0000,+0.0000,+0.0000,+0.0000,+0.0000,+0.0000,+0.0000,+0.0000,+0.0000,+0.0000,+0.0000
776,0.00,1,False,0.0%,0.0%,0.0%,inf,0.8,4.60,0.000,1.0000,0.0000,1.0000,+0.0000,+0.0000,+0.0000,+0.0000,+0.0000,+0.0000,+0.0000,+0.0000,+0.0000,+0.0000,+0.0000,+0.0000,+0.0000,+0.0000,+0.0000,+0.0000,+0.0000,+0.0000,+0.0000,+0.0000,+0.0000,+0.0000
777,-1.55,90,False,0.0%,0.0%,0.0%,0.42,0.6,5.77,8.633,0.9926,0.2222,0.7866,+0.0000,+0.0000,+0.0000,+0.0000,+0.0000,-0.2000,-1.3526,-0.0018,+0.0000,+0.0000,+0.0000,+0.0000,+0.0000,+0.0000,+0.0000,+0.0000,+2.0000,-54.1039,+0.2386,+9.0000,+0.0000,+0.0000
779,-0.25,90,False,0.0%,0.0%,0.0%,0.14,0.5,4.88,1.708,0.9926,0.6111,0.7836,+0.0000,+0.0000,+0.0000,+0.0000,+0.0000,-0.2000,-0.0400,-0.0139,+0.0000,+0.0000,+0.0000,+0.0000,+0.0000,+0.0000,+0.0000,+0.0000,+2.0000,-1.5986,+1.8569,+9.0000,+0.0000,+0.0000
780,1.00,1,True,0.0%,0.0%,0.0%,inf,1.0,4.89,0.000,1.0000,0.0000,0.0000,+0.0000,+0.0000,+1.0000,+0.0000,+0.0000,+0.0000,-0.0025,+0.0000,+0.0000,+0.0000,+0.0000,+0.0000,+0.0000,+1.0000,+0.0000,+0.0000,+0.0000,-0.1003,+0.0000,+0.0000,+0.0000,+0.0000
782,-0.57,90,False,0.0%,0.0%,0.0%,0.24,0.6,6.27,6.310,0.9889,0.5444,0.6435,+0.0000,+0.0000,+0.0000,+0.0000,+0.0000,-0.3000,-0.2417,-0.0313,+0.0000,+0.0000,+0.0000,+0.0000,+0.0000,+0.0000,+0.0000,+0.0000,+3.0000,-9.6670,+4.1700,+9.0000,+0.0000,+0.0000
783,1.00,1,True,0.0%,0.0%,0.0%,inf,0.8,4.68,0.000,1.0000,1.0000,0.9326,+0.0000,+0.0000,+1.0000,+0.0000,+0.0000,+0.0000,+0.0000,-0.0002,+0.0000,+0.0000,+0.0000,+0.0000,+0.0000,+1.0000,+0.0000,+0.0000,+0.0000,+0.0002,+0.0308,+0.0000,+0.0000,+0.0000
787,0.23,73,True,0.0%,0.0%,0.0%,0.01,0.5,4.86,7.097,0.9680,0.7671,0.6698,+0.0000,+0.0000,+1.0000,+0.0000,+0.0000,-0.7000,-0.0202,-0.0543,+0.0000,+0.0000,+0.0000,+0.0000,+0.0000,+1.0000,+0.0000,+0.0000,+7.0000,-0.8080,+7.2388,+7.3000,+0.0000,+0.0000
788,1.00,1,True,0.0%,0.0%,0.0%,inf,0.8,4.70,0.000,1.0000,0.0000,0.0000,+0.0000,+0.0000,+1.0000,+0.0000,+0.0000,+0.0000,-0.0025,+0.0000,+0.0000,+0.0000,+0.0000,+0.0000,+0.0000,+1.0000,+0.0000,+0.0000,+0.0000,-0.1003,+0.0000,+0.0000,+0.0000,+0.0000
789,-3.24,23,False,0.0%,0.0%,100.0%,0.10,0.5,4.92,5.206,0.9710,0.0435,0.2788,+0.0000,-3.0000,+0.0000,+0.0000,+0.0000,-0.2000,-0.0194,-0.0236,+0.0000,+0.0000,+0.0000,+0.0000,+1.0000,+0.0000,+0.0000,+0.0000,+2.0000,-0.7748,+3.1531,+2.3000,+0.0000,+0.0000
790,-0.04,90,False,0.0%,0.0%,0.0%,0.22,0.6,6.19,5.675,1.0000,0.9889,0.9595,+0.0000,+0.0000,+0.0000,+0.0000,+0.0000,+0.0000,-0.0079,-0.0335,+0.0000,+0.0000,+0.0000,+0.0000,+0.0000,+0.0000,+0.0000,+0.0000,+0.0000,-0.3156,+4.4643,+9.0000,+0.0000,+0.0000
791,-0.23,90,False,0.0%,0.0%,0.0%,0.20,0.6,5.61,1.307,0.9926,1.0000,0.5005,+0.0000,+0.0000,+0.0000,+0.0000,+0.0000,-0.2000,+0.0005,-0.0303,+0.0000,+0.0000,+0.0000,+0.0000,+0.0000,+0.0000,+0.0000,+0.0000,+2.0000,+0.0219,+4.0373,+9.0000,+0.0000,+0.0000
792,1.00,1,True,0.0%,0.0%,0.0%,inf,0.8,4.61,0.000,1.0000,1.0000,0.9885,+0.0000,+0.0000,+1.0000,+0.0000,+0.0000,+0.0000,+0.0000,-0.0004,+0.0000,+0.0000,+0.0000,+0.0000,+0.0000,+1.0000,+0.0000,+0.0000,+0.0000,+0.0002,+0.0474,+0.0000,+0.0000,+0.0000
795,1.00,1,True,0.0%,0.0%,0.0%,inf,1.0,4.64,0.000,1.0000,0.0000,0.0000,+0.0000,+0.0000,+1.0000,+0.0000,+0.0000,+0.0000,-0.0025,+0.0000,+0.0000,+0.0000,+0.0000,+0.0000,+0.0000,+1.0000,+0.0000,+0.0000,+0.0000,-0.1003,+0.0000,+0.0000,+0.0000,+0.0000
798,-0.33,90,False,0.0%,0.0%,0.0%,0.08,0.6,5.30,10.251,0.9889,1.0000,0.9749,+0.0000,+0.0000,+0.0000,+0.0000,+0.0000,-0.3000,+0.0006,-0.0270,+0.0000,+0.0000,+0.0000,+0.0000,+0.0000,+0.0000,+0.0000,+0.0000,+3.0000,+0.0224,+3.5965,+9.0000,+0.0000,+0.0000
800,1.00,1,True,0.0%,0.0%,0.0%,inf,4.2,5.13,0.000,1.0000,0.0000,0.0000,+0.0000,+0.0000,+1.0000,+0.0000,+0.0000,+0.0000,-0.0025,+0.0000,+0.0000,+0.0000,+0.0000,+0.0000,+0.0000,+1.0000,+0.0000,+0.0000,+0.0000,-0.1003,+0.0000,+0.0000,+0.0000,+0.0000
801,1.00,1,True,0.0%,0.0%,0.0%,inf,0.9,4.74,0.000,1.0000,0.0000,0.0000,+0.0000,+0.0000,+1.0000,+0.0000,+0.0000,+0.0000,-0.0025,+0.0000,+0.0000,+0.0000,+0.0000,+0.0000,+0.0000,+1.0000,+0.0000,+0.0000,+0.0000,-0.1003,+0.0000,+0.0000,+0.0000,+0.0000
802,0.87,41,True,0.0%,0.0%,0.0%,0.01,0.6,4.99,9.050,0.9919,0.9268,0.9768,+0.0000,+0.0000,+1.0000,+0.0000,+0.0000,-0.1000,-0.0161,-0.0147,+0.0000,+0.0000,+0.0000,+0.0000,+0.0000,+1.0000,+0.0000,+0.0000,+1.0000,-0.6451,+1.9549,+4.1000,+0.0000,+0.0000
808,0.88,81,True,0.0%,0.0%,0.0%,0.01,0.5,4.82,8.113,0.9959,1.0000,0.9317,+0.0000,+0.0000,+1.0000,+0.0000,+0.0000,-0.1000,+0.0005,-0.0224,+0.0000,+0.0000,+0.0000,+0.0000,+0.0000,+1.0000,+0.0000,+0.0000,+1.0000,+0.0202,+2.9844,+8.1000,+0.0000,+0.0000
810,-1.26,90,False,0.0%,0.0%,0.0%,0.04,0.5,4.62,10.813,0.9556,1.0000,0.5545,+0.0000,+0.0000,+0.0000,+0.0000,+0.0000,-1.2000,+0.0005,-0.0623,+0.0000,+0.0000,+0.0000,+0.0000,+0.0000,+0.0000,+0.0000,+0.0000,+12.0000,+0.0215,+8.3064,+9.0000,+0.0000,+0.0000
811,-0.50,90,False,0.0%,0.0%,0.0%,0.19,0.5,5.33,6.672,0.9889,0.6556,0.6335,+0.0000,+0.0000,+0.0000,+0.0000,+0.0000,-0.3000,-0.1478,-0.0544,+0.0000,+0.0000,+0.0000,+0.0000,+0.0000,+0.0000,+0.0000,+0.0000,+3.0000,-5.9139,+7.2552,+9.0000,+0.0000,+0.0000
812,-0.01,8,True,0.0%,0.0%,0.0%,0.02,0.6,5.29,16.359,0.9167,1.0000,0.5462,+0.0000,+0.0000,+1.0000,+0.0000,+0.0000,-0.2000,+0.0000,-0.0083,+0.0000,+0.0000,-0.8000,+0.0000,+0.0000,+1.0000,+0.0000,+0.0000,+2.0000,+0.0019,+1.1098,+0.8000,+0.0000,+8.0000
816,-5.21,90,False,0.0%,0.0%,0.0%,0.23,0.5,5.43,15.831,0.9926,0.9889,0.8735,+0.0000,+0.0000,+0.0000,+0.0000,+0.0000,-0.2000,-0.0013,-0.0122,+0.0000,+0.0000,-5.0000,+0.0000,+0.0000,+0.0000,+0.0000,+0.0000,+2.0000,-0.0530,+1.6224,+9.0000,+0.0000,+50.0000
817,0.80,1,True,0.0%,0.0%,0.0%,inf,0.8,4.72,16.282,0.6667,1.0000,0.8618,+0.0000,+0.0000,+1.0000,+0.0000,+0.0000,-0.1000,+0.0000,-0.0006,+0.0000,+0.0000,-0.1000,+0.0000,+0.0000,+1.0000,+0.0000,+0.0000,+1.0000,+0.0002,+0.0738,+0.1000,+0.0000,+1.0000
818,-3.66,67,False,100.0%,100.0%,0.0%,0.25,0.6,5.56,5.902,1.0000,0.7164,0.8378,-3.5903,+0.0000,+0.0000,+0.0000,+0.0000,+0.0000,-0.0378,-0.0315,+0.0000,+0.0000,+0.0000,+1.0000,+0.0000,+0.0000,+0.0000,+0.0000,+0.0000,-1.5128,+4.1966,+6.7000,+0.0000,+0.0000
820,1.00,1,True,0.0%,0.0%,0.0%,inf,0.8,4.57,0.000,1.0000,0.0000,0.0000,+0.0000,+0.0000,+1.0000,+0.0000,+0.0000,+0.0000,-0.0025,+0.0000,+0.0000,+0.0000,+0.0000,+0.0000,+0.0000,+1.0000,+0.0000,+0.0000,+0.0000,-0.1003,+0.0000,+0.0000,+0.0000,+0.0000
821,1.00,1,True,0.0%,0.0%,0.0%,inf,0.8,4.67,0.000,1.0000,1.0000,0.9924,+0.0000,+0.0000,+1.0000,+0.0000,+0.0000,+0.0000,+0.0000,-0.0003,+0.0000,+0.0000,+0.0000,+0.0000,+0.0000,+1.0000,+0.0000,+0.0000,+0.0000,+0.0002,+0.0434,+0.0000,+0.0000,+0.0000
822,1.00,1,True,0.0%,0.0%,0.0%,inf,1.1,5.26,0.000,1.0000,0.0000,0.5112,+0.0000,+0.0000,+1.0000,+0.0000,+0.0000,+0.0000,+0.0000,+0.0000,+0.0000,+0.0000,+0.0000,+0.0000,+0.0000,+1.0000,+0.0000,+0.0000,+0.0000,+0.0000,-0.0051,+0.0000,+0.0000,+0.0000
823,-0.01,90,False,0.0%,0.0%,0.0%,0.33,0.6,5.66,0.809,1.0000,1.0000,0.7614,+0.0000,+0.0000,+0.0000,+0.0000,+0.0000,+0.0000,+0.0005,-0.0093,+0.0000,+0.0000,+0.0000,+0.0000,+0.0000,+0.0000,+0.0000,+0.0000,+0.0000,+0.0209,+1.2447,+9.0000,+0.0000,+0.0000
824,1.00,1,True,0.0%,0.0%,0.0%,inf,0.8,4.57,0.000,1.0000,0.0000,0.0000,+0.0000,+0.0000,+1.0000,+0.0000,+0.0000,+0.0000,-0.0025,+0.0000,+0.0000,+0.0000,+0.0000,+0.0000,+0.0000,+1.0000,+0.0000,+0.0000,+0.0000,-0.1003,+0.0000,+0.0000,+0.0000,+0.0000
825,-1.38,90,False,0.0%,0.0%,0.0%,0.35,0.5,5.43,7.544,0.9926,0.2000,0.4898,+0.0000,+0.0000,+0.0000,+0.0000,+0.0000,-0.2000,-1.1664,-0.0156,+0.0000,+0.0000,+0.0000,+0.0000,+0.0000,+0.0000,+0.0000,+0.0000,+2.0000,-46.6579,+2.0852,+9.0000,+0.0000,+0.0000
826,-0.74,90,False,0.0%,0.0%,0.0%,0.43,0.5,5.16,7.913,0.9741,1.0000,0.5699,+0.0000,+0.0000,+0.0000,+0.0000,+0.0000,-0.7000,+0.0005,-0.0437,+0.0000,+0.0000,+0.0000,+0.0000,+0.0000,+0.0000,+0.0000,+0.0000,+7.0000,+0.0217,+5.8293,+9.0000,+0.0000,+0.0000
828,-0.43,90,False,0.0%,0.0%,0.0%,0.19,0.5,4.90,2.276,0.9926,0.5111,0.8110,+0.0000,+0.0000,+0.0000,+0.0000,+0.0000,-0.2000,-0.2095,-0.0219,+0.0000,+0.0000,+0.0000,+0.0000,+0.0000,+0.0000,+0.0000,+0.0000,+2.0000,-8.3806,+2.9154,+9.0000,+0.0000,+0.0000
831,-0.23,90,False,0.0%,0.0%,0.0%,0.21,0.7,7.33,8.946,0.9926,0.8333,0.8349,+0.0000,+0.0000,+0.0000,+0.0000,+0.0000,-0.2000,-0.0201,-0.0078,+0.0000,+0.0000,+0.0000,+0.0000,+0.0000,+0.0000,+0.0000,+0.0000,+2.0000,-0.8028,+1.0353,+9.0000,+0.0000,+0.0000
833,-0.04,90,False,0.0%,0.0%,0.0%,0.05,0.5,5.12,0.072,1.0000,1.0000,0.9367,+0.0000,+0.0000,+0.0000,+0.0000,+0.0000,+0.0000,+0.0006,-0.0393,+0.0000,+0.0000,+0.0000,+0.0000,+0.0000,+0.0000,+0.0000,+0.0000,+0.0000,+0.0223,+5.2435,+9.0000,+0.0000,+0.0000
834,-0.26,90,False,0.0%,0.0%,0.0%,0.17,2.1,5.82,0.341,0.9926,1.0000,0.8160,+0.0000,+0.0000,+0.0000,+0.0000,+0.0000,-0.2000,+0.0006,-0.0563,+0.0000,+0.0000,+0.0000,+0.0000,+0.0000,+0.0000,+0.0000,+0.0000,+2.0000,+0.0224,+7.5014,+9.0000,+0.0000,+0.0000
835,0.00,1,False,0.0%,0.0%,0.0%,inf,0.8,4.76,0.000,1.0000,0.0000,1.0000,+0.0000,+0.0000,+0.0000,+0.0000,+0.0000,+0.0000,+0.0000,+0.0000,+0.0000,+0.0000,+0.0000,+0.0000,+0.0000,+0.0000,+0.0000,+0.0000,+0.0000,+0.0000,+0.0000,+0.0000,+0.0000,+0.0000
836,-0.07,90,False,0.0%,0.0%,0.0%,0.13,0.5,4.98,7.132,1.0000,1.0000,0.5183,+0.0000,+0.0000,+0.0000,+0.0000,+0.0000,+0.0000,+0.0005,-0.0744,+0.0000,+0.0000,+0.0000,+0.0000,+0.0000,+0.0000,+0.0000,+0.0000,+0.0000,+0.0214,+9.9251,+9.0000,+0.0000,+0.0000
837,1.00,1,True,0.0%,0.0%,0.0%,inf,1.0,4.64,0.000,1.0000,0.0000,0.0000,+0.0000,+0.0000,+1.0000,+0.0000,+0.0000,+0.0000,-0.0025,+0.0000,+0.0000,+0.0000,+0.0000,+0.0000,+0.0000,+1.0000,+0.0000,+0.0000,+0.0000,-0.1003,+0.0000,+0.0000,+0.0000,+0.0000
838,0.00,1,False,0.0%,0.0%,0.0%,inf,0.9,5.21,0.000,1.0000,0.0000,1.0000,+0.0000,+0.0000,+0.0000,+0.0000,+0.0000,+0.0000,+0.0000,+0.0000,+0.0000,+0.0000,+0.0000,+0.0000,+0.0000,+0.0000,+0.0000,+0.0000,+0.0000,+0.0000,+0.0000,+0.0000,+0.0000,+0.0000
840,0.00,1,False,0.0%,0.0%,0.0%,inf,0.8,4.59,0.000,1.0000,0.0000,1.0000,+0.0000,+0.0000,+0.0000,+0.0000,+0.0000,+0.0000,+0.0000,+0.0000,+0.0000,+0.0000,+0.0000,+0.0000,+0.0000,+0.0000,+0.0000,+0.0000,+0.0000,+0.0000,+0.0000,+0.0000,+0.0000,+0.0000
841,0.20,6,True,0.0%,0.0%,0.0%,0.02,1.1,4.77,16.279,0.8889,1.0000,0.9608,+0.0000,+0.0000,+1.0000,+0.0000,+0.0000,-0.2000,+0.0000,-0.0024,+0.0000,+0.0000,-0.6000,+0.0000,+0.0000,+1.0000,+0.0000,+0.0000,+2.0000,+0.0015,+0.3193,+0.6000,+0.0000,+6.0000
843,-0.22,90,False,0.0%,0.0%,0.0%,0.23,0.5,4.93,7.331,0.9926,0.9222,0.6289,+0.0000,+0.0000,+0.0000,+0.0000,+0.0000,-0.2000,+0.0005,-0.0214,+0.0000,+0.0000,+0.0000,+0.0000,+0.0000,+0.0000,+0.0000,+0.0000,+2.0000,+0.0219,+2.8535,+9.0000,+0.0000,+0.0000
846,0.90,1,True,0.0%,0.0%,0.0%,inf,0.8,4.60,0.095,0.6667,1.0000,0.8953,+0.0000,+0.0000,+1.0000,+0.0000,+0.0000,-0.1000,+0.0000,-0.0002,+0.0000,+0.0000,+0.0000,+0.0000,+0.0000,+1.0000,+0.0000,+0.0000,+1.0000,+0.0002,+0.0229,+0.1000,+0.0000,+0.0000
847,1.00,1,True,0.0%,0.0%,0.0%,inf,1.1,5.17,0.000,1.0000,0.0000,0.0000,+0.0000,+0.0000,+1.0000,+0.0000,+0.0000,+0.0000,-0.0025,+0.0000,+0.0000,+0.0000,+0.0000,+0.0000,+0.0000,+1.0000,+0.0000,+0.0000,+0.0000,-0.1003,+0.0000,+0.0000,+0.0000,+0.0000
848,-2.25,90,False,0.0%,0.0%,0.0%,0.21,0.7,7.23,11.089,0.9704,0.8556,0.5206,+0.0000,+0.0000,+0.0000,+0.0000,+0.0000,-0.8000,-0.0067,-0.0469,+0.0000,+0.0000,-1.4000,+0.0000,+0.0000,+0.0000,+0.0000,+0.0000,+8.0000,-0.2684,+6.2502,+9.0000,+0.0000,+14.0000
849,1.00,1,True,0.0%,0.0%,0.0%,inf,0.9,4.52,0.000,1.0000,0.0000,0.0000,+0.0000,+0.0000,+1.0000,+0.0000,+0.0000,+0.0000,-0.0025,+0.0000,+0.0000,+0.0000,+0.0000,+0.0000,+0.0000,+1.0000,+0.0000,+0.0000,+0.0000,-0.1003,+0.0000,+0.0000,+0.0000,+0.0000
850,1.00,1,True,0.0%,0.0%,0.0%,inf,0.8,4.78,0.000,1.0000,0.0000,0.0000,+0.0000,+0.0000,+1.0000,+0.0000,+0.0000,+0.0000,-0.0025,+0.0000,+0.0000,+0.0000,+0.0000,+0.0000,+0.0000,+1.0000,+0.0000,+0.0000,+0.0000,-0.1003,+0.0000,+0.0000,+0.0000,+0.0000
851,-6.10,90,False,0.0%,0.0%,0.0%,0.11,2.8,5.25,18.084,0.8556,0.9000,0.6899,+0.0000,+0.0000,+0.0000,+0.0000,+0.0000,+0.0000,+0.0000,+0.0000,+0.0000,+0.0000,-6.1000,+0.0000,+0.0000,+0.0000,+0.0000,+0.0000,+39.0000,-0.4188,+4.8375,+9.0000,+0.0000,+61.0000
852,-0.73,90,False,0.0%,0.0%,0.0%,0.38,0.6,5.53,4.919,0.9815,0.5889,0.6076,+0.0000,+0.0000,+0.0000,+0.0000,+0.0000,-0.5000,-0.1669,-0.0655,+0.0000,+0.0000,+0.0000,+0.0000,+0.0000,+0.0000,+0.0000,+0.0000,+5.0000,-6.6750,+8.7327,+9.0000,+0.0000,+0.0000
854,0.30,5,True,0.0%,0.0%,0.0%,0.01,0.6,5.49,16.468,0.8667,0.8000,0.9170,+0.0000,+0.0000,+1.0000,+0.0000,+0.0000,-0.2000,+0.0000,-0.0019,+0.0000,+0.0000,-0.5000,+0.0000,+0.0000,+1.0000,+0.0000,+0.0000,+2.0000,+0.0010,+0.2570,+0.5000,+0.0000,+5.0000
855,1.00,1,True,0.0%,0.0%,0.0%,inf,0.8,4.64,0.000,1.0000,0.0000,0.0000,+0.0000,+0.0000,+1.0000,+0.0000,+0.0000,+0.0000,-0.0025,+0.0000,+0.0000,+0.0000,+0.0000,+0.0000,+0.0000,+1.0000,+0.0000,+0.0000,+0.0000,-0.1003,+0.0000,+0.0000,+0.0000,+0.0000
856,1.00,1,True,0.0%,0.0%,0.0%,inf,0.8,4.65,0.000,1.0000,0.0000,0.0000,+0.0000,+0.0000,+1.0000,+0.0000,+0.0000,+0.0000,-0.0025,+0.0000,+0.0000,+0.0000,+0.0000,+0.0000,+0.0000,+1.0000,+0.0000,+0.0000,+0.0000,-0.1003,+0.0000,+0.0000,+0.0000,+0.0000
857,1.00,1,True,0.0%,0.0%,0.0%,inf,0.8,4.62,0.000,1.0000,1.0000,0.9119,+0.0000,+0.0000,+1.0000,+0.0000,+0.0000,+0.0000,+0.0000,-0.0005,+0.0000,+0.0000,+0.0000,+0.0000,+0.0000,+1.0000,+0.0000,+0.0000,+0.0000,+0.0002,+0.0634,+0.0000,+0.0000,+0.0000
859,1.00,1,True,0.0%,0.0%,0.0%,inf,0.8,4.59,0.000,1.0000,0.0000,0.0000,+0.0000,+0.0000,+1.0000,+0.0000,+0.0000,+0.0000,-0.0025,+0.0000,+0.0000,+0.0000,+0.0000,+0.0000,+0.0000,+1.0000,+0.0000,+0.0000,+0.0000,-0.1003,+0.0000,+0.0000,+0.0000,+0.0000
860,-4.00,12,False,100.0%,100.0%,0.0%,0.30,0.6,4.66,6.503,0.9167,0.1667,0.6945,-3.6503,+0.0000,+0.0000,+0.0000,+0.0000,-0.3000,-0.0462,-0.0042,+0.0000,+0.0000,+0.0000,+1.0000,+0.0000,+0.0000,+0.0000,+0.0000,+3.0000,-1.8496,+0.5590,+1.2000,+0.0000,+0.0000
862,0.69,28,True,0.0%,0.0%,0.0%,0.01,0.6,4.76,4.679,0.9643,1.0000,0.9650,+0.0000,+0.0000,+1.0000,+0.0000,+0.0000,-0.3000,+0.0002,-0.0079,+0.0000,+0.0000,+0.0000,+0.0000,+0.0000,+1.0000,+0.0000,+0.0000,+3.0000,+0.0070,+1.0539,+2.8000,+0.0000,+0.0000
865,0.78,49,True,0.0%,0.0%,0.0%,0.01,0.5,5.52,9.678,0.9864,1.0000,0.8176,+0.0000,+0.0000,+1.0000,+0.0000,+0.0000,-0.2000,+0.0003,-0.0171,+0.0000,+0.0000,+0.0000,+0.0000,+0.0000,+1.0000,+0.0000,+0.0000,+2.0000,+0.0120,+2.2746,+4.9000,+0.0000,+0.0000
866,-0.37,90,False,0.0%,0.0%,0.0%,0.13,0.6,5.65,8.494,0.9926,0.7889,0.7423,+0.0000,+0.0000,+0.0000,+0.0000,+0.0000,-0.2000,-0.1438,-0.0272,+0.0000,+0.0000,+0.0000,+0.0000,+0.0000,+0.0000,+0.0000,+0.0000,+2.0000,-5.7529,+3.6207,+9.0000,+0.0000,+0.0000
868,-3.10,90,False,100.0%,100.0%,0.0%,0.13,0.6,5.80,0.084,1.0000,1.0000,0.9887,-3.0084,+0.0000,+0.0000,+0.0000,+0.0000,+0.0000,+0.0006,-0.0288,+0.0000,-0.0675,+0.0000,+1.0000,+0.0000,+0.0000,+0.0000,+0.0000,+0.0000,+0.0225,+3.8358,+9.0000,+9.0000,+0.0000
869,-0.03,90,False,0.0%,0.0%,0.0%,0.09,0.6,5.52,4.350,1.0000,0.9667,0.9411,+0.0000,+0.0000,+0.0000,+0.0000,+0.0000,+0.0000,-0.0071,-0.0262,+0.0000,+0.0000,+0.0000,+0.0000,+0.0000,+0.0000,+0.0000,+0.0000,+0.0000,-0.2850,+3.4978,+9.0000,+0.0000,+0.0000
870,1.00,1,True,0.0%,0.0%,0.0%,inf,0.8,4.65,0.000,1.0000,0.0000,0.0000,+0.0000,+0.0000,+1.0000,+0.0000,+0.0000,+0.0000,-0.0025,+0.0000,+0.0000,+0.0000,+0.0000,+0.0000,+0.0000,+1.0000,+0.0000,+0.0000,+0.0000,-0.1003,+0.0000,+0.0000,+0.0000,+0.0000
873,-0.28,90,False,0.0%,0.0%,0.0%,0.34,0.5,6.01,0.370,0.9926,1.0000,0.8707,+0.0000,+0.0000,+0.0000,+0.0000,+0.0000,-0.2000,+0.0006,-0.0119,+0.0000,-0.0675,+0.0000,+0.0000,+0.0000,+0.0000,+0.0000,+0.0000,+2.0000,+0.0223,+1.5896,+9.0000,+9.0000,+0.0000
875,1.00,1,True,0.0%,0.0%,0.0%,inf,0.8,4.79,0.000,1.0000,1.0000,0.9374,+0.0000,+0.0000,+1.0000,+0.0000,+0.0000,+0.0000,+0.0000,-0.0004,+0.0000,+0.0000,+0.0000,+0.0000,+0.0000,+1.0000,+0.0000,+0.0000,+0.0000,+0.0002,+0.0581,+0.0000,+0.0000,+0.0000
876,-0.15,90,False,0.0%,0.0%,0.0%,0.43,0.6,5.68,8.283,0.9963,0.9778,0.9513,+0.0000,+0.0000,+0.0000,+0.0000,+0.0000,-0.1000,-0.0110,-0.0350,+0.0000,+0.0000,+0.0000,+0.0000,+0.0000,+0.0000,+0.0000,+0.0000,+1.0000,-0.4401,+4.6618,+9.0000,+0.0000,+0.0000
878,0.00,1,False,0.0%,0.0%,0.0%,inf,0.8,4.62,0.577,1.0000,0.0000,1.0000,+0.0000,+0.0000,+0.0000,+0.0000,+0.0000,+0.0000,+0.0000,+0.0000,+0.0000,+0.0000,+0.0000,+0.0000,+0.0000,+0.0000,+0.0000,+0.0000,+0.0000,+0.0000,+0.0000,+0.0000,+0.0000,+0.0000
879,1.00,1,True,0.0%,0.0%,0.0%,inf,0.8,4.74,0.000,1.0000,1.0000,0.8320,+0.0000,+0.0000,+1.0000,+0.0000,+0.0000,+0.0000,+0.0000,-0.0001,+0.0000,+0.0000,+0.0000,+0.0000,+0.0000,+1.0000,+0.0000,+0.0000,+0.0000,+0.0002,+0.0094,+0.0000,+0.0000,+0.0000
884,-0.19,90,False,0.0%,0.0%,0.0%,0.41,0.5,4.89,8.993,0.9963,0.9667,0.5972,+0.0000,+0.0000,+0.0000,+0.0000,+0.0000,-0.1000,+0.0006,-0.0860,+0.0000,+0.0000,+0.0000,+0.0000,+0.0000,+0.0000,+0.0000,+0.0000,+1.0000,+0.0222,+11.4679,+9.0000,+0.0000,+0.0000
886,0.61,86,True,0.0%,0.0%,0.0%,0.01,0.5,5.80,7.299,0.9884,0.8721,0.8497,+0.0000,+0.0000,+1.0000,+0.0000,+0.0000,-0.3000,-0.0472,-0.0429,+0.0000,+0.0000,+0.0000,+0.0000,+0.0000,+1.0000,+0.0000,+0.0000,+3.0000,-1.8892,+5.7194,+8.6000,+0.0000,+0.0000
891,0.00,1,False,0.0%,0.0%,0.0%,inf,0.9,4.71,0.000,1.0000,0.0000,1.0000,+0.0000,+0.0000,+0.0000,+0.0000,+0.0000,+0.0000,+0.0000,+0.0000,+0.0000,+0.0000,+0.0000,+0.0000,+0.0000,+0.0000,+0.0000,+0.0000,+0.0000,+0.0000,+0.0000,+0.0000,+0.0000,+0.0000
894,1.00,1,True,0.0%,0.0%,0.0%,inf,0.8,4.61,0.000,1.0000,0.0000,0.0000,+0.0000,+0.0000,+1.0000,+0.0000,+0.0000,+0.0000,-0.0025,+0.0000,+0.0000,+0.0000,+0.0000,+0.0000,+0.0000,+1.0000,+0.0000,+0.0000,+0.0000,-0.1003,+0.0000,+0.0000,+0.0000,+0.0000
895,-0.64,90,False,0.0%,0.0%,0.0%,0.28,0.5,4.94,1.508,0.9889,0.0000,0.8182,+0.0000,+0.0000,+0.0000,+0.0000,+0.0000,-0.3000,-0.3442,+0.0030,+0.0000,+0.0000,+0.0000,+0.0000,+0.0000,+0.0000,+0.0000,+0.0000,+3.0000,-13.7678,-0.3977,+9.0000,+0.0000,+0.0000
896,1.00,1,True,0.0%,0.0%,0.0%,inf,0.8,4.43,0.000,1.0000,0.0000,0.0000,+0.0000,+0.0000,+1.0000,+0.0000,+0.0000,+0.0000,-0.0025,+0.0000,+0.0000,+0.0000,+0.0000,+0.0000,+0.0000,+1.0000,+0.0000,+0.0000,+0.0000,-0.1003,+0.0000,+0.0000,+0.0000,+0.0000
898,-4.17,90,False,0.0%,0.0%,0.0%,0.45,0.5,5.11,13.849,0.9778,0.9667,0.5711,+0.0000,+0.0000,+0.0000,+0.0000,+0.0000,-0.6000,-0.0193,-0.0527,+0.0000,+0.0000,-3.5000,+0.0000,+0.0000,+0.0000,+0.0000,+0.0000,+6.0000,-0.7711,+7.0215,+9.0000,+0.0000,+35.0000
899,1.00,1,True,0.0%,0.0%,0.0%,inf,0.8,4.49,0.000,1.0000,0.0000,0.0000,+0.0000,+0.0000,+1.0000,+0.0000,+0.0000,+0.0000,-0.0025,+0.0000,+0.0000,+0.0000,+0.0000,+0.0000,+0.0000,+1.0000,+0.0000,+0.0000,+0.0000,-0.1003,+0.0000,+0.0000,+0.0000,+0.0000
900,-0.13,90,False,0.0%,0.0%,0.0%,0.02,0.5,5.42,6.621,0.9963,1.0000,0.9446,+0.0000,+0.0000,+0.0000,+0.0000,+0.0000,-0.1000,+0.0006,-0.0334,+0.0000,+0.0000,+0.0000,+0.0000,+0.0000,+0.0000,+0.0000,+0.0000,+1.0000,+0.0223,+4.4471,+9.0000,+0.0000,+0.0000
903,1.00,1,True,0.0%,0.0%,0.0%,inf,0.9,5.18,0.000,1.0000,0.0000,0.0000,+0.0000,+0.0000,+1.0000,+0.0000,+0.0000,+0.0000,-0.0025,+0.0000,+0.0000,+0.0000,+0.0000,+0.0000,+0.0000,+1.0000,+0.0000,+0.0000,+0.0000,-0.1003,+0.0000,+0.0000,+0.0000,+0.0000
904,0.88,30,True,0.0%,0.0%,0.0%,0.01,0.6,4.79,9.586,0.9889,1.0000,0.8698,+0.0000,+0.0000,+1.0000,+0.0000,+0.0000,-0.1000,+0.0002,-0.0162,+0.0000,+0.0000,+0.0000,+0.0000,+0.0000,+1.0000,+0.0000,+0.0000,+1.0000,+0.0075,+2.1657,+3.0000,+0.0000,+0.0000
905,0.00,1,False,0.0%,0.0%,0.0%,inf,0.8,4.62,0.000,1.0000,0.0000,1.0000,+0.0000,+0.0000,+0.0000,+0.0000,+0.0000,+0.0000,+0.0000,+0.0000,+0.0000,+0.0000,+0.0000,+0.0000,+0.0000,+0.0000,+0.0000,+0.0000,+0.0000,+0.0000,+0.0000,+0.0000,+0.0000,+0.0000
906,-0.23,90,False,0.0%,0.0%,0.0%,0.23,0.5,5.41,0.171,0.9926,1.0000,0.9801,+0.0000,+0.0000,+0.0000,+0.0000,+0.0000,-0.2000,+0.0005,-0.0332,+0.0000,+0.0000,+0.0000,+0.0000,+0.0000,+0.0000,+0.0000,+0.0000,+2.0000,+0.0218,+4.4258,+9.0000,+0.0000,+0.0000
908,-4.32,90,False,0.0%,0.0%,0.0%,0.04,0.6,5.52,14.033,0.9889,0.9889,0.6053,+0.0000,+0.0000,+0.0000,+0.0000,+0.0000,-0.3000,+0.0006,-0.0171,+0.0000,+0.0000,-4.0000,+0.0000,+0.0000,+0.0000,+0.0000,+0.0000,+3.0000,+0.0223,+2.2804,+9.0000,+0.0000,+40.0000
909,-4.02,41,False,100.0%,100.0%,0.0%,0.30,0.6,5.08,6.807,0.9837,0.5610,0.8858,-3.6807,+0.0000,+0.0000,+0.0000,+0.0000,-0.2000,-0.1349,-0.0036,+0.0000,+0.0000,+0.0000,+1.0000,+0.0000,+0.0000,+0.0000,+0.0000,+2.0000,-5.3948,+0.4775,+4.1000,+0.0000,+0.0000
910,1.00,1,True,0.0%,0.0%,0.0%,inf,1.0,4.81,0.000,1.0000,0.0000,0.0000,+0.0000,+0.0000,+1.0000,+0.0000,+0.0000,+0.0000,-0.0025,+0.0000,+0.0000,+0.0000,+0.0000,+0.0000,+0.0000,+1.0000,+0.0000,+0.0000,+0.0000,-0.1003,+0.0000,+0.0000,+0.0000,+0.0000
913,1.00,5,True,0.0%,0.0%,0.0%,0.01,1.0,5.18,3.959,1.0000,1.0000,0.9869,+0.0000,+0.0000,+1.0000,+0.0000,+0.0000,+0.0000,+0.0000,-0.0018,+0.0000,+0.0000,+0.0000,+0.0000,+0.0000,+1.0000,+0.0000,+0.0000,+0.0000,+0.0012,+0.2387,+0.5000,+0.0000,+0.0000
915,0.00,1,False,0.0%,0.0%,0.0%,inf,0.8,4.74,0.000,1.0000,0.0000,1.0000,+0.0000,+0.0000,+0.0000,+0.0000,+0.0000,+0.0000,+0.0000,+0.0000,+0.0000,+0.0000,+0.0000,+0.0000,+0.0000,+0.0000,+0.0000,+0.0000,+0.0000,+0.0000,+0.0000,+0.0000,+0.0000,+0.0000
917,0.00,1,False,0.0%,0.0%,0.0%,inf,1.0,5.18,0.000,1.0000,0.0000,1.0000,+0.0000,+0.0000,+0.0000,+0.0000,+0.0000,+0.0000,+0.0000,+0.0000,+0.0000,+0.0000,+0.0000,+0.0000,+0.0000,+0.0000,+0.0000,+0.0000,+0.0000,+0.0000,+0.0000,+0.0000,+0.0000,+0.0000
918,-3.24,30,False,0.0%,0.0%,100.0%,0.21,1.6,14.39,5.979,0.9778,0.2667,0.6228,+0.0000,-3.0000,+0.0000,+0.0000,+0.0000,-0.2000,-0.0187,-0.0187,+0.0000,+0.0000,+0.0000,+0.0000,+1.0000,+0.0000,+0.0000,+0.0000,+2.0000,-0.7497,+2.4877,+3.0000,+0.0000,+0.0000
920,0.00,1,False,0.0%,0.0%,0.0%,inf,1.3,11.95,0.000,1.0000,0.0000,1.0000,+0.0000,+0.0000,+0.0000,+0.0000,+0.0000,+0.0000,+0.0000,+0.0000,+0.0000,+0.0000,+0.0000,+0.0000,+0.0000,+0.0000,+0.0000,+0.0000,+0.0000,+0.0000,+0.0000,+0.0000,+0.0000,+0.0000
921,0.38,66,True,0.0%,0.0%,0.0%,0.01,1.2,13.75,11.243,0.9899,0.9091,0.7374,+0.0000,+0.0000,+1.0000,+0.0000,+0.0000,-0.2000,+0.0004,-0.0178,+0.0000,+0.0000,-0.4000,+0.0000,+0.0000,+1.0000,+0.0000,+0.0000,+2.0000,+0.0163,+2.3699,+6.6000,+0.0000,+4.0000
922,0.89,22,True,0.0%,0.0%,0.0%,0.01,2.5,16.69,6.291,0.9848,1.0000,0.9838,+0.0000,+0.0000,+1.0000,+0.0000,+0.0000,-0.1000,+0.0001,-0.0080,+0.0000,+0.0000,+0.0000,+0.0000,+0.0000,+1.0000,+0.0000,+0.0000,+1.0000,+0.0055,+1.0648,+2.2000,+0.0000,+0.0000
923,-0.22,90,False,0.0%,0.0%,0.0%,0.26,5.2,19.61,0.149,0.9926,0.8556,0.9080,+0.0000,+0.0000,+0.0000,+0.0000,+0.0000,-0.2000,-0.0060,-0.0130,+0.0000,+0.0000,+0.0000,+0.0000,+0.0000,+0.0000,+0.0000,+0.0000,+2.0000,-0.2383,+1.7330,+9.0000,+0.0000,+0.0000
926,0.88,37,True,0.0%,0.0%,0.0%,0.01,1.6,16.54,6.306,0.9910,1.0000,0.8969,+0.0000,+0.0000,+1.0000,+0.0000,+0.0000,-0.1000,+0.0002,-0.0173,+0.0000,+0.0000,+0.0000,+0.0000,+0.0000,+1.0000,+0.0000,+0.0000,+1.0000,+0.0091,+2.3014,+3.7000,+0.0000,+0.0000
927,0.19,30,True,0.0%,0.0%,0.0%,0.01,2.9,14.86,6.786,0.9111,0.9333,0.8566,+0.0000,+0.0000,+1.0000,+0.0000,+0.0000,-0.8000,-0.0017,-0.0047,+0.0000,+0.0000,+0.0000,+0.0000,+0.0000,+1.0000,+0.0000,+0.0000,+8.0000,-0.0699,+0.6225,+3.0000,+0.0000,+0.0000
928,1.00,1,True,0.0%,0.0%,0.0%,inf,2.3,14.37,0.000,1.0000,0.0000,0.0000,+0.0000,+0.0000,+1.0000,+0.0000,+0.0000,+0.0000,-0.0025,+0.0000,+0.0000,+0.0000,+0.0000,+0.0000,+0.0000,+1.0000,+0.0000,+0.0000,+0.0000,-0.1003,+0.0000,+0.0000,+0.0000,+0.0000
929,0.78,68,True,0.0%,0.0%,0.0%,0.01,1.6,14.77,8.848,0.9902,1.0000,0.7012,+0.0000,+0.0000,+1.0000,+0.0000,+0.0000,-0.2000,+0.0004,-0.0180,+0.0000,+0.0000,+0.0000,+0.0000,+0.0000,+1.0000,+0.0000,+0.0000,+2.0000,+0.0166,+2.3960,+6.8000,+0.0000,+0.0000
930,0.80,35,True,0.0%,0.0%,0.0%,0.01,1.6,15.27,2.075,0.9810,1.0000,0.7824,+0.0000,+0.0000,+1.0000,+0.0000,+0.0000,-0.2000,+0.0002,+0.0001,+0.0000,+0.0000,+0.0000,+0.0000,+0.0000,+1.0000,+0.0000,+0.0000,+2.0000,+0.0086,-0.0157,+3.5000,+0.0000,+0.0000
932,-3.41,45,False,0.0%,0.0%,100.0%,0.45,1.8,16.89,5.023,0.9852,0.0222,0.7259,+0.0000,-3.0000,+0.0000,+0.0000,+0.0000,-0.2000,-0.1987,-0.0087,+0.0000,+0.0000,+0.0000,+0.0000,+1.0000,+0.0000,+0.0000,+0.0000,+2.0000,-7.9490,+1.1600,+4.5000,+0.0000,+0.0000
934,0.43,84,True,0.0%,0.0%,0.0%,0.01,0.6,7.74,9.686,0.9841,0.7857,0.5793,+0.0000,+0.0000,+1.0000,+0.0000,+0.0000,-0.4000,-0.1488,-0.0210,+0.0000,+0.0000,+0.0000,+0.0000,+0.0000,+1.0000,+0.0000,+0.0000,+4.0000,-5.9507,+2.7940,+8.4000,+0.0000,+0.0000
936,-0.11,90,False,0.0%,0.0%,0.0%,0.08,0.6,5.09,6.381,1.0000,0.7111,0.7163,+0.0000,+0.0000,+0.0000,+0.0000,+0.0000,+0.0000,-0.1005,-0.0135,+0.0000,+0.0000,+0.0000,+0.0000,+0.0000,+0.0000,+0.0000,+0.0000,+0.0000,-4.0190,+1.7975,+9.0000,+0.0000,+0.0000
940,-3.54,46,False,100.0%,100.0%,0.0%,0.35,0.6,4.99,4.849,0.9855,0.5217,0.7920,-3.2597,+0.0000,+0.0000,+0.0000,+0.0000,-0.2000,-0.0735,-0.0030,+0.0000,+0.0000,+0.0000,+1.0000,+0.0000,+0.0000,+0.0000,+0.0000,+2.0000,-2.9416,+0.4064,+4.6000,+0.0000,+0.0000
943,-0.25,90,False,0.0%,0.0%,0.0%,0.34,0.6,6.51,9.208,0.9926,0.7667,0.8615,+0.0000,+0.0000,+0.0000,+0.0000,+0.0000,-0.2000,+0.0005,-0.0486,+0.0000,+0.0000,+0.0000,+0.0000,+0.0000,+0.0000,+0.0000,+0.0000,+2.0000,+0.0218,+6.4764,+9.0000,+0.0000,+0.0000
946,0.90,1,True,0.0%,0.0%,0.0%,inf,0.8,4.64,0.443,0.6667,1.0000,0.9510,+0.0000,+0.0000,+1.0000,+0.0000,+0.0000,-0.1000,+0.0000,-0.0004,+0.0000,+0.0000,+0.0000,+0.0000,+0.0000,+1.0000,+0.0000,+0.0000,+1.0000,+0.0002,+0.0553,+0.1000,+0.0000,+0.0000
951,0.67,56,True,0.0%,0.0%,0.0%,0.01,0.6,5.16,6.159,0.9821,0.8036,0.9304,+0.0000,+0.0000,+1.0000,+0.0000,+0.0000,-0.3000,-0.0084,-0.0196,+0.0000,+0.0000,+0.0000,+0.0000,+0.0000,+1.0000,+0.0000,+0.0000,+3.0000,-0.3340,+2.6137,+5.6000,+0.0000,+0.0000
953,1.00,1,True,0.0%,0.0%,0.0%,inf,0.8,4.67,0.000,1.0000,0.0000,0.0000,+0.0000,+0.0000,+1.0000,+0.0000,+0.0000,+0.0000,-0.0025,+0.0000,+0.0000,+0.0000,+0.0000,+0.0000,+0.0000,+1.0000,+0.0000,+0.0000,+0.0000,-0.1003,+0.0000,+0.0000,+0.0000,+0.0000
954,-0.24,90,False,0.0%,0.0%,0.0%,0.06,0.5,4.94,7.542,0.9926,0.8000,0.5586,+0.0000,+0.0000,+0.0000,+0.0000,+0.0000,-0.2000,-0.0015,-0.0415,+0.0000,+0.0000,+0.0000,+0.0000,+0.0000,+0.0000,+0.0000,+0.0000,+2.0000,-0.0607,+5.5270,+9.0000,+0.0000,+0.0000
955,1.00,1,True,0.0%,0.0%,0.0%,inf,1.1,4.94,0.010,1.0000,1.0000,0.8481,+0.0000,+0.0000,+1.0000,+0.0000,+0.0000,+0.0000,+0.0000,-0.0006,+0.0000,-0.0008,+0.0000,+0.0000,+0.0000,+1.0000,+0.0000,+0.0000,+0.0000,+0.0002,+0.0767,+0.1000,+0.1000,+0.0000
958,0.77,59,True,0.0%,0.0%,0.0%,0.01,0.6,6.38,8.121,0.9887,0.9831,0.9160,+0.0000,+0.0000,+1.0000,+0.0000,+0.0000,-0.2000,+0.0004,-0.0272,+0.0000,+0.0000,+0.0000,+0.0000,+0.0000,+1.0000,+0.0000,+0.0000,+2.0000,+0.0146,+3.6293,+5.9000,+0.0000,+0.0000
959,1.00,1,True,0.0%,0.0%,0.0%,inf,0.8,4.63,0.000,1.0000,0.0000,0.0000,+0.0000,+0.0000,+1.0000,+0.0000,+0.0000,+0.0000,-0.0025,+0.0000,+0.0000,+0.0000,+0.0000,+0.0000,+0.0000,+1.0000,+0.0000,+0.0000,+0.0000,-0.1003,+0.0000,+0.0000,+0.0000,+0.0000
960,-0.20,10,True,0.0%,0.0%,0.0%,0.01,0.6,4.97,16.209,0.9333,1.0000,0.9075,+0.0000,+0.0000,+1.0000,+0.0000,+0.0000,-0.2000,+0.0001,-0.0048,+0.0000,+0.0000,-1.0000,+0.0000,+0.0000,+1.0000,+0.0000,+0.0000,+2.0000,+0.0025,+0.6435,+1.0000,+0.0000,+10.0000
966,-0.30,90,False,0.0%,0.0%,0.0%,0.29,0.9,13.41,4.351,0.9926,0.5889,0.8135,+0.0000,+0.0000,+0.0000,+0.0000,+0.0000,-0.2000,-0.0934,-0.0076,+0.0000,+0.0000,+0.0000,+0.0000,+0.0000,+0.0000,+0.0000,+0.0000,+2.0000,-3.7366,+1.0198,+9.0000,+0.0000,+0.0000
968,1.00,1,True,0.0%,0.0%,0.0%,inf,1.7,12.10,0.000,1.0000,0.0000,0.0000,+0.0000,+0.0000,+1.0000,+0.0000,+0.0000,+0.0000,-0.0025,+0.0000,+0.0000,+0.0000,+0.0000,+0.0000,+0.0000,+1.0000,+0.0000,+0.0000,+0.0000,-0.1003,+0.0000,+0.0000,+0.0000,+0.0000
969,0.77,30,True,0.0%,0.0%,0.0%,0.01,1.9,11.17,9.006,0.9778,1.0000,0.6532,+0.0000,+0.0000,+1.0000,+0.0000,+0.0000,-0.2000,+0.0002,-0.0263,+0.0000,+0.0000,+0.0000,+0.0000,+0.0000,+1.0000,+0.0000,+0.0000,+2.0000,+0.0075,+3.5060,+3.0000,+0.0000,+0.0000
971,1.00,1,True,0.0%,0.0%,0.0%,inf,1.7,9.97,0.000,1.0000,0.0000,0.0000,+0.0000,+0.0000,+1.0000,+0.0000,+0.0000,+0.0000,-0.0025,+0.0000,+0.0000,+0.0000,+0.0000,+0.0000,+0.0000,+1.0000,+0.0000,+0.0000,+0.0000,-0.1003,+0.0000,+0.0000,+0.0000,+0.0000
972,-0.10,90,False,0.0%,0.0%,0.0%,0.13,1.1,12.05,0.242,1.0000,1.0000,0.9935,+0.0000,+0.0000,+0.0000,+0.0000,+0.0000,+0.0000,+0.0006,-0.0295,+0.0000,-0.0675,+0.0000,+0.0000,+0.0000,+0.0000,+0.0000,+0.0000,+0.0000,+0.0224,+3.9277,+9.0000,+9.0000,+0.0000
973,0.00,1,False,0.0%,0.0%,0.0%,inf,2.0,10.31,0.000,1.0000,0.0000,1.0000,+0.0000,+0.0000,+0.0000,+0.0000,+0.0000,+0.0000,+0.0000,+0.0000,+0.0000,+0.0000,+0.0000,+0.0000,+0.0000,+0.0000,+0.0000,+0.0000,+0.0000,+0.0000,+0.0000,+0.0000,+0.0000,+0.0000
974,-0.20,90,False,0.0%,0.0%,0.0%,0.03,1.2,13.11,5.385,0.9963,0.8667,0.4467,+0.0000,+0.0000,+0.0000,+0.0000,+0.0000,-0.1000,-0.0155,-0.0782,+0.0000,-0.0038,+0.0000,+0.0000,+0.0000,+0.0000,+0.0000,+0.0000,+1.0000,-0.6204,+10.4203,+9.0000,+0.5000,+0.0000
975,1.00,1,True,0.0%,0.0%,0.0%,inf,1.8,10.39,0.000,1.0000,0.0000,0.0000,+0.0000,+0.0000,+1.0000,+0.0000,+0.0000,+0.0000,-0.0025,+0.0000,+0.0000,+0.0000,+0.0000,+0.0000,+0.0000,+1.0000,+0.0000,+0.0000,+0.0000,-0.1003,+0.0000,+0.0000,+0.0000,+0.0000
976,1.00,1,True,0.0%,0.0%,0.0%,inf,2.3,11.57,0.000,1.0000,0.0000,0.0000,+0.0000,+0.0000,+1.0000,+0.0000,+0.0000,+0.0000,-0.0025,+0.0000,+0.0000,+0.0000,+0.0000,+0.0000,+0.0000,+1.0000,+0.0000,+0.0000,+0.0000,-0.1003,+0.0000,+0.0000,+0.0000,+0.0000
977,1.00,1,True,0.0%,0.0%,0.0%,inf,2.3,10.64,0.000,1.0000,0.0000,0.0000,+0.0000,+0.0000,+1.0000,+0.0000,+0.0000,+0.0000,-0.0025,+0.0000,+0.0000,+0.0000,+0.0000,+0.0000,+0.0000,+1.0000,+0.0000,+0.0000,+0.0000,-0.1003,+0.0000,+0.0000,+0.0000,+0.0000
979,1.00,1,True,0.0%,0.0%,0.0%,inf,1.8,11.51,0.000,1.0000,1.0000,0.9293,+0.0000,+0.0000,+1.0000,+0.0000,+0.0000,+0.0000,+0.0000,-0.0004,+0.0000,+0.0000,+0.0000,+0.0000,+0.0000,+1.0000,+0.0000,+0.0000,+0.0000,+0.0002,+0.0598,+0.0000,+0.0000,+0.0000
981,-2.00,29,True,0.0%,0.0%,0.0%,0.01,1.1,11.64,17.756,0.9885,1.0000,0.8080,+0.0000,+0.0000,+1.0000,+0.0000,+0.0000,-0.1000,+0.0002,-0.0009,+0.0000,+0.0000,-2.9000,+0.0000,+0.0000,+1.0000,+0.0000,+0.0000,+1.0000,+0.0072,+0.1233,+2.9000,+0.0000,+29.0000
982,1.00,1,True,0.0%,0.0%,0.0%,inf,2.4,13.60,0.000,1.0000,0.0000,0.0000,+0.0000,+0.0000,+1.0000,+0.0000,+0.0000,+0.0000,-0.0025,+0.0000,+0.0000,+0.0000,+0.0000,+0.0000,+0.0000,+1.0000,+0.0000,+0.0000,+0.0000,-0.1003,+0.0000,+0.0000,+0.0000,+0.0000
985,1.00,1,True,0.0%,0.0%,0.0%,inf,1.4,13.08,0.000,1.0000,0.0000,0.0000,+0.0000,+0.0000,+1.0000,+0.0000,+0.0000,+0.0000,-0.0025,+0.0000,+0.0000,+0.0000,+0.0000,+0.0000,+0.0000,+1.0000,+0.0000,+0.0000,+0.0000,-0.1003,+0.0000,+0.0000,+0.0000,+0.0000
986,-3.35,81,False,100.0%,100.0%,0.0%,0.29,0.8,10.82,1.227,0.9918,0.1111,0.5745,-3.1227,+0.0000,+0.0000,+0.0000,+0.0000,-0.2000,-0.0056,-0.0180,+0.0000,+0.0000,+0.0000,+1.0000,+0.0000,+0.0000,+0.0000,+0.0000,+2.0000,-0.2240,+2.4042,+8.1000,+0.0000,+0.0000
987,-0.36,90,False,0.0%,0.0%,0.0%,0.25,1.4,11.59,2.839,0.9889,0.5222,0.7415,+0.0000,+0.0000,+0.0000,+0.0000,+0.0000,-0.3000,-0.0508,-0.0071,+0.0000,+0.0000,+0.0000,+0.0000,+0.0000,+0.0000,+0.0000,+0.0000,+3.0000,-2.0313,+0.9471,+9.0000,+0.0000,+0.0000
988,0.00,1,False,0.0%,0.0%,0.0%,inf,2.5,10.91,0.000,1.0000,0.0000,1.0000,+0.0000,+0.0000,+0.0000,+0.0000,+0.0000,+0.0000,+0.0000,+0.0000,+0.0000,+0.0000,+0.0000,+0.0000,+0.0000,+0.0000,+0.0000,+0.0000,+0.0000,+0.0000,+0.0000,+0.0000,+0.0000,+0.0000
989,-3.03,46,False,0.0%,0.0%,100.0%,0.20,1.7,11.71,1.184,1.0000,1.0000,0.8442,+0.0000,-3.0000,+0.0000,+0.0000,+0.0000,+0.0000,+0.0003,-0.0267,+0.0000,+0.0000,+0.0000,+0.0000,+1.0000,+0.0000,+0.0000,+0.0000,+0.0000,+0.0109,+3.5633,+4.6000,+0.0000,+0.0000
990,0.33,88,True,0.0%,0.0%,0.0%,0.01,1.8,13.83,7.462,0.9773,1.0000,0.6598,+0.0000,+0.0000,+1.0000,+0.0000,+0.0000,-0.6000,+0.0005,-0.0669,+0.0000,+0.0000,+0.0000,+0.0000,+0.0000,+1.0000,+0.0000,+0.0000,+6.0000,+0.0211,+8.9154,+8.8000,+0.0000,+0.0000
991,1.00,1,True,0.0%,0.0%,0.0%,inf,1.5,9.25,0.000,1.0000,0.0000,0.0000,+0.0000,+0.0000,+1.0000,+0.0000,+0.0000,+0.0000,-0.0025,+0.0000,+0.0000,+0.0000,+0.0000,+0.0000,+0.0000,+1.0000,+0.0000,+0.0000,+0.0000,-0.1003,+0.0000,+0.0000,+0.0000,+0.0000
995,-1.65,83,True,0.0%,0.0%,0.0%,0.01,1.7,11.98,12.806,0.9920,0.9036,0.5013,+0.0000,+0.0000,+1.0000,+0.0000,+0.0000,-0.2000,+0.0005,-0.0524,+0.0000,+0.0000,-2.4000,+0.0000,+0.0000,+1.0000,+0.0000,+0.0000,+2.0000,+0.0198,+6.9909,+8.3000,+0.0000,+24.0000
996,-0.18,90,False,0.0%,0.0%,0.0%,0.08,1.4,13.35,12.755,0.9963,0.8556,0.7751,+0.0000,+0.0000,+0.0000,+0.0000,+0.0000,-0.1000,-0.0188,-0.0573,+0.0000,+0.0000,+0.0000,+0.0000,+0.0000,+0.0000,+0.0000,+0.0000,+1.0000,-0.7535,+7.6362,+9.0000,+0.0000,+0.0000
997,1.00,1,True,0.0%,0.0%,0.0%,inf,1.8,11.29,0.000,1.0000,1.0000,0.9677,+0.0000,+0.0000,+1.0000,+0.0000,+0.0000,+0.0000,+0.0000,-0.0003,+0.0000,+0.0000,+0.0000,+0.0000,+0.0000,+1.0000,+0.0000,+0.0000,+0.0000,+0.0002,+0.0382,+0.0000,+0.0000,+0.0000
998,-0.34,90,False,0.0%,0.0%,0.0%,0.23,1.7,10.21,1.924,0.9926,0.7333,0.8953,+0.0000,+0.0000,+0.0000,+0.0000,+0.0000,-0.2000,-0.1183,-0.0199,+0.0000,+0.0000,+0.0000,+0.0000,+0.0000,+0.0000,+0.0000,+0.0000,+2.0000,-4.7308,+2.6560,+9.0000,+0.0000,+0.0000
999,-0.20,90,False,0.0%,0.0%,0.0%,0.29,1.6,12.97,0.755,0.9926,1.0000,0.7428,+0.0000,+0.0000,+0.0000,+0.0000,+0.0000,-0.2000,+0.0006,+0.0044,+0.0000,+0.0000,+0.0000,+0.0000,+0.0000,+0.0000,+0.0000,+0.0000,+2.0000,+0.0224,-0.5918,+9.0000,+0.0000,+0.0000
