map_id,total_reward,num_steps,goal_reached,collision_rate,at_fault_collision_rate,offroad_rate,final_goal_distance,avg_planning_time_ms,total_time_s,mean_speed_mps,score_comfort,score_l_align,score_l_center,r_collision,r_offroad,r_goal,r_jerk_legacy,r_velocity,r_comfort,r_l_align,r_l_center,r_timestep,r_reverse,r_speed_limit,raw_collision,raw_offroad,raw_goal,raw_jerk_legacy,raw_velocity,raw_comfort,raw_l_align,raw_l_center,raw_timestep,raw_reverse,raw_speed_limit
3,1.00,90,True,0.0%,0.0%,0.0%,0.01,20.4,2.66,9.523,0.9926,1.0000,0.9866,+0.0000,+0.0000,+1.0000,+0.0000,+0.0000,+0.0000,+0.0000,+0.0000,+0.0000,+0.0000,+0.0000,+0.0000,+0.0000,+1.0000,+0.0000,+0.0000,+2.0000,+0.0224,-0.4820,+9.0000,+0.0000,+0.0000
5,0.20,8,True,0.0%,0.0%,0.0%,0.01,12.2,0.46,20.186,0.3333,1.0000,0.6634,+0.0000,+0.0000,+1.0000,+0.0000,+0.0000,+0.0000,+0.0000,+0.0000,+0.0000,+0.0000,-0.8000,+0.0000,+0.0000,+1.0000,+0.0000,+0.0000,+16.0000,+0.0019,+0.5026,+0.8000,+0.0000,+8.0000
6,1.00,1,True,0.0%,0.0%,0.0%,inf,32.0,0.25,0.000,0.6667,1.0000,0.9930,+0.0000,+0.0000,+1.0000,+0.0000,+0.0000,+0.0000,+0.0000,+0.0000,+0.0000,+0.0000,+0.0000,+0.0000,+0.0000,+1.0000,+0.0000,+0.0000,+1.0000,+0.0002,-0.0067,+0.1000,+0.0000,+0.0000
7,-0.20,90,False,0.0%,0.0%,0.0%,0.04,22.9,4.19,11.430,0.9926,1.0000,0.9889,+0.0000,+0.0000,+0.0000,+0.0000,+0.0000,+0.0000,+0.0000,+0.0000,+0.0000,+0.0000,-0.2000,+0.0000,+0.0000,+0.0000,+0.0000,+0.0000,+2.0000,+0.0224,-0.5273,+9.0000,+0.0000,+2.0000
9,0.00,90,False,0.0%,0.0%,0.0%,0.08,34.4,4.23,5.017,0.9889,1.0000,0.9913,+0.0000,+0.0000,+0.0000,+0.0000,+0.0000,+0.0000,+0.0000,+0.0000,+0.0000,+0.0000,+0.0000,+0.0000,+0.0000,+0.0000,+0.0000,+0.0000,+3.0000,+0.0225,-0.5732,+8.4000,+0.0000,+0.0000
10,0.00,90,False,0.0%,0.0%,0.0%,0.04,30.0,4.36,12.465,0.8519,0.9556,0.9650,+0.0000,+0.0000,+0.0000,+0.0000,+0.0000,+0.0000,+0.0000,+0.0000,+0.0000,+0.0000,+0.0000,+0.0000,+0.0000,+0.0000,+0.0000,+0.0000,+40.0000,-3.1121,-0.1006,+9.0000,+0.0000,+0.0000
12,1.00,14,True,0.0%,0.0%,0.0%,0.01,11.7,0.53,2.386,0.9286,1.0000,0.8127,+0.0000,+0.0000,+1.0000,+0.0000,+0.0000,+0.0000,+0.0000,+0.0000,+0.0000,+0.0000,+0.0000,+0.0000,+0.0000,+1.0000,+0.0000,+0.0000,+3.0000,+0.0033,+0.4450,+1.4000,+0.0000,+0.0000
13,1.00,1,True,0.0%,0.0%,0.0%,inf,34.8,0.30,0.121,0.6667,1.0000,0.8253,+0.0000,+0.0000,+1.0000,+0.0000,+0.0000,+0.0000,+0.0000,+0.0000,+0.0000,+0.0000,+0.0000,+0.0000,+0.0000,+1.0000,+0.0000,+0.0000,+1.0000,+0.0002,+0.0291,+0.1000,+0.0000,+0.0000
15,0.00,90,False,0.0%,0.0%,0.0%,0.04,28.1,3.20,5.750,0.9519,1.0000,0.9864,+0.0000,+0.0000,+0.0000,+0.0000,+0.0000,+0.0000,+0.0000,+0.0000,+0.0000,+0.0000,+0.0000,+0.0000,+0.0000,+0.0000,+0.0000,+0.0000,+13.0000,+0.0224,-0.4776,+9.0000,+0.0000,+0.0000
17,1.00,1,True,0.0%,0.0%,0.0%,inf,4.8,0.27,0.000,1.0000,0.0000,0.0000,+0.0000,+0.0000,+1.0000,+0.0000,+0.0000,+0.0000,+0.0000,+0.0000,+0.0000,+0.0000,+0.0000,+0.0000,+0.0000,+1.0000,+0.0000,+0.0000,+0.0000,-0.1003,+0.0000,+0.0000,+0.0000,+0.0000
18,1.00,1,True,0.0%,0.0%,0.0%,inf,20.1,0.20,0.000,1.0000,0.0000,0.0000,+0.0000,+0.0000,+1.0000,+0.0000,+0.0000,+0.0000,+0.0000,+0.0000,+0.0000,+0.0000,+0.0000,+0.0000,+0.0000,+1.0000,+0.0000,+0.0000,+0.0000,-0.1003,+0.0000,+0.0000,+0.0000,+0.0000
21,1.00,1,True,0.0%,0.0%,0.0%,inf,8.9,0.31,0.000,1.0000,0.0000,0.0000,+0.0000,+0.0000,+1.0000,+0.0000,+0.0000,+0.0000,+0.0000,+0.0000,+0.0000,+0.0000,+0.0000,+0.0000,+0.0000,+1.0000,+0.0000,+0.0000,+0.0000,-0.1003,+0.0000,+0.0000,+0.0000,+0.0000
22,1.00,1,True,0.0%,0.0%,0.0%,inf,7.5,0.25,0.000,0.6667,0.0000,0.7861,+0.0000,+0.0000,+1.0000,+0.0000,+0.0000,+0.0000,+0.0000,+0.0000,+0.0000,+0.0000,+0.0000,+0.0000,+0.0000,+1.0000,+0.0000,+0.0000,+1.0000,+0.0002,+0.0374,+0.1000,+0.0000,+0.0000
24,1.00,1,True,0.0%,0.0%,0.0%,inf,63.0,0.30,0.000,1.0000,0.0000,0.0000,+0.0000,+0.0000,+1.0000,+0.0000,+0.0000,+0.0000,+0.0000,+0.0000,+0.0000,+0.0000,+0.0000,+0.0000,+0.0000,+1.0000,+0.0000,+0.0000,+0.0000,-0.1003,+0.0000,+0.0000,+0.0000,+0.0000
27,0.00,1,False,0.0%,0.0%,0.0%,inf,6.2,0.22,0.000,1.0000,0.0000,1.0000,+0.0000,+0.0000,+0.0000,+0.0000,+0.0000,+0.0000,+0.0000,+0.0000,+0.0000,+0.0000,+0.0000,+0.0000,+0.0000,+0.0000,+0.0000,+0.0000,+0.0000,+0.0000,+0.0000,+0.0000,+0.0000,+0.0000
28,0.20,83,True,0.0%,0.0%,0.0%,0.01,20.0,2.39,13.942,0.9679,1.0000,0.9943,+0.0000,+0.0000,+1.0000,+0.0000,+0.0000,+0.0000,+0.0000,+0.0000,+0.0000,+0.0000,-0.8000,+0.0000,+0.0000,+1.0000,+0.0000,+0.0000,+8.0000,+0.0207,-0.5830,+8.3000,+0.0000,+8.0000
29,1.00,1,True,0.0%,0.0%,0.0%,inf,41.8,0.34,0.666,0.0000,1.0000,0.5208,+0.0000,+0.0000,+1.0000,+0.0000,+0.0000,+0.0000,+0.0000,+0.0000,+0.0000,+0.0000,+0.0000,+0.0000,+0.0000,+1.0000,+0.0000,+0.0000,+3.0000,+0.0002,+0.0927,+0.1000,+0.0000,+0.0000
31,1.00,1,True,0.0%,0.0%,0.0%,inf,30.2,0.27,0.000,1.0000,0.0000,0.0000,+0.0000,+0.0000,+1.0000,+0.0000,+0.0000,+0.0000,+0.0000,+0.0000,+0.0000,+0.0000,+0.0000,+0.0000,+0.0000,+1.0000,+0.0000,+0.0000,+0.0000,-0.1003,+0.0000,+0.0000,+0.0000,+0.0000
32,1.00,1,True,0.0%,0.0%,0.0%,inf,11.1,0.23,0.000,1.0000,0.0000,0.0000,+0.0000,+0.0000,+1.0000,+0.0000,+0.0000,+0.0000,+0.0000,+0.0000,+0.0000,+0.0000,+0.0000,+0.0000,+0.0000,+1.0000,+0.0000,+0.0000,+0.0000,-0.1003,+0.0000,+0.0000,+0.0000,+0.0000
33,0.00,1,False,0.0%,0.0%,0.0%,inf,11.0,0.19,0.000,1.0000,0.0000,1.0000,+0.0000,+0.0000,+0.0000,+0.0000,+0.0000,+0.0000,+0.0000,+0.0000,+0.0000,+0.0000,+0.0000,+0.0000,+0.0000,+0.0000,+0.0000,+0.0000,+0.0000,+0.0000,+0.0000,+0.0000,+0.0000,+0.0000
35,1.00,89,True,0.0%,0.0%,0.0%,0.01,14.9,1.93,10.699,0.9588,1.0000,0.9626,+0.0000,+0.0000,+1.0000,+0.0000,+0.0000,+0.0000,+0.0000,+0.0000,+0.0000,+0.0000,+0.0000,+0.0000,+0.0000,+1.0000,+0.0000,+0.0000,+11.0000,+0.0219,-0.0276,+8.9000,+0.0000,+0.0000
37,-9.00,90,False,0.0%,0.0%,0.0%,0.02,5.5,0.96,20.787,0.9963,1.0000,0.9993,+0.0000,+0.0000,+0.0000,+0.0000,+0.0000,+0.0000,+0.0000,+0.0000,+0.0000,+0.0000,-9.0000,+0.0000,+0.0000,+0.0000,+0.0000,+0.0000,+1.0000,+0.0225,-0.7277,+9.0000,+0.0000,+90.0000
39,0.00,90,False,0.0%,0.0%,0.0%,0.11,24.7,3.54,11.327,0.9778,1.0000,0.9861,+0.0000,+0.0000,+0.0000,+0.0000,+0.0000,+0.0000,+0.0000,+0.0000,+0.0000,+0.0000,+0.0000,+0.0000,+0.0000,+0.0000,+0.0000,+0.0000,+6.0000,+0.0224,-0.4739,+9.0000,+0.0000,+0.0000
42,0.00,90,False,0.0%,0.0%,0.0%,0.05,22.7,4.14,13.374,0.9963,1.0000,0.9944,+0.0000,+0.0000,+0.0000,+0.0000,+0.0000,+0.0000,+0.0000,+0.0000,+0.0000,+0.0000,+0.0000,+0.0000,+0.0000,+0.0000,+0.0000,+0.0000,+1.0000,+0.0225,-0.6330,+9.0000,+0.0000,+0.0000
45,1.00,1,True,0.0%,0.0%,0.0%,inf,28.3,0.24,0.000,0.6667,1.0000,0.9049,+0.0000,+0.0000,+1.0000,+0.0000,+0.0000,+0.0000,+0.0000,+0.0000,+0.0000,+0.0000,+0.0000,+0.0000,+0.0000,+1.0000,+0.0000,+0.0000,+1.0000,+0.0002,+0.0122,+0.1000,+0.0000,+0.0000
46,0.00,90,False,0.0%,0.0%,0.0%,0.47,22.2,2.92,5.390,0.8519,0.9111,0.9598,+0.0000,+0.0000,+0.0000,+0.0000,+0.0000,+0.0000,+0.0000,+0.0000,+0.0000,+0.0000,+0.0000,+0.0000,+0.0000,+0.0000,+0.0000,+0.0000,+40.0000,+0.0216,+0.0330,+9.0000,+0.0000,+0.0000
48,1.00,1,True,0.0%,0.0%,0.0%,inf,14.6,0.23,0.000,1.0000,0.0000,0.0000,+0.0000,+0.0000,+1.0000,+0.0000,+0.0000,+0.0000,+0.0000,+0.0000,+0.0000,+0.0000,+0.0000,+0.0000,+0.0000,+1.0000,+0.0000,+0.0000,+0.0000,-0.1003,+0.0000,+0.0000,+0.0000,+0.0000
49,1.00,1,True,0.0%,0.0%,0.0%,inf,16.3,0.28,0.000,1.0000,0.0000,0.0000,+0.0000,+0.0000,+1.0000,+0.0000,+0.0000,+0.0000,+0.0000,+0.0000,+0.0000,+0.0000,+0.0000,+0.0000,+0.0000,+1.0000,+0.0000,+0.0000,+0.0000,-0.1003,+0.0000,+0.0000,+0.0000,+0.0000
50,1.00,1,True,0.0%,0.0%,0.0%,inf,20.0,0.27,0.039,0.6667,1.0000,0.9897,+0.0000,+0.0000,+1.0000,+0.0000,+0.0000,+0.0000,+0.0000,+0.0000,+0.0000,+0.0000,+0.0000,+0.0000,+0.0000,+1.0000,+0.0000,+0.0000,+1.0000,+0.0002,-0.0060,+0.1000,+0.0000,+0.0000
53,0.00,90,False,0.0%,0.0%,0.0%,0.01,19.8,2.96,9.728,0.9926,1.0000,0.9747,+0.0000,+0.0000,+0.0000,+0.0000,+0.0000,+0.0000,+0.0000,+0.0000,+0.0000,+0.0000,+0.0000,+0.0000,+0.0000,+0.0000,+0.0000,+0.0000,+2.0000,+0.0224,-0.2543,+9.0000,+0.0000,+0.0000
54,1.00,1,True,0.0%,0.0%,0.0%,inf,8.4,0.28,0.000,1.0000,0.0000,0.0000,+0.0000,+0.0000,+1.0000,+0.0000,+0.0000,+0.0000,+0.0000,+0.0000,+0.0000,+0.0000,+0.0000,+0.0000,+0.0000,+1.0000,+0.0000,+0.0000,+0.0000,-0.1003,+0.0000,+0.0000,+0.0000,+0.0000
55,0.00,90,False,0.0%,0.0%,0.0%,0.10,19.2,2.43,8.320,0.9926,1.0000,0.9957,+0.0000,+0.0000,+0.0000,+0.0000,+0.0000,+0.0000,+0.0000,+0.0000,+0.0000,+0.0000,+0.0000,+0.0000,+0.0000,+0.0000,+0.0000,+0.0000,+2.0000,+0.0225,-0.6575,+9.0000,+0.0000,+0.0000
57,-5.70,67,True,0.0%,0.0%,0.0%,0.01,25.4,2.67,19.480,0.9303,1.0000,0.9850,+0.0000,+0.0000,+1.0000,+0.0000,+0.0000,+0.0000,+0.0000,+0.0000,+0.0000,+0.0000,-6.7000,+0.0000,+0.0000,+1.0000,+0.0000,+0.0000,+14.0000,+0.0167,-0.3354,+6.7000,+0.0000,+67.0000
58,1.00,1,True,0.0%,0.0%,0.0%,inf,10.6,0.26,3.499,0.6667,1.0000,0.5269,+0.0000,+0.0000,+1.0000,+0.0000,+0.0000,+0.0000,+0.0000,+0.0000,+0.0000,+0.0000,+0.0000,+0.0000,+0.0000,+1.0000,+0.0000,+0.0000,+1.0000,+0.0002,+0.0914,+0.1000,+0.0000,+0.0000
59,0.00,1,False,0.0%,0.0%,0.0%,inf,8.2,0.23,0.000,1.0000,0.0000,1.0000,+0.0000,+0.0000,+0.0000,+0.0000,+0.0000,+0.0000,+0.0000,+0.0000,+0.0000,+0.0000,+0.0000,+0.0000,+0.0000,+0.0000,+0.0000,+0.0000,+0.0000,+0.0000,+0.0000,+0.0000,+0.0000,+0.0000
66,0.00,90,False,0.0%,0.0%,0.0%,0.09,27.3,4.23,10.883,0.9778,0.9889,0.9834,+0.0000,+0.0000,+0.0000,+0.0000,+0.0000,+0.0000,+0.0000,+0.0000,+0.0000,+0.0000,+0.0000,+0.0000,+0.0000,+0.0000,+0.0000,+0.0000,+6.0000,-0.0470,-0.4282,+9.0000,+0.0000,+0.0000
68,-0.50,1,False,0.0%,0.0%,100.0%,inf,8.5,0.20,0.000,0.6667,0.0000,0.0724,+0.0000,-0.5000,+0.0000,+0.0000,+0.0000,+0.0000,+0.0000,+0.0000,+0.0000,+0.0000,+0.0000,+0.0000,+1.0000,+0.0000,+0.0000,+0.0000,+1.0000,+0.0002,+0.1842,+0.1000,+0.0000,+0.0000
70,1.00,44,True,0.0%,0.0%,0.0%,0.01,10.5,1.13,12.655,0.8864,1.0000,0.9788,+0.0000,+0.0000,+1.0000,+0.0000,+0.0000,+0.0000,+0.0000,+0.0000,+0.0000,+0.0000,+0.0000,+0.0000,+0.0000,+1.0000,+0.0000,+0.0000,+15.0000,+0.0109,-0.1612,+4.4000,+0.0000,+0.0000
71,1.00,70,True,0.0%,0.0%,0.0%,0.01,29.8,3.60,8.900,0.8381,0.8714,0.9432,+0.0000,+0.0000,+1.0000,+0.0000,+0.0000,+0.0000,+0.0000,+0.0000,+0.0000,+0.0000,+0.0000,+0.0000,+0.0000,+1.0000,+0.0000,+0.0000,+34.0000,-4.2938,-0.0883,+7.0000,+0.0000,+0.0000
73,-2.10,90,False,0.0%,0.0%,0.0%,0.01,31.6,4.50,11.447,0.9963,1.0000,0.9932,+0.0000,+0.0000,+0.0000,+0.0000,+0.0000,+0.0000,+0.0000,+0.0000,+0.0000,+0.0000,-2.1000,+0.0000,+0.0000,+0.0000,+0.0000,+0.0000,+1.0000,+0.0224,-0.6094,+9.0000,+0.0000,+21.0000
74,1.00,1,True,0.0%,0.0%,0.0%,inf,45.0,0.38,0.000,1.0000,0.0000,0.0000,+0.0000,+0.0000,+1.0000,+0.0000,+0.0000,+0.0000,+0.0000,+0.0000,+0.0000,+0.0000,+0.0000,+0.0000,+0.0000,+1.0000,+0.0000,+0.0000,+0.0000,-0.1003,+0.0000,+0.0000,+0.0000,+0.0000
75,0.00,90,False,0.0%,0.0%,0.0%,0.08,14.5,1.90,10.035,0.9926,0.8778,0.9983,+0.0000,+0.0000,+0.0000,+0.0000,+0.0000,+0.0000,+0.0000,+0.0000,+0.0000,+0.0000,+0.0000,+0.0000,+0.0000,+0.0000,+0.0000,+0.0000,+2.0000,+0.0225,-0.7079,+9.0000,+0.0000,+0.0000
76,0.80,35,True,0.0%,0.0%,0.0%,0.01,15.0,1.15,11.774,0.8476,0.6286,0.9982,+0.0000,+0.0000,+1.0000,+0.0000,+0.0000,+0.0000,+0.0000,+0.0000,+0.0000,+0.0000,-0.2000,+0.0000,+0.0000,+1.0000,+0.0000,+0.0000,+16.0000,+0.0087,-0.2747,+3.5000,+0.0000,+2.0000
77,1.00,1,True,0.0%,0.0%,0.0%,inf,24.1,0.21,0.916,0.3333,0.0000,0.0000,+0.0000,+0.0000,+1.0000,+0.0000,+0.0000,+0.0000,+0.0000,+0.0000,+0.0000,+0.0000,+0.0000,+0.0000,+0.0000,+1.0000,+0.0000,+0.0000,+2.0000,-0.1003,+0.0000,+0.1000,+0.0000,+0.0000
78,1.00,1,True,0.0%,0.0%,0.0%,inf,30.4,0.28,0.000,1.0000,0.0000,0.0000,+0.0000,+0.0000,+1.0000,+0.0000,+0.0000,+0.0000,+0.0000,+0.0000,+0.0000,+0.0000,+0.0000,+0.0000,+0.0000,+1.0000,+0.0000,+0.0000,+0.0000,-0.1003,+0.0000,+0.0000,+0.0000,+0.0000
79,1.00,1,True,0.0%,0.0%,0.0%,inf,41.6,0.27,0.000,1.0000,0.0000,0.0000,+0.0000,+0.0000,+1.0000,+0.0000,+0.0000,+0.0000,+0.0000,+0.0000,+0.0000,+0.0000,+0.0000,+0.0000,+0.0000,+1.0000,+0.0000,+0.0000,+0.0000,-0.1003,+0.0000,+0.0000,+0.0000,+0.0000
82,0.00,90,False,0.0%,0.0%,0.0%,0.14,33.4,5.32,6.877,0.7370,0.8667,0.8904,+0.0000,+0.0000,+0.0000,+0.0000,+0.0000,+0.0000,+0.0000,+0.0000,+0.0000,+0.0000,+0.0000,+0.0000,+0.0000,+0.0000,+0.0000,+0.0000,+71.0000,-2.7366,+1.2092,+9.0000,+0.0000,+0.0000
85,0.00,1,False,0.0%,0.0%,0.0%,inf,15.0,0.28,0.000,1.0000,0.0000,1.0000,+0.0000,+0.0000,+0.0000,+0.0000,+0.0000,+0.0000,+0.0000,+0.0000,+0.0000,+0.0000,+0.0000,+0.0000,+0.0000,+0.0000,+0.0000,+0.0000,+0.0000,+0.0000,+0.0000,+0.0000,+0.0000,+0.0000
86,1.00,1,True,0.0%,0.0%,0.0%,inf,22.6,0.21,0.000,1.0000,0.0000,0.0000,+0.0000,+0.0000,+1.0000,+0.0000,+0.0000,+0.0000,+0.0000,+0.0000,+0.0000,+0.0000,+0.0000,+0.0000,+0.0000,+1.0000,+0.0000,+0.0000,+0.0000,-0.1003,+0.0000,+0.0000,+0.0000,+0.0000
88,0.00,1,False,0.0%,0.0%,0.0%,inf,24.4,0.31,0.000,1.0000,0.0000,1.0000,+0.0000,+0.0000,+0.0000,+0.0000,+0.0000,+0.0000,+0.0000,+0.0000,+0.0000,+0.0000,+0.0000,+0.0000,+0.0000,+0.0000,+0.0000,+0.0000,+0.0000,+0.0000,+0.0000,+0.0000,+0.0000,+0.0000
89,1.00,1,True,0.0%,0.0%,0.0%,inf,9.0,0.33,0.000,1.0000,0.0000,0.0000,+0.0000,+0.0000,+1.0000,+0.0000,+0.0000,+0.0000,+0.0000,+0.0000,+0.0000,+0.0000,+0.0000,+0.0000,+0.0000,+1.0000,+0.0000,+0.0000,+0.0000,-0.1003,+0.0000,+0.0000,+0.0000,+0.0000
90,1.00,1,True,0.0%,0.0%,0.0%,inf,10.5,0.23,1.112,0.6667,1.0000,0.7625,+0.0000,+0.0000,+1.0000,+0.0000,+0.0000,+0.0000,+0.0000,+0.0000,+0.0000,+0.0000,+0.0000,+0.0000,+0.0000,+1.0000,+0.0000,+0.0000,+1.0000,+0.0002,+0.0424,+0.1000,+0.0000,+0.0000
93,1.00,1,True,0.0%,0.0%,0.0%,inf,21.4,0.39,2.034,0.6667,1.0000,0.8961,+0.0000,+0.0000,+1.0000,+0.0000,+0.0000,+0.0000,+0.0000,+0.0000,+0.0000,+0.0000,+0.0000,+0.0000,+0.0000,+1.0000,+0.0000,+0.0000,+1.0000,+0.0002,+0.0141,+0.1000,+0.0000,+0.0000
96,1.00,1,True,0.0%,0.0%,0.0%,inf,38.6,0.46,0.000,1.0000,0.0000,0.0000,+0.0000,+0.0000,+1.0000,+0.0000,+0.0000,+0.0000,+0.0000,+0.0000,+0.0000,+0.0000,+0.0000,+0.0000,+0.0000,+1.0000,+0.0000,+0.0000,+0.0000,-0.1003,+0.0000,+0.0000,+0.0000,+0.0000
97,0.00,90,False,0.0%,0.0%,0.0%,0.01,29.2,3.76,9.237,0.9259,0.9444,0.9747,+0.0000,+0.0000,+0.0000,+0.0000,+0.0000,+0.0000,+0.0000,+0.0000,+0.0000,+0.0000,+0.0000,+0.0000,+0.0000,+0.0000,+0.0000,+0.0000,+20.0000,-2.1861,-0.2953,+9.0000,+0.0000,+0.0000
98,1.00,1,True,0.0%,0.0%,0.0%,inf,24.2,0.20,0.000,1.0000,0.0000,0.0000,+0.0000,+0.0000,+1.0000,+0.0000,+0.0000,+0.0000,+0.0000,+0.0000,+0.0000,+0.0000,+0.0000,+0.0000,+0.0000,+1.0000,+0.0000,+0.0000,+0.0000,-0.1003,+0.0000,+0.0000,+0.0000,+0.0000
100,1.00,89,True,0.0%,0.0%,0.0%,0.01,10.9,1.46,14.022,0.9438,0.9888,0.9840,+0.0000,+0.0000,+1.0000,+0.0000,+0.0000,+0.0000,+0.0000,+0.0000,+0.0000,+0.0000,+0.0000,+0.0000,+0.0000,+1.0000,+0.0000,+0.0000,+15.0000,+0.0221,-0.4294,+8.9000,+0.0000,+0.0000
101,-0.80,43,True,0.0%,0.0%,0.0%,0.01,11.2,0.81,14.868,0.6977,1.0000,0.9344,+0.0000,+0.0000,+1.0000,+0.0000,+0.0000,+0.0000,+0.0000,+0.0000,+0.0000,+0.0000,-1.8000,+0.0000,+0.0000,+1.0000,+0.0000,+0.0000,+39.0000,+0.0106,+0.2412,+4.3000,+0.0000,+18.0000
105,0.00,90,False,0.0%,0.0%,0.0%,0.18,21.9,3.39,12.882,0.9926,0.9889,0.9941,+0.0000,+0.0000,+0.0000,+0.0000,+0.0000,+0.0000,+0.0000,+0.0000,+0.0000,+0.0000,+0.0000,+0.0000,+0.0000,+0.0000,+0.0000,+0.0000,+2.0000,+0.0222,-0.6288,+9.0000,+0.0000,+0.0000
107,-7.80,90,False,0.0%,0.0%,0.0%,0.25,18.7,3.34,17.208,0.9481,1.0000,0.9808,+0.0000,+0.0000,+0.0000,+0.0000,+0.0000,+0.0000,+0.0000,+0.0000,+0.0000,+0.0000,-7.8000,+0.0000,+0.0000,+0.0000,+0.0000,+0.0000,+14.0000,+0.0225,-0.3693,+7.9000,+0.0000,+78.0000
108,0.00,90,False,0.0%,0.0%,0.0%,0.17,17.7,2.44,2.838,0.9259,0.9444,0.9797,+0.0000,+0.0000,+0.0000,+0.0000,+0.0000,+0.0000,+0.0000,+0.0000,+0.0000,+0.0000,+0.0000,+0.0000,+0.0000,+0.0000,+0.0000,+0.0000,+20.0000,-0.7694,-0.3792,+9.0000,+0.0000,+0.0000
110,0.00,90,False,0.0%,0.0%,0.0%,0.03,24.6,3.49,9.863,0.9444,0.9778,0.9837,+0.0000,+0.0000,+0.0000,+0.0000,+0.0000,+0.0000,+0.0000,+0.0000,+0.0000,+0.0000,+0.0000,+0.0000,+0.0000,+0.0000,+0.0000,+0.0000,+15.0000,-0.3758,-0.4353,+9.0000,+0.0000,+0.0000
114,0.00,90,False,0.0%,0.0%,0.0%,0.06,27.2,3.48,9.552,0.9889,1.0000,0.9948,+0.0000,+0.0000,+0.0000,+0.0000,+0.0000,+0.0000,+0.0000,+0.0000,+0.0000,+0.0000,+0.0000,+0.0000,+0.0000,+0.0000,+0.0000,+0.0000,+3.0000,+0.0225,-0.6413,+9.0000,+0.0000,+0.0000
115,0.00,90,False,0.0%,0.0%,0.0%,0.05,25.8,3.75,9.468,0.9963,1.0000,0.9949,+0.0000,+0.0000,+0.0000,+0.0000,+0.0000,+0.0000,+0.0000,+0.0000,+0.0000,+0.0000,+0.0000,+0.0000,+0.0000,+0.0000,+0.0000,+0.0000,+1.0000,+0.0224,-0.6432,+9.0000,+0.0000,+0.0000
118,0.00,90,False,0.0%,0.0%,0.0%,0.28,26.2,3.89,4.931,0.8963,0.9667,0.9624,+0.0000,+0.0000,+0.0000,+0.0000,+0.0000,+0.0000,+0.0000,+0.0000,+0.0000,+0.0000,+0.0000,+0.0000,+0.0000,+0.0000,+0.0000,+0.0000,+28.0000,+0.0219,-0.0154,+9.0000,+0.0000,+0.0000
119,1.00,1,True,0.0%,0.0%,0.0%,inf,8.1,0.22,0.000,1.0000,0.0000,0.0000,+0.0000,+0.0000,+1.0000,+0.0000,+0.0000,+0.0000,+0.0000,+0.0000,+0.0000,+0.0000,+0.0000,+0.0000,+0.0000,+1.0000,+0.0000,+0.0000,+0.0000,-0.1003,+0.0000,+0.0000,+0.0000,+0.0000
120,0.00,90,False,0.0%,0.0%,0.0%,0.07,21.0,2.75,10.465,0.9852,1.0000,0.9874,+0.0000,+0.0000,+0.0000,+0.0000,+0.0000,+0.0000,+0.0000,+0.0000,+0.0000,+0.0000,+0.0000,+0.0000,+0.0000,+0.0000,+0.0000,+0.0000,+4.0000,+0.0224,-0.4985,+9.0000,+0.0000,+0.0000
121,1.00,81,True,0.0%,0.0%,0.0%,0.01,13.8,1.69,6.724,0.8601,0.9012,0.9477,+0.0000,+0.0000,+1.0000,+0.0000,+0.0000,+0.0000,+0.0000,+0.0000,+0.0000,+0.0000,+0.0000,+0.0000,+0.0000,+1.0000,+0.0000,+0.0000,+34.0000,-2.3406,+0.1607,+8.1000,+0.0000,+0.0000
122,0.00,1,False,0.0%,0.0%,0.0%,inf,24.7,0.31,0.000,1.0000,0.0000,1.0000,+0.0000,+0.0000,+0.0000,+0.0000,+0.0000,+0.0000,+0.0000,+0.0000,+0.0000,+0.0000,+0.0000,+0.0000,+0.0000,+0.0000,+0.0000,+0.0000,+0.0000,+0.0000,+0.0000,+0.0000,+0.0000,+0.0000
124,1.00,20,True,0.0%,0.0%,0.0%,0.01,15.8,0.60,10.975,0.9500,1.0000,0.9600,+0.0000,+0.0000,+1.0000,+0.0000,+0.0000,+0.0000,+0.0000,+0.0000,+0.0000,+0.0000,+0.0000,+0.0000,+0.0000,+1.0000,+0.0000,+0.0000,+3.0000,+0.0049,+0.0068,+2.0000,+0.0000,+0.0000
131,0.00,90,False,0.0%,0.0%,0.0%,0.01,11.1,1.82,8.370,0.7852,0.9889,0.8302,+0.0000,+0.0000,+0.0000,+0.0000,+0.0000,+0.0000,+0.0000,+0.0000,+0.0000,+0.0000,+0.0000,+0.0000,+0.0000,+0.0000,+0.0000,+0.0000,+58.0000,+0.0217,+2.4950,+9.0000,+0.0000,+0.0000
132,1.00,70,True,0.0%,0.0%,0.0%,0.01,40.5,3.92,7.541,0.9905,1.0000,0.9951,+0.0000,+0.0000,+1.0000,+0.0000,+0.0000,+0.0000,+0.0000,+0.0000,+0.0000,+0.0000,+0.0000,+0.0000,+0.0000,+1.0000,+0.0000,+0.0000,+2.0000,+0.0175,-0.5035,+7.0000,+0.0000,+0.0000
134,0.00,1,False,0.0%,0.0%,0.0%,inf,15.2,0.22,0.000,1.0000,0.0000,1.0000,+0.0000,+0.0000,+0.0000,+0.0000,+0.0000,+0.0000,+0.0000,+0.0000,+0.0000,+0.0000,+0.0000,+0.0000,+0.0000,+0.0000,+0.0000,+0.0000,+0.0000,+0.0000,+0.0000,+0.0000,+0.0000,+0.0000
136,0.00,1,False,0.0%,0.0%,0.0%,inf,20.5,0.28,0.000,1.0000,0.0000,1.0000,+0.0000,+0.0000,+0.0000,+0.0000,+0.0000,+0.0000,+0.0000,+0.0000,+0.0000,+0.0000,+0.0000,+0.0000,+0.0000,+0.0000,+0.0000,+0.0000,+0.0000,+0.0000,+0.0000,+0.0000,+0.0000,+0.0000
140,1.00,74,True,0.0%,0.0%,0.0%,0.01,31.4,3.57,9.278,0.9820,1.0000,0.9933,+0.0000,+0.0000,+1.0000,+0.0000,+0.0000,+0.0000,+0.0000,+0.0000,+0.0000,+0.0000,+0.0000,+0.0000,+0.0000,+1.0000,+0.0000,+0.0000,+4.0000,+0.0184,-0.5024,+7.4000,+0.0000,+0.0000
141,1.00,1,True,0.0%,0.0%,0.0%,inf,19.0,0.23,0.000,0.6667,0.0000,0.7250,+0.0000,+0.0000,+1.0000,+0.0000,+0.0000,+0.0000,+0.0000,+0.0000,+0.0000,+0.0000,+0.0000,+0.0000,+0.0000,+1.0000,+0.0000,+0.0000,+1.0000,+0.0002,+0.0503,+0.1000,+0.0000,+0.0000
142,0.00,90,False,0.0%,0.0%,0.0%,0.05,25.3,3.88,7.220,0.9852,1.0000,0.9994,+0.0000,+0.0000,+0.0000,+0.0000,+0.0000,+0.0000,+0.0000,+0.0000,+0.0000,+0.0000,+0.0000,+0.0000,+0.0000,+0.0000,+0.0000,+0.0000,+4.0000,+0.0225,-0.7294,+9.0000,+0.0000,+0.0000
143,-4.80,90,False,0.0%,0.0%,0.0%,0.02,21.6,3.89,14.659,0.8556,0.9111,0.9745,+0.0000,+0.0000,+0.0000,+0.0000,+0.0000,+0.0000,+0.0000,+0.0000,+0.0000,+0.0000,-4.8000,+0.0000,+0.0000,+0.0000,+0.0000,+0.0000,+39.0000,-1.0473,-0.2746,+9.0000,+0.0000,+48.0000
148,1.00,1,True,0.0%,0.0%,0.0%,inf,3.8,0.25,0.000,0.6667,1.0000,0.8593,+0.0000,+0.0000,+1.0000,+0.0000,+0.0000,+0.0000,+0.0000,+0.0000,+0.0000,+0.0000,+0.0000,+0.0000,+0.0000,+1.0000,+0.0000,+0.0000,+1.0000,+0.0002,+0.0219,+0.1000,+0.0000,+0.0000
149,0.00,90,False,0.0%,0.0%,0.0%,0.02,23.9,3.34,12.267,0.8815,1.0000,0.9894,+0.0000,+0.0000,+0.0000,+0.0000,+0.0000,+0.0000,+0.0000,+0.0000,+0.0000,+0.0000,+0.0000,+0.0000,+0.0000,+0.0000,+0.0000,+0.0000,+32.0000,+0.0224,-0.5371,+9.0000,+0.0000,+0.0000
150,0.00,90,False,0.0%,0.0%,0.0%,0.05,22.3,2.53,11.685,0.8519,0.9889,0.9615,+0.0000,+0.0000,+0.0000,+0.0000,+0.0000,+0.0000,+0.0000,+0.0000,+0.0000,+0.0000,+0.0000,+0.0000,+0.0000,+0.0000,+0.0000,+0.0000,+40.0000,-0.4377,-0.0018,+9.0000,+0.0000,+0.0000
151,1.00,1,True,0.0%,0.0%,0.0%,inf,43.2,0.32,0.000,1.0000,0.0000,0.0000,+0.0000,+0.0000,+1.0000,+0.0000,+0.0000,+0.0000,+0.0000,+0.0000,+0.0000,+0.0000,+0.0000,+0.0000,+0.0000,+1.0000,+0.0000,+0.0000,+0.0000,-0.1003,+0.0000,+0.0000,+0.0000,+0.0000
153,1.00,1,True,0.0%,0.0%,0.0%,inf,15.8,0.20,0.000,0.6667,0.0000,0.9716,+0.0000,+0.0000,+1.0000,+0.0000,+0.0000,+0.0000,+0.0000,+0.0000,+0.0000,+0.0000,+0.0000,+0.0000,+0.0000,+1.0000,+0.0000,+0.0000,+1.0000,+0.0002,-0.0021,+0.1000,+0.0000,+0.0000
155,1.00,1,True,0.0%,0.0%,0.0%,inf,7.6,0.23,0.000,1.0000,0.0000,0.0000,+0.0000,+0.0000,+1.0000,+0.0000,+0.0000,+0.0000,+0.0000,+0.0000,+0.0000,+0.0000,+0.0000,+0.0000,+0.0000,+1.0000,+0.0000,+0.0000,+0.0000,-0.1003,+0.0000,+0.0000,+0.0000,+0.0000
156,1.00,85,True,0.0%,0.0%,0.0%,0.01,20.4,2.81,9.827,0.9686,0.9765,0.9889,+0.0000,+0.0000,+1.0000,+0.0000,+0.0000,+0.0000,+0.0000,+0.0000,+0.0000,+0.0000,+0.0000,+0.0000,+0.0000,+1.0000,+0.0000,+0.0000,+8.0000,-0.5681,-0.5184,+8.5000,+0.0000,+0.0000
157,0.00,1,False,0.0%,0.0%,0.0%,inf,10.8,0.34,0.000,1.0000,0.0000,1.0000,+0.0000,+0.0000,+0.0000,+0.0000,+0.0000,+0.0000,+0.0000,+0.0000,+0.0000,+0.0000,+0.0000,+0.0000,+0.0000,+0.0000,+0.0000,+0.0000,+0.0000,+0.0000,+0.0000,+0.0000,+0.0000,+0.0000
158,1.00,7,True,0.0%,0.0%,0.0%,0.01,20.8,0.42,12.904,0.4762,1.0000,0.8000,+0.0000,+0.0000,+1.0000,+0.0000,+0.0000,+0.0000,+0.0000,+0.0000,+0.0000,+0.0000,+0.0000,+0.0000,+0.0000,+1.0000,+0.0000,+0.0000,+11.0000,+0.0017,+0.2411,+0.7000,+0.0000,+0.0000
159,0.00,1,False,0.0%,0.0%,0.0%,inf,19.3,0.28,0.000,1.0000,0.0000,1.0000,+0.0000,+0.0000,+0.0000,+0.0000,+0.0000,+0.0000,+0.0000,+0.0000,+0.0000,+0.0000,+0.0000,+0.0000,+0.0000,+0.0000,+0.0000,+0.0000,+0.0000,+0.0000,+0.0000,+0.0000,+0.0000,+0.0000
160,1.00,1,True,0.0%,0.0%,0.0%,inf,25.9,0.26,0.000,1.0000,0.0000,0.0000,+0.0000,+0.0000,+1.0000,+0.0000,+0.0000,+0.0000,+0.0000,+0.0000,+0.0000,+0.0000,+0.0000,+0.0000,+0.0000,+1.0000,+0.0000,+0.0000,+0.0000,-0.1003,+0.0000,+0.0000,+0.0000,+0.0000
161,1.00,3,True,0.0%,0.0%,0.0%,0.01,32.1,0.33,9.836,0.3333,1.0000,0.8401,+0.0000,+0.0000,+1.0000,+0.0000,+0.0000,+0.0000,+0.0000,+0.0000,+0.0000,+0.0000,+0.0000,+0.0000,+0.0000,+1.0000,+0.0000,+0.0000,+6.0000,+0.0007,+0.0779,+0.3000,+0.0000,+0.0000
162,-0.50,79,True,0.0%,0.0%,0.0%,0.01,33.2,3.87,11.852,0.9916,1.0000,0.9925,+0.0000,+0.0000,+1.0000,+0.0000,+0.0000,+0.0000,+0.0000,+0.0000,+0.0000,+0.0000,-1.5000,+0.0000,+0.0000,+1.0000,+0.0000,+0.0000,+2.0000,+0.0197,-0.5228,+7.9000,+0.0000,+15.0000
163,1.00,20,True,0.0%,0.0%,0.0%,0.01,13.9,0.62,10.524,0.9667,1.0000,0.9974,+0.0000,+0.0000,+1.0000,+0.0000,+0.0000,+0.0000,+0.0000,+0.0000,+0.0000,+0.0000,+0.0000,+0.0000,+0.0000,+1.0000,+0.0000,+0.0000,+2.0000,+0.0050,-0.1537,+2.0000,+0.0000,+0.0000
165,1.00,1,True,0.0%,0.0%,0.0%,inf,9.9,0.22,0.000,1.0000,0.0000,0.0000,+0.0000,+0.0000,+1.0000,+0.0000,+0.0000,+0.0000,+0.0000,+0.0000,+0.0000,+0.0000,+0.0000,+0.0000,+0.0000,+1.0000,+0.0000,+0.0000,+0.0000,-0.1003,+0.0000,+0.0000,+0.0000,+0.0000
167,1.00,1,True,0.0%,0.0%,0.0%,inf,39.2,0.29,0.000,1.0000,0.0000,0.0000,+0.0000,+0.0000,+1.0000,+0.0000,+0.0000,+0.0000,+0.0000,+0.0000,+0.0000,+0.0000,+0.0000,+0.0000,+0.0000,+1.0000,+0.0000,+0.0000,+0.0000,-0.1003,+0.0000,+0.0000,+0.0000,+0.0000
168,0.00,90,False,0.0%,0.0%,0.0%,0.02,14.5,2.52,10.722,0.6889,0.9778,0.8759,+0.0000,+0.0000,+0.0000,+0.0000,+0.0000,+0.0000,+0.0000,+0.0000,+0.0000,+0.0000,+0.0000,+0.0000,+0.0000,+0.0000,+0.0000,+0.0000,+84.0000,+0.0217,+1.6214,+9.0000,+0.0000,+0.0000
172,0.00,90,False,0.0%,0.0%,0.0%,0.29,9.5,1.54,5.078,0.9852,1.0000,0.9758,+0.0000,+0.0000,+0.0000,+0.0000,+0.0000,+0.0000,+0.0000,+0.0000,+0.0000,+0.0000,+0.0000,+0.0000,+0.0000,+0.0000,+0.0000,+0.0000,+4.0000,+0.0223,-0.2750,+9.0000,+0.0000,+0.0000
173,1.00,45,True,0.0%,0.0%,0.0%,0.01,23.7,1.81,9.865,0.9704,0.9556,0.9834,+0.0000,+0.0000,+1.0000,+0.0000,+0.0000,+0.0000,+0.0000,+0.0000,+0.0000,+0.0000,+0.0000,+0.0000,+0.0000,+1.0000,+0.0000,+0.0000,+4.0000,+0.0112,-0.2104,+4.5000,+0.0000,+0.0000
174,-0.50,21,True,0.0%,0.0%,0.0%,0.01,27.4,1.23,15.465,0.7460,1.0000,0.8492,+0.0000,+0.0000,+1.0000,+0.0000,+0.0000,+0.0000,+0.0000,+0.0000,+0.0000,+0.0000,-1.5000,+0.0000,+0.0000,+1.0000,+0.0000,+0.0000,+16.0000,+0.0051,+0.4949,+2.1000,+0.0000,+15.0000
175,0.00,90,False,0.0%,0.0%,0.0%,0.03,15.1,1.90,9.640,0.8519,0.9556,0.9299,+0.0000,+0.0000,+0.0000,+0.0000,+0.0000,+0.0000,+0.0000,+0.0000,+0.0000,+0.0000,+0.0000,+0.0000,+0.0000,+0.0000,+0.0000,+0.0000,+40.0000,+0.0219,+0.5912,+9.0000,+0.0000,+0.0000
178,-4.50,90,False,0.0%,0.0%,0.0%,0.01,21.5,3.19,14.325,0.9926,1.0000,0.9897,+0.0000,+0.0000,+0.0000,+0.0000,+0.0000,+0.0000,+0.0000,+0.0000,+0.0000,+0.0000,-4.5000,+0.0000,+0.0000,+0.0000,+0.0000,+0.0000,+2.0000,+0.0224,-0.5420,+9.0000,+0.0000,+45.0000
179,0.00,90,False,0.0%,0.0%,0.0%,0.12,33.4,6.14,13.459,0.9519,0.8889,0.9896,+0.0000,+0.0000,+0.0000,+0.0000,+0.0000,+0.0000,+0.0000,+0.0000,+0.0000,+0.0000,+0.0000,+0.0000,+0.0000,+0.0000,+0.0000,+0.0000,+13.0000,-0.9489,-0.5403,+9.0000,+0.0000,+0.0000
180,1.00,58,True,0.0%,0.0%,0.0%,0.01,16.3,1.66,13.868,0.9483,1.0000,0.9877,+0.0000,+0.0000,+1.0000,+0.0000,+0.0000,+0.0000,+0.0000,+0.0000,+0.0000,+0.0000,+0.0000,+0.0000,+0.0000,+1.0000,+0.0000,+0.0000,+9.0000,+0.0145,-0.3242,+5.8000,+0.0000,+0.0000
181,1.00,1,True,0.0%,0.0%,0.0%,inf,10.0,0.21,0.000,1.0000,1.0000,0.0000,+0.0000,+0.0000,+1.0000,+0.0000,+0.0000,+0.0000,+0.0000,+0.0000,+0.0000,+0.0000,+0.0000,+0.0000,+0.0000,+1.0000,+0.0000,+0.0000,+0.0000,+0.0002,+0.2962,+0.0000,+0.0000,+0.0000
183,-0.50,1,False,0.0%,0.0%,100.0%,inf,14.0,0.24,0.000,0.6667,0.0000,0.0000,+0.0000,-0.5000,+0.0000,+0.0000,+0.0000,+0.0000,+0.0000,+0.0000,+0.0000,+0.0000,+0.0000,+0.0000,+1.0000,+0.0000,+0.0000,+0.0000,+1.0000,+0.0001,+0.2789,+0.1000,+0.0000,+0.0000
185,0.00,90,False,0.0%,0.0%,0.0%,0.07,21.5,2.94,12.325,0.9963,1.0000,0.9987,+0.0000,+0.0000,+0.0000,+0.0000,+0.0000,+0.0000,+0.0000,+0.0000,+0.0000,+0.0000,+0.0000,+0.0000,+0.0000,+0.0000,+0.0000,+0.0000,+1.0000,+0.0225,-0.7166,+9.0000,+0.0000,+0.0000
186,-1.20,22,True,0.0%,0.0%,0.0%,0.01,12.4,0.64,19.952,0.6667,1.0000,0.9611,+0.0000,+0.0000,+1.0000,+0.0000,+0.0000,+0.0000,+0.0000,+0.0000,+0.0000,+0.0000,-2.2000,+0.0000,+0.0000,+1.0000,+0.0000,+0.0000,+22.0000,+0.0054,+0.0026,+2.2000,+0.0000,+22.0000
187,0.00,90,False,0.0%,0.0%,0.0%,0.22,18.4,2.88,7.467,0.6704,0.8889,0.8505,+0.0000,+0.0000,+0.0000,+0.0000,+0.0000,+0.0000,+0.0000,+0.0000,+0.0000,+0.0000,+0.0000,+0.0000,+0.0000,+0.0000,+0.0000,+0.0000,+89.0000,+0.0212,+2.1195,+9.0000,+0.0000,+0.0000
188,0.00,90,False,0.0%,0.0%,0.0%,0.29,13.4,1.75,5.108,0.9519,0.9333,0.9715,+0.0000,+0.0000,+0.0000,+0.0000,+0.0000,+0.0000,+0.0000,+0.0000,+0.0000,+0.0000,+0.0000,+0.0000,+0.0000,+0.0000,+0.0000,+0.0000,+13.0000,-0.6795,-0.2076,+9.0000,+0.0000,+0.0000
189,1.00,1,True,0.0%,0.0%,0.0%,inf,8.2,0.21,0.283,0.6667,1.0000,0.9254,+0.0000,+0.0000,+1.0000,+0.0000,+0.0000,+0.0000,+0.0000,+0.0000,+0.0000,+0.0000,+0.0000,+0.0000,+0.0000,+1.0000,+0.0000,+0.0000,+1.0000,+0.0002,+0.0078,+0.1000,+0.0000,+0.0000
191,1.00,1,True,0.0%,0.0%,0.0%,inf,50.0,0.30,0.000,1.0000,0.0000,0.0000,+0.0000,+0.0000,+1.0000,+0.0000,+0.0000,+0.0000,+0.0000,+0.0000,+0.0000,+0.0000,+0.0000,+0.0000,+0.0000,+1.0000,+0.0000,+0.0000,+0.0000,-0.1003,+0.0000,+0.0000,+0.0000,+0.0000
192,-0.80,83,True,0.0%,0.0%,0.0%,0.01,25.4,2.89,12.776,0.9679,1.0000,0.9969,+0.0000,+0.0000,+1.0000,+0.0000,+0.0000,+0.0000,+0.0000,+0.0000,+0.0000,+0.0000,-1.8000,+0.0000,+0.0000,+1.0000,+0.0000,+0.0000,+8.0000,+0.0207,-0.6280,+8.3000,+0.0000,+18.0000
194,1.00,1,True,0.0%,0.0%,0.0%,inf,26.6,0.23,0.000,1.0000,0.0000,0.0000,+0.0000,+0.0000,+1.0000,+0.0000,+0.0000,+0.0000,+0.0000,+0.0000,+0.0000,+0.0000,+0.0000,+0.0000,+0.0000,+1.0000,+0.0000,+0.0000,+0.0000,-0.1003,+0.0000,+0.0000,+0.0000,+0.0000
196,0.00,90,False,0.0%,0.0%,0.0%,0.08,27.5,4.15,3.763,0.9926,1.0000,0.9802,+0.0000,+0.0000,+0.0000,+0.0000,+0.0000,+0.0000,+0.0000,+0.0000,+0.0000,+0.0000,+0.0000,+0.0000,+0.0000,+0.0000,+0.0000,+0.0000,+2.0000,+0.0221,-0.3585,+9.0000,+0.0000,+0.0000
197,1.00,1,True,0.0%,0.0%,0.0%,inf,37.0,0.30,0.000,1.0000,0.0000,0.0000,+0.0000,+0.0000,+1.0000,+0.0000,+0.0000,+0.0000,+0.0000,+0.0000,+0.0000,+0.0000,+0.0000,+0.0000,+0.0000,+1.0000,+0.0000,+0.0000,+0.0000,-0.1003,+0.0000,+0.0000,+0.0000,+0.0000
199,1.00,1,True,0.0%,0.0%,0.0%,inf,12.5,0.22,0.000,0.6667,1.0000,0.9890,+0.0000,+0.0000,+1.0000,+0.0000,+0.0000,+0.0000,+0.0000,+0.0000,+0.0000,+0.0000,+0.0000,+0.0000,+0.0000,+1.0000,+0.0000,+0.0000,+1.0000,+0.0002,-0.0059,+0.1000,+0.0000,+0.0000
200,1.00,84,True,0.0%,0.0%,0.0%,0.01,30.8,3.83,6.424,0.9960,1.0000,0.9748,+0.0000,+0.0000,+1.0000,+0.0000,+0.0000,+0.0000,+0.0000,+0.0000,+0.0000,+0.0000,+0.0000,+0.0000,+0.0000,+1.0000,+0.0000,+0.0000,+1.0000,+0.0207,-0.2370,+8.4000,+0.0000,+0.0000
201,0.00,90,False,0.0%,0.0%,0.0%,0.07,25.7,3.45,4.087,0.9556,1.0000,0.9492,+0.0000,+0.0000,+0.0000,+0.0000,+0.0000,+0.0000,+0.0000,+0.0000,+0.0000,+0.0000,+0.0000,+0.0000,+0.0000,+0.0000,+0.0000,+0.0000,+12.0000,+0.0218,+0.2393,+9.0000,+0.0000,+0.0000
202,0.00,90,False,0.0%,0.0%,0.0%,0.10,35.2,4.63,4.345,0.8259,0.9222,0.9596,+0.0000,+0.0000,+0.0000,+0.0000,+0.0000,+0.0000,+0.0000,+0.0000,+0.0000,+0.0000,+0.0000,+0.0000,+0.0000,+0.0000,+0.0000,+0.0000,+47.0000,-0.1116,+0.0208,+9.0000,+0.0000,+0.0000
203,1.00,1,True,0.0%,0.0%,0.0%,inf,16.5,0.30,0.000,1.0000,0.0000,0.0000,+0.0000,+0.0000,+1.0000,+0.0000,+0.0000,+0.0000,+0.0000,+0.0000,+0.0000,+0.0000,+0.0000,+0.0000,+0.0000,+1.0000,+0.0000,+0.0000,+0.0000,-0.1003,+0.0000,+0.0000,+0.0000,+0.0000
206,0.00,90,False,0.0%,0.0%,0.0%,0.13,36.5,5.45,4.159,0.9963,1.0000,0.9865,+0.0000,+0.0000,+0.0000,+0.0000,+0.0000,+0.0000,+0.0000,+0.0000,+0.0000,+0.0000,+0.0000,+0.0000,+0.0000,+0.0000,+0.0000,+0.0000,+1.0000,+0.0224,-0.4800,+9.0000,+0.0000,+0.0000
207,-1.30,81,True,0.0%,0.0%,0.0%,0.01,28.5,3.53,13.695,0.9671,1.0000,0.9913,+0.0000,+0.0000,+1.0000,+0.0000,+0.0000,+0.0000,+0.0000,+0.0000,+0.0000,+0.0000,-2.3000,+0.0000,+0.0000,+1.0000,+0.0000,+0.0000,+8.0000,+0.0202,-0.5156,+8.1000,+0.0000,+23.0000
210,1.00,1,True,0.0%,0.0%,0.0%,inf,15.9,0.25,0.000,0.6667,0.0000,0.9871,+0.0000,+0.0000,+1.0000,+0.0000,+0.0000,+0.0000,+0.0000,+0.0000,+0.0000,+0.0000,+0.0000,+0.0000,+0.0000,+1.0000,+0.0000,+0.0000,+1.0000,+0.0002,-0.0054,+0.1000,+0.0000,+0.0000
212,0.40,82,True,0.0%,0.0%,0.0%,0.01,22.4,3.04,13.244,0.9512,0.9634,0.9914,+0.0000,+0.0000,+1.0000,+0.0000,+0.0000,+0.0000,+0.0000,+0.0000,+0.0000,+0.0000,-0.6000,+0.0000,+0.0000,+1.0000,+0.0000,+0.0000,+12.0000,-0.2606,-0.5251,+8.2000,+0.0000,+6.0000
213,0.00,1,False,0.0%,0.0%,0.0%,inf,24.3,0.29,0.000,1.0000,0.0000,1.0000,+0.0000,+0.0000,+0.0000,+0.0000,+0.0000,+0.0000,+0.0000,+0.0000,+0.0000,+0.0000,+0.0000,+0.0000,+0.0000,+0.0000,+0.0000,+0.0000,+0.0000,+0.0000,+0.0000,+0.0000,+0.0000,+0.0000
214,1.00,1,True,0.0%,0.0%,0.0%,inf,18.7,0.29,0.000,1.0000,0.0000,0.0000,+0.0000,+0.0000,+1.0000,+0.0000,+0.0000,+0.0000,+0.0000,+0.0000,+0.0000,+0.0000,+0.0000,+0.0000,+0.0000,+1.0000,+0.0000,+0.0000,+0.0000,-0.1003,+0.0000,+0.0000,+0.0000,+0.0000
215,0.00,90,False,0.0%,0.0%,0.0%,0.09,33.6,4.94,7.196,0.9963,1.0000,0.9825,+0.0000,+0.0000,+0.0000,+0.0000,+0.0000,+0.0000,+0.0000,+0.0000,+0.0000,+0.0000,+0.0000,+0.0000,+0.0000,+0.0000,+0.0000,+0.0000,+1.0000,+0.0224,-0.4026,+9.0000,+0.0000,+0.0000
220,1.00,1,True,0.0%,0.0%,0.0%,inf,36.2,0.25,0.000,1.0000,0.0000,0.0000,+0.0000,+0.0000,+1.0000,+0.0000,+0.0000,+0.0000,+0.0000,+0.0000,+0.0000,+0.0000,+0.0000,+0.0000,+0.0000,+1.0000,+0.0000,+0.0000,+0.0000,-0.1003,+0.0000,+0.0000,+0.0000,+0.0000
222,1.00,1,True,0.0%,0.0%,0.0%,inf,20.7,0.28,0.000,1.0000,0.0000,0.0000,+0.0000,+0.0000,+1.0000,+0.0000,+0.0000,+0.0000,+0.0000,+0.0000,+0.0000,+0.0000,+0.0000,+0.0000,+0.0000,+1.0000,+0.0000,+0.0000,+0.0000,-0.1003,+0.0000,+0.0000,+0.0000,+0.0000
223,-1.07,55,False,100.0%,100.0%,0.0%,0.23,26.6,2.12,5.235,0.7212,0.8000,0.8077,-1.0673,+0.0000,+0.0000,+0.0000,+0.0000,+0.0000,+0.0000,+0.0000,+0.0000,+0.0000,+0.0000,+1.0000,+0.0000,+0.0000,+0.0000,+0.0000,+46.0000,-1.7404,+1.6638,+5.5000,+0.0000,+0.0000
226,0.00,90,False,0.0%,0.0%,0.0%,0.04,35.5,4.33,9.306,0.9407,1.0000,0.9926,+0.0000,+0.0000,+0.0000,+0.0000,+0.0000,+0.0000,+0.0000,+0.0000,+0.0000,+0.0000,+0.0000,+0.0000,+0.0000,+0.0000,+0.0000,+0.0000,+16.0000,+0.0224,-0.5987,+9.0000,+0.0000,+0.0000
227,1.00,89,True,0.0%,0.0%,0.0%,0.01,14.5,1.86,11.064,0.9363,1.0000,0.9754,+0.0000,+0.0000,+1.0000,+0.0000,+0.0000,+0.0000,+0.0000,+0.0000,+0.0000,+0.0000,+0.0000,+0.0000,+0.0000,+1.0000,+0.0000,+0.0000,+17.0000,+0.0221,-0.2648,+8.9000,+0.0000,+0.0000
228,1.00,17,True,0.0%,0.0%,0.0%,0.01,11.4,0.48,1.240,0.9216,0.9412,0.9687,+0.0000,+0.0000,+1.0000,+0.0000,+0.0000,+0.0000,+0.0000,+0.0000,+0.0000,+0.0000,+0.0000,+0.0000,+0.0000,+1.0000,+0.0000,+0.0000,+4.0000,+0.0040,-0.0252,+1.7000,+0.0000,+0.0000
231,-0.50,1,False,0.0%,0.0%,100.0%,inf,30.1,0.22,0.000,0.6667,0.0000,0.0000,+0.0000,-0.5000,+0.0000,+0.0000,+0.0000,+0.0000,+0.0000,+0.0000,+0.0000,+0.0000,+0.0000,+0.0000,+1.0000,+0.0000,+0.0000,+0.0000,+1.0000,-0.1149,+0.0000,+0.1000,+0.0000,+0.0000
232,1.00,1,True,0.0%,0.0%,0.0%,inf,34.1,0.24,0.000,1.0000,0.0000,0.0000,+0.0000,+0.0000,+1.0000,+0.0000,+0.0000,+0.0000,+0.0000,+0.0000,+0.0000,+0.0000,+0.0000,+0.0000,+0.0000,+1.0000,+0.0000,+0.0000,+0.0000,-0.1003,+0.0000,+0.0000,+0.0000,+0.0000
235,1.00,25,True,0.0%,0.0%,0.0%,0.01,27.5,1.33,2.137,0.9067,0.6800,0.9110,+0.0000,+0.0000,+1.0000,+0.0000,+0.0000,+0.0000,+0.0000,+0.0000,+0.0000,+0.0000,+0.0000,+0.0000,+0.0000,+1.0000,+0.0000,+0.0000,+7.0000,+0.0056,+0.2717,+2.5000,+0.0000,+0.0000
241,0.00,90,False,0.0%,0.0%,0.0%,0.21,27.9,3.44,9.481,0.7407,0.8667,0.9345,+0.0000,+0.0000,+0.0000,+0.0000,+0.0000,+0.0000,+0.0000,+0.0000,+0.0000,+0.0000,+0.0000,+0.0000,+0.0000,+0.0000,+0.0000,+0.0000,+70.0000,-2.3143,+0.2553,+9.0000,+0.0000,+0.0000
242,0.00,90,False,0.0%,0.0%,0.0%,0.03,27.0,4.05,8.446,0.9926,1.0000,0.9952,+0.0000,+0.0000,+0.0000,+0.0000,+0.0000,+0.0000,+0.0000,+0.0000,+0.0000,+0.0000,+0.0000,+0.0000,+0.0000,+0.0000,+0.0000,+0.0000,+2.0000,+0.0225,-0.6489,+9.0000,+0.0000,+0.0000
244,-0.50,1,False,0.0%,0.0%,100.0%,inf,13.8,0.22,0.000,0.6667,0.0000,0.0000,+0.0000,-0.5000,+0.0000,+0.0000,+0.0000,+0.0000,+0.0000,+0.0000,+0.0000,+0.0000,+0.0000,+0.0000,+1.0000,+0.0000,+0.0000,+0.0000,+1.0000,+0.0001,-0.0005,+0.1000,+0.0000,+0.0000
246,0.00,1,False,0.0%,0.0%,0.0%,inf,5.3,0.30,0.560,1.0000,0.0000,1.0000,+0.0000,+0.0000,+0.0000,+0.0000,+0.0000,+0.0000,+0.0000,+0.0000,+0.0000,+0.0000,+0.0000,+0.0000,+0.0000,+0.0000,+0.0000,+0.0000,+0.0000,+0.0000,+0.0000,+0.0000,+0.0000,+0.0000
248,0.00,90,False,0.0%,0.0%,0.0%,0.03,34.1,4.42,9.713,0.9926,1.0000,0.9979,+0.0000,+0.0000,+0.0000,+0.0000,+0.0000,+0.0000,+0.0000,+0.0000,+0.0000,+0.0000,+0.0000,+0.0000,+0.0000,+0.0000,+0.0000,+0.0000,+2.0000,+0.0225,-0.7010,+9.0000,+0.0000,+0.0000
253,1.00,1,True,0.0%,0.0%,0.0%,inf,12.3,0.26,0.000,1.0000,0.0000,0.0000,+0.0000,+0.0000,+1.0000,+0.0000,+0.0000,+0.0000,+0.0000,+0.0000,+0.0000,+0.0000,+0.0000,+0.0000,+0.0000,+1.0000,+0.0000,+0.0000,+0.0000,-0.1003,+0.0000,+0.0000,+0.0000,+0.0000
255,0.20,30,True,0.0%,0.0%,0.0%,0.01,15.9,0.83,13.870,0.9889,1.0000,0.9960,+0.0000,+0.0000,+1.0000,+0.0000,+0.0000,+0.0000,+0.0000,+0.0000,+0.0000,+0.0000,-0.8000,+0.0000,+0.0000,+1.0000,+0.0000,+0.0000,+1.0000,+0.0075,-0.2215,+3.0000,+0.0000,+8.0000
257,1.00,45,True,0.0%,0.0%,0.0%,0.01,7.5,0.63,7.918,0.8593,1.0000,0.9559,+0.0000,+0.0000,+1.0000,+0.0000,+0.0000,+0.0000,+0.0000,+0.0000,+0.0000,+0.0000,+0.0000,+0.0000,+0.0000,+1.0000,+0.0000,+0.0000,+19.0000,+0.0111,+0.0555,+4.5000,+0.0000,+0.0000
259,0.00,90,False,0.0%,0.0%,0.0%,0.01,25.5,3.24,6.335,0.9111,1.0000,0.9651,+0.0000,+0.0000,+0.0000,+0.0000,+0.0000,+0.0000,+0.0000,+0.0000,+0.0000,+0.0000,+0.0000,+0.0000,+0.0000,+0.0000,+0.0000,+0.0000,+24.0000,+0.0222,-0.0708,+9.0000,+0.0000,+0.0000
260,0.00,1,False,0.0%,0.0%,0.0%,inf,37.1,0.38,0.000,1.0000,0.0000,1.0000,+0.0000,+0.0000,+0.0000,+0.0000,+0.0000,+0.0000,+0.0000,+0.0000,+0.0000,+0.0000,+0.0000,+0.0000,+0.0000,+0.0000,+0.0000,+0.0000,+0.0000,+0.0000,+0.0000,+0.0000,+0.0000,+0.0000
261,1.00,1,True,0.0%,0.0%,0.0%,inf,20.8,0.25,0.000,0.6667,1.0000,0.9761,+0.0000,+0.0000,+1.0000,+0.0000,+0.0000,+0.0000,+0.0000,+0.0000,+0.0000,+0.0000,+0.0000,+0.0000,+0.0000,+1.0000,+0.0000,+0.0000,+1.0000,+0.0002,-0.0031,+0.1000,+0.0000,+0.0000
262,0.00,90,False,0.0%,0.0%,0.0%,0.03,9.1,1.62,4.209,0.8963,0.8889,0.9293,+0.0000,+0.0000,+0.0000,+0.0000,+0.0000,+0.0000,+0.0000,+0.0000,+0.0000,+0.0000,+0.0000,+0.0000,+0.0000,+0.0000,+0.0000,+0.0000,+28.0000,-2.9535,+0.4649,+9.0000,+0.0000,+0.0000
263,1.00,1,True,0.0%,0.0%,0.0%,inf,34.9,0.28,0.000,1.0000,0.0000,0.0000,+0.0000,+0.0000,+1.0000,+0.0000,+0.0000,+0.0000,+0.0000,+0.0000,+0.0000,+0.0000,+0.0000,+0.0000,+0.0000,+1.0000,+0.0000,+0.0000,+0.0000,-0.1003,+0.0000,+0.0000,+0.0000,+0.0000
265,1.00,1,True,0.0%,0.0%,0.0%,inf,21.2,0.30,0.000,1.0000,0.0000,0.0000,+0.0000,+0.0000,+1.0000,+0.0000,+0.0000,+0.0000,+0.0000,+0.0000,+0.0000,+0.0000,+0.0000,+0.0000,+0.0000,+1.0000,+0.0000,+0.0000,+0.0000,-0.1003,+0.0000,+0.0000,+0.0000,+0.0000
266,0.00,1,False,0.0%,0.0%,0.0%,inf,17.8,0.32,0.000,1.0000,0.0000,1.0000,+0.0000,+0.0000,+0.0000,+0.0000,+0.0000,+0.0000,+0.0000,+0.0000,+0.0000,+0.0000,+0.0000,+0.0000,+0.0000,+0.0000,+0.0000,+0.0000,+0.0000,+0.0000,+0.0000,+0.0000,+0.0000,+0.0000
267,-0.10,72,True,0.0%,0.0%,0.0%,0.01,28.5,3.12,14.131,0.9769,0.9861,0.9911,+0.0000,+0.0000,+1.0000,+0.0000,+0.0000,+0.0000,+0.0000,+0.0000,+0.0000,+0.0000,-1.1000,+0.0000,+0.0000,+1.0000,+0.0000,+0.0000,+5.0000,+0.0179,-0.4563,+7.2000,+0.0000,+11.0000
268,1.00,46,True,0.0%,0.0%,0.0%,0.01,29.1,2.44,5.062,0.8406,0.9348,0.9596,+0.0000,+0.0000,+1.0000,+0.0000,+0.0000,+0.0000,+0.0000,+0.0000,+0.0000,+0.0000,+0.0000,+0.0000,+0.0000,+1.0000,+0.0000,+0.0000,+22.0000,-1.1484,+0.0127,+4.6000,+0.0000,+0.0000
269,1.00,46,True,0.0%,0.0%,0.0%,0.01,14.7,1.13,4.757,0.8261,1.0000,0.9597,+0.0000,+0.0000,+1.0000,+0.0000,+0.0000,+0.0000,+0.0000,+0.0000,+0.0000,+0.0000,+0.0000,+0.0000,+0.0000,+1.0000,+0.0000,+0.0000,+24.0000,+0.0114,+0.0202,+4.6000,+0.0000,+0.0000
270,-0.50,1,False,0.0%,0.0%,100.0%,inf,17.7,0.27,0.000,0.6667,0.0000,0.0000,+0.0000,-0.5000,+0.0000,+0.0000,+0.0000,+0.0000,+0.0000,+0.0000,+0.0000,+0.0000,+0.0000,+0.0000,+1.0000,+0.0000,+0.0000,+0.0000,+1.0000,-0.1149,+0.0000,+0.1000,+0.0000,+0.0000
271,-3.90,49,True,0.0%,0.0%,0.0%,0.01,14.6,1.00,18.605,0.9048,1.0000,0.9803,+0.0000,+0.0000,+1.0000,+0.0000,+0.0000,+0.0000,+0.0000,+0.0000,+0.0000,+0.0000,-4.9000,+0.0000,+0.0000,+1.0000,+0.0000,+0.0000,+14.0000,+0.0122,-0.1972,+4.9000,+0.0000,+49.0000
273,-3.70,73,True,0.0%,0.0%,0.0%,0.01,21.9,3.18,15.910,0.9863,1.0000,0.9929,+0.0000,+0.0000,+1.0000,+0.0000,+0.0000,+0.0000,+0.0000,+0.0000,+0.0000,+0.0000,-4.7000,+0.0000,+0.0000,+1.0000,+0.0000,+0.0000,+3.0000,+0.0182,-0.4903,+7.3000,+0.0000,+47.0000
274,1.00,9,True,0.0%,0.0%,0.0%,0.01,4.7,0.27,0.585,0.9630,1.0000,0.7862,+0.0000,+0.0000,+1.0000,+0.0000,+0.0000,+0.0000,+0.0000,+0.0000,+0.0000,+0.0000,+0.0000,+0.0000,+0.0000,+1.0000,+0.0000,+0.0000,+1.0000,+0.0022,+0.3364,+0.9000,+0.0000,+0.0000
275,0.00,90,False,0.0%,0.0%,0.0%,0.04,24.4,3.98,6.350,0.9630,1.0000,0.9974,+0.0000,+0.0000,+0.0000,+0.0000,+0.0000,+0.0000,+0.0000,+0.0000,+0.0000,+0.0000,+0.0000,+0.0000,+0.0000,+0.0000,+0.0000,+0.0000,+10.0000,+0.0225,-0.6909,+9.0000,+0.0000,+0.0000
277,0.00,90,False,0.0%,0.0%,0.0%,0.04,30.5,3.22,6.217,1.0000,1.0000,0.9825,+0.0000,+0.0000,+0.0000,+0.0000,+0.0000,+0.0000,+0.0000,+0.0000,+0.0000,+0.0000,+0.0000,+0.0000,+0.0000,+0.0000,+0.0000,+0.0000,+0.0000,+0.0224,-0.4023,+9.0000,+0.0000,+0.0000
278,-6.10,71,True,0.0%,0.0%,0.0%,0.01,10.9,1.20,19.820,0.9390,1.0000,0.9750,+0.0000,+0.0000,+1.0000,+0.0000,+0.0000,+0.0000,+0.0000,+0.0000,+0.0000,+0.0000,-7.1000,+0.0000,+0.0000,+1.0000,+0.0000,+0.0000,+13.0000,+0.0176,-0.2070,+7.1000,+0.0000,+71.0000
281,1.00,1,True,0.0%,0.0%,0.0%,inf,38.9,0.27,0.000,1.0000,0.0000,0.0000,+0.0000,+0.0000,+1.0000,+0.0000,+0.0000,+0.0000,+0.0000,+0.0000,+0.0000,+0.0000,+0.0000,+0.0000,+0.0000,+1.0000,+0.0000,+0.0000,+0.0000,-0.1003,+0.0000,+0.0000,+0.0000,+0.0000
282,0.00,90,False,0.0%,0.0%,0.0%,0.08,10.4,1.64,5.889,0.9481,0.8444,0.9983,+0.0000,+0.0000,+0.0000,+0.0000,+0.0000,+0.0000,+0.0000,+0.0000,+0.0000,+0.0000,+0.0000,+0.0000,+0.0000,+0.0000,+0.0000,+0.0000,+14.0000,+0.0225,-0.7084,+9.0000,+0.0000,+0.0000
283,1.00,1,True,0.0%,0.0%,0.0%,inf,63.4,0.30,0.000,1.0000,0.0000,0.0000,+0.0000,+0.0000,+1.0000,+0.0000,+0.0000,+0.0000,+0.0000,+0.0000,+0.0000,+0.0000,+0.0000,+0.0000,+0.0000,+1.0000,+0.0000,+0.0000,+0.0000,-0.1003,+0.0000,+0.0000,+0.0000,+0.0000
285,0.00,90,False,0.0%,0.0%,0.0%,0.08,16.3,2.07,7.613,0.8889,1.0000,0.9604,+0.0000,+0.0000,+0.0000,+0.0000,+0.0000,+0.0000,+0.0000,+0.0000,+0.0000,+0.0000,+0.0000,+0.0000,+0.0000,+0.0000,+0.0000,+0.0000,+30.0000,+0.0223,+0.0125,+9.0000,+0.0000,+0.0000
287,1.00,72,True,0.0%,0.0%,0.0%,0.01,22.6,2.11,8.645,0.9259,1.0000,0.9373,+0.0000,+0.0000,+1.0000,+0.0000,+0.0000,+0.0000,+0.0000,+0.0000,+0.0000,+0.0000,+0.0000,+0.0000,+0.0000,+1.0000,+0.0000,+0.0000,+16.0000,+0.0177,+0.3701,+7.2000,+0.0000,+0.0000
290,1.00,1,True,0.0%,0.0%,0.0%,inf,22.4,0.27,0.000,1.0000,0.0000,0.0000,+0.0000,+0.0000,+1.0000,+0.0000,+0.0000,+0.0000,+0.0000,+0.0000,+0.0000,+0.0000,+0.0000,+0.0000,+0.0000,+1.0000,+0.0000,+0.0000,+0.0000,-0.1003,+0.0000,+0.0000,+0.0000,+0.0000
291,1.00,1,True,0.0%,0.0%,0.0%,inf,27.5,0.26,0.000,1.0000,0.0000,0.0000,+0.0000,+0.0000,+1.0000,+0.0000,+0.0000,+0.0000,+0.0000,+0.0000,+0.0000,+0.0000,+0.0000,+0.0000,+0.0000,+1.0000,+0.0000,+0.0000,+0.0000,-0.1003,+0.0000,+0.0000,+0.0000,+0.0000
292,0.00,90,False,0.0%,0.0%,0.0%,0.27,18.0,3.39,5.003,0.9000,1.0000,0.9617,+0.0000,+0.0000,+0.0000,+0.0000,+0.0000,+0.0000,+0.0000,+0.0000,+0.0000,+0.0000,+0.0000,+0.0000,+0.0000,+0.0000,+0.0000,+0.0000,+27.0000,+0.0220,+0.0008,+9.0000,+0.0000,+0.0000
293,1.00,1,True,0.0%,0.0%,0.0%,inf,38.9,0.39,0.000,1.0000,0.0000,0.0000,+0.0000,+0.0000,+1.0000,+0.0000,+0.0000,+0.0000,+0.0000,+0.0000,+0.0000,+0.0000,+0.0000,+0.0000,+0.0000,+1.0000,+0.0000,+0.0000,+0.0000,-0.1003,+0.0000,+0.0000,+0.0000,+0.0000
294,1.00,85,True,0.0%,0.0%,0.0%,0.01,20.0,2.57,10.080,0.9882,1.0000,0.9918,+0.0000,+0.0000,+1.0000,+0.0000,+0.0000,+0.0000,+0.0000,+0.0000,+0.0000,+0.0000,+0.0000,+0.0000,+0.0000,+1.0000,+0.0000,+0.0000,+3.0000,+0.0212,-0.5512,+8.5000,+0.0000,+0.0000
295,0.00,90,False,0.0%,0.0%,0.0%,0.04,26.1,3.24,8.530,0.9815,1.0000,0.9882,+0.0000,+0.0000,+0.0000,+0.0000,+0.0000,+0.0000,+0.0000,+0.0000,+0.0000,+0.0000,+0.0000,+0.0000,+0.0000,+0.0000,+0.0000,+0.0000,+5.0000,+0.0224,-0.5131,+9.0000,+0.0000,+0.0000
296,1.00,80,True,0.0%,0.0%,0.0%,0.01,25.2,2.89,8.023,0.8125,0.9750,0.8985,+0.0000,+0.0000,+1.0000,+0.0000,+0.0000,+0.0000,+0.0000,+0.0000,+0.0000,+0.0000,+0.0000,+0.0000,+0.0000,+1.0000,+0.0000,+0.0000,+45.0000,-1.1424,+1.0621,+8.0000,+0.0000,+0.0000
297,0.00,90,False,0.0%,0.0%,0.0%,0.19,27.4,3.39,11.203,0.8370,0.9444,0.9631,+0.0000,+0.0000,+0.0000,+0.0000,+0.0000,+0.0000,+0.0000,+0.0000,+0.0000,+0.0000,+0.0000,+0.0000,+0.0000,+0.0000,+0.0000,+0.0000,+44.0000,-1.5429,-0.1111,+9.0000,+0.0000,+0.0000
299,1.00,1,True,0.0%,0.0%,0.0%,inf,14.5,0.24,0.000,1.0000,0.0000,0.0000,+0.0000,+0.0000,+1.0000,+0.0000,+0.0000,+0.0000,+0.0000,+0.0000,+0.0000,+0.0000,+0.0000,+0.0000,+0.0000,+1.0000,+0.0000,+0.0000,+0.0000,-0.1003,+0.0000,+0.0000,+0.0000,+0.0000
301,-7.70,90,False,0.0%,0.0%,0.0%,0.01,30.6,4.57,16.808,0.9593,0.9889,0.9789,+0.0000,+0.0000,+0.0000,+0.0000,+0.0000,+0.0000,+0.0000,+0.0000,+0.0000,+0.0000,-7.7000,+0.0000,+0.0000,+0.0000,+0.0000,+0.0000,+11.0000,+0.0222,-0.3348,+7.8000,+0.0000,+77.0000
302,0.00,90,False,0.0%,0.0%,0.0%,0.14,21.9,2.80,6.846,0.9667,1.0000,0.9789,+0.0000,+0.0000,+0.0000,+0.0000,+0.0000,+0.0000,+0.0000,+0.0000,+0.0000,+0.0000,+0.0000,+0.0000,+0.0000,+0.0000,+0.0000,+0.0000,+9.0000,+0.0223,-0.3339,+9.0000,+0.0000,+0.0000
305,1.00,14,True,0.0%,0.0%,0.0%,0.01,19.8,0.67,14.040,0.7619,1.0000,0.9217,+0.0000,+0.0000,+1.0000,+0.0000,+0.0000,+0.0000,+0.0000,+0.0000,+0.0000,+0.0000,+0.0000,+0.0000,+0.0000,+1.0000,+0.0000,+0.0000,+10.0000,+0.0034,+0.1191,+1.4000,+0.0000,+0.0000
307,1.00,55,True,0.0%,0.0%,0.0%,0.01,6.9,0.75,11.072,0.9879,0.9636,0.9828,+0.0000,+0.0000,+1.0000,+0.0000,+0.0000,+0.0000,+0.0000,+0.0000,+0.0000,+0.0000,+0.0000,+0.0000,+0.0000,+1.0000,+0.0000,+0.0000,+2.0000,-0.0246,-0.2869,+5.5000,+0.0000,+0.0000
308,1.00,1,True,0.0%,0.0%,0.0%,inf,15.8,0.24,0.000,0.6667,0.0000,0.9343,+0.0000,+0.0000,+1.0000,+0.0000,+0.0000,+0.0000,+0.0000,+0.0000,+0.0000,+0.0000,+0.0000,+0.0000,+0.0000,+1.0000,+0.0000,+0.0000,+1.0000,+0.0001,+0.0059,+0.1000,+0.0000,+0.0000
310,1.00,1,True,0.0%,0.0%,0.0%,inf,56.6,0.36,0.599,0.6667,1.0000,0.7862,+0.0000,+0.0000,+1.0000,+0.0000,+0.0000,+0.0000,+0.0000,+0.0000,+0.0000,+0.0000,+0.0000,+0.0000,+0.0000,+1.0000,+0.0000,+0.0000,+1.0000,+0.0002,+0.0374,+0.1000,+0.0000,+0.0000
311,-0.50,1,False,0.0%,0.0%,100.0%,inf,10.7,0.22,0.000,0.6667,0.0000,0.0000,+0.0000,-0.5000,+0.0000,+0.0000,+0.0000,+0.0000,+0.0000,+0.0000,+0.0000,+0.0000,+0.0000,+0.0000,+1.0000,+0.0000,+0.0000,+0.0000,+1.0000,-0.1136,+0.0000,+0.1000,+0.0000,+0.0000
315,-0.51,12,False,100.0%,0.0%,0.0%,0.25,40.1,0.87,0.538,0.8889,1.0000,0.8835,-0.5086,+0.0000,+0.0000,+0.0000,+0.0000,+0.0000,+0.0000,+0.0000,+0.0000,+0.0000,+0.0000,+1.0000,+0.0000,+0.0000,+0.0000,+0.0000,+4.0000,+0.0029,+0.2012,+1.2000,+0.0000,+0.0000
316,1.00,2,True,0.0%,0.0%,0.0%,0.01,19.3,0.35,9.850,0.3333,1.0000,0.9835,+0.0000,+0.0000,+1.0000,+0.0000,+0.0000,+0.0000,+0.0000,+0.0000,+0.0000,+0.0000,+0.0000,+0.0000,+0.0000,+1.0000,+0.0000,+0.0000,+4.0000,+0.0005,-0.0094,+0.2000,+0.0000,+0.0000
317,1.00,13,True,0.0%,0.0%,0.0%,0.01,13.0,0.41,2.692,0.8718,1.0000,0.9076,+0.0000,+0.0000,+1.0000,+0.0000,+0.0000,+0.0000,+0.0000,+0.0000,+0.0000,+0.0000,+0.0000,+0.0000,+0.0000,+1.0000,+0.0000,+0.0000,+5.0000,+0.0031,+0.1511,+1.3000,+0.0000,+0.0000
320,0.00,90,False,0.0%,0.0%,0.0%,0.42,31.0,4.19,5.169,0.7815,0.9000,0.9495,+0.0000,+0.0000,+0.0000,+0.0000,+0.0000,+0.0000,+0.0000,+0.0000,+0.0000,+0.0000,+0.0000,+0.0000,+0.0000,+0.0000,+0.0000,+0.0000,+59.0000,-0.8601,+0.1551,+9.0000,+0.0000,+0.0000
323,1.00,1,True,0.0%,0.0%,0.0%,inf,25.2,0.35,0.069,0.6667,1.0000,0.8462,+0.0000,+0.0000,+1.0000,+0.0000,+0.0000,+0.0000,+0.0000,+0.0000,+0.0000,+0.0000,+0.0000,+0.0000,+0.0000,+1.0000,+0.0000,+0.0000,+1.0000,+0.0002,+0.0247,+0.1000,+0.0000,+0.0000
326,1.00,1,True,0.0%,0.0%,0.0%,inf,20.4,0.21,0.052,0.6667,0.0000,0.8687,+0.0000,+0.0000,+1.0000,+0.0000,+0.0000,+0.0000,+0.0000,+0.0000,+0.0000,+0.0000,+0.0000,+0.0000,+0.0000,+1.0000,+0.0000,+0.0000,+1.0000,+0.0002,+0.0199,+0.1000,+0.0000,+0.0000
327,0.00,90,False,0.0%,0.0%,0.0%,0.04,30.0,3.41,9.736,0.7037,0.9778,0.9179,+0.0000,+0.0000,+0.0000,+0.0000,+0.0000,+0.0000,+0.0000,+0.0000,+0.0000,+0.0000,+0.0000,+0.0000,+0.0000,+0.0000,+0.0000,+0.0000,+80.0000,-0.4588,+0.8201,+9.0000,+0.0000,+0.0000
329,1.00,57,True,0.0%,0.0%,0.0%,0.01,13.5,1.42,7.869,0.7544,0.8596,0.9332,+0.0000,+0.0000,+1.0000,+0.0000,+0.0000,+0.0000,+0.0000,+0.0000,+0.0000,+0.0000,+0.0000,+0.0000,+0.0000,+1.0000,+0.0000,+0.0000,+42.0000,-3.1492,+0.2268,+5.7000,+0.0000,+0.0000
330,1.00,81,True,0.0%,0.0%,0.0%,0.01,41.8,5.60,11.558,0.7037,0.7778,0.8853,+0.0000,+0.0000,+1.0000,+0.0000,+0.0000,+0.0000,+0.0000,+0.0000,+0.0000,+0.0000,+0.0000,+0.0000,+0.0000,+1.0000,+0.0000,+0.0000,+72.0000,-13.4016,+0.5075,+8.1000,+0.0000,+0.0000
331,1.00,1,True,0.0%,0.0%,0.0%,inf,24.2,0.23,0.000,0.6667,1.0000,0.8681,+0.0000,+0.0000,+1.0000,+0.0000,+0.0000,+0.0000,+0.0000,+0.0000,+0.0000,+0.0000,+0.0000,+0.0000,+0.0000,+1.0000,+0.0000,+0.0000,+1.0000,+0.0002,+0.0200,+0.1000,+0.0000,+0.0000
332,1.00,1,True,0.0%,0.0%,0.0%,inf,8.6,0.25,0.000,1.0000,0.0000,0.0000,+0.0000,+0.0000,+1.0000,+0.0000,+0.0000,+0.0000,+0.0000,+0.0000,+0.0000,+0.0000,+0.0000,+0.0000,+0.0000,+1.0000,+0.0000,+0.0000,+0.0000,-0.1003,+0.0000,+0.0000,+0.0000,+0.0000
333,1.00,1,True,0.0%,0.0%,0.0%,inf,38.4,0.24,0.000,1.0000,0.0000,0.0000,+0.0000,+0.0000,+1.0000,+0.0000,+0.0000,+0.0000,+0.0000,+0.0000,+0.0000,+0.0000,+0.0000,+0.0000,+0.0000,+1.0000,+0.0000,+0.0000,+0.0000,-0.1003,+0.0000,+0.0000,+0.0000,+0.0000
334,-0.20,90,False,0.0%,0.0%,0.0%,0.26,14.8,3.25,11.977,0.9519,1.0000,0.9994,+0.0000,+0.0000,+0.0000,+0.0000,+0.0000,+0.0000,+0.0000,+0.0000,+0.0000,+0.0000,-0.2000,+0.0000,+0.0000,+0.0000,+0.0000,+0.0000,+13.0000,+0.0225,-0.7297,+9.0000,+0.0000,+2.0000
336,-1.07,60,False,100.0%,100.0%,0.0%,0.36,37.9,3.87,6.922,0.9111,0.9833,0.9928,-1.0712,+0.0000,+0.0000,+0.0000,+0.0000,+0.0000,+0.0000,+0.0000,+0.0000,+0.0000,+0.0000,+1.0000,+0.0000,+0.0000,+0.0000,+0.0000,+16.0000,-0.1883,-0.4096,+6.0000,+0.0000,+0.0000
338,0.00,1,False,0.0%,0.0%,0.0%,inf,24.6,0.31,0.000,1.0000,0.0000,1.0000,+0.0000,+0.0000,+0.0000,+0.0000,+0.0000,+0.0000,+0.0000,+0.0000,+0.0000,+0.0000,+0.0000,+0.0000,+0.0000,+0.0000,+0.0000,+0.0000,+0.0000,+0.0000,+0.0000,+0.0000,+0.0000,+0.0000
339,0.00,90,False,0.0%,0.0%,0.0%,0.01,13.9,3.81,11.752,0.9000,0.8889,0.9887,+0.0000,+0.0000,+0.0000,+0.0000,+0.0000,+0.0000,+0.0000,+0.0000,+0.0000,+0.0000,+0.0000,+0.0000,+0.0000,+0.0000,+0.0000,+0.0000,+27.0000,+0.0224,-0.5245,+9.0000,+0.0000,+0.0000
340,1.00,1,True,0.0%,0.0%,0.0%,inf,10.5,0.32,0.000,1.0000,0.0000,0.0000,+0.0000,+0.0000,+1.0000,+0.0000,+0.0000,+0.0000,+0.0000,+0.0000,+0.0000,+0.0000,+0.0000,+0.0000,+0.0000,+1.0000,+0.0000,+0.0000,+0.0000,-0.1003,+0.0000,+0.0000,+0.0000,+0.0000
341,0.00,90,False,0.0%,0.0%,0.0%,0.05,15.9,2.50,11.666,0.7630,0.9889,0.9533,+0.0000,+0.0000,+0.0000,+0.0000,+0.0000,+0.0000,+0.0000,+0.0000,+0.0000,+0.0000,+0.0000,+0.0000,+0.0000,+0.0000,+0.0000,+0.0000,+64.0000,-0.1440,+0.1528,+9.0000,+0.0000,+0.0000
342,-0.20,90,True,0.0%,0.0%,0.0%,0.01,30.8,4.24,10.523,0.8556,0.9444,0.9617,+0.0000,+0.0000,+1.0000,+0.0000,+0.0000,+0.0000,+0.0000,+0.0000,+0.0000,+0.0000,-1.2000,+0.0000,+0.0000,+1.0000,+0.0000,+0.0000,+39.0000,-4.3322,-0.0366,+9.0000,+0.0000,+12.0000
344,0.00,90,False,0.0%,0.0%,0.0%,0.03,32.6,3.80,6.693,0.9963,1.0000,0.9608,+0.0000,+0.0000,+0.0000,+0.0000,+0.0000,+0.0000,+0.0000,+0.0000,+0.0000,+0.0000,+0.0000,+0.0000,+0.0000,+0.0000,+0.0000,+0.0000,+1.0000,+0.0221,+0.0127,+9.0000,+0.0000,+0.0000
345,1.00,1,True,0.0%,0.0%,0.0%,inf,25.3,0.25,0.000,0.6667,1.0000,0.6945,+0.0000,+0.0000,+1.0000,+0.0000,+0.0000,+0.0000,+0.0000,+0.0000,+0.0000,+0.0000,+0.0000,+0.0000,+0.0000,+1.0000,+0.0000,+0.0000,+1.0000,+0.0002,+0.0566,+0.1000,+0.0000,+0.0000
346,0.60,76,True,0.0%,0.0%,0.0%,0.01,32.8,3.44,11.010,0.9912,1.0000,0.9958,+0.0000,+0.0000,+1.0000,+0.0000,+0.0000,+0.0000,+0.0000,+0.0000,+0.0000,+0.0000,-0.4000,+0.0000,+0.0000,+1.0000,+0.0000,+0.0000,+2.0000,+0.0190,-0.5571,+7.6000,+0.0000,+4.0000
349,1.00,1,True,0.0%,0.0%,0.0%,inf,24.9,0.22,0.000,0.6667,0.0000,0.8623,+0.0000,+0.0000,+1.0000,+0.0000,+0.0000,+0.0000,+0.0000,+0.0000,+0.0000,+0.0000,+0.0000,+0.0000,+0.0000,+1.0000,+0.0000,+0.0000,+1.0000,+0.0002,+0.0213,+0.1000,+0.0000,+0.0000
351,0.00,90,False,0.0%,0.0%,0.0%,0.14,17.6,2.11,4.256,0.9148,1.0000,0.9665,+0.0000,+0.0000,+0.0000,+0.0000,+0.0000,+0.0000,+0.0000,+0.0000,+0.0000,+0.0000,+0.0000,+0.0000,+0.0000,+0.0000,+0.0000,+0.0000,+23.0000,+0.0222,-0.0987,+9.0000,+0.0000,+0.0000
352,-0.20,25,True,0.0%,0.0%,0.0%,0.01,13.6,0.63,14.743,0.6800,1.0000,0.8266,+0.0000,+0.0000,+1.0000,+0.0000,+0.0000,+0.0000,+0.0000,+0.0000,+0.0000,+0.0000,-1.2000,+0.0000,+0.0000,+1.0000,+0.0000,+0.0000,+24.0000,+0.0060,+0.7170,+2.5000,+0.0000,+12.0000
355,0.00,90,False,0.0%,0.0%,0.0%,0.03,18.7,3.61,6.903,0.9222,0.9778,0.9657,+0.0000,+0.0000,+0.0000,+0.0000,+0.0000,+0.0000,+0.0000,+0.0000,+0.0000,+0.0000,+0.0000,+0.0000,+0.0000,+0.0000,+0.0000,+0.0000,+21.0000,+0.0222,-0.0807,+9.0000,+0.0000,+0.0000
358,-0.51,1,False,100.0%,0.0%,0.0%,inf,25.8,0.26,0.000,0.6667,1.0000,0.9687,-0.5150,+0.0000,+0.0000,+0.0000,+0.0000,+0.0000,+0.0000,+0.0000,+0.0000,+0.0000,+0.0000,+1.0000,+0.0000,+0.0000,+0.0000,+0.0000,+1.0000,+0.0002,-0.0015,+0.1000,+0.0000,+0.0000
359,0.00,90,False,0.0%,0.0%,0.0%,0.04,24.8,3.67,11.713,0.9926,1.0000,0.9936,+0.0000,+0.0000,+0.0000,+0.0000,+0.0000,+0.0000,+0.0000,+0.0000,+0.0000,+0.0000,+0.0000,+0.0000,+0.0000,+0.0000,+0.0000,+0.0000,+2.0000,+0.0225,-0.6169,+9.0000,+0.0000,+0.0000
364,1.00,36,True,0.0%,0.0%,0.0%,0.01,12.4,0.87,3.731,0.7963,0.9444,0.7394,+0.0000,+0.0000,+1.0000,+0.0000,+0.0000,+0.0000,+0.0000,+0.0000,+0.0000,+0.0000,+0.0000,+0.0000,+0.0000,+1.0000,+0.0000,+0.0000,+22.0000,+0.0080,+1.6876,+3.6000,+0.0000,+0.0000
367,1.00,1,True,0.0%,0.0%,0.0%,inf,12.6,0.28,0.000,1.0000,0.0000,0.0000,+0.0000,+0.0000,+1.0000,+0.0000,+0.0000,+0.0000,+0.0000,+0.0000,+0.0000,+0.0000,+0.0000,+0.0000,+0.0000,+1.0000,+0.0000,+0.0000,+0.0000,-0.1003,+0.0000,+0.0000,+0.0000,+0.0000
368,-2.20,32,True,0.0%,0.0%,0.0%,0.01,10.3,0.61,21.006,0.9167,0.9688,0.9861,+0.0000,+0.0000,+1.0000,+0.0000,+0.0000,+0.0000,+0.0000,+0.0000,+0.0000,+0.0000,-3.2000,+0.0000,+0.0000,+1.0000,+0.0000,+0.0000,+8.0000,+0.0080,-0.1682,+3.2000,+0.0000,+32.0000
369,1.00,8,True,0.0%,0.0%,0.0%,0.01,3.0,0.24,13.933,0.5000,1.0000,0.8528,+0.0000,+0.0000,+1.0000,+0.0000,+0.0000,+0.0000,+0.0000,+0.0000,+0.0000,+0.0000,+0.0000,+0.0000,+0.0000,+1.0000,+0.0000,+0.0000,+12.0000,+0.0019,+0.1860,+0.8000,+0.0000,+0.0000
375,0.00,90,False,0.0%,0.0%,0.0%,0.11,27.7,4.47,4.972,0.9815,0.6778,0.9885,+0.0000,+0.0000,+0.0000,+0.0000,+0.0000,+0.0000,+0.0000,+0.0000,+0.0000,+0.0000,+0.0000,+0.0000,+0.0000,+0.0000,+0.0000,+0.0000,+5.0000,+0.0224,-0.5187,+9.0000,+0.0000,+0.0000
377,1.00,1,True,0.0%,0.0%,0.0%,inf,22.9,0.24,0.000,0.6667,1.0000,0.4020,+0.0000,+0.0000,+1.0000,+0.0000,+0.0000,+0.0000,+0.0000,+0.0000,+0.0000,+0.0000,+0.0000,+0.0000,+0.0000,+1.0000,+0.0000,+0.0000,+1.0000,+0.0002,+0.1171,+0.1000,+0.0000,+0.0000
380,0.00,90,False,0.0%,0.0%,0.0%,0.28,27.5,4.78,12.754,0.9259,1.0000,0.9778,+0.0000,+0.0000,+0.0000,+0.0000,+0.0000,+0.0000,+0.0000,+0.0000,+0.0000,+0.0000,+0.0000,+0.0000,+0.0000,+0.0000,+0.0000,+0.0000,+20.0000,+0.0224,-0.3151,+9.0000,+0.0000,+0.0000
381,1.00,19,True,0.0%,0.0%,0.0%,0.01,7.8,0.40,9.779,0.9298,1.0000,0.9431,+0.0000,+0.0000,+1.0000,+0.0000,+0.0000,+0.0000,+0.0000,+0.0000,+0.0000,+0.0000,+0.0000,+0.0000,+0.0000,+1.0000,+0.0000,+0.0000,+4.0000,+0.0047,+0.0751,+1.9000,+0.0000,+0.0000
384,1.00,87,True,0.0%,0.0%,0.0%,0.01,26.0,2.97,8.865,0.9693,0.9885,0.9904,+0.0000,+0.0000,+1.0000,+0.0000,+0.0000,+0.0000,+0.0000,+0.0000,+0.0000,+0.0000,+0.0000,+0.0000,+0.0000,+1.0000,+0.0000,+0.0000,+8.0000,-0.6581,-0.5499,+8.7000,+0.0000,+0.0000
385,-2.50,90,False,0.0%,0.0%,0.0%,0.30,21.3,3.21,14.981,0.9407,1.0000,0.9996,+0.0000,+0.0000,+0.0000,+0.0000,+0.0000,+0.0000,+0.0000,+0.0000,+0.0000,+0.0000,-2.5000,+0.0000,+0.0000,+0.0000,+0.0000,+0.0000,+16.0000,+0.0225,-0.7344,+9.0000,+0.0000,+25.0000
388,1.00,1,True,0.0%,0.0%,0.0%,inf,6.8,0.27,0.000,0.6667,0.0000,0.0000,+0.0000,+0.0000,+1.0000,+0.0000,+0.0000,+0.0000,+0.0000,+0.0000,+0.0000,+0.0000,+0.0000,+0.0000,+0.0000,+1.0000,+0.0000,+0.0000,+1.0000,-0.1153,+0.0000,+0.1000,+0.0000,+0.0000
390,1.00,1,True,0.0%,0.0%,0.0%,inf,4.9,0.23,0.000,1.0000,0.0000,0.0000,+0.0000,+0.0000,+1.0000,+0.0000,+0.0000,+0.0000,+0.0000,+0.0000,+0.0000,+0.0000,+0.0000,+0.0000,+0.0000,+1.0000,+0.0000,+0.0000,+0.0000,-0.1003,+0.0000,+0.0000,+0.0000,+0.0000
391,1.00,1,True,0.0%,0.0%,0.0%,inf,13.9,0.27,0.000,1.0000,0.0000,0.0000,+0.0000,+0.0000,+1.0000,+0.0000,+0.0000,+0.0000,+0.0000,+0.0000,+0.0000,+0.0000,+0.0000,+0.0000,+0.0000,+1.0000,+0.0000,+0.0000,+0.0000,-0.1003,+0.0000,+0.0000,+0.0000,+0.0000
392,1.00,1,True,0.0%,0.0%,0.0%,inf,8.6,0.22,0.000,1.0000,0.0000,0.0000,+0.0000,+0.0000,+1.0000,+0.0000,+0.0000,+0.0000,+0.0000,+0.0000,+0.0000,+0.0000,+0.0000,+0.0000,+0.0000,+1.0000,+0.0000,+0.0000,+0.0000,-0.1003,+0.0000,+0.0000,+0.0000,+0.0000
393,1.00,36,True,0.0%,0.0%,0.0%,0.01,8.0,0.61,6.993,0.9444,1.0000,0.9680,+0.0000,+0.0000,+1.0000,+0.0000,+0.0000,+0.0000,+0.0000,+0.0000,+0.0000,+0.0000,+0.0000,+0.0000,+0.0000,+1.0000,+0.0000,+0.0000,+6.0000,+0.0089,-0.0479,+3.6000,+0.0000,+0.0000
394,0.00,90,False,0.0%,0.0%,0.0%,0.07,13.2,2.02,5.812,0.9185,1.0000,0.9790,+0.0000,+0.0000,+0.0000,+0.0000,+0.0000,+0.0000,+0.0000,+0.0000,+0.0000,+0.0000,+0.0000,+0.0000,+0.0000,+0.0000,+0.0000,+0.0000,+22.0000,+0.0222,-0.3337,+9.0000,+0.0000,+0.0000
395,0.00,90,False,0.0%,0.0%,0.0%,0.01,31.1,4.41,5.853,0.9889,0.9889,0.9933,+0.0000,+0.0000,+0.0000,+0.0000,+0.0000,+0.0000,+0.0000,+0.0000,+0.0000,+0.0000,+0.0000,+0.0000,+0.0000,+0.0000,+0.0000,+0.0000,+3.0000,-0.0470,-0.6118,+9.0000,+0.0000,+0.0000
396,0.00,90,False,0.0%,0.0%,0.0%,0.03,20.7,2.77,7.981,0.7778,0.9000,0.9222,+0.0000,+0.0000,+0.0000,+0.0000,+0.0000,+0.0000,+0.0000,+0.0000,+0.0000,+0.0000,+0.0000,+0.0000,+0.0000,+0.0000,+0.0000,+0.0000,+60.0000,-4.5188,+0.2861,+9.0000,+0.0000,+0.0000
397,1.00,1,True,0.0%,0.0%,0.0%,inf,34.1,0.30,0.000,1.0000,0.0000,0.0000,+0.0000,+0.0000,+1.0000,+0.0000,+0.0000,+0.0000,+0.0000,+0.0000,+0.0000,+0.0000,+0.0000,+0.0000,+0.0000,+1.0000,+0.0000,+0.0000,+0.0000,-0.1003,+0.0000,+0.0000,+0.0000,+0.0000
399,1.00,26,True,0.0%,0.0%,0.0%,0.01,12.8,0.65,7.726,0.9231,1.0000,0.9434,+0.0000,+0.0000,+1.0000,+0.0000,+0.0000,+0.0000,+0.0000,+0.0000,+0.0000,+0.0000,+0.0000,+0.0000,+0.0000,+1.0000,+0.0000,+0.0000,+6.0000,+0.0062,+0.1009,+2.6000,+0.0000,+0.0000
400,-1.20,22,True,0.0%,0.0%,0.0%,0.01,12.8,0.57,16.154,0.9242,1.0000,0.9796,+0.0000,+0.0000,+1.0000,+0.0000,+0.0000,+0.0000,+0.0000,+0.0000,+0.0000,+0.0000,-2.2000,+0.0000,+0.0000,+1.0000,+0.0000,+0.0000,+5.0000,+0.0055,-0.0847,+2.2000,+0.0000,+22.0000
402,1.00,1,True,0.0%,0.0%,0.0%,inf,9.5,0.21,0.000,1.0000,0.0000,0.0000,+0.0000,+0.0000,+1.0000,+0.0000,+0.0000,+0.0000,+0.0000,+0.0000,+0.0000,+0.0000,+0.0000,+0.0000,+0.0000,+1.0000,+0.0000,+0.0000,+0.0000,-0.1003,+0.0000,+0.0000,+0.0000,+0.0000
406,0.00,90,False,0.0%,0.0%,0.0%,0.14,29.0,4.80,7.342,0.9963,1.0000,0.9953,+0.0000,+0.0000,+0.0000,+0.0000,+0.0000,+0.0000,+0.0000,+0.0000,+0.0000,+0.0000,+0.0000,+0.0000,+0.0000,+0.0000,+0.0000,+0.0000,+1.0000,+0.0225,-0.6511,+9.0000,+0.0000,+0.0000
407,0.80,22,True,0.0%,0.0%,0.0%,0.01,9.9,0.49,14.519,0.9091,1.0000,0.9892,+0.0000,+0.0000,+1.0000,+0.0000,+0.0000,+0.0000,+0.0000,+0.0000,+0.0000,+0.0000,-0.2000,+0.0000,+0.0000,+1.0000,+0.0000,+0.0000,+6.0000,+0.0055,-0.1303,+2.2000,+0.0000,+2.0000
408,-0.50,7,False,0.0%,0.0%,100.0%,0.51,13.3,0.30,6.534,0.5238,1.0000,0.9735,+0.0000,-0.5000,+0.0000,+0.0000,+0.0000,+0.0000,+0.0000,+0.0000,+0.0000,+0.0000,+0.0000,+0.0000,+1.0000,+0.0000,+0.0000,+0.0000,+10.0000,+0.0017,-0.0177,+0.7000,+0.0000,+0.0000
410,0.00,90,False,0.0%,0.0%,0.0%,0.07,21.2,2.99,5.923,0.9370,1.0000,0.9731,+0.0000,+0.0000,+0.0000,+0.0000,+0.0000,+0.0000,+0.0000,+0.0000,+0.0000,+0.0000,+0.0000,+0.0000,+0.0000,+0.0000,+0.0000,+0.0000,+17.0000,+0.0222,-0.2258,+9.0000,+0.0000,+0.0000
411,1.00,1,True,0.0%,0.0%,0.0%,inf,13.3,0.22,0.000,1.0000,0.0000,0.0000,+0.0000,+0.0000,+1.0000,+0.0000,+0.0000,+0.0000,+0.0000,+0.0000,+0.0000,+0.0000,+0.0000,+0.0000,+0.0000,+1.0000,+0.0000,+0.0000,+0.0000,-0.1003,+0.0000,+0.0000,+0.0000,+0.0000
412,0.60,4,True,0.0%,0.0%,0.0%,0.01,18.9,0.37,17.864,0.5833,1.0000,0.9995,+0.0000,+0.0000,+1.0000,+0.0000,+0.0000,+0.0000,+0.0000,+0.0000,+0.0000,+0.0000,-0.4000,+0.0000,+0.0000,+1.0000,+0.0000,+0.0000,+5.0000,+0.0010,-0.0326,+0.4000,+0.0000,+4.0000
413,0.00,90,False,0.0%,0.0%,0.0%,0.08,7.0,1.02,5.740,0.9556,0.9889,0.9843,+0.0000,+0.0000,+0.0000,+0.0000,+0.0000,+0.0000,+0.0000,+0.0000,+0.0000,+0.0000,+0.0000,+0.0000,+0.0000,+0.0000,+0.0000,+0.0000,+12.0000,-0.4334,-0.4458,+9.0000,+0.0000,+0.0000
414,0.00,90,False,0.0%,0.0%,0.0%,0.10,26.9,3.49,4.293,0.9926,0.9889,0.9816,+0.0000,+0.0000,+0.0000,+0.0000,+0.0000,+0.0000,+0.0000,+0.0000,+0.0000,+0.0000,+0.0000,+0.0000,+0.0000,+0.0000,+0.0000,+0.0000,+2.0000,+0.0221,-0.3849,+9.0000,+0.0000,+0.0000
415,1.00,1,True,0.0%,0.0%,0.0%,inf,8.8,0.22,0.000,1.0000,0.0000,0.0000,+0.0000,+0.0000,+1.0000,+0.0000,+0.0000,+0.0000,+0.0000,+0.0000,+0.0000,+0.0000,+0.0000,+0.0000,+0.0000,+1.0000,+0.0000,+0.0000,+0.0000,-0.1003,+0.0000,+0.0000,+0.0000,+0.0000
416,1.00,1,True,0.0%,0.0%,0.0%,inf,26.1,0.31,0.000,1.0000,0.0000,0.0000,+0.0000,+0.0000,+1.0000,+0.0000,+0.0000,+0.0000,+0.0000,+0.0000,+0.0000,+0.0000,+0.0000,+0.0000,+0.0000,+1.0000,+0.0000,+0.0000,+0.0000,-0.1003,+0.0000,+0.0000,+0.0000,+0.0000
417,1.00,35,True,0.0%,0.0%,0.0%,0.01,9.7,0.56,4.951,0.9143,1.0000,0.9536,+0.0000,+0.0000,+1.0000,+0.0000,+0.0000,+0.0000,+0.0000,+0.0000,+0.0000,+0.0000,+0.0000,+0.0000,+0.0000,+1.0000,+0.0000,+0.0000,+9.0000,+0.0086,+0.0615,+3.5000,+0.0000,+0.0000
418,-0.30,90,False,0.0%,0.0%,0.0%,0.10,17.3,2.15,11.741,0.8259,0.9889,0.9716,+0.0000,+0.0000,+0.0000,+0.0000,+0.0000,+0.0000,+0.0000,+0.0000,+0.0000,+0.0000,-0.3000,+0.0000,+0.0000,+0.0000,+0.0000,+0.0000,+47.0000,-0.6248,-0.1966,+9.0000,+0.0000,+3.0000
423,1.00,1,True,0.0%,0.0%,0.0%,inf,17.4,0.36,0.000,1.0000,0.0000,0.0000,+0.0000,+0.0000,+1.0000,+0.0000,+0.0000,+0.0000,+0.0000,+0.0000,+0.0000,+0.0000,+0.0000,+0.0000,+0.0000,+1.0000,+0.0000,+0.0000,+0.0000,-0.1003,+0.0000,+0.0000,+0.0000,+0.0000
425,1.00,1,True,0.0%,0.0%,0.0%,inf,16.4,0.33,0.000,1.0000,0.0000,0.0000,+0.0000,+0.0000,+1.0000,+0.0000,+0.0000,+0.0000,+0.0000,+0.0000,+0.0000,+0.0000,+0.0000,+0.0000,+0.0000,+1.0000,+0.0000,+0.0000,+0.0000,-0.1003,+0.0000,+0.0000,+0.0000,+0.0000
426,0.00,90,False,0.0%,0.0%,0.0%,0.06,22.0,2.68,10.010,0.9815,1.0000,0.9936,+0.0000,+0.0000,+0.0000,+0.0000,+0.0000,+0.0000,+0.0000,+0.0000,+0.0000,+0.0000,+0.0000,+0.0000,+0.0000,+0.0000,+0.0000,+0.0000,+5.0000,+0.0224,-0.6180,+9.0000,+0.0000,+0.0000
427,0.00,90,False,0.0%,0.0%,0.0%,0.03,38.9,5.40,8.510,0.8704,0.9889,0.9551,+0.0000,+0.0000,+0.0000,+0.0000,+0.0000,+0.0000,+0.0000,+0.0000,+0.0000,+0.0000,+0.0000,+0.0000,+0.0000,+0.0000,+0.0000,+0.0000,+35.0000,+0.0101,+0.1241,+9.0000,+0.0000,+0.0000
428,1.00,1,True,0.0%,0.0%,0.0%,inf,30.4,0.39,0.000,0.6667,1.0000,0.9900,+0.0000,+0.0000,+1.0000,+0.0000,+0.0000,+0.0000,+0.0000,+0.0000,+0.0000,+0.0000,+0.0000,+0.0000,+0.0000,+1.0000,+0.0000,+0.0000,+1.0000,+0.0002,-0.0061,+0.1000,+0.0000,+0.0000
429,0.00,90,False,0.0%,0.0%,0.0%,0.05,19.5,2.96,9.417,0.7926,1.0000,0.9780,+0.0000,+0.0000,+0.0000,+0.0000,+0.0000,+0.0000,+0.0000,+0.0000,+0.0000,+0.0000,+0.0000,+0.0000,+0.0000,+0.0000,+0.0000,+0.0000,+56.0000,+0.0222,-0.3149,+9.0000,+0.0000,+0.0000
430,0.00,90,False,0.0%,0.0%,0.0%,0.08,33.8,4.49,4.505,0.9593,1.0000,0.9936,+0.0000,+0.0000,+0.0000,+0.0000,+0.0000,+0.0000,+0.0000,+0.0000,+0.0000,+0.0000,+0.0000,+0.0000,+0.0000,+0.0000,+0.0000,+0.0000,+11.0000,+0.0224,-0.6169,+9.0000,+0.0000,+0.0000
431,1.00,1,True,0.0%,0.0%,0.0%,inf,22.7,0.30,0.000,1.0000,0.0000,0.0000,+0.0000,+0.0000,+1.0000,+0.0000,+0.0000,+0.0000,+0.0000,+0.0000,+0.0000,+0.0000,+0.0000,+0.0000,+0.0000,+1.0000,+0.0000,+0.0000,+0.0000,-0.1003,+0.0000,+0.0000,+0.0000,+0.0000
435,1.00,1,True,0.0%,0.0%,0.0%,inf,13.6,0.21,0.000,1.0000,0.0000,0.0000,+0.0000,+0.0000,+1.0000,+0.0000,+0.0000,+0.0000,+0.0000,+0.0000,+0.0000,+0.0000,+0.0000,+0.0000,+0.0000,+1.0000,+0.0000,+0.0000,+0.0000,-0.1003,+0.0000,+0.0000,+0.0000,+0.0000
438,0.00,90,False,0.0%,0.0%,0.0%,0.34,19.3,3.03,5.494,0.7444,0.9889,0.8893,+0.0000,+0.0000,+0.0000,+0.0000,+0.0000,+0.0000,+0.0000,+0.0000,+0.0000,+0.0000,+0.0000,+0.0000,+0.0000,+0.0000,+0.0000,+0.0000,+69.0000,+0.0213,+1.3787,+9.0000,+0.0000,+0.0000
440,-0.84,29,False,100.0%,100.0%,0.0%,0.04,33.3,1.53,1.933,0.9770,0.4138,0.7365,-0.8353,+0.0000,+0.0000,+0.0000,+0.0000,+0.0000,+0.0000,+0.0000,+0.0000,+0.0000,+0.0000,+1.0000,+0.0000,+0.0000,+0.0000,+0.0000,+2.0000,+0.0061,+1.3806,+2.9000,+0.0000,+0.0000
442,0.00,1,False,0.0%,0.0%,0.0%,inf,15.6,0.25,0.000,1.0000,0.0000,1.0000,+0.0000,+0.0000,+0.0000,+0.0000,+0.0000,+0.0000,+0.0000,+0.0000,+0.0000,+0.0000,+0.0000,+0.0000,+0.0000,+0.0000,+0.0000,+0.0000,+0.0000,+0.0000,+0.0000,+0.0000,+0.0000,+0.0000
443,1.00,1,True,0.0%,0.0%,0.0%,inf,9.3,0.20,0.001,0.6667,1.0000,0.8345,+0.0000,+0.0000,+1.0000,+0.0000,+0.0000,+0.0000,+0.0000,+0.0000,+0.0000,+0.0000,+0.0000,+0.0000,+0.0000,+1.0000,+0.0000,+0.0000,+1.0000,+0.0002,+0.0272,+0.1000,+0.0000,+0.0000
444,0.00,90,False,0.0%,0.0%,0.0%,0.03,35.2,5.62,10.526,0.7778,0.8889,0.9442,+0.0000,+0.0000,+0.0000,+0.0000,+0.0000,+0.0000,+0.0000,+0.0000,+0.0000,+0.0000,+0.0000,+0.0000,+0.0000,+0.0000,+0.0000,+0.0000,+60.0000,-5.1138,-0.1247,+9.0000,+0.0000,+0.0000
447,1.00,1,True,0.0%,0.0%,0.0%,inf,17.9,0.23,0.056,0.6667,1.0000,0.8245,+0.0000,+0.0000,+1.0000,+0.0000,+0.0000,+0.0000,+0.0000,+0.0000,+0.0000,+0.0000,+0.0000,+0.0000,+0.0000,+1.0000,+0.0000,+0.0000,+1.0000,+0.0002,+0.0293,+0.1000,+0.0000,+0.0000
450,-3.00,90,False,0.0%,0.0%,0.0%,0.05,22.7,3.92,12.672,0.8519,0.9000,0.9658,+0.0000,+0.0000,+0.0000,+0.0000,+0.0000,+0.0000,+0.0000,+0.0000,+0.0000,+0.0000,-3.0000,+0.0000,+0.0000,+0.0000,+0.0000,+0.0000,+40.0000,+0.0223,-0.0801,+9.0000,+0.0000,+30.0000
451,1.00,47,True,0.0%,0.0%,0.0%,0.01,24.6,1.77,7.819,0.9716,1.0000,0.9670,+0.0000,+0.0000,+1.0000,+0.0000,+0.0000,+0.0000,+0.0000,+0.0000,+0.0000,+0.0000,+0.0000,+0.0000,+0.0000,+1.0000,+0.0000,+0.0000,+4.0000,+0.0116,-0.0548,+4.7000,+0.0000,+0.0000
453,1.00,84,True,0.0%,0.0%,0.0%,0.01,29.8,3.57,9.959,0.9841,1.0000,0.9924,+0.0000,+0.0000,+1.0000,+0.0000,+0.0000,+0.0000,+0.0000,+0.0000,+0.0000,+0.0000,+0.0000,+0.0000,+0.0000,+1.0000,+0.0000,+0.0000,+4.0000,+0.0209,-0.5553,+8.4000,+0.0000,+0.0000
454,1.00,1,True,0.0%,0.0%,0.0%,inf,8.4,0.21,0.000,1.0000,0.0000,0.0000,+0.0000,+0.0000,+1.0000,+0.0000,+0.0000,+0.0000,+0.0000,+0.0000,+0.0000,+0.0000,+0.0000,+0.0000,+0.0000,+1.0000,+0.0000,+0.0000,+0.0000,-0.1003,+0.0000,+0.0000,+0.0000,+0.0000
457,0.00,90,False,0.0%,0.0%,0.0%,0.05,19.6,2.94,11.702,0.9852,0.9889,0.9943,+0.0000,+0.0000,+0.0000,+0.0000,+0.0000,+0.0000,+0.0000,+0.0000,+0.0000,+0.0000,+0.0000,+0.0000,+0.0000,+0.0000,+0.0000,+0.0000,+4.0000,-0.2007,-0.6346,+9.0000,+0.0000,+0.0000
459,1.00,1,True,0.0%,0.0%,0.0%,inf,10.2,0.18,0.000,1.0000,0.0000,0.0000,+0.0000,+0.0000,+1.0000,+0.0000,+0.0000,+0.0000,+0.0000,+0.0000,+0.0000,+0.0000,+0.0000,+0.0000,+0.0000,+1.0000,+0.0000,+0.0000,+0.0000,-0.1003,+0.0000,+0.0000,+0.0000,+0.0000
460,0.00,1,False,0.0%,0.0%,0.0%,inf,25.2,0.23,0.000,1.0000,0.0000,1.0000,+0.0000,+0.0000,+0.0000,+0.0000,+0.0000,+0.0000,+0.0000,+0.0000,+0.0000,+0.0000,+0.0000,+0.0000,+0.0000,+0.0000,+0.0000,+0.0000,+0.0000,+0.0000,+0.0000,+0.0000,+0.0000,+0.0000
461,1.00,84,True,0.0%,0.0%,0.0%,0.01,34.8,4.98,7.492,0.9881,0.9881,0.9958,+0.0000,+0.0000,+1.0000,+0.0000,+0.0000,+0.0000,+0.0000,+0.0000,+0.0000,+0.0000,+0.0000,+0.0000,+0.0000,+1.0000,+0.0000,+0.0000,+3.0000,+0.0208,-0.6170,+8.4000,+0.0000,+0.0000
465,0.00,1,False,0.0%,0.0%,0.0%,inf,23.4,0.23,0.000,1.0000,0.0000,1.0000,+0.0000,+0.0000,+0.0000,+0.0000,+0.0000,+0.0000,+0.0000,+0.0000,+0.0000,+0.0000,+0.0000,+0.0000,+0.0000,+0.0000,+0.0000,+0.0000,+0.0000,+0.0000,+0.0000,+0.0000,+0.0000,+0.0000
467,1.00,36,True,0.0%,0.0%,0.0%,0.01,13.5,0.82,9.466,0.9815,1.0000,0.9677,+0.0000,+0.0000,+1.0000,+0.0000,+0.0000,+0.0000,+0.0000,+0.0000,+0.0000,+0.0000,+0.0000,+0.0000,+0.0000,+1.0000,+0.0000,+0.0000,+2.0000,+0.0089,-0.0464,+3.6000,+0.0000,+0.0000
469,1.00,1,True,0.0%,0.0%,0.0%,inf,16.9,0.28,0.000,1.0000,0.0000,0.0000,+0.0000,+0.0000,+1.0000,+0.0000,+0.0000,+0.0000,+0.0000,+0.0000,+0.0000,+0.0000,+0.0000,+0.0000,+0.0000,+1.0000,+0.0000,+0.0000,+0.0000,-0.1003,+0.0000,+0.0000,+0.0000,+0.0000
470,0.00,90,False,0.0%,0.0%,0.0%,0.02,38.3,5.19,9.237,0.8815,1.0000,0.9511,+0.0000,+0.0000,+0.0000,+0.0000,+0.0000,+0.0000,+0.0000,+0.0000,+0.0000,+0.0000,+0.0000,+0.0000,+0.0000,+0.0000,+0.0000,+0.0000,+32.0000,+0.0221,+0.1988,+9.0000,+0.0000,+0.0000
473,0.00,90,False,0.0%,0.0%,0.0%,0.05,24.8,3.47,10.203,0.8741,1.0000,0.8989,+0.0000,+0.0000,+0.0000,+0.0000,+0.0000,+0.0000,+0.0000,+0.0000,+0.0000,+0.0000,+0.0000,+0.0000,+0.0000,+0.0000,+0.0000,+0.0000,+34.0000,+0.0221,+1.1865,+9.0000,+0.0000,+0.0000
474,0.00,90,False,0.0%,0.0%,0.0%,0.12,19.7,2.86,13.157,0.9963,1.0000,0.9967,+0.0000,+0.0000,+0.0000,+0.0000,+0.0000,+0.0000,+0.0000,+0.0000,+0.0000,+0.0000,+0.0000,+0.0000,+0.0000,+0.0000,+0.0000,+0.0000,+1.0000,+0.0225,-0.6783,+9.0000,+0.0000,+0.0000
475,0.00,90,False,0.0%,0.0%,0.0%,0.04,6.7,0.94,4.381,0.9926,1.0000,0.9817,+0.0000,+0.0000,+0.0000,+0.0000,+0.0000,+0.0000,+0.0000,+0.0000,+0.0000,+0.0000,+0.0000,+0.0000,+0.0000,+0.0000,+0.0000,+0.0000,+2.0000,+0.0223,-0.3868,+9.0000,+0.0000,+0.0000
477,0.00,1,False,0.0%,0.0%,0.0%,inf,21.5,0.23,6.842,1.0000,0.0000,1.0000,+0.0000,+0.0000,+0.0000,+0.0000,+0.0000,+0.0000,+0.0000,+0.0000,+0.0000,+0.0000,+0.0000,+0.0000,+0.0000,+0.0000,+0.0000,+0.0000,+0.0000,+0.0000,+0.0000,+0.0000,+0.0000,+0.0000
478,1.00,1,True,0.0%,0.0%,0.0%,inf,17.5,0.27,0.000,0.6667,0.0000,0.7740,+0.0000,+0.0000,+1.0000,+0.0000,+0.0000,+0.0000,+0.0000,+0.0000,+0.0000,+0.0000,+0.0000,+0.0000,+0.0000,+1.0000,+0.0000,+0.0000,+1.0000,+0.0002,+0.0400,+0.1000,+0.0000,+0.0000
479,-0.50,1,False,0.0%,0.0%,100.0%,inf,32.1,0.32,0.000,0.6667,0.0000,0.0000,+0.0000,-0.5000,+0.0000,+0.0000,+0.0000,+0.0000,+0.0000,+0.0000,+0.0000,+0.0000,+0.0000,+0.0000,+1.0000,+0.0000,+0.0000,+0.0000,+1.0000,-0.1151,+0.0000,+0.1000,+0.0000,+0.0000
480,1.00,1,True,0.0%,0.0%,0.0%,inf,7.5,0.22,0.000,1.0000,0.0000,0.0000,+0.0000,+0.0000,+1.0000,+0.0000,+0.0000,+0.0000,+0.0000,+0.0000,+0.0000,+0.0000,+0.0000,+0.0000,+0.0000,+1.0000,+0.0000,+0.0000,+0.0000,-0.1003,+0.0000,+0.0000,+0.0000,+0.0000
482,0.00,90,False,0.0%,0.0%,0.0%,0.18,26.7,3.30,4.457,0.9704,1.0000,0.9378,+0.0000,+0.0000,+0.0000,+0.0000,+0.0000,+0.0000,+0.0000,+0.0000,+0.0000,+0.0000,+0.0000,+0.0000,+0.0000,+0.0000,+0.0000,+0.0000,+8.0000,+0.0221,+0.4537,+9.0000,+0.0000,+0.0000
483,1.00,89,True,0.0%,0.0%,0.0%,0.01,14.6,1.93,5.053,0.9625,1.0000,0.9220,+0.0000,+0.0000,+1.0000,+0.0000,+0.0000,+0.0000,+0.0000,+0.0000,+0.0000,+0.0000,+0.0000,+0.0000,+0.0000,+1.0000,+0.0000,+0.0000,+10.0000,+0.0216,+0.7432,+8.9000,+0.0000,+0.0000
484,1.00,1,True,0.0%,0.0%,0.0%,inf,40.6,0.31,0.000,1.0000,0.0000,0.0000,+0.0000,+0.0000,+1.0000,+0.0000,+0.0000,+0.0000,+0.0000,+0.0000,+0.0000,+0.0000,+0.0000,+0.0000,+0.0000,+1.0000,+0.0000,+0.0000,+0.0000,-0.1003,+0.0000,+0.0000,+0.0000,+0.0000
488,0.00,90,False,0.0%,0.0%,0.0%,0.23,39.2,4.78,4.828,0.9815,0.9556,0.9370,+0.0000,+0.0000,+0.0000,+0.0000,+0.0000,+0.0000,+0.0000,+0.0000,+0.0000,+0.0000,+0.0000,+0.0000,+0.0000,+0.0000,+0.0000,+0.0000,+5.0000,+0.0221,+0.4655,+9.0000,+0.0000,+0.0000
489,0.00,90,False,0.0%,0.0%,0.0%,0.04,34.7,4.71,11.245,0.9667,0.9222,0.9766,+0.0000,+0.0000,+0.0000,+0.0000,+0.0000,+0.0000,+0.0000,+0.0000,+0.0000,+0.0000,+0.0000,+0.0000,+0.0000,+0.0000,+0.0000,+0.0000,+9.0000,-0.3836,-0.4946,+9.0000,+0.0000,+0.0000
490,1.00,90,True,0.0%,0.0%,0.0%,0.01,25.8,3.88,9.232,0.9926,1.0000,0.9929,+0.0000,+0.0000,+1.0000,+0.0000,+0.0000,+0.0000,+0.0000,+0.0000,+0.0000,+0.0000,+0.0000,+0.0000,+0.0000,+1.0000,+0.0000,+0.0000,+2.0000,+0.0224,-0.6046,+9.0000,+0.0000,+0.0000
491,1.00,1,True,0.0%,0.0%,0.0%,inf,38.7,0.24,0.523,0.3333,0.0000,0.0000,+0.0000,+0.0000,+1.0000,+0.0000,+0.0000,+0.0000,+0.0000,+0.0000,+0.0000,+0.0000,+0.0000,+0.0000,+0.0000,+1.0000,+0.0000,+0.0000,+2.0000,-0.1003,+0.0000,+0.1000,+0.0000,+0.0000
494,0.00,90,False,0.0%,0.0%,0.0%,0.04,31.8,5.15,9.925,0.8148,0.9889,0.9346,+0.0000,+0.0000,+0.0000,+0.0000,+0.0000,+0.0000,+0.0000,+0.0000,+0.0000,+0.0000,+0.0000,+0.0000,+0.0000,+0.0000,+0.0000,+0.0000,+50.0000,-0.8051,+0.5165,+9.0000,+0.0000,+0.0000
495,1.00,1,True,0.0%,0.0%,0.0%,inf,42.4,0.35,0.000,1.0000,0.0000,0.0000,+0.0000,+0.0000,+1.0000,+0.0000,+0.0000,+0.0000,+0.0000,+0.0000,+0.0000,+0.0000,+0.0000,+0.0000,+0.0000,+1.0000,+0.0000,+0.0000,+0.0000,-0.1003,+0.0000,+0.0000,+0.0000,+0.0000
496,-0.00,10,True,0.0%,0.0%,0.0%,0.01,15.5,0.47,16.876,0.9333,1.0000,0.9511,+0.0000,+0.0000,+1.0000,+0.0000,+0.0000,+0.0000,+0.0000,+0.0000,+0.0000,+0.0000,-1.0000,+0.0000,+0.0000,+1.0000,+0.0000,+0.0000,+2.0000,+0.0025,+0.0228,+1.0000,+0.0000,+10.0000
498,1.00,44,True,0.0%,0.0%,0.0%,0.01,25.3,1.91,11.967,0.9697,1.0000,0.9897,+0.0000,+0.0000,+1.0000,+0.0000,+0.0000,+0.0000,+0.0000,+0.0000,+0.0000,+0.0000,+0.0000,+0.0000,+0.0000,+1.0000,+0.0000,+0.0000,+4.0000,+0.0110,-0.2648,+4.4000,+0.0000,+0.0000
499,1.00,1,True,0.0%,0.0%,0.0%,inf,20.7,0.34,0.000,1.0000,1.0000,0.7564,+0.0000,+0.0000,+1.0000,+0.0000,+0.0000,+0.0000,+0.0000,+0.0000,+0.0000,+0.0000,+0.0000,+0.0000,+0.0000,+1.0000,+0.0000,+0.0000,+0.0000,+0.0002,+0.0437,+0.0000,+0.0000,+0.0000
501,0.00,1,False,0.0%,0.0%,0.0%,inf,30.6,0.28,0.000,1.0000,0.0000,1.0000,+0.0000,+0.0000,+0.0000,+0.0000,+0.0000,+0.0000,+0.0000,+0.0000,+0.0000,+0.0000,+0.0000,+0.0000,+0.0000,+0.0000,+0.0000,+0.0000,+0.0000,+0.0000,+0.0000,+0.0000,+0.0000,+0.0000
503,1.00,1,True,0.0%,0.0%,0.0%,inf,12.8,0.44,0.000,1.0000,0.0000,0.0000,+0.0000,+0.0000,+1.0000,+0.0000,+0.0000,+0.0000,+0.0000,+0.0000,+0.0000,+0.0000,+0.0000,+0.0000,+0.0000,+1.0000,+0.0000,+0.0000,+0.0000,-0.1003,+0.0000,+0.0000,+0.0000,+0.0000
504,-0.10,90,False,0.0%,0.0%,0.0%,0.14,27.7,4.38,12.909,0.9074,0.9778,0.9703,+0.0000,+0.0000,+0.0000,+0.0000,+0.0000,+0.0000,+0.0000,+0.0000,+0.0000,+0.0000,-0.1000,+0.0000,+0.0000,+0.0000,+0.0000,+0.0000,+25.0000,-0.6819,-0.1873,+9.0000,+0.0000,+1.0000
506,0.70,41,True,0.0%,0.0%,0.0%,0.01,24.6,1.49,12.587,0.9187,1.0000,0.9785,+0.0000,+0.0000,+1.0000,+0.0000,+0.0000,+0.0000,+0.0000,+0.0000,+0.0000,+0.0000,-0.3000,+0.0000,+0.0000,+1.0000,+0.0000,+0.0000,+10.0000,+0.0102,-0.1479,+4.1000,+0.0000,+3.0000
509,1.00,57,True,0.0%,0.0%,0.0%,0.01,38.1,3.01,10.737,0.9883,1.0000,0.9947,+0.0000,+0.0000,+1.0000,+0.0000,+0.0000,+0.0000,+0.0000,+0.0000,+0.0000,+0.0000,+0.0000,+0.0000,+0.0000,+1.0000,+0.0000,+0.0000,+2.0000,+0.0142,-0.4046,+5.7000,+0.0000,+0.0000
510,0.00,90,False,0.0%,0.0%,0.0%,0.05,27.6,3.72,12.481,0.9815,0.9333,0.9906,+0.0000,+0.0000,+0.0000,+0.0000,+0.0000,+0.0000,+0.0000,+0.0000,+0.0000,+0.0000,+0.0000,+0.0000,+0.0000,+0.0000,+0.0000,+0.0000,+5.0000,+0.0224,-0.5604,+9.0000,+0.0000,+0.0000
512,0.00,1,False,0.0%,0.0%,0.0%,inf,10.3,0.38,0.000,1.0000,0.0000,1.0000,+0.0000,+0.0000,+0.0000,+0.0000,+0.0000,+0.0000,+0.0000,+0.0000,+0.0000,+0.0000,+0.0000,+0.0000,+0.0000,+0.0000,+0.0000,+0.0000,+0.0000,+0.0000,+0.0000,+0.0000,+0.0000,+0.0000
513,1.00,1,True,0.0%,0.0%,0.0%,inf,30.6,0.24,0.000,1.0000,0.0000,0.0000,+0.0000,+0.0000,+1.0000,+0.0000,+0.0000,+0.0000,+0.0000,+0.0000,+0.0000,+0.0000,+0.0000,+0.0000,+0.0000,+1.0000,+0.0000,+0.0000,+0.0000,-0.1003,+0.0000,+0.0000,+0.0000,+0.0000
515,1.00,27,True,0.0%,0.0%,0.0%,0.01,28.1,1.49,7.739,0.7407,1.0000,0.9860,+0.0000,+0.0000,+1.0000,+0.0000,+0.0000,+0.0000,+0.0000,+0.0000,+0.0000,+0.0000,+0.0000,+0.0000,+0.0000,+1.0000,+0.0000,+0.0000,+21.0000,+0.0067,-0.1412,+2.7000,+0.0000,+0.0000
520,-0.20,87,True,0.0%,0.0%,0.0%,0.01,34.4,4.56,10.683,0.9885,0.9310,0.9907,+0.0000,+0.0000,+1.0000,+0.0000,+0.0000,+0.0000,+0.0000,+0.0000,+0.0000,+0.0000,-1.2000,+0.0000,+0.0000,+1.0000,+0.0000,+0.0000,+3.0000,+0.0217,-0.5421,+8.7000,+0.0000,+12.0000
522,0.00,90,False,0.0%,0.0%,0.0%,0.11,32.7,3.91,7.065,0.9889,0.6111,0.9797,+0.0000,+0.0000,+0.0000,+0.0000,+0.0000,+0.0000,+0.0000,+0.0000,+0.0000,+0.0000,+0.0000,+0.0000,+0.0000,+0.0000,+0.0000,+0.0000,+3.0000,+0.0222,-0.3494,+9.0000,+0.0000,+0.0000
524,1.00,1,True,0.0%,0.0%,0.0%,inf,15.9,0.25,0.000,1.0000,0.0000,0.0000,+0.0000,+0.0000,+1.0000,+0.0000,+0.0000,+0.0000,+0.0000,+0.0000,+0.0000,+0.0000,+0.0000,+0.0000,+0.0000,+1.0000,+0.0000,+0.0000,+0.0000,-0.1003,+0.0000,+0.0000,+0.0000,+0.0000
525,0.00,1,False,0.0%,0.0%,0.0%,inf,23.6,0.35,0.000,1.0000,0.0000,1.0000,+0.0000,+0.0000,+0.0000,+0.0000,+0.0000,+0.0000,+0.0000,+0.0000,+0.0000,+0.0000,+0.0000,+0.0000,+0.0000,+0.0000,+0.0000,+0.0000,+0.0000,+0.0000,+0.0000,+0.0000,+0.0000,+0.0000
526,-0.30,90,False,0.0%,0.0%,0.0%,0.15,20.8,3.00,9.950,0.9963,1.0000,0.9903,+0.0000,+0.0000,+0.0000,+0.0000,+0.0000,+0.0000,+0.0000,+0.0000,+0.0000,+0.0000,-0.3000,+0.0000,+0.0000,+0.0000,+0.0000,+0.0000,+1.0000,+0.0224,-0.5546,+9.0000,+0.0000,+3.0000
527,0.00,90,False,0.0%,0.0%,0.0%,0.05,32.6,5.43,12.405,0.9963,1.0000,0.9967,+0.0000,+0.0000,+0.0000,+0.0000,+0.0000,+0.0000,+0.0000,+0.0000,+0.0000,+0.0000,+0.0000,+0.0000,+0.0000,+0.0000,+0.0000,+0.0000,+1.0000,+0.0225,-0.6780,+9.0000,+0.0000,+0.0000
528,0.00,90,False,0.0%,0.0%,0.0%,0.02,40.3,5.64,10.487,0.8074,0.9556,0.9403,+0.0000,+0.0000,+0.0000,+0.0000,+0.0000,+0.0000,+0.0000,+0.0000,+0.0000,+0.0000,+0.0000,+0.0000,+0.0000,+0.0000,+0.0000,+0.0000,+52.0000,-0.3146,+0.3816,+9.0000,+0.0000,+0.0000
529,1.00,1,True,0.0%,0.0%,0.0%,inf,10.9,0.19,0.038,0.6667,1.0000,0.6493,+0.0000,+0.0000,+1.0000,+0.0000,+0.0000,+0.0000,+0.0000,+0.0000,+0.0000,+0.0000,+0.0000,+0.0000,+0.0000,+1.0000,+0.0000,+0.0000,+1.0000,+0.0002,+0.0661,+0.1000,+0.0000,+0.0000
532,1.00,16,True,0.0%,0.0%,0.0%,0.01,6.9,0.43,9.148,0.7292,1.0000,0.9237,+0.0000,+0.0000,+1.0000,+0.0000,+0.0000,+0.0000,+0.0000,+0.0000,+0.0000,+0.0000,+0.0000,+0.0000,+0.0000,+1.0000,+0.0000,+0.0000,+13.0000,+0.0039,+0.1307,+1.6000,+0.0000,+0.0000
534,0.00,1,False,0.0%,0.0%,0.0%,inf,14.9,0.25,0.000,1.0000,0.0000,1.0000,+0.0000,+0.0000,+0.0000,+0.0000,+0.0000,+0.0000,+0.0000,+0.0000,+0.0000,+0.0000,+0.0000,+0.0000,+0.0000,+0.0000,+0.0000,+0.0000,+0.0000,+0.0000,+0.0000,+0.0000,+0.0000,+0.0000
535,0.00,90,False,0.0%,0.0%,0.0%,0.03,16.5,2.83,4.717,0.9889,0.7111,0.8967,+0.0000,+0.0000,+0.0000,+0.0000,+0.0000,+0.0000,+0.0000,+0.0000,+0.0000,+0.0000,+0.0000,+0.0000,+0.0000,+0.0000,+0.0000,+0.0000,+3.0000,-5.9532,+0.4548,+9.0000,+0.0000,+0.0000
536,0.00,90,False,0.0%,0.0%,0.0%,0.14,33.0,5.21,8.519,0.9556,0.9889,0.9851,+0.0000,+0.0000,+0.0000,+0.0000,+0.0000,+0.0000,+0.0000,+0.0000,+0.0000,+0.0000,+0.0000,+0.0000,+0.0000,+0.0000,+0.0000,+0.0000,+12.0000,+0.0222,-0.4575,+9.0000,+0.0000,+0.0000
537,0.00,1,False,0.0%,0.0%,0.0%,inf,5.0,0.24,0.000,1.0000,0.0000,1.0000,+0.0000,+0.0000,+0.0000,+0.0000,+0.0000,+0.0000,+0.0000,+0.0000,+0.0000,+0.0000,+0.0000,+0.0000,+0.0000,+0.0000,+0.0000,+0.0000,+0.0000,+0.0000,+0.0000,+0.0000,+0.0000,+0.0000
539,0.00,90,False,0.0%,0.0%,0.0%,0.04,21.0,3.18,9.601,0.8074,0.9111,0.9314,+0.0000,+0.0000,+0.0000,+0.0000,+0.0000,+0.0000,+0.0000,+0.0000,+0.0000,+0.0000,+0.0000,+0.0000,+0.0000,+0.0000,+0.0000,+0.0000,+52.0000,+0.0214,+0.5737,+9.0000,+0.0000,+0.0000
540,0.00,90,False,0.0%,0.0%,0.0%,0.11,32.7,5.07,6.914,0.9593,0.9000,0.9300,+0.0000,+0.0000,+0.0000,+0.0000,+0.0000,+0.0000,+0.0000,+0.0000,+0.0000,+0.0000,+0.0000,+0.0000,+0.0000,+0.0000,+0.0000,+0.0000,+11.0000,+0.0220,+0.6011,+9.0000,+0.0000,+0.0000
544,1.00,1,True,0.0%,0.0%,0.0%,inf,38.9,0.25,0.000,0.6667,0.0000,0.7708,+0.0000,+0.0000,+1.0000,+0.0000,+0.0000,+0.0000,+0.0000,+0.0000,+0.0000,+0.0000,+0.0000,+0.0000,+0.0000,+1.0000,+0.0000,+0.0000,+1.0000,+0.0002,+0.0406,+0.1000,+0.0000,+0.0000
547,0.20,76,True,0.0%,0.0%,0.0%,0.01,32.8,3.85,11.350,0.9912,1.0000,0.9956,+0.0000,+0.0000,+1.0000,+0.0000,+0.0000,+0.0000,+0.0000,+0.0000,+0.0000,+0.0000,-0.8000,+0.0000,+0.0000,+1.0000,+0.0000,+0.0000,+2.0000,+0.0190,-0.5537,+7.6000,+0.0000,+8.0000
552,1.00,1,True,0.0%,0.0%,0.0%,inf,46.7,0.27,0.000,1.0000,0.0000,0.0000,+0.0000,+0.0000,+1.0000,+0.0000,+0.0000,+0.0000,+0.0000,+0.0000,+0.0000,+0.0000,+0.0000,+0.0000,+0.0000,+1.0000,+0.0000,+0.0000,+0.0000,-0.1003,+0.0000,+0.0000,+0.0000,+0.0000
553,0.00,1,False,0.0%,0.0%,0.0%,inf,26.0,0.44,0.000,1.0000,0.0000,1.0000,+0.0000,+0.0000,+0.0000,+0.0000,+0.0000,+0.0000,+0.0000,+0.0000,+0.0000,+0.0000,+0.0000,+0.0000,+0.0000,+0.0000,+0.0000,+0.0000,+0.0000,+0.0000,+0.0000,+0.0000,+0.0000,+0.0000
554,1.00,47,True,0.0%,0.0%,0.0%,0.01,34.1,3.77,1.356,0.8936,1.0000,0.7218,+0.0000,+0.0000,+1.0000,+0.0000,+0.0000,+0.0000,+0.0000,+0.0000,+0.0000,+0.0000,+0.0000,+0.0000,+0.0000,+1.0000,+0.0000,+0.0000,+15.0000,+0.0109,+2.3879,+4.7000,+0.0000,+0.0000
556,-0.80,90,False,0.0%,0.0%,0.0%,0.05,17.4,2.38,9.593,0.9963,0.9889,0.9861,+0.0000,+0.0000,+0.0000,+0.0000,+0.0000,+0.0000,+0.0000,+0.0000,+0.0000,+0.0000,-0.8000,+0.0000,+0.0000,+0.0000,+0.0000,+0.0000,+1.0000,+0.0222,-0.4723,+9.0000,+0.0000,+8.0000
557,-9.00,90,False,0.0%,0.0%,0.0%,0.05,31.0,5.13,17.208,0.8111,0.8444,0.9674,+0.0000,+0.0000,+0.0000,+0.0000,+0.0000,+0.0000,+0.0000,+0.0000,+0.0000,+0.0000,-9.0000,+0.0000,+0.0000,+0.0000,+0.0000,+0.0000,+51.0000,+0.0222,-0.1115,+9.0000,+0.0000,+90.0000
558,0.00,90,False,0.0%,0.0%,0.0%,0.35,16.7,2.41,4.011,0.9630,0.9111,0.9320,+0.0000,+0.0000,+0.0000,+0.0000,+0.0000,+0.0000,+0.0000,+0.0000,+0.0000,+0.0000,+0.0000,+0.0000,+0.0000,+0.0000,+0.0000,+0.0000,+10.0000,-0.0341,+0.4553,+9.0000,+0.0000,+0.0000
559,1.00,5,True,0.0%,0.0%,0.0%,0.01,18.1,0.41,4.059,0.9333,1.0000,0.8870,+0.0000,+0.0000,+1.0000,+0.0000,+0.0000,+0.0000,+0.0000,+0.0000,+0.0000,+0.0000,+0.0000,+0.0000,+0.0000,+1.0000,+0.0000,+0.0000,+1.0000,+0.0012,+0.0801,+0.5000,+0.0000,+0.0000
560,1.00,57,True,0.0%,0.0%,0.0%,0.01,20.8,1.46,4.186,0.9357,1.0000,0.9658,+0.0000,+0.0000,+1.0000,+0.0000,+0.0000,+0.0000,+0.0000,+0.0000,+0.0000,+0.0000,+0.0000,+0.0000,+0.0000,+1.0000,+0.0000,+0.0000,+11.0000,+0.0141,-0.0490,+5.7000,+0.0000,+0.0000
561,0.00,90,False,0.0%,0.0%,0.0%,0.15,33.2,5.54,11.573,0.9630,1.0000,0.9950,+0.0000,+0.0000,+0.0000,+0.0000,+0.0000,+0.0000,+0.0000,+0.0000,+0.0000,+0.0000,+0.0000,+0.0000,+0.0000,+0.0000,+0.0000,+0.0000,+10.0000,+0.0224,-0.6455,+9.0000,+0.0000,+0.0000
562,0.00,90,False,0.0%,0.0%,0.0%,0.05,10.9,1.48,10.565,0.9815,1.0000,0.9907,+0.0000,+0.0000,+0.0000,+0.0000,+0.0000,+0.0000,+0.0000,+0.0000,+0.0000,+0.0000,+0.0000,+0.0000,+0.0000,+0.0000,+0.0000,+0.0000,+5.0000,+0.0224,-0.5611,+9.0000,+0.0000,+0.0000
564,1.00,27,True,0.0%,0.0%,0.0%,0.01,4.2,0.40,2.921,0.9383,1.0000,0.9825,+0.0000,+0.0000,+1.0000,+0.0000,+0.0000,+0.0000,+0.0000,+0.0000,+0.0000,+0.0000,+0.0000,+0.0000,+0.0000,+1.0000,+0.0000,+0.0000,+5.0000,+0.0066,-0.1207,+2.7000,+0.0000,+0.0000
565,-4.10,51,True,0.0%,0.0%,0.0%,0.01,9.4,0.82,20.621,0.9150,1.0000,0.9921,+0.0000,+0.0000,+1.0000,+0.0000,+0.0000,+0.0000,+0.0000,+0.0000,+0.0000,+0.0000,-5.1000,+0.0000,+0.0000,+1.0000,+0.0000,+0.0000,+13.0000,+0.0127,-0.3336,+5.1000,+0.0000,+51.0000
566,0.00,90,False,0.0%,0.0%,0.0%,0.02,36.9,4.92,9.876,0.9000,1.0000,0.9869,+0.0000,+0.0000,+0.0000,+0.0000,+0.0000,+0.0000,+0.0000,+0.0000,+0.0000,+0.0000,+0.0000,+0.0000,+0.0000,+0.0000,+0.0000,+0.0000,+27.0000,+0.0224,-0.4895,+9.0000,+0.0000,+0.0000
567,0.80,35,True,0.0%,0.0%,0.0%,0.01,20.5,1.43,12.755,0.9714,1.0000,0.9757,+0.0000,+0.0000,+1.0000,+0.0000,+0.0000,+0.0000,+0.0000,+0.0000,+0.0000,+0.0000,-0.2000,+0.0000,+0.0000,+1.0000,+0.0000,+0.0000,+3.0000,+0.0087,-0.1059,+3.5000,+0.0000,+2.0000
568,-4.50,70,True,0.0%,0.0%,0.0%,0.01,18.7,1.84,15.629,0.9667,1.0000,0.9988,+0.0000,+0.0000,+1.0000,+0.0000,+0.0000,+0.0000,+0.0000,+0.0000,+0.0000,+0.0000,-5.5000,+0.0000,+0.0000,+1.0000,+0.0000,+0.0000,+7.0000,+0.0175,-0.5589,+7.0000,+0.0000,+55.0000
571,1.00,1,True,0.0%,0.0%,0.0%,inf,27.0,0.23,0.000,0.6667,0.0000,0.9321,+0.0000,+0.0000,+1.0000,+0.0000,+0.0000,+0.0000,+0.0000,+0.0000,+0.0000,+0.0000,+0.0000,+0.0000,+0.0000,+1.0000,+0.0000,+0.0000,+1.0000,+0.0002,+0.0064,+0.1000,+0.0000,+0.0000
573,1.00,64,True,0.0%,0.0%,0.0%,0.01,18.9,1.88,4.717,0.9896,0.9062,0.9771,+0.0000,+0.0000,+1.0000,+0.0000,+0.0000,+0.0000,+0.0000,+0.0000,+0.0000,+0.0000,+0.0000,+0.0000,+0.0000,+1.0000,+0.0000,+0.0000,+2.0000,+0.0155,-0.2121,+6.4000,+0.0000,+0.0000
577,1.00,76,True,0.0%,0.0%,0.0%,0.01,10.6,1.16,5.225,0.9079,1.0000,0.8714,+0.0000,+0.0000,+1.0000,+0.0000,+0.0000,+0.0000,+0.0000,+0.0000,+0.0000,+0.0000,+0.0000,+0.0000,+0.0000,+1.0000,+0.0000,+0.0000,+21.0000,+0.0184,+1.4536,+7.6000,+0.0000,+0.0000
578,1.00,1,True,0.0%,0.0%,0.0%,inf,45.1,0.31,14.254,0.0000,1.0000,0.8167,+0.0000,+0.0000,+1.0000,+0.0000,+0.0000,+0.0000,+0.0000,+0.0000,+0.0000,+0.0000,+0.0000,+0.0000,+0.0000,+1.0000,+0.0000,+0.0000,+3.0000,+0.0002,+0.0309,+0.1000,+0.0000,+0.0000
579,0.00,90,False,0.0%,0.0%,0.0%,0.10,47.8,6.52,5.647,0.9963,1.0000,0.9846,+0.0000,+0.0000,+0.0000,+0.0000,+0.0000,+0.0000,+0.0000,+0.0000,+0.0000,+0.0000,+0.0000,+0.0000,+0.0000,+0.0000,+0.0000,+0.0000,+1.0000,+0.0224,-0.4439,+9.0000,+0.0000,+0.0000
581,0.00,90,False,0.0%,0.0%,0.0%,0.07,25.0,3.21,7.558,0.9889,1.0000,0.9906,+0.0000,+0.0000,+0.0000,+0.0000,+0.0000,+0.0000,+0.0000,+0.0000,+0.0000,+0.0000,+0.0000,+0.0000,+0.0000,+0.0000,+0.0000,+0.0000,+3.0000,+0.0224,-0.5600,+9.0000,+0.0000,+0.0000
582,0.00,1,False,0.0%,0.0%,0.0%,inf,38.3,0.27,0.000,1.0000,0.0000,1.0000,+0.0000,+0.0000,+0.0000,+0.0000,+0.0000,+0.0000,+0.0000,+0.0000,+0.0000,+0.0000,+0.0000,+0.0000,+0.0000,+0.0000,+0.0000,+0.0000,+0.0000,+0.0000,+0.0000,+0.0000,+0.0000,+0.0000
585,0.00,90,False,0.0%,0.0%,0.0%,0.13,22.8,3.69,0.490,0.9889,1.0000,0.9445,+0.0000,+0.0000,+0.0000,+0.0000,+0.0000,+0.0000,+0.0000,+0.0000,+0.0000,+0.0000,+0.0000,+0.0000,+0.0000,+0.0000,+0.0000,+0.0000,+3.0000,+0.0224,+0.3344,+3.8000,+0.0000,+0.0000
587,1.00,1,True,0.0%,0.0%,0.0%,inf,43.9,0.30,0.000,1.0000,0.0000,0.0000,+0.0000,+0.0000,+1.0000,+0.0000,+0.0000,+0.0000,+0.0000,+0.0000,+0.0000,+0.0000,+0.0000,+0.0000,+0.0000,+1.0000,+0.0000,+0.0000,+0.0000,-0.1003,+0.0000,+0.0000,+0.0000,+0.0000
588,1.00,1,True,0.0%,0.0%,0.0%,inf,20.5,0.22,0.000,0.6667,0.0000,0.9976,+0.0000,+0.0000,+1.0000,+0.0000,+0.0000,+0.0000,+0.0000,+0.0000,+0.0000,+0.0000,+0.0000,+0.0000,+0.0000,+1.0000,+0.0000,+0.0000,+1.0000,+0.0001,-0.0077,+0.1000,+0.0000,+0.0000
589,1.00,17,True,0.0%,0.0%,0.0%,0.01,13.5,0.61,9.034,0.7451,1.0000,0.9317,+0.0000,+0.0000,+1.0000,+0.0000,+0.0000,+0.0000,+0.0000,+0.0000,+0.0000,+0.0000,+0.0000,+0.0000,+0.0000,+1.0000,+0.0000,+0.0000,+13.0000,+0.0042,+0.1096,+1.7000,+0.0000,+0.0000
590,0.00,90,False,0.0%,0.0%,0.0%,0.37,19.6,3.03,5.630,0.7630,1.0000,0.9236,+0.0000,+0.0000,+0.0000,+0.0000,+0.0000,+0.0000,+0.0000,+0.0000,+0.0000,+0.0000,+0.0000,+0.0000,+0.0000,+0.0000,+0.0000,+0.0000,+64.0000,+0.0216,+0.7330,+9.0000,+0.0000,+0.0000
591,0.00,1,False,0.0%,0.0%,0.0%,inf,27.3,0.24,0.000,1.0000,0.0000,1.0000,+0.0000,+0.0000,+0.0000,+0.0000,+0.0000,+0.0000,+0.0000,+0.0000,+0.0000,+0.0000,+0.0000,+0.0000,+0.0000,+0.0000,+0.0000,+0.0000,+0.0000,+0.0000,+0.0000,+0.0000,+0.0000,+0.0000
593,0.00,1,False,0.0%,0.0%,0.0%,inf,12.8,0.29,0.000,1.0000,0.0000,1.0000,+0.0000,+0.0000,+0.0000,+0.0000,+0.0000,+0.0000,+0.0000,+0.0000,+0.0000,+0.0000,+0.0000,+0.0000,+0.0000,+0.0000,+0.0000,+0.0000,+0.0000,+0.0000,+0.0000,+0.0000,+0.0000,+0.0000
594,0.00,90,False,0.0%,0.0%,0.0%,0.17,12.6,2.04,5.395,0.8444,0.9778,0.9192,+0.0000,+0.0000,+0.0000,+0.0000,+0.0000,+0.0000,+0.0000,+0.0000,+0.0000,+0.0000,+0.0000,+0.0000,+0.0000,+0.0000,+0.0000,+0.0000,+42.0000,+0.0218,+0.8073,+9.0000,+0.0000,+0.0000
596,0.00,1,False,0.0%,0.0%,0.0%,inf,22.8,0.23,0.000,1.0000,0.0000,1.0000,+0.0000,+0.0000,+0.0000,+0.0000,+0.0000,+0.0000,+0.0000,+0.0000,+0.0000,+0.0000,+0.0000,+0.0000,+0.0000,+0.0000,+0.0000,+0.0000,+0.0000,+0.0000,+0.0000,+0.0000,+0.0000,+0.0000
597,-5.40,64,True,0.0%,0.0%,0.0%,0.01,9.7,1.62,19.507,0.9531,1.0000,0.9945,+0.0000,+0.0000,+1.0000,+0.0000,+0.0000,+0.0000,+0.0000,+0.0000,+0.0000,+0.0000,-6.4000,+0.0000,+0.0000,+1.0000,+0.0000,+0.0000,+9.0000,+0.0160,-0.4519,+6.4000,+0.0000,+64.0000
598,0.00,90,False,0.0%,0.0%,0.0%,0.35,21.7,3.34,5.207,0.8926,1.0000,0.9715,+0.0000,+0.0000,+0.0000,+0.0000,+0.0000,+0.0000,+0.0000,+0.0000,+0.0000,+0.0000,+0.0000,+0.0000,+0.0000,+0.0000,+0.0000,+0.0000,+29.0000,+0.0221,-0.1886,+9.0000,+0.0000,+0.0000
601,1.00,1,True,0.0%,0.0%,0.0%,inf,12.8,0.20,0.000,1.0000,0.0000,0.0000,+0.0000,+0.0000,+1.0000,+0.0000,+0.0000,+0.0000,+0.0000,+0.0000,+0.0000,+0.0000,+0.0000,+0.0000,+0.0000,+1.0000,+0.0000,+0.0000,+0.0000,-0.1003,+0.0000,+0.0000,+0.0000,+0.0000
602,1.00,82,True,0.0%,0.0%,0.0%,0.01,21.0,2.83,12.343,0.8374,1.0000,0.8904,+0.0000,+0.0000,+1.0000,+0.0000,+0.0000,+0.0000,+0.0000,+0.0000,+0.0000,+0.0000,+0.0000,+0.0000,+0.0000,+1.0000,+0.0000,+0.0000,+40.0000,+0.0202,+1.2298,+8.2000,+0.0000,+0.0000
604,1.00,1,True,0.0%,0.0%,0.0%,inf,25.9,0.21,0.733,0.3333,0.0000,0.0000,+0.0000,+0.0000,+1.0000,+0.0000,+0.0000,+0.0000,+0.0000,+0.0000,+0.0000,+0.0000,+0.0000,+0.0000,+0.0000,+1.0000,+0.0000,+0.0000,+2.0000,-0.1003,+0.0000,+0.1000,+0.0000,+0.0000
607,1.00,1,True,0.0%,0.0%,0.0%,inf,33.5,0.23,0.000,1.0000,0.0000,0.0000,+0.0000,+0.0000,+1.0000,+0.0000,+0.0000,+0.0000,+0.0000,+0.0000,+0.0000,+0.0000,+0.0000,+0.0000,+0.0000,+1.0000,+0.0000,+0.0000,+0.0000,-0.1003,+0.0000,+0.0000,+0.0000,+0.0000
609,1.00,81,True,0.0%,0.0%,0.0%,0.01,33.1,3.74,12.337,0.9218,0.9506,0.9803,+0.0000,+0.0000,+1.0000,+0.0000,+0.0000,+0.0000,+0.0000,+0.0000,+0.0000,+0.0000,+0.0000,+0.0000,+0.0000,+1.0000,+0.0000,+0.0000,+19.0000,-0.7439,-0.3601,+8.1000,+0.0000,+0.0000
611,-0.30,76,True,0.0%,0.0%,0.0%,0.01,25.0,3.02,12.070,0.8202,1.0000,0.9766,+0.0000,+0.0000,+1.0000,+0.0000,+0.0000,+0.0000,+0.0000,+0.0000,+0.0000,+0.0000,-1.3000,+0.0000,+0.0000,+1.0000,+0.0000,+0.0000,+41.0000,+0.0188,-0.2425,+7.6000,+0.0000,+13.0000
612,-0.20,12,True,0.0%,0.0%,0.0%,0.01,11.1,0.52,27.848,0.3333,1.0000,0.8963,+0.0000,+0.0000,+1.0000,+0.0000,+0.0000,+0.0000,+0.0000,+0.0000,+0.0000,+0.0000,-1.2000,+0.0000,+0.0000,+1.0000,+0.0000,+0.0000,+24.0000,+0.0029,+0.1674,+1.2000,+0.0000,+12.0000
613,0.00,90,False,0.0%,0.0%,0.0%,0.05,10.4,1.46,5.274,0.9889,1.0000,0.9744,+0.0000,+0.0000,+0.0000,+0.0000,+0.0000,+0.0000,+0.0000,+0.0000,+0.0000,+0.0000,+0.0000,+0.0000,+0.0000,+0.0000,+0.0000,+0.0000,+3.0000,+0.0221,-0.2467,+9.0000,+0.0000,+0.0000
614,-0.50,1,False,0.0%,0.0%,100.0%,inf,13.5,0.24,0.135,1.0000,0.0000,0.3598,+0.0000,-0.5000,+0.0000,+0.0000,+0.0000,+0.0000,+0.0000,+0.0000,+0.0000,+0.0000,+0.0000,+0.0000,+1.0000,+0.0000,+0.0000,+0.0000,+0.0000,-0.0888,-0.0023,+0.1000,+0.0000,+0.0000
617,1.00,1,True,0.0%,0.0%,0.0%,inf,12.8,0.22,0.000,1.0000,0.0000,0.0000,+0.0000,+0.0000,+1.0000,+0.0000,+0.0000,+0.0000,+0.0000,+0.0000,+0.0000,+0.0000,+0.0000,+0.0000,+0.0000,+1.0000,+0.0000,+0.0000,+0.0000,-0.1003,+0.0000,+0.0000,+0.0000,+0.0000
618,0.00,90,False,0.0%,0.0%,0.0%,0.15,30.4,4.82,10.600,0.9778,1.0000,0.9947,+0.0000,+0.0000,+0.0000,+0.0000,+0.0000,+0.0000,+0.0000,+0.0000,+0.0000,+0.0000,+0.0000,+0.0000,+0.0000,+0.0000,+0.0000,+0.0000,+6.0000,+0.0225,-0.6384,+9.0000,+0.0000,+0.0000
619,1.00,1,True,0.0%,0.0%,0.0%,inf,9.3,0.23,0.000,0.6667,1.0000,0.8936,+0.0000,+0.0000,+1.0000,+0.0000,+0.0000,+0.0000,+0.0000,+0.0000,+0.0000,+0.0000,+0.0000,+0.0000,+0.0000,+1.0000,+0.0000,+0.0000,+1.0000,+0.0002,+0.0146,+0.1000,+0.0000,+0.0000
620,0.60,87,True,0.0%,0.0%,0.0%,0.01,25.1,4.14,11.535,0.9655,0.9425,0.9835,+0.0000,+0.0000,+1.0000,+0.0000,+0.0000,+0.0000,+0.0000,+0.0000,+0.0000,+0.0000,-0.4000,+0.0000,+0.0000,+1.0000,+0.0000,+0.0000,+9.0000,-0.7353,-0.4242,+8.7000,+0.0000,+4.0000
621,0.00,90,False,0.0%,0.0%,0.0%,0.01,22.3,3.75,11.267,0.9889,1.0000,0.9901,+0.0000,+0.0000,+0.0000,+0.0000,+0.0000,+0.0000,+0.0000,+0.0000,+0.0000,+0.0000,+0.0000,+0.0000,+0.0000,+0.0000,+0.0000,+0.0000,+3.0000,+0.0224,-0.5511,+9.0000,+0.0000,+0.0000
622,0.00,1,False,0.0%,0.0%,0.0%,inf,18.2,0.26,0.000,1.0000,0.0000,1.0000,+0.0000,+0.0000,+0.0000,+0.0000,+0.0000,+0.0000,+0.0000,+0.0000,+0.0000,+0.0000,+0.0000,+0.0000,+0.0000,+0.0000,+0.0000,+0.0000,+0.0000,+0.0000,+0.0000,+0.0000,+0.0000,+0.0000
623,1.00,1,True,0.0%,0.0%,0.0%,inf,11.9,0.17,0.000,1.0000,0.0000,0.0000,+0.0000,+0.0000,+1.0000,+0.0000,+0.0000,+0.0000,+0.0000,+0.0000,+0.0000,+0.0000,+0.0000,+0.0000,+0.0000,+1.0000,+0.0000,+0.0000,+0.0000,-0.1003,+0.0000,+0.0000,+0.0000,+0.0000
624,1.00,1,True,0.0%,0.0%,0.0%,inf,9.5,0.25,0.000,1.0000,0.0000,0.0000,+0.0000,+0.0000,+1.0000,+0.0000,+0.0000,+0.0000,+0.0000,+0.0000,+0.0000,+0.0000,+0.0000,+0.0000,+0.0000,+1.0000,+0.0000,+0.0000,+0.0000,-0.1003,+0.0000,+0.0000,+0.0000,+0.0000
625,1.00,16,True,0.0%,0.0%,0.0%,0.01,38.5,1.05,0.860,0.9167,1.0000,0.9952,+0.0000,+0.0000,+1.0000,+0.0000,+0.0000,+0.0000,+0.0000,+0.0000,+0.0000,+0.0000,+0.0000,+0.0000,+0.0000,+1.0000,+0.0000,+0.0000,+4.0000,+0.0040,-0.1153,+1.5000,+0.0000,+0.0000
627,-0.98,59,False,100.0%,100.0%,0.0%,0.31,35.9,2.79,6.560,0.7571,0.9153,0.9349,-0.9793,+0.0000,+0.0000,+0.0000,+0.0000,+0.0000,+0.0000,+0.0000,+0.0000,+0.0000,+0.0000,+1.0000,+0.0000,+0.0000,+0.0000,+0.0000,+43.0000,-0.1811,+0.2775,+5.9000,+0.0000,+0.0000
628,1.00,1,True,0.0%,0.0%,0.0%,inf,21.6,0.30,0.000,1.0000,0.0000,0.0000,+0.0000,+0.0000,+1.0000,+0.0000,+0.0000,+0.0000,+0.0000,+0.0000,+0.0000,+0.0000,+0.0000,+0.0000,+0.0000,+1.0000,+0.0000,+0.0000,+0.0000,-0.1003,+0.0000,+0.0000,+0.0000,+0.0000
631,1.00,1,True,0.0%,0.0%,0.0%,inf,19.7,0.30,0.000,1.0000,0.0000,0.0000,+0.0000,+0.0000,+1.0000,+0.0000,+0.0000,+0.0000,+0.0000,+0.0000,+0.0000,+0.0000,+0.0000,+0.0000,+0.0000,+1.0000,+0.0000,+0.0000,+0.0000,-0.1003,+0.0000,+0.0000,+0.0000,+0.0000
633,1.00,1,True,0.0%,0.0%,0.0%,inf,13.4,0.27,0.000,1.0000,0.0000,0.0000,+0.0000,+0.0000,+1.0000,+0.0000,+0.0000,+0.0000,+0.0000,+0.0000,+0.0000,+0.0000,+0.0000,+0.0000,+0.0000,+1.0000,+0.0000,+0.0000,+0.0000,-0.1003,+0.0000,+0.0000,+0.0000,+0.0000
634,1.00,1,True,0.0%,0.0%,0.0%,inf,23.5,0.23,0.000,0.6667,0.0000,0.6606,+0.0000,+0.0000,+1.0000,+0.0000,+0.0000,+0.0000,+0.0000,+0.0000,+0.0000,+0.0000,+0.0000,+0.0000,+0.0000,+1.0000,+0.0000,+0.0000,+1.0000,+0.0002,+0.0637,+0.1000,+0.0000,+0.0000
635,1.00,1,True,0.0%,0.0%,0.0%,inf,39.5,0.30,0.000,1.0000,0.0000,0.0000,+0.0000,+0.0000,+1.0000,+0.0000,+0.0000,+0.0000,+0.0000,+0.0000,+0.0000,+0.0000,+0.0000,+0.0000,+0.0000,+1.0000,+0.0000,+0.0000,+0.0000,-0.1003,+0.0000,+0.0000,+0.0000,+0.0000
636,0.00,1,False,0.0%,0.0%,0.0%,inf,11.2,0.22,0.000,1.0000,0.0000,1.0000,+0.0000,+0.0000,+0.0000,+0.0000,+0.0000,+0.0000,+0.0000,+0.0000,+0.0000,+0.0000,+0.0000,+0.0000,+0.0000,+0.0000,+0.0000,+0.0000,+0.0000,+0.0000,+0.0000,+0.0000,+0.0000,+0.0000
637,1.00,1,True,0.0%,0.0%,0.0%,inf,10.8,0.27,0.000,1.0000,0.0000,0.0000,+0.0000,+0.0000,+1.0000,+0.0000,+0.0000,+0.0000,+0.0000,+0.0000,+0.0000,+0.0000,+0.0000,+0.0000,+0.0000,+1.0000,+0.0000,+0.0000,+0.0000,-0.1003,+0.0000,+0.0000,+0.0000,+0.0000
641,1.00,22,True,0.0%,0.0%,0.0%,0.01,11.6,0.53,4.385,0.8939,1.0000,0.9807,+0.0000,+0.0000,+1.0000,+0.0000,+0.0000,+0.0000,+0.0000,+0.0000,+0.0000,+0.0000,+0.0000,+0.0000,+0.0000,+1.0000,+0.0000,+0.0000,+7.0000,+0.0055,-0.0895,+2.2000,+0.0000,+0.0000
647,-0.50,1,False,0.0%,0.0%,100.0%,inf,8.1,0.24,0.000,0.6667,0.0000,0.0000,+0.0000,-0.5000,+0.0000,+0.0000,+0.0000,+0.0000,+0.0000,+0.0000,+0.0000,+0.0000,+0.0000,+0.0000,+1.0000,+0.0000,+0.0000,+0.0000,+1.0000,+0.0001,+0.2690,+0.1000,+0.0000,+0.0000
648,-2.80,90,False,0.0%,0.0%,0.0%,0.03,9.5,1.97,10.837,0.8815,1.0000,0.9408,+0.0000,+0.0000,+0.0000,+0.0000,+0.0000,+0.0000,+0.0000,+0.0000,+0.0000,+0.0000,-2.8000,+0.0000,+0.0000,+0.0000,+0.0000,+0.0000,+32.0000,+0.0221,+0.3906,+9.0000,+0.0000,+28.0000
650,1.00,24,True,0.0%,0.0%,0.0%,0.01,25.2,1.02,5.830,0.9028,1.0000,0.9579,+0.0000,+0.0000,+1.0000,+0.0000,+0.0000,+0.0000,+0.0000,+0.0000,+0.0000,+0.0000,+0.0000,+0.0000,+0.0000,+1.0000,+0.0000,+0.0000,+7.0000,+0.0059,+0.0200,+2.4000,+0.0000,+0.0000
651,-0.50,1,False,100.0%,0.0%,0.0%,inf,48.2,0.30,0.029,1.0000,1.0000,0.9130,-0.5000,+0.0000,+0.0000,+0.0000,+0.0000,+0.0000,+0.0000,+0.0000,+0.0000,+0.0000,+0.0000,+1.0000,+0.0000,+0.0000,+0.0000,+0.0000,+0.0000,+0.0002,+0.0105,+0.1000,+0.0000,+0.0000
652,1.00,1,True,0.0%,0.0%,0.0%,inf,55.7,0.41,0.000,1.0000,0.0000,0.0000,+0.0000,+0.0000,+1.0000,+0.0000,+0.0000,+0.0000,+0.0000,+0.0000,+0.0000,+0.0000,+0.0000,+0.0000,+0.0000,+1.0000,+0.0000,+0.0000,+0.0000,-0.1003,+0.0000,+0.0000,+0.0000,+0.0000
654,1.00,12,True,0.0%,0.0%,0.0%,0.01,39.3,0.82,0.891,0.9722,1.0000,0.8673,+0.0000,+0.0000,+1.0000,+0.0000,+0.0000,+0.0000,+0.0000,+0.0000,+0.0000,+0.0000,+0.0000,+0.0000,+0.0000,+1.0000,+0.0000,+0.0000,+1.0000,+0.0029,+0.2425,+1.2000,+0.0000,+0.0000
658,-0.51,1,False,100.0%,0.0%,0.0%,inf,15.9,0.27,0.017,0.6667,1.0000,0.9656,-0.5150,+0.0000,+0.0000,+0.0000,+0.0000,+0.0000,+0.0000,+0.0000,+0.0000,+0.0000,+0.0000,+1.0000,+0.0000,+0.0000,+0.0000,+0.0000,+1.0000,+0.0002,-0.0008,+0.1000,+0.0000,+0.0000
659,0.00,90,False,0.0%,0.0%,0.0%,0.10,29.8,3.74,5.184,0.8556,0.9333,0.9569,+0.0000,+0.0000,+0.0000,+0.0000,+0.0000,+0.0000,+0.0000,+0.0000,+0.0000,+0.0000,+0.0000,+0.0000,+0.0000,+0.0000,+0.0000,+0.0000,+39.0000,+0.0218,+0.0893,+9.0000,+0.0000,+0.0000
661,1.00,1,True,0.0%,0.0%,0.0%,inf,20.3,0.41,0.000,0.6667,0.0000,0.9104,+0.0000,+0.0000,+1.0000,+0.0000,+0.0000,+0.0000,+0.0000,+0.0000,+0.0000,+0.0000,+0.0000,+0.0000,+0.0000,+1.0000,+0.0000,+0.0000,+1.0000,+0.0002,+0.0110,+0.1000,+0.0000,+0.0000
663,1.00,32,True,0.0%,0.0%,0.0%,0.01,41.8,2.11,11.867,0.8854,0.9062,0.8895,+0.0000,+0.0000,+1.0000,+0.0000,+0.0000,+0.0000,+0.0000,+0.0000,+0.0000,+0.0000,+0.0000,+0.0000,+0.0000,+1.0000,+0.0000,+0.0000,+11.0000,+0.0077,+0.4810,+3.2000,+0.0000,+0.0000
665,1.00,88,True,0.0%,0.0%,0.0%,0.01,31.0,3.69,9.924,0.9924,1.0000,0.9912,+0.0000,+0.0000,+1.0000,+0.0000,+0.0000,+0.0000,+0.0000,+0.0000,+0.0000,+0.0000,+0.0000,+0.0000,+0.0000,+1.0000,+0.0000,+0.0000,+2.0000,+0.0219,-0.5580,+8.8000,+0.0000,+0.0000
666,0.00,90,False,0.0%,0.0%,0.0%,0.03,32.5,3.77,6.219,0.9704,1.0000,0.9111,+0.0000,+0.0000,+0.0000,+0.0000,+0.0000,+0.0000,+0.0000,+0.0000,+0.0000,+0.0000,+0.0000,+0.0000,+0.0000,+0.0000,+0.0000,+0.0000,+8.0000,+0.0218,+0.9567,+9.0000,+0.0000,+0.0000
667,-4.70,57,True,0.0%,0.0%,0.0%,0.01,25.7,2.30,20.440,0.8830,1.0000,0.9944,+0.0000,+0.0000,+1.0000,+0.0000,+0.0000,+0.0000,+0.0000,+0.0000,+0.0000,+0.0000,-5.7000,+0.0000,+0.0000,+1.0000,+0.0000,+0.0000,+20.0000,+0.0142,-0.4010,+5.7000,+0.0000,+57.0000
671,1.00,1,True,0.0%,0.0%,0.0%,inf,19.6,0.23,0.000,1.0000,0.0000,0.0000,+0.0000,+0.0000,+1.0000,+0.0000,+0.0000,+0.0000,+0.0000,+0.0000,+0.0000,+0.0000,+0.0000,+0.0000,+0.0000,+1.0000,+0.0000,+0.0000,+0.0000,-0.1003,+0.0000,+0.0000,+0.0000,+0.0000
672,-0.50,1,False,0.0%,0.0%,100.0%,inf,23.0,0.29,0.092,0.6667,0.0000,0.0000,+0.0000,-0.5000,+0.0000,+0.0000,+0.0000,+0.0000,+0.0000,+0.0000,+0.0000,+0.0000,+0.0000,+0.0000,+1.0000,+0.0000,+0.0000,+0.0000,+1.0000,-0.1153,+0.0000,+0.1000,+0.0000,+0.0000
674,-2.60,75,True,0.0%,0.0%,0.0%,0.01,15.5,1.72,14.483,0.9467,0.9333,0.5134,+0.0000,+0.0000,+1.0000,+0.0000,+0.0000,+0.0000,+0.0000,+0.0000,+0.0000,+0.0000,-3.6000,+0.0000,+0.0000,+1.0000,+0.0000,+0.0000,+12.0000,-0.9468,+6.9222,+7.5000,+0.0000,+36.0000
677,0.00,1,False,0.0%,0.0%,0.0%,inf,24.0,0.36,0.000,1.0000,0.0000,1.0000,+0.0000,+0.0000,+0.0000,+0.0000,+0.0000,+0.0000,+0.0000,+0.0000,+0.0000,+0.0000,+0.0000,+0.0000,+0.0000,+0.0000,+0.0000,+0.0000,+0.0000,+0.0000,+0.0000,+0.0000,+0.0000,+0.0000
682,-3.40,90,False,0.0%,0.0%,0.0%,0.01,32.8,4.89,12.516,0.8074,1.0000,0.9797,+0.0000,+0.0000,+0.0000,+0.0000,+0.0000,+0.0000,+0.0000,+0.0000,+0.0000,+0.0000,-3.4000,+0.0000,+0.0000,+0.0000,+0.0000,+0.0000,+52.0000,+0.0223,-0.3512,+9.0000,+0.0000,+34.0000
684,1.00,16,True,0.0%,0.0%,0.0%,0.01,27.9,0.90,2.684,0.9792,1.0000,0.9922,+0.0000,+0.0000,+1.0000,+0.0000,+0.0000,+0.0000,+0.0000,+0.0000,+0.0000,+0.0000,+0.0000,+0.0000,+0.0000,+1.0000,+0.0000,+0.0000,+1.0000,+0.0040,-0.1050,+1.6000,+0.0000,+0.0000
686,-0.70,88,True,0.0%,0.0%,0.0%,0.01,43.3,5.90,11.649,0.9583,0.9886,0.9965,+0.0000,+0.0000,+1.0000,+0.0000,+0.0000,+0.0000,+0.0000,+0.0000,+0.0000,+0.0000,-1.7000,+0.0000,+0.0000,+1.0000,+0.0000,+0.0000,+11.0000,+0.0219,-0.6587,+8.8000,+0.0000,+17.0000
688,1.00,68,True,0.0%,0.0%,0.0%,0.01,22.1,2.59,8.476,0.8480,0.8676,0.9561,+0.0000,+0.0000,+1.0000,+0.0000,+0.0000,+0.0000,+0.0000,+0.0000,+0.0000,+0.0000,+0.0000,+0.0000,+0.0000,+1.0000,+0.0000,+0.0000,+31.0000,-2.0527,+0.0163,+6.8000,+0.0000,+0.0000
689,1.00,22,True,0.0%,0.0%,0.0%,0.01,29.8,1.39,11.188,0.8939,0.9545,0.9524,+0.0000,+0.0000,+1.0000,+0.0000,+0.0000,+0.0000,+0.0000,+0.0000,+0.0000,+0.0000,+0.0000,+0.0000,+0.0000,+1.0000,+0.0000,+0.0000,+7.0000,-0.7846,+0.0302,+2.2000,+0.0000,+0.0000
690,0.00,1,False,0.0%,0.0%,0.0%,inf,18.6,0.27,0.000,1.0000,0.0000,1.0000,+0.0000,+0.0000,+0.0000,+0.0000,+0.0000,+0.0000,+0.0000,+0.0000,+0.0000,+0.0000,+0.0000,+0.0000,+0.0000,+0.0000,+0.0000,+0.0000,+0.0000,+0.0000,+0.0000,+0.0000,+0.0000,+0.0000
692,0.00,1,False,0.0%,0.0%,0.0%,inf,20.2,0.26,0.000,1.0000,0.0000,1.0000,+0.0000,+0.0000,+0.0000,+0.0000,+0.0000,+0.0000,+0.0000,+0.0000,+0.0000,+0.0000,+0.0000,+0.0000,+0.0000,+0.0000,+0.0000,+0.0000,+0.0000,+0.0000,+0.0000,+0.0000,+0.0000,+0.0000
693,0.00,1,False,0.0%,0.0%,0.0%,inf,16.2,0.28,0.000,1.0000,0.0000,1.0000,+0.0000,+0.0000,+0.0000,+0.0000,+0.0000,+0.0000,+0.0000,+0.0000,+0.0000,+0.0000,+0.0000,+0.0000,+0.0000,+0.0000,+0.0000,+0.0000,+0.0000,+0.0000,+0.0000,+0.0000,+0.0000,+0.0000
694,0.00,90,False,0.0%,0.0%,0.0%,0.13,21.4,2.88,8.123,0.9963,1.0000,0.9774,+0.0000,+0.0000,+0.0000,+0.0000,+0.0000,+0.0000,+0.0000,+0.0000,+0.0000,+0.0000,+0.0000,+0.0000,+0.0000,+0.0000,+0.0000,+0.0000,+1.0000,+0.0224,-0.3055,+9.0000,+0.0000,+0.0000
695,1.00,64,True,0.0%,0.0%,0.0%,0.01,55.7,4.58,2.787,0.9062,1.0000,0.9585,+0.0000,+0.0000,+1.0000,+0.0000,+0.0000,+0.0000,+0.0000,+0.0000,+0.0000,+0.0000,+0.0000,+0.0000,+0.0000,+1.0000,+0.0000,+0.0000,+18.0000,+0.0157,+0.0430,+6.4000,+0.0000,+0.0000
696,1.00,1,True,0.0%,0.0%,0.0%,inf,20.9,0.22,1.108,0.0000,0.0000,0.0000,+0.0000,+0.0000,+1.0000,+0.0000,+0.0000,+0.0000,+0.0000,+0.0000,+0.0000,+0.0000,+0.0000,+0.0000,+0.0000,+1.0000,+0.0000,+0.0000,+3.0000,-0.1003,+0.0000,+0.1000,+0.0000,+0.0000
700,1.00,65,True,0.0%,0.0%,0.0%,0.01,29.0,2.55,4.959,0.9949,0.6923,0.9803,+0.0000,+0.0000,+1.0000,+0.0000,+0.0000,+0.0000,+0.0000,+0.0000,+0.0000,+0.0000,+0.0000,+0.0000,+0.0000,+1.0000,+0.0000,+0.0000,+1.0000,-5.6492,-0.4183,+6.5000,+0.0000,+0.0000
701,1.00,1,True,0.0%,0.0%,0.0%,inf,24.9,0.46,0.000,0.6667,0.0000,0.8727,+0.0000,+0.0000,+1.0000,+0.0000,+0.0000,+0.0000,+0.0000,+0.0000,+0.0000,+0.0000,+0.0000,+0.0000,+0.0000,+1.0000,+0.0000,+0.0000,+1.0000,+0.0002,+0.0191,+0.1000,+0.0000,+0.0000
702,0.50,27,True,0.0%,0.0%,0.0%,0.01,14.0,0.78,13.702,0.9506,1.0000,0.9877,+0.0000,+0.0000,+1.0000,+0.0000,+0.0000,+0.0000,+0.0000,+0.0000,+0.0000,+0.0000,-0.5000,+0.0000,+0.0000,+1.0000,+0.0000,+0.0000,+4.0000,+0.0067,-0.1510,+2.7000,+0.0000,+5.0000
703,1.00,1,True,0.0%,0.0%,0.0%,inf,44.4,0.34,0.000,1.0000,0.0000,0.0000,+0.0000,+0.0000,+1.0000,+0.0000,+0.0000,+0.0000,+0.0000,+0.0000,+0.0000,+0.0000,+0.0000,+0.0000,+0.0000,+1.0000,+0.0000,+0.0000,+0.0000,-0.1003,+0.0000,+0.0000,+0.0000,+0.0000
704,1.00,47,True,0.0%,0.0%,0.0%,0.01,22.3,1.86,2.644,0.9504,0.9574,0.9598,+0.0000,+0.0000,+1.0000,+0.0000,+0.0000,+0.0000,+0.0000,+0.0000,+0.0000,+0.0000,+0.0000,+0.0000,+0.0000,+1.0000,+0.0000,+0.0000,+7.0000,+0.0113,+0.0196,+4.7000,+0.0000,+0.0000
706,0.00,90,False,0.0%,0.0%,0.0%,0.01,11.1,1.53,8.929,0.8333,0.9000,0.9649,+0.0000,+0.0000,+0.0000,+0.0000,+0.0000,+0.0000,+0.0000,+0.0000,+0.0000,+0.0000,+0.0000,+0.0000,+0.0000,+0.0000,+0.0000,+0.0000,+45.0000,+0.0222,-0.0658,+9.0000,+0.0000,+0.0000
707,0.00,90,False,0.0%,0.0%,0.0%,0.10,20.7,3.37,10.354,0.9889,1.0000,0.9872,+0.0000,+0.0000,+0.0000,+0.0000,+0.0000,+0.0000,+0.0000,+0.0000,+0.0000,+0.0000,+0.0000,+0.0000,+0.0000,+0.0000,+0.0000,+0.0000,+3.0000,+0.0224,-0.4949,+9.0000,+0.0000,+0.0000
708,1.00,34,True,0.0%,0.0%,0.0%,0.01,33.7,1.52,9.728,0.7549,1.0000,0.9184,+0.0000,+0.0000,+1.0000,+0.0000,+0.0000,+0.0000,+0.0000,+0.0000,+0.0000,+0.0000,+0.0000,+0.0000,+0.0000,+1.0000,+0.0000,+0.0000,+25.0000,+0.0082,+0.3135,+3.4000,+0.0000,+0.0000
712,0.00,90,False,0.0%,0.0%,0.0%,0.17,36.2,6.03,12.042,0.9889,1.0000,0.9968,+0.0000,+0.0000,+0.0000,+0.0000,+0.0000,+0.0000,+0.0000,+0.0000,+0.0000,+0.0000,+0.0000,+0.0000,+0.0000,+0.0000,+0.0000,+0.0000,+3.0000,+0.0225,-0.6797,+9.0000,+0.0000,+0.0000
714,0.00,90,False,0.0%,0.0%,0.0%,0.11,23.2,3.70,10.320,0.9815,1.0000,0.9752,+0.0000,+0.0000,+0.0000,+0.0000,+0.0000,+0.0000,+0.0000,+0.0000,+0.0000,+0.0000,+0.0000,+0.0000,+0.0000,+0.0000,+0.0000,+0.0000,+5.0000,+0.0223,-0.2622,+9.0000,+0.0000,+0.0000
715,0.00,90,False,0.0%,0.0%,0.0%,0.03,28.4,3.58,4.773,0.9926,0.4667,0.9723,+0.0000,+0.0000,+0.0000,+0.0000,+0.0000,+0.0000,+0.0000,+0.0000,+0.0000,+0.0000,+0.0000,+0.0000,+0.0000,+0.0000,+0.0000,+0.0000,+2.0000,+0.0219,-0.2071,+9.0000,+0.0000,+0.0000
717,-3.50,90,False,0.0%,0.0%,0.0%,0.02,10.8,1.43,13.798,0.8667,1.0000,0.9703,+0.0000,+0.0000,+0.0000,+0.0000,+0.0000,+0.0000,+0.0000,+0.0000,+0.0000,+0.0000,-3.5000,+0.0000,+0.0000,+0.0000,+0.0000,+0.0000,+36.0000,+0.0223,-0.1722,+9.0000,+0.0000,+35.0000
718,-2.70,90,False,0.0%,0.0%,0.0%,0.03,12.5,2.02,14.322,0.9222,0.9778,0.9803,+0.0000,+0.0000,+0.0000,+0.0000,+0.0000,+0.0000,+0.0000,+0.0000,+0.0000,+0.0000,-2.7000,+0.0000,+0.0000,+0.0000,+0.0000,+0.0000,+21.0000,-1.7929,-0.3777,+9.0000,+0.0000,+27.0000
719,1.00,32,True,0.0%,0.0%,0.0%,0.01,19.6,0.97,12.387,0.9583,1.0000,0.9616,+0.0000,+0.0000,+1.0000,+0.0000,+0.0000,+0.0000,+0.0000,+0.0000,+0.0000,+0.0000,+0.0000,+0.0000,+0.0000,+1.0000,+0.0000,+0.0000,+4.0000,+0.0079,-0.0005,+3.2000,+0.0000,+0.0000
720,1.00,1,True,0.0%,0.0%,0.0%,inf,18.1,0.27,0.000,1.0000,0.0000,0.0000,+0.0000,+0.0000,+1.0000,+0.0000,+0.0000,+0.0000,+0.0000,+0.0000,+0.0000,+0.0000,+0.0000,+0.0000,+0.0000,+1.0000,+0.0000,+0.0000,+0.0000,-0.1003,+0.0000,+0.0000,+0.0000,+0.0000
721,-4.40,54,True,0.0%,0.0%,0.0%,0.01,11.1,1.07,17.562,0.9321,1.0000,0.9748,+0.0000,+0.0000,+1.0000,+0.0000,+0.0000,+0.0000,+0.0000,+0.0000,+0.0000,+0.0000,-5.4000,+0.0000,+0.0000,+1.0000,+0.0000,+0.0000,+11.0000,+0.0134,-0.1547,+5.4000,+0.0000,+54.0000
722,1.00,1,True,0.0%,0.0%,0.0%,inf,25.7,0.25,0.000,1.0000,0.0000,0.0000,+0.0000,+0.0000,+1.0000,+0.0000,+0.0000,+0.0000,+0.0000,+0.0000,+0.0000,+0.0000,+0.0000,+0.0000,+0.0000,+1.0000,+0.0000,+0.0000,+0.0000,-0.1003,+0.0000,+0.0000,+0.0000,+0.0000
723,1.00,1,True,0.0%,0.0%,0.0%,inf,21.9,0.33,0.000,1.0000,0.0000,0.0000,+0.0000,+0.0000,+1.0000,+0.0000,+0.0000,+0.0000,+0.0000,+0.0000,+0.0000,+0.0000,+0.0000,+0.0000,+0.0000,+1.0000,+0.0000,+0.0000,+0.0000,-0.1003,+0.0000,+0.0000,+0.0000,+0.0000
725,-0.57,5,False,100.0%,0.0%,0.0%,0.14,21.2,0.34,0.369,0.8000,0.0000,0.9622,-0.5700,+0.0000,+0.0000,+0.0000,+0.0000,+0.0000,+0.0000,+0.0000,+0.0000,+0.0000,+0.0000,+1.0000,+0.0000,+0.0000,+0.0000,+0.0000,+3.0000,-0.3072,-0.0382,+0.5000,+0.0000,+0.0000
726,-4.40,54,True,0.0%,0.0%,0.0%,0.01,15.0,1.21,20.059,0.9691,0.8148,0.9963,+0.0000,+0.0000,+1.0000,+0.0000,+0.0000,+0.0000,+0.0000,+0.0000,+0.0000,+0.0000,-5.4000,+0.0000,+0.0000,+1.0000,+0.0000,+0.0000,+5.0000,+0.0135,-0.4015,+5.4000,+0.0000,+54.0000
727,-4.20,52,True,0.0%,0.0%,0.0%,0.01,7.7,1.19,20.320,0.9359,1.0000,0.9930,+0.0000,+0.0000,+1.0000,+0.0000,+0.0000,+0.0000,+0.0000,+0.0000,+0.0000,+0.0000,-5.2000,+0.0000,+0.0000,+1.0000,+0.0000,+0.0000,+10.0000,+0.0130,-0.3507,+5.2000,+0.0000,+52.0000
728,0.00,1,False,0.0%,0.0%,0.0%,inf,25.2,0.39,0.000,1.0000,0.0000,1.0000,+0.0000,+0.0000,+0.0000,+0.0000,+0.0000,+0.0000,+0.0000,+0.0000,+0.0000,+0.0000,+0.0000,+0.0000,+0.0000,+0.0000,+0.0000,+0.0000,+0.0000,+0.0000,+0.0000,+0.0000,+0.0000,+0.0000
730,-0.85,46,False,100.0%,100.0%,0.0%,0.34,40.3,2.65,5.500,0.7464,0.6304,0.8283,-0.8513,+0.0000,+0.0000,+0.0000,+0.0000,+0.0000,+0.0000,+0.0000,+0.0000,+0.0000,+0.0000,+1.0000,+0.0000,+0.0000,+0.0000,+0.0000,+35.0000,-0.8468,+0.9031,+4.6000,+0.0000,+0.0000
732,1.00,73,True,0.0%,0.0%,0.0%,0.01,24.7,2.43,9.691,0.9954,1.0000,0.9891,+0.0000,+0.0000,+1.0000,+0.0000,+0.0000,+0.0000,+0.0000,+0.0000,+0.0000,+0.0000,+0.0000,+0.0000,+0.0000,+1.0000,+0.0000,+0.0000,+1.0000,+0.0182,-0.4309,+7.3000,+0.0000,+0.0000
733,0.00,1,False,0.0%,0.0%,0.0%,inf,10.7,0.26,0.000,1.0000,0.0000,1.0000,+0.0000,+0.0000,+0.0000,+0.0000,+0.0000,+0.0000,+0.0000,+0.0000,+0.0000,+0.0000,+0.0000,+0.0000,+0.0000,+0.0000,+0.0000,+0.0000,+0.0000,+0.0000,+0.0000,+0.0000,+0.0000,+0.0000
734,0.00,90,False,0.0%,0.0%,0.0%,0.16,37.0,5.87,4.364,0.9481,1.0000,0.9484,+0.0000,+0.0000,+0.0000,+0.0000,+0.0000,+0.0000,+0.0000,+0.0000,+0.0000,+0.0000,+0.0000,+0.0000,+0.0000,+0.0000,+0.0000,+0.0000,+14.0000,+0.0219,+0.2561,+9.0000,+0.0000,+0.0000
735,1.00,24,True,0.0%,0.0%,0.0%,0.01,24.4,0.87,4.063,0.8194,1.0000,0.9458,+0.0000,+0.0000,+1.0000,+0.0000,+0.0000,+0.0000,+0.0000,+0.0000,+0.0000,+0.0000,+0.0000,+0.0000,+0.0000,+1.0000,+0.0000,+0.0000,+13.0000,+0.0058,+0.0820,+2.4000,+0.0000,+0.0000
736,-0.60,90,False,0.0%,0.0%,0.0%,0.04,24.8,3.49,13.121,0.9222,0.9667,0.9764,+0.0000,+0.0000,+0.0000,+0.0000,+0.0000,+0.0000,+0.0000,+0.0000,+0.0000,+0.0000,-0.6000,+0.0000,+0.0000,+0.0000,+0.0000,+0.0000,+21.0000,-1.6365,-0.3157,+9.0000,+0.0000,+6.0000
738,1.00,1,True,0.0%,0.0%,0.0%,inf,40.6,0.32,0.000,1.0000,0.0000,0.0000,+0.0000,+0.0000,+1.0000,+0.0000,+0.0000,+0.0000,+0.0000,+0.0000,+0.0000,+0.0000,+0.0000,+0.0000,+0.0000,+1.0000,+0.0000,+0.0000,+0.0000,-0.1003,+0.0000,+0.0000,+0.0000,+0.0000
740,1.00,1,True,0.0%,0.0%,0.0%,inf,23.3,0.30,0.000,1.0000,0.0000,0.0000,+0.0000,+0.0000,+1.0000,+0.0000,+0.0000,+0.0000,+0.0000,+0.0000,+0.0000,+0.0000,+0.0000,+0.0000,+0.0000,+1.0000,+0.0000,+0.0000,+0.0000,-0.1003,+0.0000,+0.0000,+0.0000,+0.0000
742,0.00,90,False,0.0%,0.0%,0.0%,0.10,31.9,5.28,10.827,0.9593,1.0000,0.9938,+0.0000,+0.0000,+0.0000,+0.0000,+0.0000,+0.0000,+0.0000,+0.0000,+0.0000,+0.0000,+0.0000,+0.0000,+0.0000,+0.0000,+0.0000,+0.0000,+11.0000,+0.0224,-0.6222,+9.0000,+0.0000,+0.0000
743,0.00,1,False,0.0%,0.0%,0.0%,inf,7.8,0.24,0.000,1.0000,0.0000,1.0000,+0.0000,+0.0000,+0.0000,+0.0000,+0.0000,+0.0000,+0.0000,+0.0000,+0.0000,+0.0000,+0.0000,+0.0000,+0.0000,+0.0000,+0.0000,+0.0000,+0.0000,+0.0000,+0.0000,+0.0000,+0.0000,+0.0000
746,0.00,1,False,0.0%,0.0%,0.0%,inf,19.0,0.30,0.000,1.0000,0.0000,1.0000,+0.0000,+0.0000,+0.0000,+0.0000,+0.0000,+0.0000,+0.0000,+0.0000,+0.0000,+0.0000,+0.0000,+0.0000,+0.0000,+0.0000,+0.0000,+0.0000,+0.0000,+0.0000,+0.0000,+0.0000,+0.0000,+0.0000
749,1.00,1,True,0.0%,0.0%,0.0%,inf,30.3,0.28,0.000,1.0000,0.0000,0.0000,+0.0000,+0.0000,+1.0000,+0.0000,+0.0000,+0.0000,+0.0000,+0.0000,+0.0000,+0.0000,+0.0000,+0.0000,+0.0000,+1.0000,+0.0000,+0.0000,+0.0000,-0.1003,+0.0000,+0.0000,+0.0000,+0.0000
750,-0.50,1,False,0.0%,0.0%,100.0%,inf,10.8,0.28,0.000,0.6667,0.0000,0.0000,+0.0000,-0.5000,+0.0000,+0.0000,+0.0000,+0.0000,+0.0000,+0.0000,+0.0000,+0.0000,+0.0000,+0.0000,+1.0000,+0.0000,+0.0000,+0.0000,+1.0000,+0.0002,+0.2254,+0.1000,+0.0000,+0.0000
751,-0.40,90,False,0.0%,0.0%,0.0%,0.03,24.5,4.08,13.108,0.9815,1.0000,0.9961,+0.0000,+0.0000,+0.0000,+0.0000,+0.0000,+0.0000,+0.0000,+0.0000,+0.0000,+0.0000,-0.4000,+0.0000,+0.0000,+0.0000,+0.0000,+0.0000,+5.0000,+0.0225,-0.6659,+9.0000,+0.0000,+4.0000
752,-2.60,36,True,0.0%,0.0%,0.0%,0.01,11.8,0.84,20.915,0.8889,1.0000,0.9863,+0.0000,+0.0000,+1.0000,+0.0000,+0.0000,+0.0000,+0.0000,+0.0000,+0.0000,+0.0000,-3.6000,+0.0000,+0.0000,+1.0000,+0.0000,+0.0000,+12.0000,+0.0090,-0.1908,+3.6000,+0.0000,+36.0000
753,1.00,1,True,0.0%,0.0%,0.0%,inf,27.5,0.24,0.000,1.0000,1.0000,0.8968,+0.0000,+0.0000,+1.0000,+0.0000,+0.0000,+0.0000,+0.0000,+0.0000,+0.0000,+0.0000,+0.0000,+0.0000,+0.0000,+1.0000,+0.0000,+0.0000,+0.0000,+0.0003,+0.0139,+0.0000,+0.0000,+0.0000
754,1.00,1,True,0.0%,0.0%,0.0%,inf,30.5,0.30,0.000,1.0000,0.0000,0.0000,+0.0000,+0.0000,+1.0000,+0.0000,+0.0000,+0.0000,+0.0000,+0.0000,+0.0000,+0.0000,+0.0000,+0.0000,+0.0000,+1.0000,+0.0000,+0.0000,+0.0000,-0.1003,+0.0000,+0.0000,+0.0000,+0.0000
757,0.50,74,True,0.0%,0.0%,0.0%,0.01,31.3,3.54,13.595,0.9189,0.9459,0.9863,+0.0000,+0.0000,+1.0000,+0.0000,+0.0000,+0.0000,+0.0000,+0.0000,+0.0000,+0.0000,-0.5000,+0.0000,+0.0000,+1.0000,+0.0000,+0.0000,+18.0000,-2.5895,-0.4043,+7.4000,+0.0000,+5.0000
758,1.00,84,True,0.0%,0.0%,0.0%,0.01,21.5,2.51,8.511,0.9722,1.0000,0.9883,+0.0000,+0.0000,+1.0000,+0.0000,+0.0000,+0.0000,+0.0000,+0.0000,+0.0000,+0.0000,+0.0000,+0.0000,+0.0000,+1.0000,+0.0000,+0.0000,+7.0000,+0.0209,-0.4799,+8.4000,+0.0000,+0.0000
760,0.00,90,False,0.0%,0.0%,0.0%,0.01,11.0,1.49,6.596,0.9741,1.0000,0.9698,+0.0000,+0.0000,+0.0000,+0.0000,+0.0000,+0.0000,+0.0000,+0.0000,+0.0000,+0.0000,+0.0000,+0.0000,+0.0000,+0.0000,+0.0000,+0.0000,+7.0000,+0.0223,-0.1591,+9.0000,+0.0000,+0.0000
761,-8.30,90,False,0.0%,0.0%,0.0%,0.16,11.3,2.33,17.314,0.8444,1.0000,0.9233,+0.0000,+0.0000,+0.0000,+0.0000,+0.0000,+0.0000,+0.0000,+0.0000,+0.0000,+0.0000,-8.3000,+0.0000,+0.0000,+0.0000,+0.0000,+0.0000,+42.0000,+0.0222,+0.7257,+8.4000,+0.0000,+83.0000
762,-3.10,90,False,0.0%,0.0%,0.0%,0.04,21.6,4.55,12.981,0.9741,1.0000,0.9803,+0.0000,+0.0000,+0.0000,+0.0000,+0.0000,+0.0000,+0.0000,+0.0000,+0.0000,+0.0000,-3.1000,+0.0000,+0.0000,+0.0000,+0.0000,+0.0000,+7.0000,+0.0223,-0.3630,+9.0000,+0.0000,+31.0000
763,0.00,90,False,0.0%,0.0%,0.0%,0.18,32.7,4.17,4.939,0.9926,1.0000,0.9834,+0.0000,+0.0000,+0.0000,+0.0000,+0.0000,+0.0000,+0.0000,+0.0000,+0.0000,+0.0000,+0.0000,+0.0000,+0.0000,+0.0000,+0.0000,+0.0000,+2.0000,+0.0224,-0.4206,+9.0000,+0.0000,+0.0000
766,1.00,1,True,0.0%,0.0%,0.0%,inf,11.1,0.20,0.000,1.0000,0.0000,0.0000,+0.0000,+0.0000,+1.0000,+0.0000,+0.0000,+0.0000,+0.0000,+0.0000,+0.0000,+0.0000,+0.0000,+0.0000,+0.0000,+1.0000,+0.0000,+0.0000,+0.0000,-0.0112,-0.0002,+0.0000,+0.0000,+0.0000
769,1.00,1,True,0.0%,0.0%,0.0%,inf,9.4,0.23,0.000,0.6667,1.0000,0.9797,+0.0000,+0.0000,+1.0000,+0.0000,+0.0000,+0.0000,+0.0000,+0.0000,+0.0000,+0.0000,+0.0000,+0.0000,+0.0000,+1.0000,+0.0000,+0.0000,+1.0000,+0.0002,-0.0039,+0.1000,+0.0000,+0.0000
770,-7.10,90,False,0.0%,0.0%,0.0%,0.01,46.6,6.66,16.114,0.8370,0.9333,0.9488,+0.0000,+0.0000,+0.0000,+0.0000,+0.0000,+0.0000,+0.0000,+0.0000,+0.0000,+0.0000,-7.1000,+0.0000,+0.0000,+0.0000,+0.0000,+0.0000,+44.0000,-1.3152,+0.0239,+9.0000,+0.0000,+71.0000
771,0.00,1,False,0.0%,0.0%,0.0%,inf,23.5,0.39,0.000,1.0000,0.0000,1.0000,+0.0000,+0.0000,+0.0000,+0.0000,+0.0000,+0.0000,+0.0000,+0.0000,+0.0000,+0.0000,+0.0000,+0.0000,+0.0000,+0.0000,+0.0000,+0.0000,+0.0000,+0.0000,+0.0000,+0.0000,+0.0000,+0.0000
772,1.00,73,True,0.0%,0.0%,0.0%,0.01,23.8,2.93,10.962,0.9543,1.0000,0.9812,+0.0000,+0.0000,+1.0000,+0.0000,+0.0000,+0.0000,+0.0000,+0.0000,+0.0000,+0.0000,+0.0000,+0.0000,+0.0000,+1.0000,+0.0000,+0.0000,+10.0000,+0.0182,-0.3060,+7.3000,+0.0000,+0.0000
773,1.00,1,True,0.0%,0.0%,0.0%,inf,30.0,0.25,0.000,1.0000,0.0000,0.0000,+0.0000,+0.0000,+1.0000,+0.0000,+0.0000,+0.0000,+0.0000,+0.0000,+0.0000,+0.0000,+0.0000,+0.0000,+0.0000,+1.0000,+0.0000,+0.0000,+0.0000,-0.1003,+0.0000,+0.0000,+0.0000,+0.0000
774,0.00,90,False,0.0%,0.0%,0.0%,0.12,26.2,3.15,5.157,0.9444,0.9778,0.9664,+0.0000,+0.0000,+0.0000,+0.0000,+0.0000,+0.0000,+0.0000,+0.0000,+0.0000,+0.0000,+0.0000,+0.0000,+0.0000,+0.0000,+0.0000,+0.0000,+15.0000,+0.0222,-0.0941,+9.0000,+0.0000,+0.0000
775,0.00,1,False,0.0%,0.0%,0.0%,inf,11.1,0.24,0.000,1.0000,0.0000,1.0000,+0.0000,+0.0000,+0.0000,+0.0000,+0.0000,+0.0000,+0.0000,+0.0000,+0.0000,+0.0000,+0.0000,+0.0000,+0.0000,+0.0000,+0.0000,+0.0000,+0.0000,+0.0000,+0.0000,+0.0000,+0.0000,+0.0000
776,0.00,1,False,0.0%,0.0%,0.0%,inf,11.9,0.23,0.000,1.0000,0.0000,1.0000,+0.0000,+0.0000,+0.0000,+0.0000,+0.0000,+0.0000,+0.0000,+0.0000,+0.0000,+0.0000,+0.0000,+0.0000,+0.0000,+0.0000,+0.0000,+0.0000,+0.0000,+0.0000,+0.0000,+0.0000,+0.0000,+0.0000
777,0.00,90,False,0.0%,0.0%,0.0%,0.03,18.8,2.95,10.010,0.7519,0.9333,0.9619,+0.0000,+0.0000,+0.0000,+0.0000,+0.0000,+0.0000,+0.0000,+0.0000,+0.0000,+0.0000,+0.0000,+0.0000,+0.0000,+0.0000,+0.0000,+0.0000,+67.0000,-1.6106,-0.0300,+9.0000,+0.0000,+0.0000
779,1.00,64,True,0.0%,0.0%,0.0%,0.01,9.2,0.94,6.403,0.9948,1.0000,0.9826,+0.0000,+0.0000,+1.0000,+0.0000,+0.0000,+0.0000,+0.0000,+0.0000,+0.0000,+0.0000,+0.0000,+0.0000,+0.0000,+1.0000,+0.0000,+0.0000,+1.0000,+0.0158,-0.2871,+6.4000,+0.0000,+0.0000
780,1.00,1,True,0.0%,0.0%,0.0%,inf,9.2,0.32,0.000,1.0000,0.0000,0.0000,+0.0000,+0.0000,+1.0000,+0.0000,+0.0000,+0.0000,+0.0000,+0.0000,+0.0000,+0.0000,+0.0000,+0.0000,+0.0000,+1.0000,+0.0000,+0.0000,+0.0000,-0.1003,+0.0000,+0.0000,+0.0000,+0.0000
782,0.00,90,False,0.0%,0.0%,0.0%,0.02,18.4,3.06,8.265,0.7963,0.9444,0.9581,+0.0000,+0.0000,+0.0000,+0.0000,+0.0000,+0.0000,+0.0000,+0.0000,+0.0000,+0.0000,+0.0000,+0.0000,+0.0000,+0.0000,+0.0000,+0.0000,+55.0000,-0.9825,+0.0458,+9.0000,+0.0000,+0.0000
783,1.00,1,True,0.0%,0.0%,0.0%,inf,38.7,0.33,0.000,0.6667,1.0000,0.9328,+0.0000,+0.0000,+1.0000,+0.0000,+0.0000,+0.0000,+0.0000,+0.0000,+0.0000,+0.0000,+0.0000,+0.0000,+0.0000,+1.0000,+0.0000,+0.0000,+1.0000,+0.0002,+0.0062,+0.1000,+0.0000,+0.0000
787,1.00,60,True,0.0%,0.0%,0.0%,0.01,27.1,2.07,8.647,0.9389,1.0000,0.9792,+0.0000,+0.0000,+1.0000,+0.0000,+0.0000,+0.0000,+0.0000,+0.0000,+0.0000,+0.0000,+0.0000,+0.0000,+0.0000,+1.0000,+0.0000,+0.0000,+11.0000,+0.0149,-0.2268,+6.0000,+0.0000,+0.0000
788,1.00,1,True,0.0%,0.0%,0.0%,inf,9.4,0.23,0.000,1.0000,0.0000,0.0000,+0.0000,+0.0000,+1.0000,+0.0000,+0.0000,+0.0000,+0.0000,+0.0000,+0.0000,+0.0000,+0.0000,+0.0000,+0.0000,+1.0000,+0.0000,+0.0000,+0.0000,-0.1003,+0.0000,+0.0000,+0.0000,+0.0000
789,0.00,90,False,0.0%,0.0%,0.0%,0.13,9.6,1.29,5.018,0.9667,0.8667,0.8743,+0.0000,+0.0000,+0.0000,+0.0000,+0.0000,+0.0000,+0.0000,+0.0000,+0.0000,+0.0000,+0.0000,+0.0000,+0.0000,+0.0000,+0.0000,+0.0000,+9.0000,-0.6738,+1.2436,+9.0000,+0.0000,+0.0000
790,-0.00,88,True,0.0%,0.0%,0.0%,0.01,27.4,3.59,10.598,0.9924,1.0000,0.9927,+0.0000,+0.0000,+1.0000,+0.0000,+0.0000,+0.0000,+0.0000,+0.0000,+0.0000,+0.0000,-1.0000,+0.0000,+0.0000,+1.0000,+0.0000,+0.0000,+2.0000,+0.0220,-0.5863,+8.8000,+0.0000,+10.0000
791,0.00,90,False,0.0%,0.0%,0.0%,0.29,25.6,3.75,4.360,0.9667,0.9222,0.9040,+0.0000,+0.0000,+0.0000,+0.0000,+0.0000,+0.0000,+0.0000,+0.0000,+0.0000,+0.0000,+0.0000,+0.0000,+0.0000,+0.0000,+0.0000,+0.0000,+9.0000,-2.2800,+1.0642,+9.0000,+0.0000,+0.0000
792,1.00,1,True,0.0%,0.0%,0.0%,inf,7.5,0.24,0.000,0.6667,1.0000,0.9898,+0.0000,+0.0000,+1.0000,+0.0000,+0.0000,+0.0000,+0.0000,+0.0000,+0.0000,+0.0000,+0.0000,+0.0000,+0.0000,+1.0000,+0.0000,+0.0000,+1.0000,+0.0002,-0.0060,+0.1000,+0.0000,+0.0000
795,1.00,1,True,0.0%,0.0%,0.0%,inf,26.1,0.26,0.000,1.0000,0.0000,0.0000,+0.0000,+0.0000,+1.0000,+0.0000,+0.0000,+0.0000,+0.0000,+0.0000,+0.0000,+0.0000,+0.0000,+0.0000,+0.0000,+1.0000,+0.0000,+0.0000,+0.0000,-0.1003,+0.0000,+0.0000,+0.0000,+0.0000
798,0.00,90,False,0.0%,0.0%,0.0%,0.45,16.7,2.27,5.477,0.8222,1.0000,0.9614,+0.0000,+0.0000,+0.0000,+0.0000,+0.0000,+0.0000,+0.0000,+0.0000,+0.0000,+0.0000,+0.0000,+0.0000,+0.0000,+0.0000,+0.0000,+0.0000,+48.0000,+0.0220,+0.0066,+9.0000,+0.0000,+0.0000
800,1.00,1,True,0.0%,0.0%,0.0%,inf,20.1,0.26,0.000,1.0000,0.0000,0.0000,+0.0000,+0.0000,+1.0000,+0.0000,+0.0000,+0.0000,+0.0000,+0.0000,+0.0000,+0.0000,+0.0000,+0.0000,+0.0000,+1.0000,+0.0000,+0.0000,+0.0000,-0.1003,+0.0000,+0.0000,+0.0000,+0.0000
801,1.00,1,True,0.0%,0.0%,0.0%,inf,21.4,0.27,0.000,1.0000,0.0000,0.0000,+0.0000,+0.0000,+1.0000,+0.0000,+0.0000,+0.0000,+0.0000,+0.0000,+0.0000,+0.0000,+0.0000,+0.0000,+0.0000,+1.0000,+0.0000,+0.0000,+0.0000,-0.1003,+0.0000,+0.0000,+0.0000,+0.0000
802,0.90,28,True,0.0%,0.0%,0.0%,0.01,28.4,1.14,13.305,0.9881,0.9286,0.9929,+0.0000,+0.0000,+1.0000,+0.0000,+0.0000,+0.0000,+0.0000,+0.0000,+0.0000,+0.0000,-0.1000,+0.0000,+0.0000,+1.0000,+0.0000,+0.0000,+1.0000,-0.6550,-0.1882,+2.8000,+0.0000,+1.0000
808,1.00,61,True,0.0%,0.0%,0.0%,0.01,11.9,1.05,10.801,0.9781,1.0000,0.9939,+0.0000,+0.0000,+1.0000,+0.0000,+0.0000,+0.0000,+0.0000,+0.0000,+0.0000,+0.0000,+0.0000,+0.0000,+0.0000,+1.0000,+0.0000,+0.0000,+4.0000,+0.0152,-0.4225,+6.1000,+0.0000,+0.0000
810,-2.40,57,True,0.0%,0.0%,0.0%,0.01,6.6,0.64,15.458,0.9415,1.0000,0.9774,+0.0000,+0.0000,+1.0000,+0.0000,+0.0000,+0.0000,+0.0000,+0.0000,+0.0000,+0.0000,-3.4000,+0.0000,+0.0000,+1.0000,+0.0000,+0.0000,+10.0000,+0.0141,-0.1931,+5.7000,+0.0000,+34.0000
811,0.00,90,False,0.0%,0.0%,0.0%,0.05,23.1,3.14,7.191,0.7556,0.9889,0.9403,+0.0000,+0.0000,+0.0000,+0.0000,+0.0000,+0.0000,+0.0000,+0.0000,+0.0000,+0.0000,+0.0000,+0.0000,+0.0000,+0.0000,+0.0000,+0.0000,+66.0000,+0.0218,+0.4105,+9.0000,+0.0000,+0.0000
812,0.10,9,True,0.0%,0.0%,0.0%,0.01,35.1,0.70,16.321,0.5556,1.0000,0.7773,+0.0000,+0.0000,+1.0000,+0.0000,+0.0000,+0.0000,+0.0000,+0.0000,+0.0000,+0.0000,-0.9000,+0.0000,+0.0000,+1.0000,+0.0000,+0.0000,+12.0000,+0.0021,+0.3506,+0.9000,+0.0000,+9.0000
816,-5.20,90,False,0.0%,0.0%,0.0%,0.21,12.6,1.92,16.306,0.9778,1.0000,0.9916,+0.0000,+0.0000,+0.0000,+0.0000,+0.0000,+0.0000,+0.0000,+0.0000,+0.0000,+0.0000,-5.2000,+0.0000,+0.0000,+0.0000,+0.0000,+0.0000,+6.0000,+0.0225,-0.5799,+9.0000,+0.0000,+52.0000
817,0.90,1,True,0.0%,0.0%,0.0%,inf,32.9,0.25,16.282,0.3333,1.0000,0.8270,+0.0000,+0.0000,+1.0000,+0.0000,+0.0000,+0.0000,+0.0000,+0.0000,+0.0000,+0.0000,-0.1000,+0.0000,+0.0000,+1.0000,+0.0000,+0.0000,+2.0000,+0.0002,+0.0288,+0.1000,+0.0000,+1.0000
818,0.00,90,False,0.0%,0.0%,0.0%,0.07,30.8,4.66,8.313,0.9926,0.9889,0.9990,+0.0000,+0.0000,+0.0000,+0.0000,+0.0000,+0.0000,+0.0000,+0.0000,+0.0000,+0.0000,+0.0000,+0.0000,+0.0000,+0.0000,+0.0000,+0.0000,+2.0000,+0.0225,-0.7224,+9.0000,+0.0000,+0.0000
820,1.00,1,True,0.0%,0.0%,0.0%,inf,20.8,0.21,0.000,1.0000,0.0000,0.0000,+0.0000,+0.0000,+1.0000,+0.0000,+0.0000,+0.0000,+0.0000,+0.0000,+0.0000,+0.0000,+0.0000,+0.0000,+0.0000,+1.0000,+0.0000,+0.0000,+0.0000,-0.1003,+0.0000,+0.0000,+0.0000,+0.0000
821,1.00,1,True,0.0%,0.0%,0.0%,inf,25.4,0.25,0.000,0.6667,1.0000,0.9942,+0.0000,+0.0000,+1.0000,+0.0000,+0.0000,+0.0000,+0.0000,+0.0000,+0.0000,+0.0000,+0.0000,+0.0000,+0.0000,+1.0000,+0.0000,+0.0000,+1.0000,+0.0002,-0.0070,+0.1000,+0.0000,+0.0000
822,1.00,1,True,0.0%,0.0%,0.0%,inf,36.5,0.27,0.000,1.0000,0.0000,0.5112,+0.0000,+0.0000,+1.0000,+0.0000,+0.0000,+0.0000,+0.0000,+0.0000,+0.0000,+0.0000,+0.0000,+0.0000,+0.0000,+1.0000,+0.0000,+0.0000,+0.0000,+0.0000,-0.0031,+0.0000,+0.0000,+0.0000
823,0.00,90,False,0.0%,0.0%,0.0%,0.09,32.2,4.24,6.067,0.9963,1.0000,0.9868,+0.0000,+0.0000,+0.0000,+0.0000,+0.0000,+0.0000,+0.0000,+0.0000,+0.0000,+0.0000,+0.0000,+0.0000,+0.0000,+0.0000,+0.0000,+0.0000,+1.0000,+0.0224,-0.4857,+9.0000,+0.0000,+0.0000
824,1.00,1,True,0.0%,0.0%,0.0%,inf,30.7,0.38,0.000,1.0000,0.0000,0.0000,+0.0000,+0.0000,+1.0000,+0.0000,+0.0000,+0.0000,+0.0000,+0.0000,+0.0000,+0.0000,+0.0000,+0.0000,+0.0000,+1.0000,+0.0000,+0.0000,+0.0000,-0.1003,+0.0000,+0.0000,+0.0000,+0.0000
825,1.00,81,True,0.0%,0.0%,0.0%,0.01,30.4,3.32,8.760,0.7942,0.9753,0.9628,+0.0000,+0.0000,+1.0000,+0.0000,+0.0000,+0.0000,+0.0000,+0.0000,+0.0000,+0.0000,+0.0000,+0.0000,+0.0000,+1.0000,+0.0000,+0.0000,+50.0000,+0.0199,-0.0193,+8.1000,+0.0000,+0.0000
826,0.00,90,False,0.0%,0.0%,0.0%,0.21,17.0,2.67,12.639,0.9556,1.0000,0.9926,+0.0000,+0.0000,+0.0000,+0.0000,+0.0000,+0.0000,+0.0000,+0.0000,+0.0000,+0.0000,+0.0000,+0.0000,+0.0000,+0.0000,+0.0000,+0.0000,+12.0000,+0.0225,-0.5989,+9.0000,+0.0000,+0.0000
828,1.00,73,True,0.0%,0.0%,0.0%,0.01,15.1,1.61,7.535,0.9589,0.9863,0.9727,+0.0000,+0.0000,+1.0000,+0.0000,+0.0000,+0.0000,+0.0000,+0.0000,+0.0000,+0.0000,+0.0000,+0.0000,+0.0000,+1.0000,+0.0000,+0.0000,+9.0000,-0.2597,-0.1799,+7.3000,+0.0000,+0.0000
831,-4.20,90,False,0.0%,0.0%,0.0%,0.02,31.5,5.89,13.641,0.8593,0.9111,0.9732,+0.0000,+0.0000,+0.0000,+0.0000,+0.0000,+0.0000,+0.0000,+0.0000,+0.0000,+0.0000,-4.2000,+0.0000,+0.0000,+0.0000,+0.0000,+0.0000,+38.0000,+0.0223,-0.2237,+9.0000,+0.0000,+42.0000
833,1.00,49,True,0.0%,0.0%,0.0%,0.01,13.4,1.01,1.915,0.9388,1.0000,0.9313,+0.0000,+0.0000,+1.0000,+0.0000,+0.0000,+0.0000,+0.0000,+0.0000,+0.0000,+0.0000,+0.0000,+0.0000,+0.0000,+1.0000,+0.0000,+0.0000,+9.0000,+0.0120,+0.3211,+4.9000,+0.0000,+0.0000
834,0.00,90,False,0.0%,0.0%,0.0%,0.04,36.8,5.05,4.009,0.9296,0.9778,0.9245,+0.0000,+0.0000,+0.0000,+0.0000,+0.0000,+0.0000,+0.0000,+0.0000,+0.0000,+0.0000,+0.0000,+0.0000,+0.0000,+0.0000,+0.0000,+0.0000,+19.0000,+0.0214,+0.7172,+9.0000,+0.0000,+0.0000
835,0.00,1,False,0.0%,0.0%,0.0%,inf,14.9,0.26,0.000,1.0000,0.0000,1.0000,+0.0000,+0.0000,+0.0000,+0.0000,+0.0000,+0.0000,+0.0000,+0.0000,+0.0000,+0.0000,+0.0000,+0.0000,+0.0000,+0.0000,+0.0000,+0.0000,+0.0000,+0.0000,+0.0000,+0.0000,+0.0000,+0.0000
836,0.00,90,False,0.0%,0.0%,0.0%,0.13,26.6,3.08,7.166,0.9667,1.0000,0.9624,+0.0000,+0.0000,+0.0000,+0.0000,+0.0000,+0.0000,+0.0000,+0.0000,+0.0000,+0.0000,+0.0000,+0.0000,+0.0000,+0.0000,+0.0000,+0.0000,+9.0000,+0.0222,-0.0236,+9.0000,+0.0000,+0.0000
837,1.00,1,True,0.0%,0.0%,0.0%,inf,18.6,0.25,0.000,1.0000,0.0000,0.0000,+0.0000,+0.0000,+1.0000,+0.0000,+0.0000,+0.0000,+0.0000,+0.0000,+0.0000,+0.0000,+0.0000,+0.0000,+0.0000,+1.0000,+0.0000,+0.0000,+0.0000,-0.1003,+0.0000,+0.0000,+0.0000,+0.0000
838,0.00,1,False,0.0%,0.0%,0.0%,inf,8.4,0.37,0.000,1.0000,0.0000,1.0000,+0.0000,+0.0000,+0.0000,+0.0000,+0.0000,+0.0000,+0.0000,+0.0000,+0.0000,+0.0000,+0.0000,+0.0000,+0.0000,+0.0000,+0.0000,+0.0000,+0.0000,+0.0000,+0.0000,+0.0000,+0.0000,+0.0000
840,0.00,1,False,0.0%,0.0%,0.0%,inf,11.2,0.25,0.000,1.0000,0.0000,1.0000,+0.0000,+0.0000,+0.0000,+0.0000,+0.0000,+0.0000,+0.0000,+0.0000,+0.0000,+0.0000,+0.0000,+0.0000,+0.0000,+0.0000,+0.0000,+0.0000,+0.0000,+0.0000,+0.0000,+0.0000,+0.0000,+0.0000
841,0.30,7,True,0.0%,0.0%,0.0%,0.01,31.5,0.57,16.132,0.4762,1.0000,0.9679,+0.0000,+0.0000,+1.0000,+0.0000,+0.0000,+0.0000,+0.0000,+0.0000,+0.0000,+0.0000,-0.7000,+0.0000,+0.0000,+1.0000,+0.0000,+0.0000,+11.0000,+0.0017,-0.0092,+0.7000,+0.0000,+7.0000
843,0.00,90,False,0.0%,0.0%,0.0%,0.07,19.6,2.25,11.020,0.9481,0.9222,0.9930,+0.0000,+0.0000,+0.0000,+0.0000,+0.0000,+0.0000,+0.0000,+0.0000,+0.0000,+0.0000,+0.0000,+0.0000,+0.0000,+0.0000,+0.0000,+0.0000,+14.0000,+0.0224,-0.6065,+9.0000,+0.0000,+0.0000
846,1.00,1,True,0.0%,0.0%,0.0%,inf,10.3,0.24,0.095,0.6667,0.0000,0.8917,+0.0000,+0.0000,+1.0000,+0.0000,+0.0000,+0.0000,+0.0000,+0.0000,+0.0000,+0.0000,+0.0000,+0.0000,+0.0000,+1.0000,+0.0000,+0.0000,+1.0000,+0.0002,+0.0150,+0.1000,+0.0000,+0.0000
847,1.00,1,True,0.0%,0.0%,0.0%,inf,12.6,0.36,0.000,1.0000,0.0000,0.0000,+0.0000,+0.0000,+1.0000,+0.0000,+0.0000,+0.0000,+0.0000,+0.0000,+0.0000,+0.0000,+0.0000,+0.0000,+0.0000,+1.0000,+0.0000,+0.0000,+0.0000,-0.1003,+0.0000,+0.0000,+0.0000,+0.0000
848,-2.00,90,False,0.0%,0.0%,0.0%,0.29,23.1,5.18,9.629,0.6815,0.9444,0.9461,+0.0000,+0.0000,+0.0000,+0.0000,+0.0000,+0.0000,+0.0000,+0.0000,+0.0000,+0.0000,-2.0000,+0.0000,+0.0000,+0.0000,+0.0000,+0.0000,+86.0000,-0.3005,+0.2883,+9.0000,+0.0000,+20.0000
849,1.00,1,True,0.0%,0.0%,0.0%,inf,17.8,0.37,0.000,1.0000,0.0000,0.0000,+0.0000,+0.0000,+1.0000,+0.0000,+0.0000,+0.0000,+0.0000,+0.0000,+0.0000,+0.0000,+0.0000,+0.0000,+0.0000,+1.0000,+0.0000,+0.0000,+0.0000,-0.1003,+0.0000,+0.0000,+0.0000,+0.0000
850,1.00,1,True,0.0%,0.0%,0.0%,inf,37.5,0.30,0.000,1.0000,0.0000,0.0000,+0.0000,+0.0000,+1.0000,+0.0000,+0.0000,+0.0000,+0.0000,+0.0000,+0.0000,+0.0000,+0.0000,+0.0000,+0.0000,+1.0000,+0.0000,+0.0000,+0.0000,-0.1003,+0.0000,+0.0000,+0.0000,+0.0000
851,-6.60,90,False,0.0%,0.0%,0.0%,0.15,9.7,1.74,16.958,0.9037,0.8556,0.9126,+0.0000,+0.0000,+0.0000,+0.0000,+0.0000,+0.0000,+0.0000,+0.0000,+0.0000,+0.0000,-6.6000,+0.0000,+0.0000,+0.0000,+0.0000,+0.0000,+26.0000,-10.5342,-0.0391,+9.0000,+0.0000,+66.0000
852,0.00,90,False,0.0%,0.0%,0.0%,0.08,25.8,3.52,11.464,0.9667,0.9778,0.9836,+0.0000,+0.0000,+0.0000,+0.0000,+0.0000,+0.0000,+0.0000,+0.0000,+0.0000,+0.0000,+0.0000,+0.0000,+0.0000,+0.0000,+0.0000,+0.0000,+9.0000,-1.3022,-0.4264,+9.0000,+0.0000,+0.0000
854,0.50,5,True,0.0%,0.0%,0.0%,0.01,19.7,0.50,16.578,0.4667,1.0000,0.9731,+0.0000,+0.0000,+1.0000,+0.0000,+0.0000,+0.0000,+0.0000,+0.0000,+0.0000,+0.0000,-0.5000,+0.0000,+0.0000,+1.0000,+0.0000,+0.0000,+8.0000,+0.0012,-0.0122,+0.5000,+0.0000,+5.0000
855,1.00,1,True,0.0%,0.0%,0.0%,inf,16.0,0.23,0.000,1.0000,0.0000,0.0000,+0.0000,+0.0000,+1.0000,+0.0000,+0.0000,+0.0000,+0.0000,+0.0000,+0.0000,+0.0000,+0.0000,+0.0000,+0.0000,+1.0000,+0.0000,+0.0000,+0.0000,-0.1003,+0.0000,+0.0000,+0.0000,+0.0000
856,1.00,1,True,0.0%,0.0%,0.0%,inf,35.8,0.25,0.000,1.0000,0.0000,0.0000,+0.0000,+0.0000,+1.0000,+0.0000,+0.0000,+0.0000,+0.0000,+0.0000,+0.0000,+0.0000,+0.0000,+0.0000,+0.0000,+1.0000,+0.0000,+0.0000,+0.0000,-0.1003,+0.0000,+0.0000,+0.0000,+0.0000
857,1.00,1,True,0.0%,0.0%,0.0%,inf,61.7,0.46,0.000,0.6667,1.0000,0.9103,+0.0000,+0.0000,+1.0000,+0.0000,+0.0000,+0.0000,+0.0000,+0.0000,+0.0000,+0.0000,+0.0000,+0.0000,+0.0000,+1.0000,+0.0000,+0.0000,+1.0000,+0.0002,+0.0111,+0.1000,+0.0000,+0.0000
859,1.00,1,True,0.0%,0.0%,0.0%,inf,19.7,0.35,0.000,1.0000,0.0000,0.0000,+0.0000,+0.0000,+1.0000,+0.0000,+0.0000,+0.0000,+0.0000,+0.0000,+0.0000,+0.0000,+0.0000,+0.0000,+0.0000,+1.0000,+0.0000,+0.0000,+0.0000,-0.1003,+0.0000,+0.0000,+0.0000,+0.0000
860,1.00,83,True,0.0%,0.0%,0.0%,0.01,27.3,3.18,8.294,0.7952,0.9277,0.9087,+0.0000,+0.0000,+1.0000,+0.0000,+0.0000,+0.0000,+0.0000,+0.0000,+0.0000,+0.0000,+0.0000,+0.0000,+0.0000,+1.0000,+0.0000,+0.0000,+51.0000,-2.7882,+0.6359,+8.3000,+0.0000,+0.0000
862,1.00,40,True,0.0%,0.0%,0.0%,0.01,34.6,1.76,3.312,0.9000,1.0000,0.9592,+0.0000,+0.0000,+1.0000,+0.0000,+0.0000,+0.0000,+0.0000,+0.0000,+0.0000,+0.0000,+0.0000,+0.0000,+0.0000,+1.0000,+0.0000,+0.0000,+12.0000,+0.0099,+0.0226,+4.0000,+0.0000,+0.0000
865,-0.60,32,True,0.0%,0.0%,0.0%,0.01,20.2,1.14,14.837,0.9271,1.0000,0.9664,+0.0000,+0.0000,+1.0000,+0.0000,+0.0000,+0.0000,+0.0000,+0.0000,+0.0000,+0.0000,-1.6000,+0.0000,+0.0000,+1.0000,+0.0000,+0.0000,+7.0000,+0.0079,-0.0335,+3.2000,+0.0000,+16.0000
866,0.00,90,False,0.0%,0.0%,0.0%,0.03,30.5,3.97,6.960,0.8222,0.8222,0.9315,+0.0000,+0.0000,+0.0000,+0.0000,+0.0000,+0.0000,+0.0000,+0.0000,+0.0000,+0.0000,+0.0000,+0.0000,+0.0000,+0.0000,+0.0000,+0.0000,+48.0000,-4.9814,+0.0268,+9.0000,+0.0000,+0.0000
868,-0.50,1,False,100.0%,0.0%,0.0%,inf,50.8,0.34,0.084,0.6667,1.0000,0.9889,-0.5000,+0.0000,+0.0000,+0.0000,+0.0000,+0.0000,+0.0000,+0.0000,+0.0000,+0.0000,+0.0000,+1.0000,+0.0000,+0.0000,+0.0000,+0.0000,+1.0000,+0.0003,-0.0058,+0.1000,+0.0000,+0.0000
869,1.00,76,True,0.0%,0.0%,0.0%,0.01,27.1,3.17,7.344,0.9825,0.8816,0.9857,+0.0000,+0.0000,+1.0000,+0.0000,+0.0000,+0.0000,+0.0000,+0.0000,+0.0000,+0.0000,+0.0000,+0.0000,+0.0000,+1.0000,+0.0000,+0.0000,+4.0000,+0.0189,-0.3934,+7.6000,+0.0000,+0.0000
870,1.00,1,True,0.0%,0.0%,0.0%,inf,36.0,0.26,0.000,1.0000,0.0000,0.0000,+0.0000,+0.0000,+1.0000,+0.0000,+0.0000,+0.0000,+0.0000,+0.0000,+0.0000,+0.0000,+0.0000,+0.0000,+0.0000,+1.0000,+0.0000,+0.0000,+0.0000,-0.1003,+0.0000,+0.0000,+0.0000,+0.0000
873,0.00,90,False,0.0%,0.0%,0.0%,0.02,22.9,3.05,6.617,0.9407,0.9889,0.9602,+0.0000,+0.0000,+0.0000,+0.0000,+0.0000,+0.0000,+0.0000,+0.0000,+0.0000,+0.0000,+0.0000,+0.0000,+0.0000,+0.0000,+0.0000,+0.0000,+16.0000,-0.0880,+0.0043,+9.0000,+0.0000,+0.0000
875,1.00,1,True,0.0%,0.0%,0.0%,inf,18.7,0.29,0.000,0.6667,0.0000,0.9389,+0.0000,+0.0000,+1.0000,+0.0000,+0.0000,+0.0000,+0.0000,+0.0000,+0.0000,+0.0000,+0.0000,+0.0000,+0.0000,+1.0000,+0.0000,+0.0000,+1.0000,+0.0002,+0.0049,+0.1000,+0.0000,+0.0000
876,-5.90,90,False,0.0%,0.0%,0.0%,0.11,23.0,3.47,15.174,0.9889,0.9889,0.9891,+0.0000,+0.0000,+0.0000,+0.0000,+0.0000,+0.0000,+0.0000,+0.0000,+0.0000,+0.0000,-5.9000,+0.0000,+0.0000,+0.0000,+0.0000,+0.0000,+3.0000,+0.0223,-0.5311,+9.0000,+0.0000,+59.0000
878,0.00,1,False,0.0%,0.0%,0.0%,inf,21.2,0.27,0.577,1.0000,0.0000,1.0000,+0.0000,+0.0000,+0.0000,+0.0000,+0.0000,+0.0000,+0.0000,+0.0000,+0.0000,+0.0000,+0.0000,+0.0000,+0.0000,+0.0000,+0.0000,+0.0000,+0.0000,+0.0000,+0.0000,+0.0000,+0.0000,+0.0000
879,1.00,1,True,0.0%,0.0%,0.0%,inf,27.8,0.40,0.000,0.6667,0.0000,0.8295,+0.0000,+0.0000,+1.0000,+0.0000,+0.0000,+0.0000,+0.0000,+0.0000,+0.0000,+0.0000,+0.0000,+0.0000,+0.0000,+1.0000,+0.0000,+0.0000,+1.0000,+0.0002,+0.0282,+0.1000,+0.0000,+0.0000
884,0.00,90,False,0.0%,0.0%,0.0%,0.22,7.7,1.12,13.110,0.9778,1.0000,0.9882,+0.0000,+0.0000,+0.0000,+0.0000,+0.0000,+0.0000,+0.0000,+0.0000,+0.0000,+0.0000,+0.0000,+0.0000,+0.0000,+0.0000,+0.0000,+0.0000,+6.0000,+0.0224,-0.5134,+9.0000,+0.0000,+0.0000
886,0.70,55,True,0.0%,0.0%,0.0%,0.01,17.3,1.48,11.382,0.9879,0.9818,0.9857,+0.0000,+0.0000,+1.0000,+0.0000,+0.0000,+0.0000,+0.0000,+0.0000,+0.0000,+0.0000,-0.3000,+0.0000,+0.0000,+1.0000,+0.0000,+0.0000,+2.0000,-0.3233,-0.2856,+5.5000,+0.0000,+3.0000
891,0.00,1,False,0.0%,0.0%,0.0%,inf,12.3,0.26,0.000,1.0000,0.0000,1.0000,+0.0000,+0.0000,+0.0000,+0.0000,+0.0000,+0.0000,+0.0000,+0.0000,+0.0000,+0.0000,+0.0000,+0.0000,+0.0000,+0.0000,+0.0000,+0.0000,+0.0000,+0.0000,+0.0000,+0.0000,+0.0000,+0.0000
894,1.00,1,True,0.0%,0.0%,0.0%,inf,36.1,0.38,0.000,1.0000,0.0000,0.0000,+0.0000,+0.0000,+1.0000,+0.0000,+0.0000,+0.0000,+0.0000,+0.0000,+0.0000,+0.0000,+0.0000,+0.0000,+0.0000,+1.0000,+0.0000,+0.0000,+0.0000,-0.1003,+0.0000,+0.0000,+0.0000,+0.0000
895,-0.90,19,False,100.0%,100.0%,0.0%,0.24,8.7,0.47,2.809,0.7544,0.0526,0.7915,-0.9037,+0.0000,+0.0000,+0.0000,+0.0000,+0.0000,+0.0000,+0.0000,+0.0000,+0.0000,+0.0000,+1.0000,+0.0000,+0.0000,+0.0000,+0.0000,+14.0000,-1.1908,+0.0186,+1.9000,+0.0000,+0.0000
896,1.00,1,True,0.0%,0.0%,0.0%,inf,8.9,0.23,0.000,1.0000,0.0000,0.0000,+0.0000,+0.0000,+1.0000,+0.0000,+0.0000,+0.0000,+0.0000,+0.0000,+0.0000,+0.0000,+0.0000,+0.0000,+0.0000,+1.0000,+0.0000,+0.0000,+0.0000,-0.1003,+0.0000,+0.0000,+0.0000,+0.0000
898,-0.70,90,False,0.0%,0.0%,0.0%,0.43,11.2,1.77,14.131,0.8963,1.0000,0.9881,+0.0000,+0.0000,+0.0000,+0.0000,+0.0000,+0.0000,+0.0000,+0.0000,+0.0000,+0.0000,-0.7000,+0.0000,+0.0000,+0.0000,+0.0000,+0.0000,+28.0000,+0.0224,-0.5116,+9.0000,+0.0000,+7.0000
899,1.00,1,True,0.0%,0.0%,0.0%,inf,39.2,0.26,0.000,1.0000,0.0000,0.0000,+0.0000,+0.0000,+1.0000,+0.0000,+0.0000,+0.0000,+0.0000,+0.0000,+0.0000,+0.0000,+0.0000,+0.0000,+0.0000,+1.0000,+0.0000,+0.0000,+0.0000,-0.1003,+0.0000,+0.0000,+0.0000,+0.0000
900,1.00,79,True,0.0%,0.0%,0.0%,0.01,22.0,2.44,6.938,0.8776,1.0000,0.9563,+0.0000,+0.0000,+1.0000,+0.0000,+0.0000,+0.0000,+0.0000,+0.0000,+0.0000,+0.0000,+0.0000,+0.0000,+0.0000,+1.0000,+0.0000,+0.0000,+29.0000,+0.0194,+0.0865,+7.9000,+0.0000,+0.0000
903,1.00,1,True,0.0%,0.0%,0.0%,inf,7.2,0.29,0.000,1.0000,0.0000,0.0000,+0.0000,+0.0000,+1.0000,+0.0000,+0.0000,+0.0000,+0.0000,+0.0000,+0.0000,+0.0000,+0.0000,+0.0000,+0.0000,+1.0000,+0.0000,+0.0000,+0.0000,-0.1003,+0.0000,+0.0000,+0.0000,+0.0000
904,1.00,23,True,0.0%,0.0%,0.0%,0.01,28.0,1.07,12.591,0.9710,1.0000,0.9790,+0.0000,+0.0000,+1.0000,+0.0000,+0.0000,+0.0000,+0.0000,+0.0000,+0.0000,+0.0000,+0.0000,+0.0000,+0.0000,+1.0000,+0.0000,+0.0000,+2.0000,+0.0057,-0.0855,+2.3000,+0.0000,+0.0000
905,0.00,1,False,0.0%,0.0%,0.0%,inf,27.8,0.24,0.000,1.0000,0.0000,1.0000,+0.0000,+0.0000,+0.0000,+0.0000,+0.0000,+0.0000,+0.0000,+0.0000,+0.0000,+0.0000,+0.0000,+0.0000,+0.0000,+0.0000,+0.0000,+0.0000,+0.0000,+0.0000,+0.0000,+0.0000,+0.0000,+0.0000
906,0.00,90,False,0.0%,0.0%,0.0%,0.05,31.0,3.71,4.184,0.9741,0.9667,0.9560,+0.0000,+0.0000,+0.0000,+0.0000,+0.0000,+0.0000,+0.0000,+0.0000,+0.0000,+0.0000,+0.0000,+0.0000,+0.0000,+0.0000,+0.0000,+0.0000,+7.0000,+0.0216,+0.1089,+9.0000,+0.0000,+0.0000
908,-6.90,79,True,0.0%,0.0%,0.0%,0.01,19.4,2.55,16.705,0.9578,1.0000,0.9849,+0.0000,+0.0000,+1.0000,+0.0000,+0.0000,+0.0000,+0.0000,+0.0000,+0.0000,+0.0000,-7.9000,+0.0000,+0.0000,+1.0000,+0.0000,+0.0000,+10.0000,+0.0197,-0.3964,+7.9000,+0.0000,+79.0000
909,0.00,90,False,0.0%,0.0%,0.0%,0.01,15.2,2.46,9.167,0.8074,0.8667,0.9324,+0.0000,+0.0000,+0.0000,+0.0000,+0.0000,+0.0000,+0.0000,+0.0000,+0.0000,+0.0000,+0.0000,+0.0000,+0.0000,+0.0000,+0.0000,+0.0000,+52.0000,-2.7651,+0.1336,+9.0000,+0.0000,+0.0000
910,1.00,1,True,0.0%,0.0%,0.0%,inf,10.1,0.23,0.000,1.0000,0.0000,0.0000,+0.0000,+0.0000,+1.0000,+0.0000,+0.0000,+0.0000,+0.0000,+0.0000,+0.0000,+0.0000,+0.0000,+0.0000,+0.0000,+1.0000,+0.0000,+0.0000,+0.0000,-0.1003,+0.0000,+0.0000,+0.0000,+0.0000
913,1.00,5,True,0.0%,0.0%,0.0%,0.01,11.9,0.28,4.259,0.9333,1.0000,0.9896,+0.0000,+0.0000,+1.0000,+0.0000,+0.0000,+0.0000,+0.0000,+0.0000,+0.0000,+0.0000,+0.0000,+0.0000,+0.0000,+1.0000,+0.0000,+0.0000,+1.0000,+0.0012,-0.0300,+0.5000,+0.0000,+0.0000
915,0.00,1,False,0.0%,0.0%,0.0%,inf,23.4,0.37,0.000,1.0000,0.0000,1.0000,+0.0000,+0.0000,+0.0000,+0.0000,+0.0000,+0.0000,+0.0000,+0.0000,+0.0000,+0.0000,+0.0000,+0.0000,+0.0000,+0.0000,+0.0000,+0.0000,+0.0000,+0.0000,+0.0000,+0.0000,+0.0000,+0.0000
917,0.00,1,False,0.0%,0.0%,0.0%,inf,11.2,0.34,0.000,1.0000,0.0000,1.0000,+0.0000,+0.0000,+0.0000,+0.0000,+0.0000,+0.0000,+0.0000,+0.0000,+0.0000,+0.0000,+0.0000,+0.0000,+0.0000,+0.0000,+0.0000,+0.0000,+0.0000,+0.0000,+0.0000,+0.0000,+0.0000,+0.0000
918,0.00,90,False,0.0%,0.0%,0.0%,0.03,24.9,3.87,6.449,0.8630,0.9778,0.9565,+0.0000,+0.0000,+0.0000,+0.0000,+0.0000,+0.0000,+0.0000,+0.0000,+0.0000,+0.0000,+0.0000,+0.0000,+0.0000,+0.0000,+0.0000,+0.0000,+37.0000,-0.9454,+0.0419,+9.0000,+0.0000,+0.0000
920,0.00,1,False,0.0%,0.0%,0.0%,inf,21.3,0.25,0.000,1.0000,0.0000,1.0000,+0.0000,+0.0000,+0.0000,+0.0000,+0.0000,+0.0000,+0.0000,+0.0000,+0.0000,+0.0000,+0.0000,+0.0000,+0.0000,+0.0000,+0.0000,+0.0000,+0.0000,+0.0000,+0.0000,+0.0000,+0.0000,+0.0000
921,-3.20,42,True,0.0%,0.0%,0.0%,0.01,6.3,0.55,17.694,0.9683,0.9048,0.9847,+0.0000,+0.0000,+1.0000,+0.0000,+0.0000,+0.0000,+0.0000,+0.0000,+0.0000,+0.0000,-4.2000,+0.0000,+0.0000,+1.0000,+0.0000,+0.0000,+4.0000,+0.0105,-0.2081,+4.2000,+0.0000,+42.0000
922,1.00,17,True,0.0%,0.0%,0.0%,0.01,24.6,0.94,8.029,0.9216,1.0000,0.9906,+0.0000,+0.0000,+1.0000,+0.0000,+0.0000,+0.0000,+0.0000,+0.0000,+0.0000,+0.0000,+0.0000,+0.0000,+0.0000,+1.0000,+0.0000,+0.0000,+4.0000,+0.0042,-0.1057,+1.7000,+0.0000,+0.0000
923,0.00,90,False,0.0%,0.0%,0.0%,0.01,34.6,4.77,5.732,0.9741,0.9333,0.9593,+0.0000,+0.0000,+0.0000,+0.0000,+0.0000,+0.0000,+0.0000,+0.0000,+0.0000,+0.0000,+0.0000,+0.0000,+0.0000,+0.0000,+0.0000,+0.0000,+7.0000,-0.0309,-0.0033,+9.0000,+0.0000,+0.0000
926,1.00,29,True,0.0%,0.0%,0.0%,0.01,13.4,0.74,8.160,0.8851,1.0000,0.9584,+0.0000,+0.0000,+1.0000,+0.0000,+0.0000,+0.0000,+0.0000,+0.0000,+0.0000,+0.0000,+0.0000,+0.0000,+0.0000,+1.0000,+0.0000,+0.0000,+10.0000,+0.0071,+0.0200,+2.9000,+0.0000,+0.0000
927,1.00,24,True,0.0%,0.0%,0.0%,0.01,15.7,0.69,8.563,0.9861,0.8750,0.9721,+0.0000,+0.0000,+1.0000,+0.0000,+0.0000,+0.0000,+0.0000,+0.0000,+0.0000,+0.0000,+0.0000,+0.0000,+0.0000,+1.0000,+0.0000,+0.0000,+1.0000,-0.1422,-0.0779,+2.4000,+0.0000,+0.0000
928,1.00,1,True,0.0%,0.0%,0.0%,inf,10.2,0.24,0.000,1.0000,0.0000,0.0000,+0.0000,+0.0000,+1.0000,+0.0000,+0.0000,+0.0000,+0.0000,+0.0000,+0.0000,+0.0000,+0.0000,+0.0000,+0.0000,+1.0000,+0.0000,+0.0000,+0.0000,-0.1003,+0.0000,+0.0000,+0.0000,+0.0000
929,-1.40,38,True,0.0%,0.0%,0.0%,0.01,22.5,1.27,15.521,0.9211,1.0000,0.9720,+0.0000,+0.0000,+1.0000,+0.0000,+0.0000,+0.0000,+0.0000,+0.0000,+0.0000,+0.0000,-2.4000,+0.0000,+0.0000,+1.0000,+0.0000,+0.0000,+9.0000,+0.0094,-0.0849,+3.8000,+0.0000,+24.0000
930,1.00,21,True,0.0%,0.0%,0.0%,0.01,32.4,1.12,3.551,0.9524,1.0000,0.8956,+0.0000,+0.0000,+1.0000,+0.0000,+0.0000,+0.0000,+0.0000,+0.0000,+0.0000,+0.0000,+0.0000,+0.0000,+0.0000,+1.0000,+0.0000,+0.0000,+3.0000,+0.0051,+0.2970,+2.1000,+0.0000,+0.0000
932,-2.10,90,False,0.0%,0.0%,0.0%,0.03,21.2,2.86,11.473,0.8370,0.8444,0.9416,+0.0000,+0.0000,+0.0000,+0.0000,+0.0000,+0.0000,+0.0000,+0.0000,+0.0000,+0.0000,-2.1000,+0.0000,+0.0000,+0.0000,+0.0000,+0.0000,+44.0000,-6.6282,-0.0793,+9.0000,+0.0000,+21.0000
934,1.00,66,True,0.0%,0.0%,0.0%,0.01,32.5,2.86,12.369,0.9495,0.9545,0.9914,+0.0000,+0.0000,+1.0000,+0.0000,+0.0000,+0.0000,+0.0000,+0.0000,+0.0000,+0.0000,+0.0000,+0.0000,+0.0000,+1.0000,+0.0000,+0.0000,+10.0000,-2.7138,-0.4381,+6.6000,+0.0000,+0.0000
936,0.70,65,True,0.0%,0.0%,0.0%,0.01,19.4,1.81,10.938,0.9846,1.0000,0.9904,+0.0000,+0.0000,+1.0000,+0.0000,+0.0000,+0.0000,+0.0000,+0.0000,+0.0000,+0.0000,-0.3000,+0.0000,+0.0000,+1.0000,+0.0000,+0.0000,+3.0000,+0.0162,-0.4007,+6.5000,+0.0000,+3.0000
940,-0.64,40,False,100.0%,100.0%,0.0%,0.35,35.1,1.84,5.604,0.7917,0.8000,0.8982,-0.6370,+0.0000,+0.0000,+0.0000,+0.0000,+0.0000,+0.0000,+0.0000,+0.0000,+0.0000,+0.0000,+1.0000,+0.0000,+0.0000,+0.0000,+0.0000,+25.0000,-0.5627,+0.4485,+4.0000,+0.0000,+0.0000
943,-3.00,90,False,0.0%,0.0%,0.0%,0.09,12.6,2.70,14.793,0.9963,0.7667,0.9970,+0.0000,+0.0000,+0.0000,+0.0000,+0.0000,+0.0000,+0.0000,+0.0000,+0.0000,+0.0000,-3.0000,+0.0000,+0.0000,+0.0000,+0.0000,+0.0000,+1.0000,+0.0225,-0.6834,+9.0000,+0.0000,+30.0000
946,1.00,1,True,0.0%,0.0%,0.0%,inf,30.5,0.25,0.443,0.6667,1.0000,0.9495,+0.0000,+0.0000,+1.0000,+0.0000,+0.0000,+0.0000,+0.0000,+0.0000,+0.0000,+0.0000,+0.0000,+0.0000,+0.0000,+1.0000,+0.0000,+0.0000,+1.0000,+0.0002,+0.0026,+0.1000,+0.0000,+0.0000
951,1.00,43,True,0.0%,0.0%,0.0%,0.01,25.5,1.66,8.103,0.9225,1.0000,0.9853,+0.0000,+0.0000,+1.0000,+0.0000,+0.0000,+0.0000,+0.0000,+0.0000,+0.0000,+0.0000,+0.0000,+0.0000,+0.0000,+1.0000,+0.0000,+0.0000,+10.0000,+0.0107,-0.2178,+4.3000,+0.0000,+0.0000
953,1.00,1,True,0.0%,0.0%,0.0%,inf,25.7,0.28,0.000,1.0000,0.0000,0.0000,+0.0000,+0.0000,+1.0000,+0.0000,+0.0000,+0.0000,+0.0000,+0.0000,+0.0000,+0.0000,+0.0000,+0.0000,+0.0000,+1.0000,+0.0000,+0.0000,+0.0000,-0.1003,+0.0000,+0.0000,+0.0000,+0.0000
954,0.10,65,True,0.0%,0.0%,0.0%,0.01,9.1,0.92,11.950,0.9897,0.8615,0.9827,+0.0000,+0.0000,+1.0000,+0.0000,+0.0000,+0.0000,+0.0000,+0.0000,+0.0000,+0.0000,-0.9000,+0.0000,+0.0000,+1.0000,+0.0000,+0.0000,+2.0000,+0.0157,-0.3108,+6.5000,+0.0000,+9.0000
955,1.00,1,True,0.0%,0.0%,0.0%,inf,54.9,0.41,0.010,0.6667,1.0000,0.8489,+0.0000,+0.0000,+1.0000,+0.0000,+0.0000,+0.0000,+0.0000,+0.0000,+0.0000,+0.0000,+0.0000,+0.0000,+0.0000,+1.0000,+0.0000,+0.0000,+1.0000,+0.0002,+0.0241,+0.1000,+0.0000,+0.0000
958,1.00,39,True,0.0%,0.0%,0.0%,0.01,29.5,2.47,12.308,0.9060,1.0000,0.9868,+0.0000,+0.0000,+1.0000,+0.0000,+0.0000,+0.0000,+0.0000,+0.0000,+0.0000,+0.0000,+0.0000,+0.0000,+0.0000,+1.0000,+0.0000,+0.0000,+11.0000,+0.0097,-0.2105,+3.9000,+0.0000,+0.0000
959,1.00,1,True,0.0%,0.0%,0.0%,inf,26.3,0.22,0.000,1.0000,0.0000,0.0000,+0.0000,+0.0000,+1.0000,+0.0000,+0.0000,+0.0000,+0.0000,+0.0000,+0.0000,+0.0000,+0.0000,+0.0000,+0.0000,+1.0000,+0.0000,+0.0000,+0.0000,-0.1003,+0.0000,+0.0000,+0.0000,+0.0000
960,-0.00,10,True,0.0%,0.0%,0.0%,0.01,15.7,0.46,16.453,0.8000,1.0000,0.9623,+0.0000,+0.0000,+1.0000,+0.0000,+0.0000,+0.0000,+0.0000,+0.0000,+0.0000,+0.0000,-1.0000,+0.0000,+0.0000,+1.0000,+0.0000,+0.0000,+6.0000,+0.0025,-0.0012,+1.0000,+0.0000,+10.0000
966,0.00,90,False,0.0%,0.0%,0.0%,0.03,25.9,4.03,9.986,0.9963,1.0000,0.9984,+0.0000,+0.0000,+0.0000,+0.0000,+0.0000,+0.0000,+0.0000,+0.0000,+0.0000,+0.0000,+0.0000,+0.0000,+0.0000,+0.0000,+0.0000,+0.0000,+1.0000,+0.0225,-0.7111,+9.0000,+0.0000,+0.0000
968,1.00,1,True,0.0%,0.0%,0.0%,inf,14.3,0.26,0.000,1.0000,0.0000,0.0000,+0.0000,+0.0000,+1.0000,+0.0000,+0.0000,+0.0000,+0.0000,+0.0000,+0.0000,+0.0000,+0.0000,+0.0000,+0.0000,+1.0000,+0.0000,+0.0000,+0.0000,-0.1003,+0.0000,+0.0000,+0.0000,+0.0000
969,1.00,23,True,0.0%,0.0%,0.0%,0.01,57.7,1.87,11.914,0.8986,1.0000,0.9178,+0.0000,+0.0000,+1.0000,+0.0000,+0.0000,+0.0000,+0.0000,+0.0000,+0.0000,+0.0000,+0.0000,+0.0000,+0.0000,+1.0000,+0.0000,+0.0000,+7.0000,+0.0057,+0.2140,+2.3000,+0.0000,+0.0000
971,1.00,1,True,0.0%,0.0%,0.0%,inf,5.5,0.24,0.000,1.0000,0.0000,0.0000,+0.0000,+0.0000,+1.0000,+0.0000,+0.0000,+0.0000,+0.0000,+0.0000,+0.0000,+0.0000,+0.0000,+0.0000,+0.0000,+1.0000,+0.0000,+0.0000,+0.0000,-0.1003,+0.0000,+0.0000,+0.0000,+0.0000
972,1.00,55,True,0.0%,0.0%,0.0%,0.01,12.5,1.08,4.051,0.9758,0.9455,0.9761,+0.0000,+0.0000,+1.0000,+0.0000,+0.0000,+0.0000,+0.0000,+0.0000,+0.0000,+0.0000,+0.0000,+0.0000,+0.0000,+1.0000,+0.0000,+0.0000,+4.0000,-0.1012,-0.1707,+5.5000,+0.0000,+0.0000
973,0.00,1,False,0.0%,0.0%,0.0%,inf,10.0,0.24,0.000,1.0000,0.0000,1.0000,+0.0000,+0.0000,+0.0000,+0.0000,+0.0000,+0.0000,+0.0000,+0.0000,+0.0000,+0.0000,+0.0000,+0.0000,+0.0000,+0.0000,+0.0000,+0.0000,+0.0000,+0.0000,+0.0000,+0.0000,+0.0000,+0.0000
974,1.00,33,True,0.0%,0.0%,0.0%,0.01,10.6,0.84,12.007,0.9697,1.0000,0.9860,+0.0000,+0.0000,+1.0000,+0.0000,+0.0000,+0.0000,+0.0000,+0.0000,+0.0000,+0.0000,+0.0000,+0.0000,+0.0000,+1.0000,+0.0000,+0.0000,+3.0000,+0.0082,-0.1723,+3.3000,+0.0000,+0.0000
975,1.00,1,True,0.0%,0.0%,0.0%,inf,20.6,0.26,0.000,1.0000,0.0000,0.0000,+0.0000,+0.0000,+1.0000,+0.0000,+0.0000,+0.0000,+0.0000,+0.0000,+0.0000,+0.0000,+0.0000,+0.0000,+0.0000,+1.0000,+0.0000,+0.0000,+0.0000,-0.1003,+0.0000,+0.0000,+0.0000,+0.0000
976,1.00,1,True,0.0%,0.0%,0.0%,inf,19.6,0.24,0.000,1.0000,0.0000,0.0000,+0.0000,+0.0000,+1.0000,+0.0000,+0.0000,+0.0000,+0.0000,+0.0000,+0.0000,+0.0000,+0.0000,+0.0000,+0.0000,+1.0000,+0.0000,+0.0000,+0.0000,-0.1003,+0.0000,+0.0000,+0.0000,+0.0000
977,1.00,1,True,0.0%,0.0%,0.0%,inf,11.8,0.23,0.000,1.0000,0.0000,0.0000,+0.0000,+0.0000,+1.0000,+0.0000,+0.0000,+0.0000,+0.0000,+0.0000,+0.0000,+0.0000,+0.0000,+0.0000,+0.0000,+1.0000,+0.0000,+0.0000,+0.0000,-0.1003,+0.0000,+0.0000,+0.0000,+0.0000
979,1.00,1,True,0.0%,0.0%,0.0%,inf,3.7,0.25,0.000,0.6667,0.0000,0.9326,+0.0000,+0.0000,+1.0000,+0.0000,+0.0000,+0.0000,+0.0000,+0.0000,+0.0000,+0.0000,+0.0000,+0.0000,+0.0000,+1.0000,+0.0000,+0.0000,+1.0000,+0.0002,+0.0063,+0.1000,+0.0000,+0.0000
981,-1.90,29,True,0.0%,0.0%,0.0%,0.01,12.9,0.67,17.834,0.8736,1.0000,0.9716,+0.0000,+0.0000,+1.0000,+0.0000,+0.0000,+0.0000,+0.0000,+0.0000,+0.0000,+0.0000,-2.9000,+0.0000,+0.0000,+1.0000,+0.0000,+0.0000,+11.0000,+0.0072,-0.0623,+2.9000,+0.0000,+29.0000
982,1.00,1,True,0.0%,0.0%,0.0%,inf,20.8,0.33,0.000,1.0000,0.0000,0.0000,+0.0000,+0.0000,+1.0000,+0.0000,+0.0000,+0.0000,+0.0000,+0.0000,+0.0000,+0.0000,+0.0000,+0.0000,+0.0000,+1.0000,+0.0000,+0.0000,+0.0000,-0.1003,+0.0000,+0.0000,+0.0000,+0.0000
985,1.00,1,True,0.0%,0.0%,0.0%,inf,14.9,0.19,0.000,1.0000,0.0000,0.0000,+0.0000,+0.0000,+1.0000,+0.0000,+0.0000,+0.0000,+0.0000,+0.0000,+0.0000,+0.0000,+0.0000,+0.0000,+0.0000,+1.0000,+0.0000,+0.0000,+0.0000,-0.1003,+0.0000,+0.0000,+0.0000,+0.0000
986,1.00,89,True,0.0%,0.0%,0.0%,0.01,14.9,1.98,7.267,0.8951,0.9326,0.8631,+0.0000,+0.0000,+1.0000,+0.0000,+0.0000,+0.0000,+0.0000,+0.0000,+0.0000,+0.0000,+0.0000,+0.0000,+0.0000,+1.0000,+0.0000,+0.0000,+28.0000,+0.0206,+1.6910,+8.9000,+0.0000,+0.0000
987,0.00,90,False,0.0%,0.0%,0.0%,0.28,17.9,2.23,4.714,0.9815,0.9778,0.9766,+0.0000,+0.0000,+0.0000,+0.0000,+0.0000,+0.0000,+0.0000,+0.0000,+0.0000,+0.0000,+0.0000,+0.0000,+0.0000,+0.0000,+0.0000,+0.0000,+5.0000,+0.0221,-0.2893,+9.0000,+0.0000,+0.0000
988,0.00,1,False,0.0%,0.0%,0.0%,inf,18.7,0.26,0.000,1.0000,0.0000,1.0000,+0.0000,+0.0000,+0.0000,+0.0000,+0.0000,+0.0000,+0.0000,+0.0000,+0.0000,+0.0000,+0.0000,+0.0000,+0.0000,+0.0000,+0.0000,+0.0000,+0.0000,+0.0000,+0.0000,+0.0000,+0.0000,+0.0000
989,1.00,90,True,0.0%,0.0%,0.0%,0.01,25.0,3.37,4.799,0.9852,1.0000,0.9823,+0.0000,+0.0000,+1.0000,+0.0000,+0.0000,+0.0000,+0.0000,+0.0000,+0.0000,+0.0000,+0.0000,+0.0000,+0.0000,+1.0000,+0.0000,+0.0000,+4.0000,+0.0222,-0.3971,+9.0000,+0.0000,+0.0000
990,0.00,90,False,0.0%,0.0%,0.0%,0.01,22.9,2.93,7.455,0.9111,1.0000,0.9366,+0.0000,+0.0000,+0.0000,+0.0000,+0.0000,+0.0000,+0.0000,+0.0000,+0.0000,+0.0000,+0.0000,+0.0000,+0.0000,+0.0000,+0.0000,+0.0000,+24.0000,+0.0221,+0.4664,+9.0000,+0.0000,+0.0000
991,1.00,1,True,0.0%,0.0%,0.0%,inf,27.5,0.22,0.000,1.0000,0.0000,0.0000,+0.0000,+0.0000,+1.0000,+0.0000,+0.0000,+0.0000,+0.0000,+0.0000,+0.0000,+0.0000,+0.0000,+0.0000,+0.0000,+1.0000,+0.0000,+0.0000,+0.0000,-0.1003,+0.0000,+0.0000,+0.0000,+0.0000
995,-4.40,54,True,0.0%,0.0%,0.0%,0.01,16.7,1.80,19.727,0.9074,1.0000,0.9879,+0.0000,+0.0000,+1.0000,+0.0000,+0.0000,+0.0000,+0.0000,+0.0000,+0.0000,+0.0000,-5.4000,+0.0000,+0.0000,+1.0000,+0.0000,+0.0000,+15.0000,+0.0134,-0.3037,+5.4000,+0.0000,+54.0000
996,-5.80,83,True,0.0%,0.0%,0.0%,0.01,24.6,2.73,15.530,0.9639,1.0000,0.9763,+0.0000,+0.0000,+1.0000,+0.0000,+0.0000,+0.0000,+0.0000,+0.0000,+0.0000,+0.0000,-6.8000,+0.0000,+0.0000,+1.0000,+0.0000,+0.0000,+9.0000,+0.0207,-0.2645,+8.3000,+0.0000,+68.0000
997,1.00,1,True,0.0%,0.0%,0.0%,inf,24.4,0.31,0.000,0.6667,1.0000,0.9696,+0.0000,+0.0000,+1.0000,+0.0000,+0.0000,+0.0000,+0.0000,+0.0000,+0.0000,+0.0000,+0.0000,+0.0000,+0.0000,+1.0000,+0.0000,+0.0000,+1.0000,+0.0002,-0.0017,+0.1000,+0.0000,+0.0000
998,0.00,90,False,0.0%,0.0%,0.0%,0.03,18.5,2.65,6.424,0.8148,0.9333,0.9542,+0.0000,+0.0000,+0.0000,+0.0000,+0.0000,+0.0000,+0.0000,+0.0000,+0.0000,+0.0000,+0.0000,+0.0000,+0.0000,+0.0000,+0.0000,+0.0000,+50.0000,-1.5011,+0.1029,+9.0000,+0.0000,+0.0000
999,0.00,90,False,0.0%,0.0%,0.0%,0.27,27.1,3.58,3.144,0.9519,0.7444,0.7896,+0.0000,+0.0000,+0.0000,+0.0000,+0.0000,+0.0000,+0.0000,+0.0000,+0.0000,+0.0000,+0.0000,+0.0000,+0.0000,+0.0000,+0.0000,+0.0000,+13.0000,-3.1319,+2.4676,+8.0000,+0.0000,+0.0000
