map_id,total_reward,num_steps,goal_reached,collision_rate,at_fault_collision_rate,offroad_rate,final_goal_distance,avg_planning_time_ms,total_time_s,mean_speed_mps,score_comfort,score_l_align,score_l_center,r_collision,r_offroad,r_goal,r_jerk_legacy,r_velocity,r_comfort,r_l_align,r_l_center,r_timestep,r_reverse,r_speed_limit,raw_collision,raw_offroad,raw_goal,raw_jerk_legacy,raw_velocity,raw_comfort,raw_l_align,raw_l_center,raw_timestep,raw_reverse,raw_speed_limit
3,-0.00,90,False,0.0%,0.0%,0.0%,0.13,1.0,7.16,6.786,0.9444,0.9444,0.8955,+0.0000,+0.0000,+0.0000,+0.0000,+0.0000,+0.0000,-0.0003,-0.0003,+0.0000,+0.0000,+0.0000,+0.0000,+0.0000,+0.0000,+0.0000,+0.0000,+15.0000,-1.6650,+1.2413,+9.0000,+0.0000,+0.0000
5,0.20,8,True,0.0%,0.0%,0.0%,0.01,0.6,5.25,19.899,0.8750,0.6250,0.8789,+0.0000,+0.0000,+1.0000,+0.0000,+0.0000,+0.0000,+0.0000,-0.0000,+0.0000,+0.0000,-0.8000,+0.0000,+0.0000,+1.0000,+0.0000,+0.0000,+3.0000,+0.0020,+0.1418,+0.8000,+0.0000,+8.0000
6,1.00,1,True,0.0%,0.0%,0.0%,inf,1.1,4.87,0.000,0.3333,1.0000,0.9924,+0.0000,+0.0000,+1.0000,+0.0000,+0.0000,+0.0000,+0.0000,+0.0000,+0.0000,+0.0000,+0.0000,+0.0000,+0.0000,+1.0000,+0.0000,+0.0000,+2.0000,+0.0002,-0.0066,+0.1000,+0.1000,+0.0000
7,-0.70,85,True,0.0%,0.0%,0.0%,0.01,0.8,6.62,13.007,0.9255,0.7765,0.6612,+0.0000,+0.0000,+1.0000,+0.0000,+0.0000,+0.0000,-0.0014,-0.0012,+0.0000,+0.0000,-1.7000,+0.0000,+0.0000,+1.0000,+0.0000,+0.0000,+19.0000,-8.8065,+4.9559,+8.5000,+0.0000,+17.0000
9,-0.00,90,False,0.0%,0.0%,0.0%,0.06,0.6,5.94,5.416,0.9074,0.9333,0.8483,+0.0000,+0.0000,+0.0000,+0.0000,+0.0000,+0.0000,-0.0001,-0.0005,+0.0000,+0.0000,+0.0000,+0.0000,+0.0000,+0.0000,+0.0000,+0.0000,+25.0000,-0.6263,+1.9228,+9.0000,+0.0000,+0.0000
10,-2.10,86,True,0.0%,0.0%,0.0%,0.02,0.7,6.49,13.299,0.9961,0.9535,0.7468,+0.0000,+0.0000,+1.0000,+0.0000,+0.0000,+0.0000,+0.0000,-0.0010,+0.0000,+0.0000,-3.1000,+0.0000,+0.0000,+1.0000,+0.0000,+0.0000,+1.0000,+0.0152,+3.8937,+8.6000,+0.0000,+31.0000
12,1.00,12,True,0.0%,0.0%,0.0%,0.01,0.6,5.37,2.777,0.9167,1.0000,0.7636,+0.0000,+0.0000,+1.0000,+0.0000,+0.0000,+0.0000,+0.0000,-0.0001,+0.0000,+0.0000,+0.0000,+0.0000,+0.0000,+1.0000,+0.0000,+0.0000,+3.0000,+0.0028,+0.5053,+1.2000,+0.0000,+0.0000
13,1.00,1,True,0.0%,0.0%,0.0%,inf,1.1,4.92,0.121,0.6667,1.0000,0.8213,+0.0000,+0.0000,+1.0000,+0.0000,+0.0000,+0.0000,+0.0000,-0.0000,+0.0000,-0.0001,+0.0000,+0.0000,+0.0000,+1.0000,+0.0000,+0.0000,+1.0000,+0.0002,+0.0300,+0.1000,+0.1000,+0.0000
15,-0.00,90,False,0.0%,0.0%,0.0%,0.08,0.5,5.02,4.860,0.9370,1.0000,0.8250,+0.0000,+0.0000,+0.0000,+0.0000,+0.0000,+0.0000,+0.0000,-0.0007,+0.0000,+0.0000,+0.0000,+0.0000,+0.0000,+0.0000,+0.0000,+0.0000,+17.0000,+0.0217,+2.6158,+9.0000,+0.0000,+0.0000
17,1.00,1,True,0.0%,0.0%,0.0%,inf,1.1,4.85,0.000,0.6667,0.0000,0.0000,+0.0000,+0.0000,+1.0000,+0.0000,+0.0000,+0.0000,-0.0001,+0.0000,+0.0000,+0.0000,+0.0000,+0.0000,+0.0000,+1.0000,+0.0000,+0.0000,+1.0000,-0.1270,+0.0000,+0.1000,+0.0000,+0.0000
18,1.00,1,True,0.0%,0.0%,0.0%,inf,0.9,4.75,0.000,0.6667,0.0000,0.0000,+0.0000,+0.0000,+1.0000,+0.0000,+0.0000,+0.0000,-0.0001,+0.0000,+0.0000,-0.0001,+0.0000,+0.0000,+0.0000,+1.0000,+0.0000,+0.0000,+1.0000,-0.1270,+0.0000,+0.1000,+0.1000,+0.0000
21,1.00,1,True,0.0%,0.0%,0.0%,inf,1.1,4.88,0.000,0.3333,0.0000,0.0000,+0.0000,+0.0000,+1.0000,+0.0000,+0.0000,+0.0000,-0.0001,+0.0000,+0.0000,-0.0001,+0.0000,+0.0000,+0.0000,+1.0000,+0.0000,+0.0000,+2.0000,-0.1403,+0.0000,+0.1000,+0.1000,+0.0000
22,1.00,1,True,0.0%,0.0%,0.0%,inf,1.0,4.72,0.000,0.6667,1.0000,0.7908,+0.0000,+0.0000,+1.0000,+0.0000,+0.0000,+0.0000,+0.0000,-0.0000,+0.0000,+0.0000,+0.0000,+0.0000,+0.0000,+1.0000,+0.0000,+0.0000,+1.0000,+0.0002,+0.0364,+0.1000,+0.0000,+0.0000
24,1.00,1,True,0.0%,0.0%,0.0%,inf,1.0,5.12,0.000,0.6667,0.0000,0.0000,+0.0000,+0.0000,+1.0000,+0.0000,+0.0000,+0.0000,-0.0001,+0.0000,+0.0000,+0.0000,+0.0000,+0.0000,+0.0000,+1.0000,+0.0000,+0.0000,+1.0000,-0.1270,+0.0000,+0.1000,+0.0000,+0.0000
27,0.00,1,False,0.0%,0.0%,0.0%,inf,1.1,4.92,0.000,1.0000,0.0000,1.0000,+0.0000,+0.0000,+0.0000,+0.0000,+0.0000,+0.0000,+0.0000,+0.0000,+0.0000,+0.0000,+0.0000,+0.0000,+0.0000,+0.0000,+0.0000,+0.0000,+0.0000,+0.0000,+0.0000,+0.0000,+0.0000,+0.0000
28,-2.90,75,True,0.0%,0.0%,0.0%,0.01,0.6,5.40,15.399,0.9644,0.9733,0.6627,+0.0000,+0.0000,+1.0000,+0.0000,+0.0000,+0.0000,-0.0000,-0.0011,+0.0000,+0.0000,-3.9000,+0.0000,+0.0000,+1.0000,+0.0000,+0.0000,+8.0000,-0.1766,+4.5124,+7.5000,+0.0000,+39.0000
29,1.00,1,True,0.0%,0.0%,0.0%,inf,0.9,4.97,0.666,0.0000,0.0000,0.5074,+0.0000,+0.0000,+1.0000,+0.0000,+0.0000,+0.0000,+0.0000,-0.0000,+0.0000,-0.0001,+0.0000,+0.0000,+0.0000,+1.0000,+0.0000,+0.0000,+3.0000,+0.0001,+0.0954,+0.1000,+0.1000,+0.0000
31,1.00,1,True,0.0%,0.0%,0.0%,inf,1.0,4.58,0.000,0.6667,0.0000,0.0000,+0.0000,+0.0000,+1.0000,+0.0000,+0.0000,+0.0000,-0.0001,+0.0000,+0.0000,+0.0000,+0.0000,+0.0000,+0.0000,+1.0000,+0.0000,+0.0000,+1.0000,-0.1270,+0.0000,+0.1000,+0.0000,+0.0000
32,1.00,1,True,0.0%,0.0%,0.0%,inf,1.0,5.10,0.000,0.6667,0.0000,0.0000,+0.0000,+0.0000,+1.0000,+0.0000,+0.0000,+0.0000,-0.0001,+0.0000,+0.0000,+0.0000,+0.0000,+0.0000,+0.0000,+1.0000,+0.0000,+0.0000,+1.0000,-0.1136,+0.0000,+0.1000,+0.0000,+0.0000
33,0.00,1,False,0.0%,0.0%,0.0%,inf,1.1,4.97,0.000,1.0000,0.0000,1.0000,+0.0000,+0.0000,+0.0000,+0.0000,+0.0000,+0.0000,+0.0000,+0.0000,+0.0000,+0.0000,+0.0000,+0.0000,+0.0000,+0.0000,+0.0000,+0.0000,+0.0000,+0.0000,+0.0000,+0.0000,+0.0000,+0.0000
35,-1.27,37,False,100.0%,100.0%,0.0%,0.34,0.8,4.79,7.942,0.8739,1.0000,0.4880,-1.2693,+0.0000,+0.0000,+0.0000,+0.0000,+0.0000,+0.0000,-0.0009,+0.0000,+0.0000,+0.0000,+1.0000,+0.0000,+0.0000,+0.0000,+0.0000,+14.0000,+0.0091,+3.6775,+3.7000,+0.0000,+0.0000
37,-6.70,77,True,0.0%,0.0%,0.0%,0.01,0.5,5.04,24.843,0.9913,0.9740,0.8843,+0.0000,+0.0000,+1.0000,+0.0000,+0.0000,+0.0000,-0.0003,-0.0003,+0.0000,+0.0000,-7.7000,+0.0000,+0.0000,+1.0000,+0.0000,+0.0000,+2.0000,-1.9811,+1.2362,+7.7000,+0.0000,+77.0000
39,-0.20,81,False,0.0%,0.0%,100.0%,0.23,0.6,5.79,9.943,0.9136,0.6420,0.5952,+0.0000,-0.2000,+0.0000,+0.0000,+0.0000,+0.0000,-0.0019,-0.0011,+0.0000,+0.0000,+0.0000,+0.0000,+1.0000,+0.0000,+0.0000,+0.0000,+21.0000,-11.6363,+4.5751,+8.1000,+0.0000,+0.0000
42,-2.90,85,True,0.0%,0.0%,0.0%,0.02,0.7,6.65,15.152,0.9569,1.0000,0.9559,+0.0000,+0.0000,+1.0000,+0.0000,+0.0000,+0.0000,+0.0000,-0.0000,+0.0000,+0.0000,-3.9000,+0.0000,+0.0000,+1.0000,+0.0000,+0.0000,+11.0000,+0.0211,+0.1042,+8.5000,+0.0000,+39.0000
45,1.00,1,True,0.0%,0.0%,0.0%,inf,1.1,5.21,0.000,0.6667,1.0000,0.9028,+0.0000,+0.0000,+1.0000,+0.0000,+0.0000,+0.0000,+0.0000,-0.0000,+0.0000,+0.0000,+0.0000,+0.0000,+0.0000,+1.0000,+0.0000,+0.0000,+1.0000,+0.0002,+0.0127,+0.1000,+0.0000,+0.0000
46,-0.96,25,False,100.0%,100.0%,0.0%,0.39,0.6,5.10,9.789,0.7067,0.4400,0.7467,-0.9625,+0.0000,+0.0000,+0.0000,+0.0000,+0.0000,-0.0002,-0.0002,+0.0000,+0.0000,+0.0000,+1.0000,+0.0000,+0.0000,+0.0000,+0.0000,+22.0000,-1.1152,+0.7068,+2.5000,+0.0000,+0.0000
48,1.00,1,True,0.0%,0.0%,0.0%,inf,1.1,4.97,0.000,0.6667,0.0000,0.0000,+0.0000,+0.0000,+1.0000,+0.0000,+0.0000,+0.0000,-0.0001,+0.0000,+0.0000,+0.0000,+0.0000,+0.0000,+0.0000,+1.0000,+0.0000,+0.0000,+1.0000,-0.1270,+0.0000,+0.1000,+0.0000,+0.0000
49,1.00,1,True,0.0%,0.0%,0.0%,inf,1.1,4.75,0.000,0.6667,0.0000,0.0000,+0.0000,+0.0000,+1.0000,+0.0000,+0.0000,+0.0000,-0.0001,+0.0000,+0.0000,+0.0000,+0.0000,+0.0000,+0.0000,+1.0000,+0.0000,+0.0000,+1.0000,-0.1270,+0.0000,+0.1000,+0.0000,+0.0000
50,1.00,1,True,0.0%,0.0%,0.0%,inf,1.1,5.17,0.039,0.6667,1.0000,0.9887,+0.0000,+0.0000,+1.0000,+0.0000,+0.0000,+0.0000,+0.0000,+0.0000,+0.0000,-0.0001,+0.0000,+0.0000,+0.0000,+1.0000,+0.0000,+0.0000,+1.0000,+0.0002,-0.0058,+0.1000,+0.1000,+0.0000
53,0.30,87,True,0.0%,0.0%,0.0%,0.01,0.6,5.32,10.265,0.9617,1.0000,0.8544,+0.0000,+0.0000,+1.0000,+0.0000,+0.0000,+0.0000,+0.0000,-0.0005,+0.0000,+0.0000,-0.7000,+0.0000,+0.0000,+1.0000,+0.0000,+0.0000,+10.0000,+0.0216,+1.9867,+8.7000,+0.0000,+7.0000
54,1.00,1,True,0.0%,0.0%,0.0%,inf,1.1,5.13,0.000,1.0000,0.0000,0.0000,+0.0000,+0.0000,+1.0000,+0.0000,+0.0000,+0.0000,-0.0001,+0.0000,+0.0000,+0.0000,+0.0000,+0.0000,+0.0000,+1.0000,+0.0000,+0.0000,+0.0000,-0.1003,+0.0000,+0.0000,+0.0000,+0.0000
55,-0.00,90,False,0.0%,0.0%,0.0%,0.12,0.6,5.07,7.719,0.9407,0.9556,0.9464,+0.0000,+0.0000,+0.0000,+0.0000,+0.0000,+0.0000,+0.0000,-0.0001,+0.0000,+0.0000,+0.0000,+0.0000,+0.0000,+0.0000,+0.0000,+0.0000,+16.0000,-0.0038,+0.2836,+9.0000,+0.0000,+0.0000
57,-5.10,61,True,0.0%,0.0%,0.0%,0.01,0.6,5.79,21.300,0.9836,0.9344,0.8559,+0.0000,+0.0000,+1.0000,+0.0000,+0.0000,+0.0000,-0.0002,-0.0003,+0.0000,+0.0000,-6.1000,+0.0000,+0.0000,+1.0000,+0.0000,+0.0000,+3.0000,-1.4481,+1.3295,+6.1000,+0.0000,+61.0000
58,1.00,1,True,0.0%,0.0%,0.0%,inf,1.2,5.19,3.499,0.6667,1.0000,0.5050,+0.0000,+0.0000,+1.0000,+0.0000,+0.0000,+0.0000,+0.0000,-0.0000,+0.0000,+0.0000,+0.0000,+0.0000,+0.0000,+1.0000,+0.0000,+0.0000,+1.0000,+0.0002,+0.0959,+0.1000,+0.0000,+0.0000
59,0.00,1,False,0.0%,0.0%,0.0%,inf,1.1,5.21,0.000,1.0000,0.0000,1.0000,+0.0000,+0.0000,+0.0000,+0.0000,+0.0000,+0.0000,+0.0000,+0.0000,+0.0000,+0.0000,+0.0000,+0.0000,+0.0000,+0.0000,+0.0000,+0.0000,+0.0000,+0.0000,+0.0000,+0.0000,+0.0000,+0.0000
66,-2.10,90,False,0.0%,0.0%,0.0%,0.02,0.7,6.71,12.478,0.9185,0.8000,0.7189,+0.0000,+0.0000,+0.0000,+0.0000,+0.0000,+0.0000,-0.0001,-0.0010,+0.0000,+0.0000,-2.1000,+0.0000,+0.0000,+0.0000,+0.0000,+0.0000,+22.0000,-0.6405,+4.1725,+9.0000,+0.0000,+21.0000
68,1.00,1,True,0.0%,0.0%,0.0%,inf,1.2,4.96,0.000,0.6667,1.0000,0.0692,+0.0000,+0.0000,+1.0000,+0.0000,+0.0000,+0.0000,+0.0000,-0.0000,+0.0000,+0.0000,+0.0000,+0.0000,+0.0000,+1.0000,+0.0000,+0.0000,+1.0000,+0.0002,+0.1849,+0.1000,+0.0000,+0.0000
70,-1.50,34,True,0.0%,0.0%,0.0%,0.02,0.6,5.25,16.093,0.9412,1.0000,0.8944,+0.0000,+0.0000,+1.0000,+0.0000,+0.0000,+0.0000,+0.0000,-0.0001,+0.0000,+0.0000,-2.5000,+0.0000,+0.0000,+1.0000,+0.0000,+0.0000,+6.0000,+0.0085,+0.4910,+3.4000,+0.0000,+25.0000
71,1.00,72,True,0.0%,0.0%,0.0%,0.01,0.7,6.01,8.557,0.7917,0.7639,0.7812,+0.0000,+0.0000,+1.0000,+0.0000,+0.0000,+0.0000,-0.0013,-0.0005,+0.0000,+0.0000,+0.0000,+0.0000,+0.0000,+1.0000,+0.0000,+0.0000,+45.0000,-6.2625,+1.9867,+7.2000,+0.0000,+0.0000
73,-1.10,90,False,0.0%,0.0%,0.0%,0.05,0.7,6.33,10.691,0.9370,0.9556,0.9244,+0.0000,+0.0000,+0.0000,+0.0000,+0.0000,+0.0000,-0.0000,-0.0002,+0.0000,+0.0000,-1.1000,+0.0000,+0.0000,+0.0000,+0.0000,+0.0000,+17.0000,-0.3690,+0.6950,+9.0000,+0.0000,+11.0000
74,1.00,1,True,0.0%,0.0%,0.0%,inf,1.1,4.98,0.000,0.6667,0.0000,0.0000,+0.0000,+0.0000,+1.0000,+0.0000,+0.0000,+0.0000,-0.0001,+0.0000,+0.0000,+0.0000,+0.0000,+0.0000,+0.0000,+1.0000,+0.0000,+0.0000,+1.0000,-0.1270,+0.0000,+0.1000,+0.0000,+0.0000
75,-0.00,90,False,0.0%,0.0%,0.0%,0.23,0.5,5.31,6.631,0.9926,0.9333,0.9441,+0.0000,+0.0000,+0.0000,+0.0000,+0.0000,+0.0000,-0.0001,-0.0001,+0.0000,+0.0000,+0.0000,+0.0000,+0.0000,+0.0000,+0.0000,+0.0000,+2.0000,-0.4350,+0.3276,+9.0000,+0.0000,+0.0000
76,-2.12,13,False,100.0%,100.0%,0.0%,0.12,0.6,4.98,15.034,0.9487,0.7692,0.9660,-1.5165,+0.0000,+0.0000,+0.0000,+0.0000,+0.0000,+0.0000,+0.0000,+0.0000,+0.0000,-0.6000,+1.0000,+0.0000,+0.0000,+0.0000,+0.0000,+2.0000,-0.0085,-0.0170,+1.3000,+0.0000,+6.0000
77,1.00,1,True,0.0%,0.0%,0.0%,inf,0.9,5.06,0.916,0.6667,0.0000,0.0000,+0.0000,+0.0000,+1.0000,+0.0000,+0.0000,+0.0000,-0.0001,+0.0000,+0.0000,+0.0000,+0.0000,+0.0000,+0.0000,+1.0000,+0.0000,+0.0000,+1.0000,-0.2186,+0.0000,+0.1000,+0.0000,+0.0000
78,1.00,1,True,0.0%,0.0%,0.0%,inf,0.9,4.59,0.000,0.3333,0.0000,0.0000,+0.0000,+0.0000,+1.0000,+0.0000,+0.0000,+0.0000,-0.0001,+0.0000,+0.0000,-0.0001,+0.0000,+0.0000,+0.0000,+1.0000,+0.0000,+0.0000,+2.0000,-0.1403,+0.0000,+0.1000,+0.1000,+0.0000
79,1.00,1,True,0.0%,0.0%,0.0%,inf,0.9,4.76,0.000,0.6667,0.0000,0.0000,+0.0000,+0.0000,+1.0000,+0.0000,+0.0000,+0.0000,-0.0001,+0.0000,+0.0000,-0.0001,+0.0000,+0.0000,+0.0000,+1.0000,+0.0000,+0.0000,+1.0000,-0.1270,+0.0000,+0.1000,+0.1000,+0.0000
82,-2.00,90,False,0.0%,0.0%,0.0%,0.13,0.8,6.60,12.435,0.7704,0.7556,0.7078,+0.0000,+0.0000,+0.0000,+0.0000,+0.0000,+0.0000,-0.0024,-0.0010,+0.0000,+0.0000,-2.0000,+0.0000,+0.0000,+0.0000,+0.0000,+0.0000,+62.0000,-13.9463,+3.8384,+9.0000,+0.0000,+20.0000
85,0.00,1,False,0.0%,0.0%,0.0%,inf,0.9,4.86,0.000,1.0000,0.0000,1.0000,+0.0000,+0.0000,+0.0000,+0.0000,+0.0000,+0.0000,+0.0000,+0.0000,+0.0000,+0.0000,+0.0000,+0.0000,+0.0000,+0.0000,+0.0000,+0.0000,+0.0000,+0.0000,+0.0000,+0.0000,+0.0000,+0.0000
86,1.00,1,True,0.0%,0.0%,0.0%,inf,0.9,5.06,0.000,0.3333,0.0000,0.0000,+0.0000,+0.0000,+1.0000,+0.0000,+0.0000,+0.0000,-0.0001,+0.0000,+0.0000,-0.0001,+0.0000,+0.0000,+0.0000,+1.0000,+0.0000,+0.0000,+2.0000,-0.1403,+0.0000,+0.1000,+0.1000,+0.0000
88,0.00,1,False,0.0%,0.0%,0.0%,inf,0.9,4.51,0.000,1.0000,0.0000,1.0000,+0.0000,+0.0000,+0.0000,+0.0000,+0.0000,+0.0000,+0.0000,+0.0000,+0.0000,+0.0000,+0.0000,+0.0000,+0.0000,+0.0000,+0.0000,+0.0000,+0.0000,+0.0000,+0.0000,+0.0000,+0.0000,+0.0000
89,1.00,1,True,0.0%,0.0%,0.0%,inf,0.9,4.66,0.000,0.3333,0.0000,0.0000,+0.0000,+0.0000,+1.0000,+0.0000,+0.0000,+0.0000,-0.0001,+0.0000,+0.0000,-0.0001,+0.0000,+0.0000,+0.0000,+1.0000,+0.0000,+0.0000,+2.0000,-0.1403,+0.0000,+0.1000,+0.1000,+0.0000
90,1.00,1,True,0.0%,0.0%,0.0%,inf,1.0,4.64,1.112,0.6667,1.0000,0.7566,+0.0000,+0.0000,+1.0000,+0.0000,+0.0000,+0.0000,+0.0000,-0.0000,+0.0000,+0.0000,+0.0000,+0.0000,+0.0000,+1.0000,+0.0000,+0.0000,+1.0000,+0.0002,+0.0436,+0.1000,+0.0000,+0.0000
93,1.00,1,True,0.0%,0.0%,0.0%,inf,1.2,5.04,2.034,0.6667,1.0000,0.8876,+0.0000,+0.0000,+1.0000,+0.0000,+0.0000,+0.0000,+0.0000,-0.0000,+0.0000,+0.0000,+0.0000,+0.0000,+0.0000,+1.0000,+0.0000,+0.0000,+1.0000,+0.0002,+0.0159,+0.1000,+0.0000,+0.0000
96,1.00,1,True,0.0%,0.0%,0.0%,inf,1.1,5.46,0.000,0.6667,0.0000,0.0000,+0.0000,+0.0000,+1.0000,+0.0000,+0.0000,+0.0000,-0.0001,+0.0000,+0.0000,+0.0000,+0.0000,+0.0000,+0.0000,+1.0000,+0.0000,+0.0000,+1.0000,-0.1270,+0.0000,+0.1000,+0.0000,+0.0000
97,-0.00,90,False,0.0%,0.0%,0.0%,0.02,0.6,7.53,10.055,0.7630,0.9333,0.7811,+0.0000,+0.0000,+0.0000,+0.0000,+0.0000,+0.0000,-0.0004,-0.0008,+0.0000,+0.0000,+0.0000,+0.0000,+0.0000,+0.0000,+0.0000,+0.0000,+64.0000,-2.1144,+3.2576,+9.0000,+0.0000,+0.0000
98,1.00,1,True,0.0%,0.0%,0.0%,inf,1.1,5.44,0.000,0.3333,0.0000,0.0000,+0.0000,+0.0000,+1.0000,+0.0000,+0.0000,+0.0000,-0.0001,+0.0000,+0.0000,-0.0001,+0.0000,+0.0000,+0.0000,+1.0000,+0.0000,+0.0000,+2.0000,-0.1403,+0.0000,+0.1000,+0.1000,+0.0000
100,-5.90,73,True,0.0%,0.0%,0.0%,0.01,0.5,4.78,17.155,0.8813,0.9726,0.6055,+0.0000,+0.0000,+1.0000,+0.0000,+0.0000,+0.0000,+0.0000,-0.0014,+0.0000,+0.0000,-6.9000,+0.0000,+0.0000,+1.0000,+0.0000,+0.0000,+26.0000,+0.0178,+5.4692,+7.3000,+0.0000,+69.0000
101,-2.10,31,True,0.0%,0.0%,0.0%,0.01,0.6,4.78,20.601,0.9677,1.0000,0.6131,+0.0000,+0.0000,+1.0000,+0.0000,+0.0000,+0.0000,+0.0000,-0.0006,+0.0000,+0.0000,-3.1000,+0.0000,+0.0000,+1.0000,+0.0000,+0.0000,+3.0000,+0.0076,+2.2648,+3.1000,+0.0000,+31.0000
105,-0.00,90,False,0.0%,0.0%,0.0%,0.45,0.6,5.92,7.122,0.9630,0.9889,0.9366,+0.0000,+0.0000,+0.0000,+0.0000,+0.0000,+0.0000,-0.0001,-0.0001,+0.0000,+0.0000,+0.0000,+0.0000,+0.0000,+0.0000,+0.0000,+0.0000,+10.0000,-0.6765,+0.4792,+9.0000,+0.0000,+0.0000
107,-3.40,90,False,0.0%,0.0%,0.0%,0.40,0.7,6.15,13.718,0.9963,0.9333,0.6571,+0.0000,+0.0000,+0.0000,+0.0000,+0.0000,+0.0000,-0.0000,-0.0014,+0.0000,+0.0000,-3.4000,+0.0000,+0.0000,+0.0000,+0.0000,+0.0000,+1.0000,-0.3390,+5.6987,+9.0000,+0.0000,+34.0000
108,-0.00,90,False,0.0%,0.0%,0.0%,0.22,0.6,5.41,1.663,0.9111,0.9222,0.7920,+0.0000,+0.0000,+0.0000,+0.0000,+0.0000,+0.0000,-0.0004,-0.0008,+0.0000,+0.0000,+0.0000,+0.0000,+0.0000,+0.0000,+0.0000,+0.0000,+24.0000,-0.8419,+3.1873,+9.0000,+0.0000,+0.0000
110,-1.20,69,True,0.0%,0.0%,0.0%,0.01,0.8,6.06,12.599,0.8841,0.8116,0.7040,+0.0000,+0.0000,+1.0000,+0.0000,+0.0000,+0.0000,-0.0003,-0.0009,+0.0000,+0.0000,-2.2000,+0.0000,+0.0000,+1.0000,+0.0000,+0.0000,+24.0000,-1.5820,+3.5283,+6.9000,+0.0000,+22.0000
114,-0.00,90,False,0.0%,0.0%,0.0%,0.12,0.7,5.62,8.261,0.9370,0.8778,0.8757,+0.0000,+0.0000,+0.0000,+0.0000,+0.0000,+0.0000,-0.0006,-0.0004,+0.0000,+0.0000,+0.0000,+0.0000,+0.0000,+0.0000,+0.0000,+0.0000,+17.0000,-3.1993,+1.5309,+9.0000,+0.0000,+0.0000
115,-0.00,90,False,0.0%,0.0%,0.0%,0.16,0.6,5.64,7.069,0.9074,0.9556,0.8681,+0.0000,+0.0000,+0.0000,+0.0000,+0.0000,+0.0000,+0.0000,-0.0004,+0.0000,+0.0000,+0.0000,+0.0000,+0.0000,+0.0000,+0.0000,+0.0000,+25.0000,+0.0003,+1.7498,+9.0000,+0.0000,+0.0000
118,1.00,48,True,0.0%,0.0%,0.0%,0.01,0.6,5.22,8.485,0.9306,0.8333,0.5753,+0.0000,+0.0000,+1.0000,+0.0000,+0.0000,+0.0000,-0.0007,-0.0008,+0.0000,+0.0000,+0.0000,+0.0000,+0.0000,+1.0000,+0.0000,+0.0000,+10.0000,-3.6916,+3.3898,+4.8000,+0.0000,+0.0000
119,1.00,1,True,0.0%,0.0%,0.0%,inf,1.2,4.85,0.000,0.3333,0.0000,0.0000,+0.0000,+0.0000,+1.0000,+0.0000,+0.0000,+0.0000,-0.0001,+0.0000,+0.0000,-0.0001,+0.0000,+0.0000,+0.0000,+1.0000,+0.0000,+0.0000,+2.0000,-0.1403,+0.0000,+0.1000,+0.1000,+0.0000
120,-0.00,90,False,0.0%,0.0%,0.0%,0.18,0.7,5.29,8.166,0.9815,1.0000,0.6579,+0.0000,+0.0000,+0.0000,+0.0000,+0.0000,+0.0000,+0.0000,-0.0014,+0.0000,+0.0000,+0.0000,+0.0000,+0.0000,+0.0000,+0.0000,+0.0000,+5.0000,+0.0223,+5.7726,+9.0000,+0.0000,+0.0000
121,-0.00,90,False,0.0%,0.0%,0.0%,0.22,0.7,5.18,0.825,1.0000,1.0000,0.8505,+0.0000,+0.0000,+0.0000,+0.0000,+0.0000,+0.0000,+0.0000,-0.0005,+0.0000,+0.0000,+0.0000,+0.0000,+0.0000,+0.0000,+0.0000,+0.0000,+0.0000,+0.0220,+2.1395,+9.0000,+0.0000,+0.0000
122,0.00,1,False,0.0%,0.0%,0.0%,inf,1.1,5.55,0.000,1.0000,0.0000,1.0000,+0.0000,+0.0000,+0.0000,+0.0000,+0.0000,+0.0000,+0.0000,+0.0000,+0.0000,+0.0000,+0.0000,+0.0000,+0.0000,+0.0000,+0.0000,+0.0000,+0.0000,+0.0000,+0.0000,+0.0000,+0.0000,+0.0000
124,0.00,90,False,0.0%,0.0%,0.0%,0.01,0.6,5.36,2.388,0.8519,1.0000,0.9635,+0.0000,+0.0000,+0.0000,+0.0000,+0.0000,+0.0000,+0.0000,+0.0000,+0.0000,+0.0000,+0.0000,+0.0000,+0.0000,+0.0000,+0.0000,+0.0000,+40.0000,+0.0223,-0.0341,+9.0000,+1.3000,+0.0000
131,-0.20,63,True,0.0%,0.0%,0.0%,0.01,0.7,5.36,11.653,0.8201,0.8571,0.9066,+0.0000,+0.0000,+1.0000,+0.0000,+0.0000,+0.0000,+0.0000,-0.0002,+0.0000,+0.0000,-1.2000,+0.0000,+0.0000,+1.0000,+0.0000,+0.0000,+34.0000,+0.0150,+0.7290,+6.3000,+0.0000,+12.0000
132,1.00,65,True,0.0%,0.0%,0.0%,0.01,0.8,5.87,7.985,0.9897,0.9231,0.8740,+0.0000,+0.0000,+1.0000,+0.0000,+0.0000,+0.0000,-0.0004,-0.0003,+0.0000,+0.0000,+0.0000,+0.0000,+0.0000,+1.0000,+0.0000,+0.0000,+2.0000,-2.2277,+1.0492,+6.5000,+0.0000,+0.0000
134,0.00,1,False,0.0%,0.0%,0.0%,inf,0.9,4.75,0.000,1.0000,0.0000,1.0000,+0.0000,+0.0000,+0.0000,+0.0000,+0.0000,+0.0000,+0.0000,+0.0000,+0.0000,+0.0000,+0.0000,+0.0000,+0.0000,+0.0000,+0.0000,+0.0000,+0.0000,+0.0000,+0.0000,+0.0000,+0.0000,+0.0000
136,0.00,1,False,0.0%,0.0%,0.0%,inf,1.1,4.87,0.000,1.0000,0.0000,1.0000,+0.0000,+0.0000,+0.0000,+0.0000,+0.0000,+0.0000,+0.0000,+0.0000,+0.0000,+0.0000,+0.0000,+0.0000,+0.0000,+0.0000,+0.0000,+0.0000,+0.0000,+0.0000,+0.0000,+0.0000,+0.0000,+0.0000
140,-0.40,62,True,0.0%,0.0%,0.0%,0.02,0.8,5.92,10.999,0.8280,0.8871,0.6630,+0.0000,+0.0000,+1.0000,+0.0000,+0.0000,+0.0000,-0.0003,-0.0009,+0.0000,+0.0000,-1.4000,+0.0000,+0.0000,+1.0000,+0.0000,+0.0000,+32.0000,-1.5514,+3.7279,+6.2000,+0.0000,+14.0000
141,1.00,1,True,0.0%,0.0%,0.0%,inf,1.0,4.82,0.000,0.6667,1.0000,0.7300,+0.0000,+0.0000,+1.0000,+0.0000,+0.0000,+0.0000,+0.0000,-0.0000,+0.0000,+0.0000,+0.0000,+0.0000,+0.0000,+1.0000,+0.0000,+0.0000,+1.0000,+0.0002,+0.0492,+0.1000,+0.0000,+0.0000
142,-0.70,67,True,0.0%,0.0%,0.0%,0.01,0.8,5.59,11.078,0.9900,0.9552,0.9577,+0.0000,+0.0000,+1.0000,+0.0000,+0.0000,+0.0000,-0.0001,-0.0000,+0.0000,+0.0000,-1.7000,+0.0000,+0.0000,+1.0000,+0.0000,+0.0000,+2.0000,-0.7823,+0.0537,+6.7000,+0.0000,+17.0000
143,-3.10,85,True,0.0%,0.0%,0.0%,0.02,0.8,6.47,15.289,0.9569,0.8471,0.7157,+0.0000,+0.0000,+1.0000,+0.0000,+0.0000,+0.0000,-0.0002,-0.0011,+0.0000,+0.0000,-4.1000,+0.0000,+0.0000,+1.0000,+0.0000,+0.0000,+11.0000,-1.3092,+4.3568,+8.5000,+0.0000,+41.0000
148,1.00,1,True,0.0%,0.0%,0.0%,inf,1.0,5.15,0.000,0.6667,1.0000,0.8579,+0.0000,+0.0000,+1.0000,+0.0000,+0.0000,+0.0000,+0.0000,-0.0000,+0.0000,+0.0000,+0.0000,+0.0000,+0.0000,+1.0000,+0.0000,+0.0000,+1.0000,+0.0002,+0.0222,+0.1000,+0.0000,+0.0000
149,-0.60,87,True,0.0%,0.0%,0.0%,0.01,0.9,5.66,12.673,0.8429,1.0000,0.5713,+0.0000,+0.0000,+1.0000,+0.0000,+0.0000,+0.0000,+0.0000,-0.0018,+0.0000,+0.0000,-1.6000,+0.0000,+0.0000,+1.0000,+0.0000,+0.0000,+41.0000,+0.0213,+7.1127,+8.7000,+0.0000,+16.0000
150,-0.30,87,True,0.0%,0.0%,0.0%,0.02,0.7,5.66,12.472,0.9004,0.9885,0.8642,+0.0000,+0.0000,+1.0000,+0.0000,+0.0000,+0.0000,+0.0000,-0.0004,+0.0000,+0.0000,-1.3000,+0.0000,+0.0000,+1.0000,+0.0000,+0.0000,+26.0000,+0.0213,+1.7927,+8.7000,+0.0000,+13.0000
151,1.00,1,True,0.0%,0.0%,0.0%,inf,0.9,4.76,0.000,0.6667,0.0000,0.0000,+0.0000,+0.0000,+1.0000,+0.0000,+0.0000,+0.0000,-0.0001,+0.0000,+0.0000,+0.0000,+0.0000,+0.0000,+0.0000,+1.0000,+0.0000,+0.0000,+1.0000,-0.1270,+0.0000,+0.1000,+0.0000,+0.0000
153,1.00,1,True,0.0%,0.0%,0.0%,inf,1.0,4.62,0.000,0.3333,1.0000,0.9692,+0.0000,+0.0000,+1.0000,+0.0000,+0.0000,+0.0000,+0.0000,+0.0000,+0.0000,+0.0000,+0.0000,+0.0000,+0.0000,+1.0000,+0.0000,+0.0000,+2.0000,+0.0002,-0.0016,+0.1000,+0.0000,+0.0000
155,1.00,1,True,0.0%,0.0%,0.0%,inf,1.3,5.16,0.000,0.6667,0.0000,0.0000,+0.0000,+0.0000,+1.0000,+0.0000,+0.0000,+0.0000,-0.0001,+0.0000,+0.0000,+0.0000,+0.0000,+0.0000,+0.0000,+1.0000,+0.0000,+0.0000,+1.0000,-0.1270,+0.0000,+0.1000,+0.0000,+0.0000
156,1.00,87,True,0.0%,0.0%,0.0%,0.01,0.7,5.80,9.592,0.9579,0.7816,0.6523,+0.0000,+0.0000,+1.0000,+0.0000,+0.0000,+0.0000,-0.0003,-0.0013,+0.0000,+0.0000,+0.0000,+0.0000,+0.0000,+1.0000,+0.0000,+0.0000,+11.0000,-1.3249,+5.3412,+8.7000,+0.0000,+0.0000
157,0.00,1,False,0.0%,0.0%,0.0%,inf,1.0,4.52,0.000,1.0000,0.0000,1.0000,+0.0000,+0.0000,+0.0000,+0.0000,+0.0000,+0.0000,+0.0000,+0.0000,+0.0000,+0.0000,+0.0000,+0.0000,+0.0000,+0.0000,+0.0000,+0.0000,+0.0000,+0.0000,+0.0000,+0.0000,+0.0000,+0.0000
158,1.00,6,True,0.0%,0.0%,0.0%,0.02,0.7,4.74,13.156,0.9444,1.0000,0.6725,+0.0000,+0.0000,+1.0000,+0.0000,+0.0000,+0.0000,+0.0000,-0.0001,+0.0000,+0.0000,+0.0000,+0.0000,+0.0000,+1.0000,+0.0000,+0.0000,+1.0000,+0.0015,+0.3672,+0.6000,+0.0000,+0.0000
159,0.00,1,False,0.0%,0.0%,0.0%,inf,1.1,5.34,0.000,1.0000,0.0000,1.0000,+0.0000,+0.0000,+0.0000,+0.0000,+0.0000,+0.0000,+0.0000,+0.0000,+0.0000,+0.0000,+0.0000,+0.0000,+0.0000,+0.0000,+0.0000,+0.0000,+0.0000,+0.0000,+0.0000,+0.0000,+0.0000,+0.0000
160,1.00,1,True,0.0%,0.0%,0.0%,inf,1.0,4.80,0.000,0.3333,0.0000,0.0000,+0.0000,+0.0000,+1.0000,+0.0000,+0.0000,+0.0000,-0.0001,+0.0000,+0.0000,-0.0001,+0.0000,+0.0000,+0.0000,+1.0000,+0.0000,+0.0000,+2.0000,-0.1403,+0.0000,+0.1000,+0.1000,+0.0000
161,1.00,2,True,0.0%,0.0%,0.0%,0.01,1.2,4.97,9.861,0.6667,1.0000,0.7010,+0.0000,+0.0000,+1.0000,+0.0000,+0.0000,+0.0000,+0.0000,-0.0000,+0.0000,+0.0000,+0.0000,+0.0000,+0.0000,+1.0000,+0.0000,+0.0000,+2.0000,+0.0005,+0.1105,+0.2000,+0.0000,+0.0000
162,-0.10,88,True,0.0%,0.0%,0.0%,0.01,0.8,6.16,10.635,0.9735,0.9886,0.9643,+0.0000,+0.0000,+1.0000,+0.0000,+0.0000,+0.0000,-0.0001,+0.0000,+0.0000,+0.0000,-1.1000,+0.0000,+0.0000,+1.0000,+0.0000,+0.0000,+7.0000,-0.7023,-0.0484,+8.8000,+0.0000,+11.0000
163,1.00,19,True,0.0%,0.0%,0.0%,0.01,0.7,4.95,10.740,0.9825,1.0000,0.9343,+0.0000,+0.0000,+1.0000,+0.0000,+0.0000,+0.0000,+0.0000,-0.0000,+0.0000,+0.0000,+0.0000,+0.0000,+0.0000,+1.0000,+0.0000,+0.0000,+1.0000,+0.0047,+0.1114,+1.9000,+0.0000,+0.0000
165,1.00,1,True,0.0%,0.0%,0.0%,inf,1.0,4.59,0.000,0.6667,0.0000,0.0000,+0.0000,+0.0000,+1.0000,+0.0000,+0.0000,+0.0000,-0.0001,+0.0000,+0.0000,+0.0000,+0.0000,+0.0000,+0.0000,+1.0000,+0.0000,+0.0000,+1.0000,-0.1270,+0.0000,+0.1000,+0.0000,+0.0000
167,1.00,1,True,0.0%,0.0%,0.0%,inf,1.2,4.91,0.000,0.6667,0.0000,0.0000,+0.0000,+0.0000,+1.0000,+0.0000,+0.0000,+0.0000,-0.0001,+0.0000,+0.0000,+0.0000,+0.0000,+0.0000,+0.0000,+1.0000,+0.0000,+0.0000,+1.0000,-0.1136,+0.0000,+0.1000,+0.0000,+0.0000
168,-5.70,77,False,0.0%,0.0%,100.0%,0.12,0.8,5.97,16.396,0.7619,0.6623,0.6304,+0.0000,-0.2000,+0.0000,+0.0000,+0.0000,+0.0000,-0.0002,-0.0011,+0.0000,+0.0000,-5.5000,+0.0000,+1.0000,+0.0000,+0.0000,+0.0000,+55.0000,-1.3376,+4.5551,+7.7000,+0.0000,+55.0000
172,-0.00,90,False,0.0%,0.0%,0.0%,0.18,0.7,5.38,2.697,0.9407,0.8000,0.7356,+0.0000,+0.0000,+0.0000,+0.0000,+0.0000,+0.0000,+0.0000,-0.0011,+0.0000,-0.0019,+0.0000,+0.0000,+0.0000,+0.0000,+0.0000,+0.0000,+16.0000,+0.0197,+4.3024,+9.0000,+3.7000,+0.0000
173,1.00,40,True,0.0%,0.0%,0.0%,0.01,0.7,6.05,11.002,0.9917,0.8750,0.9134,+0.0000,+0.0000,+1.0000,+0.0000,+0.0000,+0.0000,+0.0000,-0.0001,+0.0000,+0.0000,+0.0000,+0.0000,+0.0000,+1.0000,+0.0000,+0.0000,+1.0000,-0.0164,+0.4045,+4.0000,+0.0000,+0.0000
174,-0.70,21,True,0.0%,0.0%,0.0%,0.01,1.0,5.02,15.508,0.8889,1.0000,0.5196,+0.0000,+0.0000,+1.0000,+0.0000,+0.0000,+0.0000,+0.0000,-0.0005,+0.0000,+0.0000,-1.7000,+0.0000,+0.0000,+1.0000,+0.0000,+0.0000,+7.0000,+0.0051,+1.9496,+2.1000,+0.0000,+17.0000
175,-2.60,90,False,0.0%,0.0%,0.0%,0.16,0.7,5.22,13.226,0.8333,0.8222,0.1024,+0.0000,+0.0000,+0.0000,+0.0000,+0.0000,+0.0000,-0.0017,-0.0020,+0.0000,+0.0000,-2.6000,+0.0000,+0.0000,+0.0000,+0.0000,+0.0000,+45.0000,-9.6977,+7.8732,+9.0000,+0.0000,+26.0000
178,-6.90,90,False,0.0%,0.0%,0.0%,0.14,0.8,6.28,17.608,0.8852,0.9778,0.5483,+0.0000,+0.0000,+0.0000,+0.0000,+0.0000,+0.0000,+0.0000,-0.0019,+0.0000,+0.0000,-6.9000,+0.0000,+0.0000,+0.0000,+0.0000,+0.0000,+31.0000,+0.0218,+7.7704,+9.0000,+0.0000,+69.0000
179,-0.20,90,False,0.0%,0.0%,0.0%,0.23,1.1,8.12,10.909,0.9667,0.7556,0.7763,+0.0000,+0.0000,+0.0000,+0.0000,+0.0000,+0.0000,-0.0006,-0.0008,+0.0000,+0.0000,-0.2000,+0.0000,+0.0000,+0.0000,+0.0000,+0.0000,+9.0000,-3.4251,+3.3372,+9.0000,+0.0000,+2.0000
180,-3.50,45,True,0.0%,0.0%,0.0%,0.01,0.8,5.45,17.765,0.9852,0.9333,0.7534,+0.0000,+0.0000,+1.0000,+0.0000,+0.0000,+0.0000,+0.0000,-0.0005,+0.0000,+0.0000,-4.5000,+0.0000,+0.0000,+1.0000,+0.0000,+0.0000,+2.0000,+0.0106,+1.8889,+4.5000,+0.0000,+45.0000
181,1.00,1,True,0.0%,0.0%,0.0%,inf,1.7,5.14,0.000,1.0000,1.0000,0.0000,+0.0000,+0.0000,+1.0000,+0.0000,+0.0000,+0.0000,+0.0000,-0.0001,+0.0000,+0.0000,+0.0000,+0.0000,+0.0000,+1.0000,+0.0000,+0.0000,+0.0000,+0.0002,+0.2962,+0.0000,+0.0000,+0.0000
183,1.00,1,True,0.0%,0.0%,0.0%,inf,1.0,4.74,0.000,0.6667,1.0000,0.0000,+0.0000,+0.0000,+1.0000,+0.0000,+0.0000,+0.0000,+0.0000,-0.0001,+0.0000,+0.0000,+0.0000,+0.0000,+0.0000,+1.0000,+0.0000,+0.0000,+1.0000,+0.0002,+0.2801,+0.1000,+0.0000,+0.0000
185,-0.50,89,True,0.0%,0.0%,0.0%,0.01,0.6,5.53,13.790,0.9139,1.0000,0.8895,+0.0000,+0.0000,+1.0000,+0.0000,+0.0000,+0.0000,+0.0000,-0.0003,+0.0000,+0.0000,-1.5000,+0.0000,+0.0000,+1.0000,+0.0000,+0.0000,+23.0000,+0.0221,+1.3730,+8.9000,+0.0000,+15.0000
186,-1.20,22,True,0.0%,0.0%,0.0%,0.01,0.8,4.85,19.990,0.9394,1.0000,0.9257,+0.0000,+0.0000,+1.0000,+0.0000,+0.0000,+0.0000,+0.0000,-0.0000,+0.0000,+0.0000,-2.2000,+0.0000,+0.0000,+1.0000,+0.0000,+0.0000,+4.0000,+0.0055,+0.1699,+2.2000,+0.0000,+22.0000
187,-0.90,79,True,0.0%,0.0%,0.0%,0.02,0.8,6.21,13.356,0.8397,0.9494,0.5853,+0.0000,+0.0000,+1.0000,+0.0000,+0.0000,+0.0000,-0.0001,-0.0015,+0.0000,+0.0000,-1.9000,+0.0000,+0.0000,+1.0000,+0.0000,+0.0000,+38.0000,-0.4436,+6.1826,+7.9000,+0.0000,+19.0000
188,0.90,63,True,0.0%,0.0%,0.0%,0.02,0.7,5.03,10.706,0.9577,0.8889,0.7750,+0.0000,+0.0000,+1.0000,+0.0000,+0.0000,+0.0000,-0.0006,-0.0006,+0.0000,+0.0000,-0.1000,+0.0000,+0.0000,+1.0000,+0.0000,+0.0000,+8.0000,-3.3144,+2.3588,+6.3000,+0.0000,+1.0000
189,1.00,1,True,0.0%,0.0%,0.0%,inf,1.0,4.73,0.283,0.6667,1.0000,0.9252,+0.0000,+0.0000,+1.0000,+0.0000,+0.0000,+0.0000,+0.0000,-0.0000,+0.0000,+0.0000,+0.0000,+0.0000,+0.0000,+1.0000,+0.0000,+0.0000,+1.0000,+0.0002,+0.0079,+0.1000,+0.0000,+0.0000
191,1.00,1,True,0.0%,0.0%,0.0%,inf,1.0,4.74,0.000,0.6667,0.0000,0.0000,+0.0000,+0.0000,+1.0000,+0.0000,+0.0000,+0.0000,-0.0001,+0.0000,+0.0000,-0.0001,+0.0000,+0.0000,+0.0000,+1.0000,+0.0000,+0.0000,+1.0000,-0.1270,+0.0000,+0.1000,+0.1000,+0.0000
192,-2.20,75,True,0.0%,0.0%,0.0%,0.01,0.8,5.33,14.095,0.9467,0.9467,0.7366,+0.0000,+0.0000,+1.0000,+0.0000,+0.0000,+0.0000,+0.0000,-0.0009,+0.0000,+0.0000,-3.2000,+0.0000,+0.0000,+1.0000,+0.0000,+0.0000,+12.0000,+0.0180,+3.4521,+7.5000,+0.0000,+32.0000
194,1.00,1,True,0.0%,0.0%,0.0%,inf,1.2,4.77,0.000,0.6667,0.0000,0.0000,+0.0000,+0.0000,+1.0000,+0.0000,+0.0000,+0.0000,-0.0001,+0.0000,+0.0000,+0.0000,+0.0000,+0.0000,+0.0000,+1.0000,+0.0000,+0.0000,+1.0000,-0.1270,+0.0000,+0.1000,+0.0000,+0.0000
196,-0.00,90,False,0.0%,0.0%,0.0%,0.10,1.1,7.29,3.374,0.8889,1.0000,0.6988,+0.0000,+0.0000,+0.0000,+0.0000,+0.0000,+0.0000,+0.0000,-0.0012,+0.0000,-0.0017,+0.0000,+0.0000,+0.0000,+0.0000,+0.0000,+0.0000,+30.0000,+0.0222,+4.9847,+9.0000,+3.3000,+0.0000
197,1.00,1,True,0.0%,0.0%,0.0%,inf,1.0,5.23,0.000,0.6667,0.0000,0.0000,+0.0000,+0.0000,+1.0000,+0.0000,+0.0000,+0.0000,-0.0001,+0.0000,+0.0000,+0.0000,+0.0000,+0.0000,+0.0000,+1.0000,+0.0000,+0.0000,+1.0000,-0.1270,+0.0000,+0.1000,+0.0000,+0.0000
199,1.00,1,True,0.0%,0.0%,0.0%,inf,1.1,5.16,0.000,0.6667,1.0000,0.9912,+0.0000,+0.0000,+1.0000,+0.0000,+0.0000,+0.0000,+0.0000,+0.0000,+0.0000,+0.0000,+0.0000,+0.0000,+0.0000,+1.0000,+0.0000,+0.0000,+1.0000,+0.0002,-0.0063,+0.1000,+0.0000,+0.0000
200,-0.00,90,False,0.0%,0.0%,0.0%,0.13,0.9,6.62,3.208,0.9741,0.9889,0.9303,+0.0000,+0.0000,+0.0000,+0.0000,+0.0000,+0.0000,+0.0000,-0.0001,+0.0000,+0.0000,+0.0000,+0.0000,+0.0000,+0.0000,+0.0000,+0.0000,+7.0000,-0.0355,+0.5910,+9.0000,+0.0000,+0.0000
201,-0.00,90,False,0.0%,0.0%,0.0%,0.10,0.9,6.20,3.307,0.9037,1.0000,0.9194,+0.0000,+0.0000,+0.0000,+0.0000,+0.0000,+0.0000,+0.0000,-0.0002,+0.0000,+0.0000,+0.0000,+0.0000,+0.0000,+0.0000,+0.0000,+0.0000,+26.0000,+0.0217,+0.8093,+9.0000,+0.0000,+0.0000
202,0.00,90,False,0.0%,0.0%,0.0%,0.24,0.7,6.70,0.885,1.0000,1.0000,0.9735,+0.0000,+0.0000,+0.0000,+0.0000,+0.0000,+0.0000,+0.0000,+0.0001,+0.0000,+0.0000,+0.0000,+0.0000,+0.0000,+0.0000,+0.0000,+0.0000,+0.0000,+0.0224,-0.2274,+9.0000,+0.0000,+0.0000
203,1.00,1,True,0.0%,0.0%,0.0%,inf,0.8,4.68,0.000,0.6667,0.0000,0.0000,+0.0000,+0.0000,+1.0000,+0.0000,+0.0000,+0.0000,-0.0001,+0.0000,+0.0000,-0.0001,+0.0000,+0.0000,+0.0000,+1.0000,+0.0000,+0.0000,+1.0000,-0.1270,+0.0000,+0.1000,+0.1000,+0.0000
206,-0.00,90,False,0.0%,0.0%,0.0%,0.20,1.4,6.94,2.643,0.8704,1.0000,0.8811,+0.0000,+0.0000,+0.0000,+0.0000,+0.0000,+0.0000,+0.0000,-0.0004,+0.0000,+0.0000,+0.0000,+0.0000,+0.0000,+0.0000,+0.0000,+0.0000,+35.0000,+0.0222,+1.5462,+9.0000,+0.0000,+0.0000
207,-2.90,73,True,0.0%,0.0%,0.0%,0.01,1.0,6.38,15.128,0.9909,0.8904,0.8781,+0.0000,+0.0000,+1.0000,+0.0000,+0.0000,+0.0000,-0.0005,-0.0003,+0.0000,+0.0000,-3.9000,+0.0000,+0.0000,+1.0000,+0.0000,+0.0000,+2.0000,-2.9990,+1.2174,+7.3000,+0.0000,+39.0000
210,1.00,1,True,0.0%,0.0%,0.0%,inf,1.0,4.80,0.000,0.6667,1.0000,0.9842,+0.0000,+0.0000,+1.0000,+0.0000,+0.0000,+0.0000,+0.0000,+0.0000,+0.0000,+0.0000,+0.0000,+0.0000,+0.0000,+1.0000,+0.0000,+0.0000,+1.0000,+0.0002,-0.0048,+0.1000,+0.0000,+0.0000
212,-1.80,79,True,0.0%,0.0%,0.0%,0.01,0.9,5.87,13.677,0.9578,0.9620,0.8022,+0.0000,+0.0000,+1.0000,+0.0000,+0.0000,+0.0000,-0.0001,-0.0007,+0.0000,+0.0000,-2.8000,+0.0000,+0.0000,+1.0000,+0.0000,+0.0000,+10.0000,-0.4193,+2.6533,+7.9000,+0.0000,+28.0000
213,0.00,1,False,0.0%,0.0%,0.0%,inf,1.0,5.15,0.000,1.0000,0.0000,1.0000,+0.0000,+0.0000,+0.0000,+0.0000,+0.0000,+0.0000,+0.0000,+0.0000,+0.0000,+0.0000,+0.0000,+0.0000,+0.0000,+0.0000,+0.0000,+0.0000,+0.0000,+0.0000,+0.0000,+0.0000,+0.0000,+0.0000
214,1.00,1,True,0.0%,0.0%,0.0%,inf,1.1,4.64,0.000,0.3333,0.0000,0.0000,+0.0000,+0.0000,+1.0000,+0.0000,+0.0000,+0.0000,-0.0001,+0.0000,+0.0000,-0.0001,+0.0000,+0.0000,+0.0000,+1.0000,+0.0000,+0.0000,+2.0000,-0.1403,+0.0000,+0.1000,+0.1000,+0.0000
215,-0.00,90,False,0.0%,0.0%,0.0%,0.20,0.7,6.08,4.683,0.9556,0.9889,0.7793,+0.0000,+0.0000,+0.0000,+0.0000,+0.0000,+0.0000,+0.0000,-0.0009,+0.0000,+0.0000,+0.0000,+0.0000,+0.0000,+0.0000,+0.0000,+0.0000,+12.0000,+0.0221,+3.4857,+9.0000,+0.0000,+0.0000
220,1.00,1,True,0.0%,0.0%,0.0%,inf,1.2,4.83,0.000,0.6667,0.0000,0.0000,+0.0000,+0.0000,+1.0000,+0.0000,+0.0000,+0.0000,-0.0001,+0.0000,+0.0000,-0.0001,+0.0000,+0.0000,+0.0000,+1.0000,+0.0000,+0.0000,+1.0000,-0.1270,+0.0000,+0.1000,+0.1000,+0.0000
222,1.00,1,True,0.0%,0.0%,0.0%,inf,1.2,5.52,0.000,0.6667,0.0000,0.0000,+0.0000,+0.0000,+1.0000,+0.0000,+0.0000,+0.0000,-0.0001,+0.0000,+0.0000,+0.0000,+0.0000,+0.0000,+0.0000,+1.0000,+0.0000,+0.0000,+1.0000,-0.1270,+0.0000,+0.1000,+0.0000,+0.0000
223,-0.00,90,False,0.0%,0.0%,0.0%,0.30,0.8,5.59,0.872,0.9852,0.4000,0.5463,+0.0000,+0.0000,+0.0000,+0.0000,+0.0000,+0.0000,+0.0000,-0.0012,+0.0000,+0.0000,+0.0000,+0.0000,+0.0000,+0.0000,+0.0000,+0.0000,+4.0000,+0.0093,+4.6703,+9.0000,+0.0000,+0.0000
226,-0.00,90,False,0.0%,0.0%,0.0%,0.11,0.6,5.62,7.756,0.9556,0.7556,0.7784,+0.0000,+0.0000,+0.0000,+0.0000,+0.0000,+0.0000,-0.0014,-0.0008,+0.0000,+0.0000,+0.0000,+0.0000,+0.0000,+0.0000,+0.0000,+0.0000,+12.0000,-7.2113,+3.0671,+9.0000,+0.0000,+0.0000
227,-1.00,81,True,0.0%,0.0%,0.0%,0.01,0.6,5.90,12.115,0.9671,0.9136,0.7775,+0.0000,+0.0000,+1.0000,+0.0000,+0.0000,+0.0000,-0.0002,-0.0008,+0.0000,+0.0000,-2.0000,+0.0000,+0.0000,+1.0000,+0.0000,+0.0000,+8.0000,-1.5093,+3.0466,+8.1000,+0.0000,+20.0000
228,1.00,11,True,0.0%,0.0%,0.0%,0.01,0.7,4.96,1.694,0.6970,1.0000,0.9778,+0.0000,+0.0000,+1.0000,+0.0000,+0.0000,+0.0000,+0.0000,+0.0000,+0.0000,+0.0000,+0.0000,+0.0000,+0.0000,+1.0000,+0.0000,+0.0000,+10.0000,+0.0027,-0.0379,+1.1000,+0.0000,+0.0000
231,1.00,1,True,0.0%,0.0%,0.0%,inf,1.0,4.76,0.000,0.6667,1.0000,0.8335,+0.0000,+0.0000,+1.0000,+0.0000,+0.0000,+0.0000,+0.0000,-0.0000,+0.0000,+0.0000,+0.0000,+0.0000,+0.0000,+1.0000,+0.0000,+0.0000,+1.0000,+0.0002,+0.0274,+0.1000,+0.0000,+0.0000
232,1.00,1,True,0.0%,0.0%,0.0%,inf,1.2,5.37,0.000,0.6667,0.0000,0.0000,+0.0000,+0.0000,+1.0000,+0.0000,+0.0000,+0.0000,-0.0001,+0.0000,+0.0000,+0.0000,+0.0000,+0.0000,+0.0000,+1.0000,+0.0000,+0.0000,+1.0000,-0.1136,+0.0000,+0.1000,+0.0000,+0.0000
235,1.00,17,True,0.0%,0.0%,0.0%,0.01,1.0,6.16,2.896,0.8039,0.7647,0.8743,+0.0000,+0.0000,+1.0000,+0.0000,+0.0000,+0.0000,+0.0000,-0.0001,+0.0000,+0.0000,+0.0000,+0.0000,+0.0000,+1.0000,+0.0000,+0.0000,+10.0000,+0.0039,+0.3173,+1.7000,+0.0000,+0.0000
241,-1.90,82,True,0.0%,0.0%,0.0%,0.01,0.8,5.68,14.675,0.9756,0.9878,0.9078,+0.0000,+0.0000,+1.0000,+0.0000,+0.0000,+0.0000,+0.0000,-0.0002,+0.0000,+0.0000,-2.9000,+0.0000,+0.0000,+1.0000,+0.0000,+0.0000,+6.0000,+0.0201,+0.9327,+8.2000,+0.0000,+29.0000
242,-0.00,90,False,0.0%,0.0%,0.0%,0.06,1.1,6.19,7.778,0.9000,0.9333,0.8801,+0.0000,+0.0000,+0.0000,+0.0000,+0.0000,+0.0000,-0.0002,-0.0004,+0.0000,+0.0000,+0.0000,+0.0000,+0.0000,+0.0000,+0.0000,+0.0000,+27.0000,-1.0297,+1.5237,+9.0000,+0.0000,+0.0000
244,1.00,1,True,0.0%,0.0%,0.0%,inf,1.4,5.16,0.000,0.6667,1.0000,0.0000,+0.0000,+0.0000,+1.0000,+0.0000,+0.0000,+0.0000,+0.0000,-0.0001,+0.0000,+0.0000,+0.0000,+0.0000,+0.0000,+1.0000,+0.0000,+0.0000,+1.0000,+0.0002,+0.2729,+0.1000,+0.0000,+0.0000
246,0.00,1,False,0.0%,0.0%,0.0%,inf,1.0,5.45,0.560,1.0000,0.0000,1.0000,+0.0000,+0.0000,+0.0000,+0.0000,+0.0000,+0.0000,+0.0000,+0.0000,+0.0000,+0.0000,+0.0000,+0.0000,+0.0000,+0.0000,+0.0000,+0.0000,+0.0000,+0.0000,+0.0000,+0.0000,+0.0000,+0.0000
248,-0.50,90,False,0.0%,0.0%,0.0%,0.03,0.8,5.88,9.765,0.9370,0.7000,0.6512,+0.0000,+0.0000,+0.0000,+0.0000,+0.0000,+0.0000,-0.0016,-0.0012,+0.0000,+0.0000,-0.5000,+0.0000,+0.0000,+0.0000,+0.0000,+0.0000,+17.0000,-9.5970,+4.8184,+9.0000,+0.0000,+5.0000
253,1.00,1,True,0.0%,0.0%,0.0%,inf,1.0,4.79,0.000,0.6667,0.0000,0.0000,+0.0000,+0.0000,+1.0000,+0.0000,+0.0000,+0.0000,-0.0001,+0.0000,+0.0000,+0.0000,+0.0000,+0.0000,+0.0000,+1.0000,+0.0000,+0.0000,+1.0000,-0.1136,+0.0000,+0.1000,+0.0000,+0.0000
255,0.20,29,True,0.0%,0.0%,0.0%,0.02,0.8,4.85,13.989,0.9770,1.0000,0.9436,+0.0000,+0.0000,+1.0000,+0.0000,+0.0000,+0.0000,+0.0000,-0.0000,+0.0000,+0.0000,-0.8000,+0.0000,+0.0000,+1.0000,+0.0000,+0.0000,+2.0000,+0.0072,+0.1132,+2.9000,+0.0000,+8.0000
257,1.00,40,True,0.0%,0.0%,0.0%,0.01,0.6,4.81,8.897,0.9750,1.0000,0.8633,+0.0000,+0.0000,+1.0000,+0.0000,+0.0000,+0.0000,+0.0000,-0.0002,+0.0000,+0.0000,+0.0000,+0.0000,+0.0000,+1.0000,+0.0000,+0.0000,+3.0000,+0.0098,+0.8371,+4.0000,+0.0000,+0.0000
259,1.00,74,True,0.0%,0.0%,0.0%,0.01,0.7,5.42,7.517,0.9820,0.9865,0.5412,+0.0000,+0.0000,+1.0000,+0.0000,+0.0000,+0.0000,+0.0000,-0.0016,+0.0000,+0.0000,+0.0000,+0.0000,+0.0000,+1.0000,+0.0000,+0.0000,+4.0000,+0.0176,+6.5154,+7.4000,+0.0000,+0.0000
260,0.00,1,False,0.0%,0.0%,0.0%,inf,1.1,4.83,0.000,1.0000,0.0000,1.0000,+0.0000,+0.0000,+0.0000,+0.0000,+0.0000,+0.0000,+0.0000,+0.0000,+0.0000,+0.0000,+0.0000,+0.0000,+0.0000,+0.0000,+0.0000,+0.0000,+0.0000,+0.0000,+0.0000,+0.0000,+0.0000,+0.0000
261,1.00,1,True,0.0%,0.0%,0.0%,inf,1.2,5.27,0.000,0.6667,1.0000,0.9776,+0.0000,+0.0000,+1.0000,+0.0000,+0.0000,+0.0000,+0.0000,+0.0000,+0.0000,+0.0000,+0.0000,+0.0000,+0.0000,+1.0000,+0.0000,+0.0000,+1.0000,+0.0002,-0.0034,+0.1000,+0.0000,+0.0000
262,1.00,69,True,0.0%,0.0%,0.0%,0.01,0.7,5.38,3.882,0.7971,0.6957,0.8399,+0.0000,+0.0000,+1.0000,+0.0000,+0.0000,+0.0000,-0.0025,-0.0001,+0.0000,+0.0000,+0.0000,+0.0000,+0.0000,+1.0000,+0.0000,+0.0000,+42.0000,-12.6460,+0.4595,+6.9000,+0.0000,+0.0000
263,1.00,1,True,0.0%,0.0%,0.0%,inf,0.8,4.81,0.000,0.6667,0.0000,0.0000,+0.0000,+0.0000,+1.0000,+0.0000,+0.0000,+0.0000,-0.0001,+0.0000,+0.0000,-0.0001,+0.0000,+0.0000,+0.0000,+1.0000,+0.0000,+0.0000,+1.0000,-0.1270,+0.0000,+0.1000,+0.1000,+0.0000
265,1.00,1,True,0.0%,0.0%,0.0%,inf,1.0,4.87,0.000,0.6667,0.0000,0.0000,+0.0000,+0.0000,+1.0000,+0.0000,+0.0000,+0.0000,-0.0001,+0.0000,+0.0000,+0.0000,+0.0000,+0.0000,+0.0000,+1.0000,+0.0000,+0.0000,+1.0000,-0.1270,+0.0000,+0.1000,+0.0000,+0.0000
266,0.00,1,False,0.0%,0.0%,0.0%,inf,1.0,4.71,0.000,1.0000,0.0000,1.0000,+0.0000,+0.0000,+0.0000,+0.0000,+0.0000,+0.0000,+0.0000,+0.0000,+0.0000,+0.0000,+0.0000,+0.0000,+0.0000,+0.0000,+0.0000,+0.0000,+0.0000,+0.0000,+0.0000,+0.0000,+0.0000,+0.0000
267,-3.20,63,True,0.0%,0.0%,0.0%,0.01,0.8,5.71,16.093,0.9577,0.9841,0.7706,+0.0000,+0.0000,+1.0000,+0.0000,+0.0000,+0.0000,+0.0000,-0.0006,+0.0000,+0.0000,-4.2000,+0.0000,+0.0000,+1.0000,+0.0000,+0.0000,+8.0000,+0.0157,+2.5604,+6.3000,+0.0000,+42.0000
268,-0.20,6,False,0.0%,0.0%,100.0%,0.10,0.9,5.47,3.848,0.3333,1.0000,0.7304,+0.0000,-0.2000,+0.0000,+0.0000,+0.0000,+0.0000,+0.0000,-0.0001,+0.0000,+0.0000,+0.0000,+0.0000,+1.0000,+0.0000,+0.0000,+0.0000,+12.0000,+0.0014,+0.2899,+0.6000,+0.0000,+0.0000
269,-0.00,90,False,0.0%,0.0%,0.0%,0.03,0.7,5.24,4.745,0.6852,0.6444,0.1476,+0.0000,+0.0000,+0.0000,+0.0000,+0.0000,+0.0000,-0.0004,-0.0030,+0.0000,-0.0012,+0.0000,+0.0000,+0.0000,+0.0000,+0.0000,+0.0000,+85.0000,-0.9875,+12.1716,+9.0000,+2.4000,+0.0000
270,1.00,1,True,0.0%,0.0%,0.0%,inf,1.0,4.75,0.000,0.6667,1.0000,0.0000,+0.0000,+0.0000,+1.0000,+0.0000,+0.0000,+0.0000,+0.0000,-0.0001,+0.0000,+0.0000,+0.0000,+0.0000,+0.0000,+1.0000,+0.0000,+0.0000,+1.0000,+0.0002,+0.2223,+0.1000,+0.0000,+0.0000
271,-3.60,46,True,0.0%,0.0%,0.0%,0.01,0.7,4.78,19.600,0.9855,1.0000,0.8002,+0.0000,+0.0000,+1.0000,+0.0000,+0.0000,+0.0000,+0.0000,-0.0004,+0.0000,+0.0000,-4.6000,+0.0000,+0.0000,+1.0000,+0.0000,+0.0000,+2.0000,+0.0115,+1.5838,+4.6000,+0.0000,+46.0000
273,-3.70,71,True,0.0%,0.0%,0.0%,0.01,1.0,6.80,16.342,0.9906,0.9437,0.9055,+0.0000,+0.0000,+1.0000,+0.0000,+0.0000,+0.0000,-0.0004,-0.0002,+0.0000,+0.0000,-4.7000,+0.0000,+0.0000,+1.0000,+0.0000,+0.0000,+2.0000,-2.5392,+0.8190,+7.1000,+0.0000,+47.0000
274,1.00,7,True,0.0%,0.0%,0.0%,0.01,1.0,5.06,0.690,0.8571,1.0000,0.7963,+0.0000,+0.0000,+1.0000,+0.0000,+0.0000,+0.0000,+0.0000,-0.0001,+0.0000,+0.0000,+0.0000,+0.0000,+0.0000,+1.0000,+0.0000,+0.0000,+3.0000,+0.0017,+0.2468,+0.7000,+0.0000,+0.0000
275,-1.40,90,False,0.0%,0.0%,0.0%,0.18,1.0,6.89,11.314,0.8333,0.9111,0.7500,+0.0000,+0.0000,+0.0000,+0.0000,+0.0000,+0.0000,-0.0001,-0.0010,+0.0000,+0.0000,-1.4000,+0.0000,+0.0000,+0.0000,+0.0000,+0.0000,+45.0000,-0.7233,+3.8348,+9.0000,+0.0000,+14.0000
277,-0.00,90,False,0.0%,0.0%,0.0%,0.09,0.7,5.14,5.030,0.9296,1.0000,0.9214,+0.0000,+0.0000,+0.0000,+0.0000,+0.0000,+0.0000,+0.0000,-0.0002,+0.0000,+0.0000,+0.0000,+0.0000,+0.0000,+0.0000,+0.0000,+0.0000,+19.0000,+0.0223,+0.7751,+9.0000,+0.0000,+0.0000
278,-5.60,66,True,0.0%,0.0%,0.0%,0.02,0.7,5.11,21.123,0.9545,0.9697,0.8036,+0.0000,+0.0000,+1.0000,+0.0000,+0.0000,+0.0000,-0.0002,-0.0005,+0.0000,+0.0000,-6.6000,+0.0000,+0.0000,+1.0000,+0.0000,+0.0000,+9.0000,-1.5477,+2.1649,+6.6000,+0.0000,+66.0000
281,1.00,1,True,0.0%,0.0%,0.0%,inf,1.1,5.31,0.000,0.6667,0.0000,0.0000,+0.0000,+0.0000,+1.0000,+0.0000,+0.0000,+0.0000,-0.0001,+0.0000,+0.0000,+0.0000,+0.0000,+0.0000,+0.0000,+1.0000,+0.0000,+0.0000,+1.0000,-0.1270,+0.0000,+0.1000,+0.0000,+0.0000
282,0.80,30,True,0.0%,0.0%,0.0%,0.01,0.6,4.95,13.273,0.7889,0.5667,0.8126,+0.0000,+0.0000,+1.0000,+0.0000,+0.0000,+0.0000,+0.0000,-0.0002,+0.0000,+0.0000,-0.2000,+0.0000,+0.0000,+1.0000,+0.0000,+0.0000,+19.0000,+0.0070,+0.9434,+3.0000,+0.0000,+2.0000
283,1.00,1,True,0.0%,0.0%,0.0%,inf,1.0,4.64,0.000,1.0000,0.0000,0.0000,+0.0000,+0.0000,+1.0000,+0.0000,+0.0000,+0.0000,-0.0001,+0.0000,+0.0000,+0.0000,+0.0000,+0.0000,+0.0000,+1.0000,+0.0000,+0.0000,+0.0000,-0.1003,+0.0000,+0.0000,+0.0000,+0.0000
285,-1.60,31,True,0.0%,0.0%,0.0%,0.02,0.8,4.86,16.280,0.9785,1.0000,0.4292,+0.0000,+0.0000,+1.0000,+0.0000,+0.0000,+0.0000,+0.0000,-0.0009,+0.0000,+0.0000,-2.6000,+0.0000,+0.0000,+1.0000,+0.0000,+0.0000,+2.0000,+0.0076,+3.4493,+3.1000,+0.0000,+26.0000
287,1.00,67,True,0.0%,0.0%,0.0%,0.01,0.7,5.60,9.212,0.9950,1.0000,0.8595,+0.0000,+0.0000,+1.0000,+0.0000,+0.0000,+0.0000,+0.0000,-0.0004,+0.0000,+0.0000,+0.0000,+0.0000,+0.0000,+1.0000,+0.0000,+0.0000,+1.0000,+0.0167,+1.4636,+6.7000,+0.0000,+0.0000
290,1.00,1,True,0.0%,0.0%,0.0%,inf,1.0,4.99,0.000,1.0000,0.0000,0.0000,+0.0000,+0.0000,+1.0000,+0.0000,+0.0000,+0.0000,-0.0001,+0.0000,+0.0000,+0.0000,+0.0000,+0.0000,+0.0000,+1.0000,+0.0000,+0.0000,+0.0000,-0.1003,+0.0000,+0.0000,+0.0000,+0.0000
291,1.00,1,True,0.0%,0.0%,0.0%,inf,1.0,4.84,0.000,0.6667,0.0000,0.0000,+0.0000,+0.0000,+1.0000,+0.0000,+0.0000,+0.0000,-0.0001,+0.0000,+0.0000,+0.0000,+0.0000,+0.0000,+0.0000,+1.0000,+0.0000,+0.0000,+1.0000,-0.1270,+0.0000,+0.1000,+0.0000,+0.0000
292,-0.20,9,False,0.0%,0.0%,100.0%,0.13,0.8,5.24,5.329,0.6296,0.7778,0.4995,+0.0000,-0.2000,+0.0000,+0.0000,+0.0000,+0.0000,-0.0002,-0.0001,+0.0000,+0.0000,+0.0000,+0.0000,+1.0000,+0.0000,+0.0000,+0.0000,+10.0000,-0.7485,+0.4585,+0.9000,+0.0000,+0.0000
293,1.00,1,True,0.0%,0.0%,0.0%,inf,1.1,5.33,0.000,0.6667,0.0000,0.0000,+0.0000,+0.0000,+1.0000,+0.0000,+0.0000,+0.0000,-0.0001,+0.0000,+0.0000,-0.0001,+0.0000,+0.0000,+0.0000,+1.0000,+0.0000,+0.0000,+1.0000,-0.1270,+0.0000,+0.1000,+0.1000,+0.0000
294,0.20,82,True,0.0%,0.0%,0.0%,0.01,0.6,5.42,10.467,0.9837,0.9024,0.8871,+0.0000,+0.0000,+1.0000,+0.0000,+0.0000,+0.0000,-0.0005,-0.0003,+0.0000,+0.0000,-0.8000,+0.0000,+0.0000,+1.0000,+0.0000,+0.0000,+4.0000,-3.2710,+1.2135,+8.2000,+0.0000,+8.0000
295,-0.00,90,False,0.0%,0.0%,0.0%,0.04,0.7,5.76,8.567,0.9741,0.8889,0.8740,+0.0000,+0.0000,+0.0000,+0.0000,+0.0000,+0.0000,-0.0004,-0.0004,+0.0000,+0.0000,+0.0000,+0.0000,+0.0000,+0.0000,+0.0000,+0.0000,+7.0000,-2.1553,+1.5606,+9.0000,+0.0000,+0.0000
296,1.00,84,True,0.0%,0.0%,0.0%,0.01,0.8,5.91,7.469,0.7619,0.7143,0.6556,+0.0000,+0.0000,+1.0000,+0.0000,+0.0000,+0.0000,-0.0015,-0.0012,+0.0000,+0.0000,+0.0000,+0.0000,+0.0000,+1.0000,+0.0000,+0.0000,+60.0000,-7.4003,+4.8717,+8.4000,+0.0000,+0.0000
297,-0.70,90,False,0.0%,0.0%,0.0%,0.16,0.7,5.42,11.648,0.9926,0.9333,0.8098,+0.0000,+0.0000,+0.0000,+0.0000,+0.0000,+0.0000,+0.0000,-0.0007,+0.0000,+0.0000,-0.7000,+0.0000,+0.0000,+0.0000,+0.0000,+0.0000,+2.0000,+0.0217,+2.8387,+9.0000,+0.0000,+7.0000
299,1.00,1,True,0.0%,0.0%,0.0%,inf,1.0,4.70,0.000,0.6667,0.0000,0.0000,+0.0000,+0.0000,+1.0000,+0.0000,+0.0000,+0.0000,-0.0001,+0.0000,+0.0000,-0.0001,+0.0000,+0.0000,+0.0000,+1.0000,+0.0000,+0.0000,+1.0000,-0.1270,+0.0000,+0.1000,+0.1000,+0.0000
301,-9.00,90,False,0.0%,0.0%,0.0%,0.16,0.7,6.35,20.444,0.9444,0.9222,0.7044,+0.0000,+0.0000,+0.0000,+0.0000,+0.0000,+0.0000,-0.0003,-0.0012,+0.0000,+0.0000,-9.0000,+0.0000,+0.0000,+0.0000,+0.0000,+0.0000,+15.0000,-2.5907,+4.6459,+9.0000,+0.0000,+90.0000
302,-0.00,90,False,0.0%,0.0%,0.0%,0.16,0.7,5.40,6.211,0.8444,1.0000,0.7393,+0.0000,+0.0000,+0.0000,+0.0000,+0.0000,+0.0000,+0.0000,-0.0011,+0.0000,+0.0000,+0.0000,+0.0000,+0.0000,+0.0000,+0.0000,+0.0000,+42.0000,+0.0221,+4.2124,+9.0000,+0.0000,+0.0000
305,0.50,13,True,0.0%,0.0%,0.0%,0.01,0.8,4.86,14.628,0.9487,1.0000,0.6801,+0.0000,+0.0000,+1.0000,+0.0000,+0.0000,+0.0000,+0.0000,-0.0002,+0.0000,+0.0000,-0.5000,+0.0000,+0.0000,+1.0000,+0.0000,+0.0000,+2.0000,+0.0032,+0.7752,+1.3000,+0.0000,+5.0000
307,1.00,54,True,0.0%,0.0%,0.0%,0.02,0.6,5.31,10.993,0.9877,0.8704,0.7950,+0.0000,+0.0000,+1.0000,+0.0000,+0.0000,+0.0000,+0.0000,-0.0005,+0.0000,+0.0000,+0.0000,+0.0000,+0.0000,+1.0000,+0.0000,+0.0000,+2.0000,+0.0126,+1.8811,+5.4000,+0.0000,+0.0000
308,1.00,1,True,0.0%,0.0%,0.0%,inf,0.9,4.84,0.000,0.6667,1.0000,0.9311,+0.0000,+0.0000,+1.0000,+0.0000,+0.0000,+0.0000,+0.0000,-0.0000,+0.0000,+0.0000,+0.0000,+0.0000,+0.0000,+1.0000,+0.0000,+0.0000,+1.0000,+0.0002,+0.0066,+0.1000,+0.0000,+0.0000
310,1.00,1,True,0.0%,0.0%,0.0%,inf,1.0,4.89,0.599,0.6667,1.0000,0.7727,+0.0000,+0.0000,+1.0000,+0.0000,+0.0000,+0.0000,+0.0000,-0.0000,+0.0000,+0.0000,+0.0000,+0.0000,+0.0000,+1.0000,+0.0000,+0.0000,+1.0000,+0.0002,+0.0402,+0.1000,+0.0000,+0.0000
311,1.00,1,True,0.0%,0.0%,0.0%,inf,1.0,4.76,0.000,1.0000,1.0000,0.0000,+0.0000,+0.0000,+1.0000,+0.0000,+0.0000,+0.0000,+0.0000,-0.0001,+0.0000,+0.0000,+0.0000,+0.0000,+0.0000,+1.0000,+0.0000,+0.0000,+0.0000,+0.0002,+0.2376,+0.0000,+0.0000,+0.0000
315,-0.22,8,False,100.0%,0.0%,0.0%,0.25,0.9,4.85,0.249,0.9167,1.0000,0.8816,-0.2249,+0.0000,+0.0000,+0.0000,+0.0000,+0.0000,+0.0000,-0.0000,+0.0000,+0.0000,+0.0000,+1.0000,+0.0000,+0.0000,+0.0000,+0.0000,+2.0000,+0.0020,+0.1374,+0.8000,+0.0000,+0.0000
316,1.00,1,True,0.0%,0.0%,0.0%,inf,1.2,5.18,10.150,0.6667,1.0000,0.9732,+0.0000,+0.0000,+1.0000,+0.0000,+0.0000,+0.0000,+0.0000,+0.0000,+0.0000,+0.0000,+0.0000,+0.0000,+0.0000,+1.0000,+0.0000,+0.0000,+1.0000,+0.0002,-0.0025,+0.1000,+0.0000,+0.0000
317,1.00,13,True,0.0%,0.0%,0.0%,0.01,0.6,4.98,2.605,0.9744,1.0000,0.8479,+0.0000,+0.0000,+1.0000,+0.0000,+0.0000,+0.0000,+0.0000,-0.0001,+0.0000,+0.0000,+0.0000,+0.0000,+0.0000,+1.0000,+0.0000,+0.0000,+1.0000,+0.0032,+0.3165,+1.3000,+0.0000,+0.0000
320,-0.00,90,False,0.0%,0.0%,0.0%,0.01,0.7,5.75,8.965,0.7926,0.6000,0.7528,+0.0000,+0.0000,+0.0000,+0.0000,+0.0000,+0.0000,-0.0039,-0.0006,+0.0000,+0.0000,+0.0000,+0.0000,+0.0000,+0.0000,+0.0000,+0.0000,+56.0000,-20.5234,+2.2718,+9.0000,+0.0000,+0.0000
323,1.00,1,True,0.0%,0.0%,0.0%,inf,1.0,4.75,0.069,0.6667,1.0000,0.8479,+0.0000,+0.0000,+1.0000,+0.0000,+0.0000,+0.0000,+0.0000,-0.0000,+0.0000,-0.0001,+0.0000,+0.0000,+0.0000,+1.0000,+0.0000,+0.0000,+1.0000,+0.0002,+0.0243,+0.1000,+0.1000,+0.0000
326,1.00,1,True,0.0%,0.0%,0.0%,inf,1.2,4.74,0.052,0.6667,1.0000,0.8689,+0.0000,+0.0000,+1.0000,+0.0000,+0.0000,+0.0000,+0.0000,-0.0000,+0.0000,+0.0000,+0.0000,+0.0000,+0.0000,+1.0000,+0.0000,+0.0000,+1.0000,+0.0002,+0.0199,+0.1000,+0.0000,+0.0000
327,-1.80,64,True,0.0%,0.0%,0.0%,0.01,0.6,4.99,14.329,0.9531,0.9375,0.7857,+0.0000,+0.0000,+1.0000,+0.0000,+0.0000,+0.0000,-0.0004,-0.0006,+0.0000,+0.0000,-2.8000,+0.0000,+0.0000,+1.0000,+0.0000,+0.0000,+9.0000,-2.4685,+2.3366,+6.4000,+0.0000,+28.0000
329,0.99,42,True,0.0%,0.0%,0.0%,0.02,0.8,5.49,9.185,0.5873,0.0476,0.5962,+0.0000,+0.0000,+1.0000,+0.0000,+0.0000,+0.0000,-0.0058,-0.0001,+0.0000,+0.0000,+0.0000,+0.0000,+0.0000,+1.0000,+0.0000,+0.0000,+52.0000,-31.7752,+0.4460,+4.2000,+0.0000,+0.0000
330,-2.10,57,True,0.0%,0.0%,0.0%,0.01,0.9,6.23,15.634,0.7719,0.5965,0.7232,+0.0000,+0.0000,+1.0000,+0.0000,+0.0000,+0.0000,-0.0044,-0.0004,+0.0000,+0.0000,-3.1000,+0.0000,+0.0000,+1.0000,+0.0000,+0.0000,+39.0000,-30.1489,+1.7677,+5.7000,+0.0000,+31.0000
331,1.00,1,True,0.0%,0.0%,0.0%,inf,1.0,4.78,0.000,0.6667,1.0000,0.8657,+0.0000,+0.0000,+1.0000,+0.0000,+0.0000,+0.0000,+0.0000,-0.0000,+0.0000,-0.0001,+0.0000,+0.0000,+0.0000,+1.0000,+0.0000,+0.0000,+1.0000,+0.0002,+0.0206,+0.1000,+0.1000,+0.0000
332,1.00,1,True,0.0%,0.0%,0.0%,inf,1.0,4.70,0.000,0.6667,0.0000,0.0000,+0.0000,+0.0000,+1.0000,+0.0000,+0.0000,+0.0000,-0.0001,+0.0000,+0.0000,+0.0000,+0.0000,+0.0000,+0.0000,+1.0000,+0.0000,+0.0000,+1.0000,-0.1270,+0.0000,+0.1000,+0.0000,+0.0000
333,1.00,1,True,0.0%,0.0%,0.0%,inf,1.0,4.69,0.000,0.6667,0.0000,0.0000,+0.0000,+0.0000,+1.0000,+0.0000,+0.0000,+0.0000,-0.0001,+0.0000,+0.0000,+0.0000,+0.0000,+0.0000,+0.0000,+1.0000,+0.0000,+0.0000,+1.0000,-0.1136,+0.0000,+0.1000,+0.0000,+0.0000
334,-1.98,82,False,100.0%,100.0%,0.0%,0.35,0.7,6.04,11.313,0.9919,0.8902,0.6467,-0.7793,+0.0000,+0.0000,+0.0000,+0.0000,+0.0000,-0.0001,-0.0013,+0.0000,+0.0000,-1.2000,+1.0000,+0.0000,+0.0000,+0.0000,+0.0000,+2.0000,-0.6761,+5.1020,+8.2000,+0.0000,+12.0000
336,-0.00,90,False,0.0%,0.0%,0.0%,0.27,0.7,6.43,6.495,0.9407,0.9000,0.9211,+0.0000,+0.0000,+0.0000,+0.0000,+0.0000,+0.0000,-0.0005,-0.0002,+0.0000,+0.0000,+0.0000,+0.0000,+0.0000,+0.0000,+0.0000,+0.0000,+16.0000,-2.6471,+0.6731,+9.0000,+0.0000,+0.0000
338,0.00,1,False,0.0%,0.0%,0.0%,inf,1.0,4.64,0.000,1.0000,0.0000,1.0000,+0.0000,+0.0000,+0.0000,+0.0000,+0.0000,+0.0000,+0.0000,+0.0000,+0.0000,+0.0000,+0.0000,+0.0000,+0.0000,+0.0000,+0.0000,+0.0000,+0.0000,+0.0000,+0.0000,+0.0000,+0.0000,+0.0000
339,-1.60,83,True,0.0%,0.0%,0.0%,0.01,0.8,6.80,12.676,0.9679,0.8916,0.8335,+0.0000,+0.0000,+1.0000,+0.0000,+0.0000,+0.0000,-0.0002,-0.0006,+0.0000,+0.0000,-2.6000,+0.0000,+0.0000,+1.0000,+0.0000,+0.0000,+8.0000,-1.3960,+2.2178,+8.3000,+0.0000,+26.0000
340,1.00,1,True,0.0%,0.0%,0.0%,inf,1.0,5.17,0.000,1.0000,0.0000,0.0000,+0.0000,+0.0000,+1.0000,+0.0000,+0.0000,+0.0000,-0.0001,+0.0000,+0.0000,+0.0000,+0.0000,+0.0000,+0.0000,+1.0000,+0.0000,+0.0000,+0.0000,-0.1003,+0.0000,+0.0000,+0.0000,+0.0000
341,-3.20,68,True,0.0%,0.0%,0.0%,0.01,0.6,5.44,16.031,0.9412,1.0000,0.8051,+0.0000,+0.0000,+1.0000,+0.0000,+0.0000,+0.0000,+0.0000,-0.0006,+0.0000,+0.0000,-4.2000,+0.0000,+0.0000,+1.0000,+0.0000,+0.0000,+12.0000,+0.0168,+2.2661,+6.8000,+0.0000,+42.0000
342,-0.80,26,False,100.0%,100.0%,0.0%,0.39,0.7,4.93,5.952,1.0000,0.8077,0.7246,-0.7952,+0.0000,+0.0000,+0.0000,+0.0000,+0.0000,-0.0003,-0.0003,+0.0000,+0.0000,+0.0000,+1.0000,+0.0000,+0.0000,+0.0000,+0.0000,+0.0000,-1.2031,+1.0193,+2.6000,+0.0000,+0.0000
344,0.50,84,True,0.0%,0.0%,0.0%,0.01,0.6,5.36,7.939,0.9048,0.8095,0.7279,+0.0000,+0.0000,+1.0000,+0.0000,+0.0000,+0.0000,-0.0009,-0.0010,+0.0000,+0.0000,-0.5000,+0.0000,+0.0000,+1.0000,+0.0000,+0.0000,+24.0000,-4.4687,+3.8093,+8.4000,+0.0000,+5.0000
345,1.00,1,True,0.0%,0.0%,0.0%,inf,1.2,4.83,0.000,0.6667,1.0000,0.6988,+0.0000,+0.0000,+1.0000,+0.0000,+0.0000,+0.0000,+0.0000,-0.0000,+0.0000,+0.0000,+0.0000,+0.0000,+0.0000,+1.0000,+0.0000,+0.0000,+1.0000,+0.0002,+0.0557,+0.1000,+0.0000,+0.0000
346,0.80,83,True,0.0%,0.0%,0.0%,0.01,0.6,5.90,10.084,0.9558,0.8554,0.8276,+0.0000,+0.0000,+1.0000,+0.0000,+0.0000,+0.0000,-0.0003,-0.0006,+0.0000,+0.0000,-0.2000,+0.0000,+0.0000,+1.0000,+0.0000,+0.0000,+11.0000,-1.4012,+2.2459,+8.3000,+0.0000,+2.0000
349,1.00,1,True,0.0%,0.0%,0.0%,inf,1.0,4.62,0.000,0.6667,1.0000,0.8603,+0.0000,+0.0000,+1.0000,+0.0000,+0.0000,+0.0000,+0.0000,-0.0000,+0.0000,+0.0000,+0.0000,+0.0000,+0.0000,+1.0000,+0.0000,+0.0000,+1.0000,+0.0002,+0.0217,+0.1000,+0.0000,+0.0000
351,1.00,81,True,0.0%,0.0%,0.0%,0.02,0.6,4.96,7.910,0.8519,1.0000,0.2998,+0.0000,+0.0000,+1.0000,+0.0000,+0.0000,+0.0000,+0.0000,-0.0028,+0.0000,+0.0000,+0.0000,+0.0000,+0.0000,+1.0000,+0.0000,+0.0000,+36.0000,+0.0191,+11.1245,+8.1000,+0.0000,+0.0000
352,-0.10,25,True,0.0%,0.0%,0.0%,0.01,0.6,4.90,14.728,0.9867,1.0000,0.5993,+0.0000,+0.0000,+1.0000,+0.0000,+0.0000,+0.0000,+0.0000,-0.0005,+0.0000,+0.0000,-1.1000,+0.0000,+0.0000,+1.0000,+0.0000,+0.0000,+1.0000,+0.0062,+1.9092,+2.5000,+0.0000,+11.0000
355,1.00,77,True,0.0%,0.0%,0.0%,0.02,1.1,6.20,7.784,0.9264,1.0000,0.5776,+0.0000,+0.0000,+1.0000,+0.0000,+0.0000,+0.0000,+0.0000,-0.0015,+0.0000,+0.0000,+0.0000,+0.0000,+0.0000,+1.0000,+0.0000,+0.0000,+17.0000,+0.0180,+6.1984,+7.7000,+0.0000,+0.0000
358,-0.23,1,False,100.0%,0.0%,0.0%,inf,1.0,4.75,0.000,0.6667,1.0000,0.9694,-0.2267,+0.0000,+0.0000,+0.0000,+0.0000,+0.0000,+0.0000,+0.0000,+0.0000,-0.0001,+0.0000,+1.0000,+0.0000,+0.0000,+0.0000,+0.0000,+1.0000,+0.0002,-0.0016,+0.1000,+0.1000,+0.0000
359,-0.00,90,False,0.0%,0.0%,0.0%,0.11,0.7,6.30,10.176,0.9741,0.9111,0.8374,+0.0000,+0.0000,+0.0000,+0.0000,+0.0000,+0.0000,-0.0003,-0.0006,+0.0000,+0.0000,+0.0000,+0.0000,+0.0000,+0.0000,+0.0000,+0.0000,+7.0000,-1.7512,+2.2554,+9.0000,+0.0000,+0.0000
364,1.00,22,True,0.0%,0.0%,0.0%,0.01,0.6,5.09,4.750,0.6970,0.5455,0.4888,+0.0000,+0.0000,+1.0000,+0.0000,+0.0000,+0.0000,+0.0000,-0.0005,+0.0000,+0.0000,+0.0000,+0.0000,+0.0000,+1.0000,+0.0000,+0.0000,+20.0000,+0.0045,+2.1582,+2.2000,+0.0000,+0.0000
367,1.00,1,True,0.0%,0.0%,0.0%,inf,1.0,4.63,0.000,0.6667,0.0000,0.0000,+0.0000,+0.0000,+1.0000,+0.0000,+0.0000,+0.0000,-0.0001,+0.0000,+0.0000,-0.0001,+0.0000,+0.0000,+0.0000,+1.0000,+0.0000,+0.0000,+1.0000,-0.1270,+0.0000,+0.1000,+0.1000,+0.0000
368,-2.00,30,True,0.0%,0.0%,0.0%,0.01,0.6,4.66,22.422,0.9778,0.9667,0.8864,+0.0000,+0.0000,+1.0000,+0.0000,+0.0000,+0.0000,+0.0000,-0.0001,+0.0000,+0.0000,-3.0000,+0.0000,+0.0000,+1.0000,+0.0000,+0.0000,+2.0000,+0.0075,+0.4844,+3.0000,+0.0000,+30.0000
369,0.50,7,True,0.0%,0.0%,0.0%,0.01,0.6,5.11,15.009,0.9048,1.0000,0.6917,+0.0000,+0.0000,+1.0000,+0.0000,+0.0000,+0.0000,+0.0000,-0.0001,+0.0000,+0.0000,-0.5000,+0.0000,+0.0000,+1.0000,+0.0000,+0.0000,+2.0000,+0.0017,+0.4004,+0.7000,+0.0000,+5.0000
375,-0.00,90,False,0.0%,0.0%,0.0%,0.16,0.7,6.45,3.782,0.9259,0.6000,0.8029,+0.0000,+0.0000,+0.0000,+0.0000,+0.0000,+0.0000,-0.0002,-0.0007,+0.0000,+0.0000,+0.0000,+0.0000,+0.0000,+0.0000,+0.0000,+0.0000,+20.0000,-0.9907,+2.9559,+9.0000,+0.0000,+0.0000
377,1.00,1,True,0.0%,0.0%,0.0%,inf,1.0,4.69,0.000,0.3333,1.0000,0.4017,+0.0000,+0.0000,+1.0000,+0.0000,+0.0000,+0.0000,+0.0000,-0.0000,+0.0000,-0.0001,+0.0000,+0.0000,+0.0000,+1.0000,+0.0000,+0.0000,+2.0000,+0.0002,+0.1172,+0.1000,+0.1000,+0.0000
380,-0.00,90,False,0.0%,0.0%,0.0%,0.43,0.9,7.33,9.480,0.9852,1.0000,0.4815,+0.0000,+0.0000,+0.0000,+0.0000,+0.0000,+0.0000,+0.0000,-0.0023,+0.0000,+0.0000,+0.0000,+0.0000,+0.0000,+0.0000,+0.0000,+0.0000,+4.0000,+0.0221,+9.0488,+9.0000,+0.0000,+0.0000
381,1.00,19,True,0.0%,0.0%,0.0%,0.01,1.6,7.66,9.843,0.9825,1.0000,0.7401,+0.0000,+0.0000,+1.0000,+0.0000,+0.0000,+0.0000,+0.0000,-0.0002,+0.0000,+0.0000,+0.0000,+0.0000,+0.0000,+1.0000,+0.0000,+0.0000,+1.0000,+0.0047,+0.8946,+1.9000,+0.0000,+0.0000
384,1.00,81,True,0.0%,0.0%,0.0%,0.02,1.7,9.03,9.392,0.9671,0.9259,0.8616,+0.0000,+0.0000,+1.0000,+0.0000,+0.0000,+0.0000,-0.0002,-0.0004,+0.0000,+0.0000,+0.0000,+0.0000,+0.0000,+1.0000,+0.0000,+0.0000,+8.0000,-1.0146,+1.6930,+8.1000,+0.0000,+0.0000
385,-3.90,90,False,0.0%,0.0%,0.0%,0.31,1.9,10.00,14.827,0.9407,1.0000,0.4483,+0.0000,+0.0000,+0.0000,+0.0000,+0.0000,+0.0000,+0.0000,-0.0024,+0.0000,+0.0000,-3.9000,+0.0000,+0.0000,+0.0000,+0.0000,+0.0000,+16.0000,+0.0223,+9.6456,+9.0000,+0.0000,+39.0000
388,1.00,1,True,0.0%,0.0%,0.0%,inf,1.5,8.63,0.000,0.6667,0.0000,0.0000,+0.0000,+0.0000,+1.0000,+0.0000,+0.0000,+0.0000,-0.0001,+0.0000,+0.0000,+0.0000,+0.0000,+0.0000,+0.0000,+1.0000,+0.0000,+0.0000,+1.0000,-0.1270,+0.0000,+0.1000,+0.0000,+0.0000
390,1.00,1,True,0.0%,0.0%,0.0%,inf,1.5,7.43,0.000,0.6667,0.0000,0.0000,+0.0000,+0.0000,+1.0000,+0.0000,+0.0000,+0.0000,-0.0001,+0.0000,+0.0000,+0.0000,+0.0000,+0.0000,+0.0000,+1.0000,+0.0000,+0.0000,+1.0000,-0.1270,+0.0000,+0.1000,+0.0000,+0.0000
391,1.00,1,True,0.0%,0.0%,0.0%,inf,1.5,8.07,0.000,0.6667,0.0000,0.0000,+0.0000,+0.0000,+1.0000,+0.0000,+0.0000,+0.0000,-0.0001,+0.0000,+0.0000,+0.0000,+0.0000,+0.0000,+0.0000,+1.0000,+0.0000,+0.0000,+1.0000,-0.1270,+0.0000,+0.1000,+0.0000,+0.0000
392,1.00,1,True,0.0%,0.0%,0.0%,inf,1.7,9.98,0.000,1.0000,0.0000,0.0000,+0.0000,+0.0000,+1.0000,+0.0000,+0.0000,+0.0000,-0.0001,+0.0000,+0.0000,+0.0000,+0.0000,+0.0000,+0.0000,+1.0000,+0.0000,+0.0000,+0.0000,-0.1003,+0.0000,+0.0000,+0.0000,+0.0000
393,1.00,30,True,0.0%,0.0%,0.0%,0.01,1.0,9.43,8.288,0.9778,1.0000,0.9008,+0.0000,+0.0000,+1.0000,+0.0000,+0.0000,+0.0000,+0.0000,-0.0001,+0.0000,+0.0000,+0.0000,+0.0000,+0.0000,+1.0000,+0.0000,+0.0000,+2.0000,+0.0075,+0.3924,+3.0000,+0.0000,+0.0000
394,-0.00,29,True,0.0%,0.0%,0.0%,0.01,2.5,8.42,13.434,0.5402,0.7931,0.5522,+0.0000,+0.0000,+1.0000,+0.0000,+0.0000,+0.0000,+0.0000,-0.0006,+0.0000,+0.0000,-1.0000,+0.0000,+0.0000,+1.0000,+0.0000,+0.0000,+40.0000,+0.0063,+2.4840,+2.9000,+0.0000,+10.0000
395,1.00,89,True,0.0%,0.0%,0.0%,0.01,1.9,13.79,6.069,0.9551,0.6854,0.8476,+0.0000,+0.0000,+1.0000,+0.0000,+0.0000,+0.0000,-0.0021,-0.0002,+0.0000,+0.0000,+0.0000,+0.0000,+0.0000,+1.0000,+0.0000,+0.0000,+12.0000,-12.5552,+0.9567,+8.9000,+0.0000,+0.0000
396,-1.50,46,True,0.0%,0.0%,0.0%,0.01,3.0,8.76,14.885,0.7971,0.6739,0.6075,+0.0000,+0.0000,+1.0000,+0.0000,+0.0000,+0.0000,-0.0030,-0.0005,+0.0000,+0.0000,-2.5000,+0.0000,+0.0000,+1.0000,+0.0000,+0.0000,+28.0000,-18.2663,+2.1924,+4.6000,+0.0000,+25.0000
397,1.00,1,True,0.0%,0.0%,0.0%,inf,1.6,8.58,0.000,0.6667,0.0000,0.0000,+0.0000,+0.0000,+1.0000,+0.0000,+0.0000,+0.0000,-0.0001,+0.0000,+0.0000,-0.0001,+0.0000,+0.0000,+0.0000,+1.0000,+0.0000,+0.0000,+1.0000,-0.1270,+0.0000,+0.1000,+0.1000,+0.0000
399,-0.00,90,False,0.0%,0.0%,0.0%,0.01,2.4,11.64,5.219,0.8815,1.0000,0.6181,+0.0000,+0.0000,+0.0000,+0.0000,+0.0000,+0.0000,+0.0000,-0.0016,+0.0000,-0.0018,+0.0000,+0.0000,+0.0000,+0.0000,+0.0000,+0.0000,+32.0000,+0.0216,+6.5064,+9.0000,+3.5000,+0.0000
400,-1.00,20,True,0.0%,0.0%,0.0%,0.01,1.6,8.97,17.418,0.9667,1.0000,0.8940,+0.0000,+0.0000,+1.0000,+0.0000,+0.0000,+0.0000,+0.0000,-0.0001,+0.0000,+0.0000,-2.0000,+0.0000,+0.0000,+1.0000,+0.0000,+0.0000,+2.0000,+0.0050,+0.2906,+2.0000,+0.0000,+20.0000
402,1.00,1,True,0.0%,0.0%,0.0%,inf,1.9,8.34,0.000,0.6667,0.0000,0.0000,+0.0000,+0.0000,+1.0000,+0.0000,+0.0000,+0.0000,-0.0001,+0.0000,+0.0000,+0.0000,+0.0000,+0.0000,+0.0000,+1.0000,+0.0000,+0.0000,+1.0000,-0.1270,+0.0000,+0.1000,+0.0000,+0.0000
406,-0.00,90,False,0.0%,0.0%,0.0%,0.16,1.9,13.27,6.732,0.9593,0.9556,0.9211,+0.0000,+0.0000,+0.0000,+0.0000,+0.0000,+0.0000,-0.0002,-0.0002,+0.0000,+0.0000,+0.0000,+0.0000,+0.0000,+0.0000,+0.0000,+0.0000,+11.0000,-1.0294,+0.7376,+9.0000,+0.0000,+0.0000
407,-0.60,20,True,0.0%,0.0%,0.0%,0.01,1.0,7.86,15.608,0.9833,1.0000,0.8832,+0.0000,+0.0000,+1.0000,+0.0000,+0.0000,+0.0000,+0.0000,-0.0001,+0.0000,+0.0000,-1.6000,+0.0000,+0.0000,+1.0000,+0.0000,+0.0000,+1.0000,+0.0049,+0.3347,+2.0000,+0.0000,+16.0000
408,-0.20,37,False,0.0%,0.0%,100.0%,0.42,0.9,5.17,5.947,0.9459,0.9730,0.8060,+0.0000,-0.2000,+0.0000,+0.0000,+0.0000,+0.0000,-0.0002,-0.0000,+0.0000,+0.0000,+0.0000,+0.0000,+1.0000,+0.0000,+0.0000,+0.0000,+6.0000,-0.8686,+0.1715,+3.7000,+0.0000,+0.0000
410,1.00,31,True,0.0%,0.0%,0.0%,0.02,1.7,6.74,12.775,0.8065,1.0000,0.5880,+0.0000,+0.0000,+1.0000,+0.0000,+0.0000,+0.0000,+0.0000,-0.0006,+0.0000,+0.0000,+0.0000,+0.0000,+0.0000,+1.0000,+0.0000,+0.0000,+18.0000,+0.0068,+2.4286,+3.1000,+0.0000,+0.0000
411,1.00,1,True,0.0%,0.0%,0.0%,inf,1.2,5.05,0.000,1.0000,0.0000,0.0000,+0.0000,+0.0000,+1.0000,+0.0000,+0.0000,+0.0000,-0.0001,+0.0000,+0.0000,+0.0000,+0.0000,+0.0000,+0.0000,+1.0000,+0.0000,+0.0000,+0.0000,-0.1003,+0.0000,+0.0000,+0.0000,+0.0000
412,0.70,3,True,0.0%,0.0%,0.0%,0.02,1.1,5.47,18.379,0.7778,1.0000,0.9914,+0.0000,+0.0000,+1.0000,+0.0000,+0.0000,+0.0000,+0.0000,+0.0000,+0.0000,+0.0000,-0.3000,+0.0000,+0.0000,+1.0000,+0.0000,+0.0000,+2.0000,+0.0007,-0.0192,+0.3000,+0.0000,+3.0000
413,-1.48,37,False,100.0%,100.0%,0.0%,0.06,1.7,5.18,10.155,0.8919,0.9730,0.8400,-1.4830,+0.0000,+0.0000,+0.0000,+0.0000,+0.0000,-0.0001,-0.0002,+0.0000,+0.0000,+0.0000,+1.0000,+0.0000,+0.0000,+0.0000,+0.0000,+12.0000,-0.4575,+0.9552,+3.7000,+0.0000,+0.0000
414,-0.00,90,False,0.0%,0.0%,0.0%,0.15,1.3,7.00,3.173,0.8926,1.0000,0.8843,+0.0000,+0.0000,+0.0000,+0.0000,+0.0000,+0.0000,+0.0000,-0.0004,+0.0000,+0.0000,+0.0000,+0.0000,+0.0000,+0.0000,+0.0000,+0.0000,+29.0000,+0.0221,+1.4892,+9.0000,+0.0000,+0.0000
415,1.00,1,True,0.0%,0.0%,0.0%,inf,1.3,5.98,0.000,0.3333,0.0000,0.0000,+0.0000,+0.0000,+1.0000,+0.0000,+0.0000,+0.0000,-0.0001,+0.0000,+0.0000,-0.0001,+0.0000,+0.0000,+0.0000,+1.0000,+0.0000,+0.0000,+2.0000,-0.1403,+0.0000,+0.1000,+0.1000,+0.0000
416,1.00,1,True,0.0%,0.0%,0.0%,inf,1.2,6.11,0.000,0.6667,0.0000,0.0000,+0.0000,+0.0000,+1.0000,+0.0000,+0.0000,+0.0000,-0.0001,+0.0000,+0.0000,+0.0000,+0.0000,+0.0000,+0.0000,+1.0000,+0.0000,+0.0000,+1.0000,-0.1270,+0.0000,+0.1000,+0.0000,+0.0000
417,1.00,27,True,0.0%,0.0%,0.0%,0.01,0.9,6.81,6.333,0.9753,1.0000,0.8419,+0.0000,+0.0000,+1.0000,+0.0000,+0.0000,+0.0000,+0.0000,-0.0002,+0.0000,+0.0000,+0.0000,+0.0000,+0.0000,+1.0000,+0.0000,+0.0000,+2.0000,+0.0067,+0.6904,+2.7000,+0.0000,+0.0000
418,-3.30,76,True,0.0%,0.0%,0.0%,0.01,1.0,5.44,15.762,0.9342,1.0000,0.8502,+0.0000,+0.0000,+1.0000,+0.0000,+0.0000,+0.0000,+0.0000,-0.0005,+0.0000,+0.0000,-4.3000,+0.0000,+0.0000,+1.0000,+0.0000,+0.0000,+15.0000,+0.0189,+1.8107,+7.6000,+0.0000,+43.0000
423,1.00,1,True,0.0%,0.0%,0.0%,inf,1.4,5.82,0.000,1.0000,0.0000,0.0000,+0.0000,+0.0000,+1.0000,+0.0000,+0.0000,+0.0000,-0.0001,+0.0000,+0.0000,+0.0000,+0.0000,+0.0000,+0.0000,+1.0000,+0.0000,+0.0000,+0.0000,-0.1003,+0.0000,+0.0000,+0.0000,+0.0000
425,1.00,1,True,0.0%,0.0%,0.0%,inf,1.1,5.58,0.000,0.6667,0.0000,0.0000,+0.0000,+0.0000,+1.0000,+0.0000,+0.0000,+0.0000,-0.0001,+0.0000,+0.0000,-0.0001,+0.0000,+0.0000,+0.0000,+1.0000,+0.0000,+0.0000,+1.0000,-0.1270,+0.0000,+0.1000,+0.1000,+0.0000
426,-0.80,90,False,0.0%,0.0%,0.0%,0.03,1.1,5.77,10.594,0.9370,0.8333,0.7386,+0.0000,+0.0000,+0.0000,+0.0000,+0.0000,+0.0000,-0.0002,-0.0010,+0.0000,+0.0000,-0.8000,+0.0000,+0.0000,+0.0000,+0.0000,+0.0000,+17.0000,-0.8463,+4.0217,+9.0000,+0.0000,+8.0000
427,-0.00,90,False,0.0%,0.0%,0.0%,0.10,1.5,7.19,6.838,0.9630,0.8111,0.8537,+0.0000,+0.0000,+0.0000,+0.0000,+0.0000,+0.0000,-0.0002,-0.0005,+0.0000,+0.0000,+0.0000,+0.0000,+0.0000,+0.0000,+0.0000,+0.0000,+10.0000,-1.1904,+1.8923,+9.0000,+0.0000,+0.0000
428,1.00,1,True,0.0%,0.0%,0.0%,inf,4.2,5.52,0.000,0.6667,1.0000,0.9897,+0.0000,+0.0000,+1.0000,+0.0000,+0.0000,+0.0000,+0.0000,+0.0000,+0.0000,+0.0000,+0.0000,+0.0000,+0.0000,+1.0000,+0.0000,+0.0000,+1.0000,+0.0002,-0.0060,+0.1000,+0.0000,+0.0000
429,-1.15,32,False,100.0%,100.0%,0.0%,0.33,1.3,6.24,7.932,0.7083,0.8750,0.8931,-1.1477,+0.0000,+0.0000,+0.0000,+0.0000,+0.0000,-0.0003,-0.0001,+0.0000,+0.0000,+0.0000,+1.0000,+0.0000,+0.0000,+0.0000,+0.0000,+28.0000,-1.3842,+0.3477,+3.2000,+0.0000,+0.0000
430,-0.00,90,False,0.0%,0.0%,0.0%,0.13,2.0,7.44,3.314,0.6815,1.0000,0.9243,+0.0000,+0.0000,+0.0000,+0.0000,+0.0000,+0.0000,+0.0000,-0.0002,+0.0000,+0.0000,+0.0000,+0.0000,+0.0000,+0.0000,+0.0000,+0.0000,+86.0000,+0.0221,+0.7215,+9.0000,+0.0000,+0.0000
431,1.00,1,True,0.0%,0.0%,0.0%,inf,1.0,5.48,0.000,0.3333,0.0000,0.0000,+0.0000,+0.0000,+1.0000,+0.0000,+0.0000,+0.0000,-0.0001,+0.0000,+0.0000,-0.0001,+0.0000,+0.0000,+0.0000,+1.0000,+0.0000,+0.0000,+2.0000,-0.1403,+0.0000,+0.1000,+0.1000,+0.0000
435,1.00,1,True,0.0%,0.0%,0.0%,inf,1.5,5.17,0.000,0.6667,0.0000,0.0000,+0.0000,+0.0000,+1.0000,+0.0000,+0.0000,+0.0000,-0.0001,+0.0000,+0.0000,+0.0000,+0.0000,+0.0000,+0.0000,+1.0000,+0.0000,+0.0000,+1.0000,-0.1270,+0.0000,+0.1000,+0.0000,+0.0000
438,-0.92,11,False,100.0%,100.0%,0.0%,0.49,1.1,5.50,8.809,0.9697,1.0000,0.8185,-0.9207,+0.0000,+0.0000,+0.0000,+0.0000,+0.0000,+0.0000,-0.0001,+0.0000,+0.0000,+0.0000,+1.0000,+0.0000,+0.0000,+0.0000,+0.0000,+1.0000,+0.0027,+0.3361,+1.1000,+0.0000,+0.0000
440,-0.06,39,False,100.0%,100.0%,0.0%,0.02,1.3,6.70,2.662,0.8376,0.9231,0.7092,-0.0641,+0.0000,+0.0000,+0.0000,+0.0000,+0.0000,+0.0000,+0.0000,+0.0000,+0.0000,+0.0000,+1.0000,+0.0000,+0.0000,+0.0000,+0.0000,+19.0000,-0.5112,+2.0226,+3.9000,+0.0000,+0.0000
442,0.00,1,False,0.0%,0.0%,0.0%,inf,1.8,5.28,0.000,1.0000,0.0000,1.0000,+0.0000,+0.0000,+0.0000,+0.0000,+0.0000,+0.0000,+0.0000,+0.0000,+0.0000,+0.0000,+0.0000,+0.0000,+0.0000,+0.0000,+0.0000,+0.0000,+0.0000,+0.0000,+0.0000,+0.0000,+0.0000,+0.0000
443,1.00,1,True,0.0%,0.0%,0.0%,inf,1.3,6.22,0.001,0.6667,1.0000,0.8358,+0.0000,+0.0000,+1.0000,+0.0000,+0.0000,+0.0000,+0.0000,-0.0000,+0.0000,+0.0000,+0.0000,+0.0000,+0.0000,+1.0000,+0.0000,+0.0000,+1.0000,+0.0002,+0.0269,+0.1000,+0.0000,+0.0000
444,-2.60,62,True,0.0%,0.0%,0.0%,0.02,1.8,7.37,14.845,0.7043,0.5968,0.6021,+0.0000,+0.0000,+1.0000,+0.0000,+0.0000,+0.0000,-0.0022,-0.0010,+0.0000,+0.0000,-3.6000,+0.0000,+0.0000,+1.0000,+0.0000,+0.0000,+55.0000,-12.4374,+3.9824,+6.2000,+0.0000,+36.0000
447,1.00,1,True,0.0%,0.0%,0.0%,inf,1.5,4.99,0.056,0.6667,1.0000,0.8264,+0.0000,+0.0000,+1.0000,+0.0000,+0.0000,+0.0000,+0.0000,-0.0000,+0.0000,+0.0000,+0.0000,+0.0000,+0.0000,+1.0000,+0.0000,+0.0000,+1.0000,+0.0002,+0.0289,+0.1000,+0.0000,+0.0000
450,-2.70,90,True,0.0%,0.0%,0.0%,0.01,1.4,8.01,13.556,0.9519,0.6778,0.6426,+0.0000,+0.0000,+1.0000,+0.0000,+0.0000,+0.0000,-0.0003,-0.0013,+0.0000,+0.0000,-3.7000,+0.0000,+0.0000,+1.0000,+0.0000,+0.0000,+13.0000,-1.5063,+5.3843,+9.0000,+0.0000,+37.0000
451,1.00,45,True,0.0%,0.0%,0.0%,0.01,1.2,5.88,8.016,0.9852,0.9778,0.7802,+0.0000,+0.0000,+1.0000,+0.0000,+0.0000,+0.0000,+0.0000,-0.0004,+0.0000,+0.0000,+0.0000,+0.0000,+0.0000,+1.0000,+0.0000,+0.0000,+2.0000,+0.0110,+1.7327,+4.5000,+0.0000,+0.0000
453,1.00,78,True,0.0%,0.0%,0.0%,0.02,2.3,6.60,10.595,0.9359,0.8974,0.8727,+0.0000,+0.0000,+1.0000,+0.0000,+0.0000,+0.0000,-0.0005,-0.0003,+0.0000,+0.0000,+0.0000,+0.0000,+0.0000,+1.0000,+0.0000,+0.0000,+15.0000,-2.5790,+1.3317,+7.8000,+0.0000,+0.0000
454,1.00,1,True,0.0%,0.0%,0.0%,inf,1.2,5.70,0.000,0.3333,0.0000,0.0000,+0.0000,+0.0000,+1.0000,+0.0000,+0.0000,+0.0000,-0.0001,+0.0000,+0.0000,-0.0001,+0.0000,+0.0000,+0.0000,+1.0000,+0.0000,+0.0000,+2.0000,-0.1403,+0.0000,+0.1000,+0.1000,+0.0000
457,-0.00,90,False,0.0%,0.0%,0.0%,0.34,2.2,6.27,5.244,0.9704,0.9889,0.5891,+0.0000,+0.0000,+0.0000,+0.0000,+0.0000,+0.0000,-0.0000,-0.0018,+0.0000,+0.0000,+0.0000,+0.0000,+0.0000,+0.0000,+0.0000,+0.0000,+8.0000,-0.1931,+7.0092,+9.0000,+0.0000,+0.0000
459,1.00,1,True,0.0%,0.0%,0.0%,inf,4.0,6.61,0.000,0.6667,0.0000,0.0000,+0.0000,+0.0000,+1.0000,+0.0000,+0.0000,+0.0000,-0.0001,+0.0000,+0.0000,+0.0000,+0.0000,+0.0000,+0.0000,+1.0000,+0.0000,+0.0000,+1.0000,-0.1270,+0.0000,+0.1000,+0.0000,+0.0000
460,0.00,1,False,0.0%,0.0%,0.0%,inf,1.9,6.54,0.000,1.0000,0.0000,1.0000,+0.0000,+0.0000,+0.0000,+0.0000,+0.0000,+0.0000,+0.0000,+0.0000,+0.0000,+0.0000,+0.0000,+0.0000,+0.0000,+0.0000,+0.0000,+0.0000,+0.0000,+0.0000,+0.0000,+0.0000,+0.0000,+0.0000
461,1.00,85,True,0.0%,0.0%,0.0%,0.01,1.3,7.88,7.336,0.9922,0.8471,0.7624,+0.0000,+0.0000,+1.0000,+0.0000,+0.0000,+0.0000,-0.0003,-0.0008,+0.0000,+0.0000,+0.0000,+0.0000,+0.0000,+1.0000,+0.0000,+0.0000,+2.0000,-1.8251,+3.3054,+8.5000,+0.0000,+0.0000
465,0.00,1,False,0.0%,0.0%,0.0%,inf,1.2,6.13,0.000,1.0000,0.0000,1.0000,+0.0000,+0.0000,+0.0000,+0.0000,+0.0000,+0.0000,+0.0000,+0.0000,+0.0000,+0.0000,+0.0000,+0.0000,+0.0000,+0.0000,+0.0000,+0.0000,+0.0000,+0.0000,+0.0000,+0.0000,+0.0000,+0.0000
467,1.00,34,True,0.0%,0.0%,0.0%,0.02,1.3,5.40,9.611,0.9706,0.8235,0.7731,+0.0000,+0.0000,+1.0000,+0.0000,+0.0000,+0.0000,+0.0000,-0.0003,+0.0000,+0.0000,+0.0000,+0.0000,+0.0000,+1.0000,+0.0000,+0.0000,+3.0000,+0.0080,+1.3496,+3.4000,+0.0000,+0.0000
469,1.00,1,True,0.0%,0.0%,0.0%,inf,1.5,5.32,0.000,0.6667,0.0000,0.0000,+0.0000,+0.0000,+1.0000,+0.0000,+0.0000,+0.0000,-0.0001,+0.0000,+0.0000,+0.0000,+0.0000,+0.0000,+0.0000,+1.0000,+0.0000,+0.0000,+1.0000,-0.1270,+0.0000,+0.1000,+0.0000,+0.0000
470,-2.40,48,True,0.0%,0.0%,0.0%,0.01,2.8,7.25,16.599,0.8611,1.0000,0.6202,+0.0000,+0.0000,+1.0000,+0.0000,+0.0000,+0.0000,+0.0000,-0.0009,+0.0000,+0.0000,-3.4000,+0.0000,+0.0000,+1.0000,+0.0000,+0.0000,+20.0000,+0.0116,+3.4324,+4.8000,+0.0000,+34.0000
473,-3.60,59,True,0.0%,0.0%,0.0%,0.02,1.3,6.88,16.923,0.9492,1.0000,0.6991,+0.0000,+0.0000,+1.0000,+0.0000,+0.0000,+0.0000,+0.0000,-0.0008,+0.0000,+0.0000,-4.6000,+0.0000,+0.0000,+1.0000,+0.0000,+0.0000,+9.0000,+0.0145,+3.2695,+5.9000,+0.0000,+46.0000
474,-0.00,90,False,0.0%,0.0%,0.0%,0.30,1.7,6.91,8.986,0.9815,0.9222,0.8304,+0.0000,+0.0000,+0.0000,+0.0000,+0.0000,+0.0000,-0.0001,-0.0006,+0.0000,+0.0000,+0.0000,+0.0000,+0.0000,+0.0000,+0.0000,+0.0000,+5.0000,-0.4543,+2.4745,+9.0000,+0.0000,+0.0000
475,1.00,57,True,0.0%,0.0%,0.0%,0.01,0.6,6.38,5.423,0.9064,1.0000,0.6307,+0.0000,+0.0000,+1.0000,+0.0000,+0.0000,+0.0000,+0.0000,-0.0010,+0.0000,+0.0000,+0.0000,+0.0000,+0.0000,+1.0000,+0.0000,+0.0000,+16.0000,+0.0135,+3.9682,+5.7000,+0.0000,+0.0000
477,0.00,1,False,0.0%,0.0%,0.0%,inf,1.0,4.85,6.842,1.0000,0.0000,1.0000,+0.0000,+0.0000,+0.0000,+0.0000,+0.0000,+0.0000,+0.0000,+0.0000,+0.0000,+0.0000,+0.0000,+0.0000,+0.0000,+0.0000,+0.0000,+0.0000,+0.0000,+0.0000,+0.0000,+0.0000,+0.0000,+0.0000
478,1.00,1,True,0.0%,0.0%,0.0%,inf,0.8,4.99,0.000,0.6667,1.0000,0.7780,+0.0000,+0.0000,+1.0000,+0.0000,+0.0000,+0.0000,+0.0000,-0.0000,+0.0000,+0.0000,+0.0000,+0.0000,+0.0000,+1.0000,+0.0000,+0.0000,+1.0000,+0.0002,+0.0391,+0.1000,+0.0000,+0.0000
479,1.00,1,True,0.0%,0.0%,0.0%,inf,1.0,5.53,0.000,0.6667,1.0000,0.8858,+0.0000,+0.0000,+1.0000,+0.0000,+0.0000,+0.0000,+0.0000,-0.0000,+0.0000,+0.0000,+0.0000,+0.0000,+0.0000,+1.0000,+0.0000,+0.0000,+1.0000,+0.0002,+0.0163,+0.1000,+0.0000,+0.0000
480,1.00,1,True,0.0%,0.0%,0.0%,inf,1.1,4.93,0.000,0.3333,0.0000,0.0000,+0.0000,+0.0000,+1.0000,+0.0000,+0.0000,+0.0000,-0.0001,+0.0000,+0.0000,-0.0001,+0.0000,+0.0000,+0.0000,+1.0000,+0.0000,+0.0000,+2.0000,-0.1403,+0.0000,+0.1000,+0.1000,+0.0000
482,-0.00,90,False,0.0%,0.0%,0.0%,0.29,0.6,5.49,1.067,0.9074,1.0000,0.4307,+0.0000,+0.0000,+0.0000,+0.0000,+0.0000,+0.0000,+0.0000,-0.0025,+0.0000,-0.0018,+0.0000,+0.0000,+0.0000,+0.0000,+0.0000,+0.0000,+25.0000,+0.0197,+10.0046,+9.0000,+3.6000,+0.0000
483,1.00,87,True,0.0%,0.0%,0.0%,0.01,0.6,5.10,5.128,0.8889,0.9540,0.3429,+0.0000,+0.0000,+1.0000,+0.0000,+0.0000,+0.0000,-0.0006,-0.0026,+0.0000,+0.0000,+0.0000,+0.0000,+0.0000,+1.0000,+0.0000,+0.0000,+29.0000,-3.0424,+10.2048,+8.7000,+0.0000,+0.0000
484,1.00,1,True,0.0%,0.0%,0.0%,inf,1.0,4.76,0.000,0.3333,0.0000,0.0000,+0.0000,+0.0000,+1.0000,+0.0000,+0.0000,+0.0000,-0.0001,+0.0000,+0.0000,-0.0001,+0.0000,+0.0000,+0.0000,+1.0000,+0.0000,+0.0000,+2.0000,-0.1403,+0.0000,+0.1000,+0.1000,+0.0000
488,-0.00,90,False,0.0%,0.0%,0.0%,0.17,0.7,5.86,2.980,0.9889,0.5000,0.7251,+0.0000,+0.0000,+0.0000,+0.0000,+0.0000,+0.0000,-0.0020,-0.0009,+0.0000,-0.0001,+0.0000,+0.0000,+0.0000,+0.0000,+0.0000,+0.0000,+3.0000,-5.8780,+3.5642,+9.0000,+0.2000,+0.0000
489,-1.40,90,False,0.0%,0.0%,0.0%,0.03,0.8,6.45,11.120,0.9667,0.7556,0.6594,+0.0000,+0.0000,+0.0000,+0.0000,+0.0000,+0.0000,-0.0004,-0.0013,+0.0000,+0.0000,-1.4000,+0.0000,+0.0000,+0.0000,+0.0000,+0.0000,+9.0000,-1.8202,+5.0464,+9.0000,+0.0000,+14.0000
490,0.60,86,True,0.0%,0.0%,0.0%,0.01,0.7,6.36,9.606,0.9070,0.9535,0.8951,+0.0000,+0.0000,+1.0000,+0.0000,+0.0000,+0.0000,-0.0000,-0.0003,+0.0000,+0.0000,-0.4000,+0.0000,+0.0000,+1.0000,+0.0000,+0.0000,+24.0000,-0.3893,+1.1572,+8.6000,+0.0000,+4.0000
491,1.00,1,True,0.0%,0.0%,0.0%,inf,1.0,4.78,0.523,0.6667,0.0000,0.0000,+0.0000,+0.0000,+1.0000,+0.0000,+0.0000,+0.0000,-0.0001,+0.0000,+0.0000,-0.0001,+0.0000,+0.0000,+0.0000,+1.0000,+0.0000,+0.0000,+1.0000,-0.1259,+0.0000,+0.1000,+0.1000,+0.0000
494,-1.00,90,False,0.0%,0.0%,0.0%,0.02,2.5,7.57,10.298,0.9741,0.8556,0.8300,+0.0000,+0.0000,+0.0000,+0.0000,+0.0000,+0.0000,-0.0009,-0.0006,+0.0000,+0.0000,-1.0000,+0.0000,+0.0000,+0.0000,+0.0000,+0.0000,+7.0000,-5.4152,+2.2960,+9.0000,+0.0000,+10.0000
495,1.00,1,True,0.0%,0.0%,0.0%,inf,1.0,4.81,0.000,0.6667,0.0000,0.0000,+0.0000,+0.0000,+1.0000,+0.0000,+0.0000,+0.0000,-0.0001,+0.0000,+0.0000,+0.0000,+0.0000,+0.0000,+0.0000,+1.0000,+0.0000,+0.0000,+1.0000,-0.1270,+0.0000,+0.1000,+0.0000,+0.0000
496,-0.00,10,True,0.0%,0.0%,0.0%,0.01,0.7,4.90,16.932,0.9000,1.0000,0.8598,+0.0000,+0.0000,+1.0000,+0.0000,+0.0000,+0.0000,+0.0000,-0.0001,+0.0000,+0.0000,-1.0000,+0.0000,+0.0000,+1.0000,+0.0000,+0.0000,+3.0000,+0.0025,+0.2181,+1.0000,+0.0000,+10.0000
498,0.50,41,True,0.0%,0.0%,0.0%,0.01,0.7,5.26,12.866,0.9512,0.6829,0.8165,+0.0000,+0.0000,+1.0000,+0.0000,+0.0000,+0.0000,-0.0008,-0.0002,+0.0000,+0.0000,-0.5000,+0.0000,+0.0000,+1.0000,+0.0000,+0.0000,+6.0000,-5.0135,+0.7151,+4.1000,+0.0000,+5.0000
499,1.00,1,True,0.0%,0.0%,0.0%,inf,1.1,5.40,0.000,0.6667,1.0000,0.7565,+0.0000,+0.0000,+1.0000,+0.0000,+0.0000,+0.0000,+0.0000,-0.0000,+0.0000,+0.0000,+0.0000,+0.0000,+0.0000,+1.0000,+0.0000,+0.0000,+1.0000,+0.0002,+0.0436,+0.1000,+0.0000,+0.0000
501,0.00,1,False,0.0%,0.0%,0.0%,inf,1.0,4.82,0.000,1.0000,0.0000,1.0000,+0.0000,+0.0000,+0.0000,+0.0000,+0.0000,+0.0000,+0.0000,+0.0000,+0.0000,+0.0000,+0.0000,+0.0000,+0.0000,+0.0000,+0.0000,+0.0000,+0.0000,+0.0000,+0.0000,+0.0000,+0.0000,+0.0000
503,1.00,1,True,0.0%,0.0%,0.0%,inf,1.0,4.81,0.000,0.6667,0.0000,0.0000,+0.0000,+0.0000,+1.0000,+0.0000,+0.0000,+0.0000,-0.0001,+0.0000,+0.0000,+0.0000,+0.0000,+0.0000,+0.0000,+1.0000,+0.0000,+0.0000,+1.0000,-0.1270,+0.0000,+0.1000,+0.0000,+0.0000
504,-0.20,90,False,0.0%,0.0%,0.0%,0.30,0.8,6.16,9.426,0.9926,0.9556,0.8100,+0.0000,+0.0000,+0.0000,+0.0000,+0.0000,+0.0000,-0.0001,-0.0007,+0.0000,+0.0000,-0.2000,+0.0000,+0.0000,+0.0000,+0.0000,+0.0000,+2.0000,-0.7701,+2.8534,+9.0000,+0.0000,+2.0000
506,0.70,41,True,0.0%,0.0%,0.0%,0.01,0.9,5.59,12.503,0.9919,1.0000,0.8514,+0.0000,+0.0000,+1.0000,+0.0000,+0.0000,+0.0000,+0.0000,-0.0002,+0.0000,+0.0000,-0.3000,+0.0000,+0.0000,+1.0000,+0.0000,+0.0000,+1.0000,+0.0102,+0.9655,+4.1000,+0.0000,+3.0000
509,1.00,53,True,0.0%,0.0%,0.0%,0.01,0.8,5.38,11.406,0.9623,0.9057,0.8201,+0.0000,+0.0000,+1.0000,+0.0000,+0.0000,+0.0000,-0.0001,-0.0004,+0.0000,+0.0000,+0.0000,+0.0000,+0.0000,+1.0000,+0.0000,+0.0000,+6.0000,-0.7578,+1.4933,+5.3000,+0.0000,+0.0000
510,-2.10,90,True,0.0%,0.0%,0.0%,0.01,0.8,5.70,13.670,0.9852,0.9333,0.7743,+0.0000,+0.0000,+1.0000,+0.0000,+0.0000,+0.0000,+0.0000,-0.0009,+0.0000,+0.0000,-3.1000,+0.0000,+0.0000,+1.0000,+0.0000,+0.0000,+4.0000,+0.0223,+3.5764,+9.0000,+0.0000,+31.0000
512,0.00,1,False,0.0%,0.0%,0.0%,inf,1.0,4.62,0.000,1.0000,0.0000,1.0000,+0.0000,+0.0000,+0.0000,+0.0000,+0.0000,+0.0000,+0.0000,+0.0000,+0.0000,+0.0000,+0.0000,+0.0000,+0.0000,+0.0000,+0.0000,+0.0000,+0.0000,+0.0000,+0.0000,+0.0000,+0.0000,+0.0000
513,1.00,1,True,0.0%,0.0%,0.0%,inf,1.0,4.66,0.000,0.6667,0.0000,0.0000,+0.0000,+0.0000,+1.0000,+0.0000,+0.0000,+0.0000,-0.0001,+0.0000,+0.0000,-0.0001,+0.0000,+0.0000,+0.0000,+1.0000,+0.0000,+0.0000,+1.0000,-0.1270,+0.0000,+0.1000,+0.1000,+0.0000
515,1.00,17,True,0.0%,0.0%,0.0%,0.01,1.0,5.15,11.979,0.9412,1.0000,0.9579,+0.0000,+0.0000,+1.0000,+0.0000,+0.0000,+0.0000,+0.0000,-0.0000,+0.0000,+0.0000,+0.0000,+0.0000,+0.0000,+1.0000,+0.0000,+0.0000,+3.0000,+0.0042,+0.0143,+1.7000,+0.0000,+0.0000
520,-0.10,88,True,0.0%,0.0%,0.0%,0.01,0.8,6.70,10.520,0.9811,0.8977,0.8970,+0.0000,+0.0000,+1.0000,+0.0000,+0.0000,+0.0000,-0.0003,-0.0003,+0.0000,+0.0000,-1.1000,+0.0000,+0.0000,+1.0000,+0.0000,+0.0000,+5.0000,-1.6560,+1.1880,+8.8000,+0.0000,+11.0000
522,-0.00,90,False,0.0%,0.0%,0.0%,0.09,0.7,5.50,7.623,0.9704,0.5556,0.7790,+0.0000,+0.0000,+0.0000,+0.0000,+0.0000,+0.0000,-0.0005,-0.0008,+0.0000,+0.0000,+0.0000,+0.0000,+0.0000,+0.0000,+0.0000,+0.0000,+8.0000,-2.8622,+3.3445,+9.0000,+0.0000,+0.0000
524,1.00,1,True,0.0%,0.0%,0.0%,inf,1.0,4.97,0.000,0.6667,0.0000,0.0000,+0.0000,+0.0000,+1.0000,+0.0000,+0.0000,+0.0000,-0.0001,+0.0000,+0.0000,+0.0000,+0.0000,+0.0000,+0.0000,+1.0000,+0.0000,+0.0000,+1.0000,-0.1270,+0.0000,+0.1000,+0.0000,+0.0000
525,0.00,1,False,0.0%,0.0%,0.0%,inf,1.0,4.84,0.000,1.0000,0.0000,1.0000,+0.0000,+0.0000,+0.0000,+0.0000,+0.0000,+0.0000,+0.0000,+0.0000,+0.0000,+0.0000,+0.0000,+0.0000,+0.0000,+0.0000,+0.0000,+0.0000,+0.0000,+0.0000,+0.0000,+0.0000,+0.0000,+0.0000
526,-0.70,90,False,0.0%,0.0%,0.0%,0.15,0.6,5.95,9.757,0.9963,0.9111,0.8616,+0.0000,+0.0000,+0.0000,+0.0000,+0.0000,+0.0000,-0.0000,-0.0005,+0.0000,+0.0000,-0.7000,+0.0000,+0.0000,+0.0000,+0.0000,+0.0000,+1.0000,-0.2713,+1.8672,+9.0000,+0.0000,+7.0000
527,-2.50,88,True,0.0%,0.0%,0.0%,0.02,1.1,7.47,13.618,0.9848,0.9545,0.9376,+0.0000,+0.0000,+1.0000,+0.0000,+0.0000,+0.0000,-0.0004,-0.0001,+0.0000,+0.0000,-3.5000,+0.0000,+0.0000,+1.0000,+0.0000,+0.0000,+4.0000,-2.3246,+0.4158,+8.8000,+0.0000,+35.0000
528,-0.30,83,True,0.0%,0.0%,0.0%,0.01,0.8,6.24,11.137,0.9960,0.8795,0.8920,+0.0000,+0.0000,+1.0000,+0.0000,+0.0000,+0.0000,-0.0001,-0.0003,+0.0000,+0.0000,-1.3000,+0.0000,+0.0000,+1.0000,+0.0000,+0.0000,+1.0000,-0.6081,+1.1434,+8.3000,+0.0000,+13.0000
529,1.00,1,True,0.0%,0.0%,0.0%,inf,1.0,4.68,0.038,0.6667,1.0000,0.6505,+0.0000,+0.0000,+1.0000,+0.0000,+0.0000,+0.0000,+0.0000,-0.0000,+0.0000,+0.0000,+0.0000,+0.0000,+0.0000,+1.0000,+0.0000,+0.0000,+1.0000,+0.0002,+0.0658,+0.1000,+0.0000,+0.0000
532,1.00,14,True,0.0%,0.0%,0.0%,0.02,0.6,4.90,9.743,0.9762,1.0000,0.9160,+0.0000,+0.0000,+1.0000,+0.0000,+0.0000,+0.0000,+0.0000,-0.0000,+0.0000,+0.0000,+0.0000,+0.0000,+0.0000,+1.0000,+0.0000,+0.0000,+1.0000,+0.0035,+0.1375,+1.4000,+0.0000,+0.0000
534,0.00,1,False,0.0%,0.0%,0.0%,inf,1.0,4.75,0.000,1.0000,0.0000,1.0000,+0.0000,+0.0000,+0.0000,+0.0000,+0.0000,+0.0000,+0.0000,+0.0000,+0.0000,+0.0000,+0.0000,+0.0000,+0.0000,+0.0000,+0.0000,+0.0000,+0.0000,+0.0000,+0.0000,+0.0000,+0.0000,+0.0000
535,-0.00,90,False,0.0%,0.0%,0.0%,0.21,0.7,6.51,0.995,0.9667,0.5667,0.8667,+0.0000,+0.0000,+0.0000,+0.0000,+0.0000,+0.0000,-0.0040,-0.0001,+0.0000,+0.0000,+0.0000,+0.0000,+0.0000,+0.0000,+0.0000,+0.0000,+9.0000,-6.9156,+0.5856,+9.0000,+0.0000,+0.0000
536,-1.30,90,False,0.0%,0.0%,0.0%,0.05,0.9,6.79,10.275,0.9556,0.9333,0.8463,+0.0000,+0.0000,+0.0000,+0.0000,+0.0000,+0.0000,+0.0000,-0.0005,+0.0000,+0.0000,-1.3000,+0.0000,+0.0000,+0.0000,+0.0000,+0.0000,+12.0000,+0.0211,+2.1488,+9.0000,+0.0000,+13.0000
537,0.00,1,False,0.0%,0.0%,0.0%,inf,1.0,4.81,0.000,1.0000,0.0000,1.0000,+0.0000,+0.0000,+0.0000,+0.0000,+0.0000,+0.0000,+0.0000,+0.0000,+0.0000,+0.0000,+0.0000,+0.0000,+0.0000,+0.0000,+0.0000,+0.0000,+0.0000,+0.0000,+0.0000,+0.0000,+0.0000,+0.0000
539,-1.80,65,True,0.0%,0.0%,0.0%,0.01,0.6,5.46,13.193,0.7897,0.7385,0.5840,+0.0000,+0.0000,+1.0000,+0.0000,+0.0000,+0.0000,+0.0000,-0.0013,+0.0000,+0.0000,-2.8000,+0.0000,+0.0000,+1.0000,+0.0000,+0.0000,+41.0000,+0.0146,+5.1497,+6.5000,+0.0000,+28.0000
540,-0.00,90,False,0.0%,0.0%,0.0%,0.07,0.8,6.44,7.875,0.9852,0.8222,0.8279,+0.0000,+0.0000,+0.0000,+0.0000,+0.0000,+0.0000,-0.0000,-0.0006,+0.0000,+0.0000,+0.0000,+0.0000,+0.0000,+0.0000,+0.0000,+0.0000,+4.0000,-0.2626,+2.4942,+9.0000,+0.0000,+0.0000
544,1.00,1,True,0.0%,0.0%,0.0%,inf,1.0,4.79,0.000,0.6667,1.0000,0.7664,+0.0000,+0.0000,+1.0000,+0.0000,+0.0000,+0.0000,+0.0000,-0.0000,+0.0000,+0.0000,+0.0000,+0.0000,+0.0000,+1.0000,+0.0000,+0.0000,+1.0000,+0.0002,+0.0416,+0.1000,+0.0000,+0.0000
547,-0.30,74,True,0.0%,0.0%,0.0%,0.01,0.8,5.85,11.626,0.9730,0.9324,0.8475,+0.0000,+0.0000,+1.0000,+0.0000,+0.0000,+0.0000,-0.0001,-0.0004,+0.0000,+0.0000,-1.3000,+0.0000,+0.0000,+1.0000,+0.0000,+0.0000,+6.0000,-0.8239,+1.7398,+7.4000,+0.0000,+13.0000
552,1.00,1,True,0.0%,0.0%,0.0%,inf,1.3,5.43,0.000,0.6667,0.0000,0.0000,+0.0000,+0.0000,+1.0000,+0.0000,+0.0000,+0.0000,-0.0001,+0.0000,+0.0000,+0.0000,+0.0000,+0.0000,+0.0000,+1.0000,+0.0000,+0.0000,+1.0000,-0.1270,+0.0000,+0.1000,+0.0000,+0.0000
553,0.00,1,False,0.0%,0.0%,0.0%,inf,1.0,4.79,0.000,1.0000,0.0000,1.0000,+0.0000,+0.0000,+0.0000,+0.0000,+0.0000,+0.0000,+0.0000,+0.0000,+0.0000,+0.0000,+0.0000,+0.0000,+0.0000,+0.0000,+0.0000,+0.0000,+0.0000,+0.0000,+0.0000,+0.0000,+0.0000,+0.0000
554,1.00,28,True,0.0%,0.0%,0.0%,0.01,1.1,6.00,2.355,0.6190,1.0000,0.3054,+0.0000,+0.0000,+1.0000,+0.0000,+0.0000,+0.0000,+0.0000,-0.0010,+0.0000,+0.0000,+0.0000,+0.0000,+0.0000,+1.0000,+0.0000,+0.0000,+32.0000,+0.0065,+3.8286,+2.8000,+0.0000,+0.0000
556,-1.30,81,True,0.0%,0.0%,0.0%,0.02,0.6,5.33,11.687,0.8930,0.8272,0.7970,+0.0000,+0.0000,+1.0000,+0.0000,+0.0000,+0.0000,-0.0006,-0.0007,+0.0000,+0.0000,-2.3000,+0.0000,+0.0000,+1.0000,+0.0000,+0.0000,+26.0000,-3.6215,+2.6683,+8.1000,+0.0000,+23.0000
557,-6.90,79,True,0.0%,0.0%,0.0%,0.01,0.8,6.52,20.566,0.8734,0.6835,0.6784,+0.0000,+0.0000,+1.0000,+0.0000,+0.0000,+0.0000,-0.0003,-0.0011,+0.0000,+0.0000,-7.9000,+0.0000,+0.0000,+1.0000,+0.0000,+0.0000,+30.0000,-2.1578,+4.4777,+7.9000,+0.0000,+79.0000
558,-0.00,90,False,0.0%,0.0%,0.0%,0.30,0.6,5.50,2.432,0.9926,0.4778,0.8158,+0.0000,+0.0000,+0.0000,+0.0000,+0.0000,+0.0000,-0.0023,-0.0003,+0.0000,+0.0000,+0.0000,+0.0000,+0.0000,+0.0000,+0.0000,+0.0000,+2.0000,-6.4775,+1.3733,+9.0000,+0.0000,+0.0000
559,1.00,5,True,0.0%,0.0%,0.0%,0.01,0.8,5.63,4.109,0.8667,1.0000,0.8680,+0.0000,+0.0000,+1.0000,+0.0000,+0.0000,+0.0000,+0.0000,-0.0000,+0.0000,+0.0000,+0.0000,+0.0000,+0.0000,+1.0000,+0.0000,+0.0000,+2.0000,+0.0012,+0.1004,+0.5000,+0.0000,+0.0000
560,1.00,50,True,0.0%,0.0%,0.0%,0.01,0.5,5.00,4.729,0.9733,1.0000,0.8711,+0.0000,+0.0000,+1.0000,+0.0000,+0.0000,+0.0000,+0.0000,-0.0002,+0.0000,+0.0000,+0.0000,+0.0000,+0.0000,+1.0000,+0.0000,+0.0000,+4.0000,+0.0123,+0.9686,+5.0000,+0.0000,+0.0000
561,-0.00,90,False,0.0%,0.0%,0.0%,0.18,0.8,6.86,10.915,0.9630,0.9000,0.5503,+0.0000,+0.0000,+0.0000,+0.0000,+0.0000,+0.0000,-0.0002,-0.0018,+0.0000,+0.0000,+0.0000,+0.0000,+0.0000,+0.0000,+0.0000,+0.0000,+10.0000,-0.9228,+7.2899,+9.0000,+0.0000,+0.0000
562,-0.00,90,False,0.0%,0.0%,0.0%,0.11,0.6,4.92,9.114,0.9593,1.0000,0.8130,+0.0000,+0.0000,+0.0000,+0.0000,+0.0000,+0.0000,+0.0000,-0.0007,+0.0000,+0.0000,+0.0000,+0.0000,+0.0000,+0.0000,+0.0000,+0.0000,+11.0000,+0.0224,+2.8535,+9.0000,+0.0000,+0.0000
564,1.00,20,True,0.0%,0.0%,0.0%,0.01,0.6,4.93,3.765,0.8333,0.7000,0.9389,+0.0000,+0.0000,+1.0000,+0.0000,+0.0000,+0.0000,-0.0009,+0.0000,+0.0000,+0.0000,+0.0000,+0.0000,+0.0000,+1.0000,+0.0000,+0.0000,+10.0000,-3.5933,-0.0153,+2.0000,+0.0000,+0.0000
565,-3.40,44,True,0.0%,0.0%,0.0%,0.02,0.8,6.57,23.535,0.9848,0.8636,0.6402,+0.0000,+0.0000,+1.0000,+0.0000,+0.0000,+0.0000,+0.0000,-0.0007,+0.0000,+0.0000,-4.4000,+0.0000,+0.0000,+1.0000,+0.0000,+0.0000,+2.0000,-0.0110,+2.7838,+4.4000,+0.0000,+44.0000
566,0.70,82,True,0.0%,0.0%,0.0%,0.01,0.7,5.91,10.778,0.9512,1.0000,0.6070,+0.0000,+0.0000,+1.0000,+0.0000,+0.0000,+0.0000,+0.0000,-0.0015,+0.0000,+0.0000,-0.3000,+0.0000,+0.0000,+1.0000,+0.0000,+0.0000,+12.0000,+0.0201,+6.0806,+8.2000,+0.0000,+3.0000
567,1.00,35,True,0.0%,0.0%,0.0%,0.01,0.6,5.12,12.605,0.9810,1.0000,0.8380,+0.0000,+0.0000,+1.0000,+0.0000,+0.0000,+0.0000,+0.0000,-0.0002,+0.0000,+0.0000,+0.0000,+0.0000,+0.0000,+1.0000,+0.0000,+0.0000,+2.0000,+0.0087,+0.9255,+3.5000,+0.0000,+0.0000
568,-4.10,62,True,0.0%,0.0%,0.0%,0.02,0.6,5.02,17.457,0.9839,0.9516,0.8749,+0.0000,+0.0000,+1.0000,+0.0000,+0.0000,+0.0000,-0.0003,-0.0003,+0.0000,+0.0000,-5.1000,+0.0000,+0.0000,+1.0000,+0.0000,+0.0000,+3.0000,-2.1416,+1.1221,+6.2000,+0.0000,+51.0000
571,1.00,1,True,0.0%,0.0%,0.0%,inf,1.2,4.83,0.000,0.6667,1.0000,0.9307,+0.0000,+0.0000,+1.0000,+0.0000,+0.0000,+0.0000,+0.0000,-0.0000,+0.0000,+0.0000,+0.0000,+0.0000,+0.0000,+1.0000,+0.0000,+0.0000,+1.0000,+0.0002,+0.0067,+0.1000,+0.0000,+0.0000
573,1.00,51,True,0.0%,0.0%,0.0%,0.01,0.6,5.58,5.840,0.9869,0.8039,0.8494,+0.0000,+0.0000,+1.0000,+0.0000,+0.0000,+0.0000,-0.0005,-0.0002,+0.0000,+0.0000,+0.0000,+0.0000,+0.0000,+1.0000,+0.0000,+0.0000,+2.0000,-2.8399,+0.9832,+5.1000,+0.0000,+0.0000
577,1.00,70,True,0.0%,0.0%,0.0%,0.01,0.6,4.94,5.523,0.8286,1.0000,0.7541,+0.0000,+0.0000,+1.0000,+0.0000,+0.0000,+0.0000,+0.0000,-0.0008,+0.0000,+0.0000,+0.0000,+0.0000,+0.0000,+1.0000,+0.0000,+0.0000,+36.0000,+0.0170,+3.0738,+7.0000,+0.0000,+0.0000
578,1.00,1,True,0.0%,0.0%,0.0%,inf,0.8,4.79,14.254,0.0000,1.0000,0.7816,+0.0000,+0.0000,+1.0000,+0.0000,+0.0000,+0.0000,+0.0000,-0.0000,+0.0000,+0.0000,+0.0000,+0.0000,+0.0000,+1.0000,+0.0000,+0.0000,+3.0000,+0.0002,+0.0384,+0.1000,+0.0000,+0.0000
579,-0.00,90,False,0.0%,0.0%,0.0%,0.10,1.1,8.37,5.627,0.9704,1.0000,0.8626,+0.0000,+0.0000,+0.0000,+0.0000,+0.0000,+0.0000,+0.0000,-0.0005,+0.0000,+0.0000,+0.0000,+0.0000,+0.0000,+0.0000,+0.0000,+0.0000,+8.0000,+0.0223,+1.9065,+9.0000,+0.0000,+0.0000
581,-0.00,90,False,0.0%,0.0%,0.0%,0.03,1.2,6.34,8.618,0.8963,0.7000,0.5453,+0.0000,+0.0000,+0.0000,+0.0000,+0.0000,+0.0000,-0.0022,-0.0017,+0.0000,+0.0000,+0.0000,+0.0000,+0.0000,+0.0000,+0.0000,+0.0000,+28.0000,-11.9551,+6.6859,+9.0000,+0.0000,+0.0000
582,0.00,1,False,0.0%,0.0%,0.0%,inf,1.2,5.10,0.000,1.0000,0.0000,1.0000,+0.0000,+0.0000,+0.0000,+0.0000,+0.0000,+0.0000,+0.0000,+0.0000,+0.0000,+0.0000,+0.0000,+0.0000,+0.0000,+0.0000,+0.0000,+0.0000,+0.0000,+0.0000,+0.0000,+0.0000,+0.0000,+0.0000
585,-0.00,90,False,0.0%,0.0%,0.0%,0.14,1.3,6.59,0.284,0.9519,1.0000,0.9450,+0.0000,+0.0000,+0.0000,+0.0000,+0.0000,+0.0000,+0.0000,-0.0001,+0.0000,+0.0000,+0.0000,+0.0000,+0.0000,+0.0000,+0.0000,+0.0000,+13.0000,+0.0224,+0.3254,+9.0000,+0.0000,+0.0000
587,1.00,1,True,0.0%,0.0%,0.0%,inf,1.4,5.12,0.000,0.6667,0.0000,0.0000,+0.0000,+0.0000,+1.0000,+0.0000,+0.0000,+0.0000,-0.0001,+0.0000,+0.0000,+0.0000,+0.0000,+0.0000,+0.0000,+1.0000,+0.0000,+0.0000,+1.0000,-0.1270,+0.0000,+0.1000,+0.0000,+0.0000
588,1.00,1,True,0.0%,0.0%,0.0%,inf,1.1,5.00,0.000,0.3333,1.0000,0.9905,+0.0000,+0.0000,+1.0000,+0.0000,+0.0000,+0.0000,+0.0000,+0.0000,+0.0000,+0.0000,+0.0000,+0.0000,+0.0000,+1.0000,+0.0000,+0.0000,+2.0000,+0.0002,-0.0062,+0.1000,+0.0000,+0.0000
589,1.00,13,True,0.0%,0.0%,0.0%,0.01,0.9,5.69,11.464,0.9487,1.0000,0.6627,+0.0000,+0.0000,+1.0000,+0.0000,+0.0000,+0.0000,+0.0000,-0.0002,+0.0000,+0.0000,+0.0000,+0.0000,+0.0000,+1.0000,+0.0000,+0.0000,+2.0000,+0.0031,+0.8200,+1.3000,+0.0000,+0.0000
590,-2.50,71,True,0.0%,0.0%,0.0%,0.01,1.1,6.05,15.074,0.7793,0.9296,0.6927,+0.0000,+0.0000,+1.0000,+0.0000,+0.0000,+0.0000,-0.0001,-0.0010,+0.0000,+0.0000,-3.5000,+0.0000,+0.0000,+1.0000,+0.0000,+0.0000,+47.0000,-0.6545,+3.8717,+7.1000,+0.0000,+35.0000
591,0.00,1,False,0.0%,0.0%,0.0%,inf,1.1,5.08,0.000,1.0000,0.0000,1.0000,+0.0000,+0.0000,+0.0000,+0.0000,+0.0000,+0.0000,+0.0000,+0.0000,+0.0000,+0.0000,+0.0000,+0.0000,+0.0000,+0.0000,+0.0000,+0.0000,+0.0000,+0.0000,+0.0000,+0.0000,+0.0000,+0.0000
593,0.00,1,False,0.0%,0.0%,0.0%,inf,3.8,5.11,0.000,1.0000,0.0000,1.0000,+0.0000,+0.0000,+0.0000,+0.0000,+0.0000,+0.0000,+0.0000,+0.0000,+0.0000,+0.0000,+0.0000,+0.0000,+0.0000,+0.0000,+0.0000,+0.0000,+0.0000,+0.0000,+0.0000,+0.0000,+0.0000,+0.0000
594,-0.50,80,True,0.0%,0.0%,0.0%,0.01,2.8,5.79,10.171,0.8417,0.8250,0.4981,+0.0000,+0.0000,+1.0000,+0.0000,+0.0000,+0.0000,-0.0001,-0.0019,+0.0000,+0.0000,-1.5000,+0.0000,+0.0000,+1.0000,+0.0000,+0.0000,+38.0000,-0.5058,+7.6277,+8.0000,+0.0000,+15.0000
596,0.00,1,False,0.0%,0.0%,0.0%,inf,1.2,5.79,0.000,1.0000,0.0000,1.0000,+0.0000,+0.0000,+0.0000,+0.0000,+0.0000,+0.0000,+0.0000,+0.0000,+0.0000,+0.0000,+0.0000,+0.0000,+0.0000,+0.0000,+0.0000,+0.0000,+0.0000,+0.0000,+0.0000,+0.0000,+0.0000,+0.0000
597,-4.80,58,True,0.0%,0.0%,0.0%,0.02,2.7,5.97,21.386,0.9885,0.9828,0.7991,+0.0000,+0.0000,+1.0000,+0.0000,+0.0000,+0.0000,+0.0000,-0.0005,+0.0000,+0.0000,-5.8000,+0.0000,+0.0000,+1.0000,+0.0000,+0.0000,+2.0000,+0.0143,+1.9927,+5.8000,+0.0000,+58.0000
598,-0.20,90,False,0.0%,0.0%,0.0%,0.05,1.8,6.42,8.915,0.9704,0.8556,0.7971,+0.0000,+0.0000,+0.0000,+0.0000,+0.0000,+0.0000,-0.0006,-0.0008,+0.0000,+0.0000,-0.2000,+0.0000,+0.0000,+0.0000,+0.0000,+0.0000,+8.0000,-3.3981,+3.0063,+9.0000,+0.0000,+2.0000
601,1.00,1,True,0.0%,0.0%,0.0%,inf,1.1,4.97,0.000,0.3333,0.0000,0.0000,+0.0000,+0.0000,+1.0000,+0.0000,+0.0000,+0.0000,-0.0001,+0.0000,+0.0000,-0.0001,+0.0000,+0.0000,+0.0000,+1.0000,+0.0000,+0.0000,+2.0000,-0.1403,+0.0000,+0.1000,+0.1000,+0.0000
602,-3.10,63,True,0.0%,0.0%,0.0%,0.02,1.7,6.10,15.708,0.9153,1.0000,0.7410,+0.0000,+0.0000,+1.0000,+0.0000,+0.0000,+0.0000,+0.0000,-0.0007,+0.0000,+0.0000,-4.1000,+0.0000,+0.0000,+1.0000,+0.0000,+0.0000,+16.0000,+0.0153,+2.9049,+6.3000,+0.0000,+41.0000
604,1.00,1,True,0.0%,0.0%,0.0%,inf,1.3,5.71,0.733,0.6667,0.0000,0.0000,+0.0000,+0.0000,+1.0000,+0.0000,+0.0000,+0.0000,-0.0001,+0.0000,+0.0000,+0.0000,+0.0000,+0.0000,+0.0000,+1.0000,+0.0000,+0.0000,+1.0000,-0.2002,+0.0000,+0.1000,+0.0000,+0.0000
607,1.00,1,True,0.0%,0.0%,0.0%,inf,1.3,4.84,0.000,0.6667,0.0000,0.0000,+0.0000,+0.0000,+1.0000,+0.0000,+0.0000,+0.0000,-0.0001,+0.0000,+0.0000,+0.0000,+0.0000,+0.0000,+0.0000,+1.0000,+0.0000,+0.0000,+1.0000,-0.1270,+0.0000,+0.1000,+0.0000,+0.0000
609,-0.80,80,True,0.0%,0.0%,0.0%,0.02,1.4,6.20,12.337,0.9792,0.7875,0.7203,+0.0000,+0.0000,+1.0000,+0.0000,+0.0000,+0.0000,-0.0004,-0.0009,+0.0000,+0.0000,-1.8000,+0.0000,+0.0000,+1.0000,+0.0000,+0.0000,+5.0000,-2.0488,+3.6712,+8.0000,+0.0000,+18.0000
611,-2.30,58,True,0.0%,0.0%,0.0%,0.02,1.2,5.81,15.125,0.5345,0.6897,0.7196,+0.0000,+0.0000,+1.0000,+0.0000,+0.0000,+0.0000,-0.0010,-0.0006,+0.0000,+0.0000,-3.3000,+0.0000,+0.0000,+1.0000,+0.0000,+0.0000,+81.0000,-5.9932,+2.5707,+5.8000,+0.0000,+33.0000
612,-0.20,12,True,0.0%,0.0%,0.0%,0.01,0.9,5.66,28.308,0.7778,1.0000,0.7985,+0.0000,+0.0000,+1.0000,+0.0000,+0.0000,+0.0000,+0.0000,-0.0001,+0.0000,+0.0000,-1.2000,+0.0000,+0.0000,+1.0000,+0.0000,+0.0000,+8.0000,+0.0030,+0.4174,+1.2000,+0.0000,+12.0000
613,-0.00,90,False,0.0%,0.0%,0.0%,0.08,0.8,5.63,4.509,0.9667,0.9667,0.9080,+0.0000,+0.0000,+0.0000,+0.0000,+0.0000,+0.0000,-0.0000,-0.0003,+0.0000,+0.0000,+0.0000,+0.0000,+0.0000,+0.0000,+0.0000,+0.0000,+9.0000,-0.3138,+1.0347,+9.0000,+0.0000,+0.0000
614,-0.00,90,False,0.0%,0.0%,0.0%,0.03,0.7,5.06,2.918,0.8630,1.0000,0.7139,+0.0000,+0.0000,+0.0000,+0.0000,+0.0000,+0.0000,+0.0000,-0.0012,+0.0000,-0.0009,+0.0000,+0.0000,+0.0000,+0.0000,+0.0000,+0.0000,+37.0000,+0.0209,+4.6884,+9.0000,+1.7000,+0.0000
617,1.00,1,True,0.0%,0.0%,0.0%,inf,4.2,5.35,0.000,0.6667,0.0000,0.0000,+0.0000,+0.0000,+1.0000,+0.0000,+0.0000,+0.0000,-0.0001,+0.0000,+0.0000,+0.0000,+0.0000,+0.0000,+0.0000,+1.0000,+0.0000,+0.0000,+1.0000,-0.1270,+0.0000,+0.1000,+0.0000,+0.0000
618,-1.02,88,False,100.0%,0.0%,0.0%,0.36,1.6,7.20,6.244,0.9470,0.5568,0.7647,-1.0227,+0.0000,+0.0000,+0.0000,+0.0000,+0.0000,-0.0009,-0.0006,+0.0000,+0.0000,+0.0000,+1.0000,+0.0000,+0.0000,+0.0000,+0.0000,+14.0000,-3.8943,+2.3591,+8.8000,+0.0000,+0.0000
619,1.00,1,True,0.0%,0.0%,0.0%,inf,1.2,5.07,0.000,0.6667,1.0000,0.8949,+0.0000,+0.0000,+1.0000,+0.0000,+0.0000,+0.0000,+0.0000,-0.0000,+0.0000,+0.0000,+0.0000,+0.0000,+0.0000,+1.0000,+0.0000,+0.0000,+1.0000,+0.0002,+0.0143,+0.1000,+0.0000,+0.0000
620,-0.40,79,True,0.0%,0.0%,0.0%,0.01,2.0,7.24,12.605,0.9451,0.6962,0.7439,+0.0000,+0.0000,+1.0000,+0.0000,+0.0000,+0.0000,-0.0013,-0.0008,+0.0000,+0.0000,-1.4000,+0.0000,+0.0000,+1.0000,+0.0000,+0.0000,+13.0000,-7.9543,+3.0987,+7.9000,+0.0000,+14.0000
621,-1.70,78,True,0.0%,0.0%,0.0%,0.02,1.7,7.10,13.163,0.9829,0.8718,0.8598,+0.0000,+0.0000,+1.0000,+0.0000,+0.0000,+0.0000,-0.0009,-0.0004,+0.0000,+0.0000,-2.7000,+0.0000,+0.0000,+1.0000,+0.0000,+0.0000,+4.0000,-5.5617,+1.5853,+7.8000,+0.0000,+27.0000
622,0.00,1,False,0.0%,0.0%,0.0%,inf,1.1,4.99,0.000,1.0000,0.0000,1.0000,+0.0000,+0.0000,+0.0000,+0.0000,+0.0000,+0.0000,+0.0000,+0.0000,+0.0000,+0.0000,+0.0000,+0.0000,+0.0000,+0.0000,+0.0000,+0.0000,+0.0000,+0.0000,+0.0000,+0.0000,+0.0000,+0.0000
623,1.00,1,True,0.0%,0.0%,0.0%,inf,1.4,4.82,0.000,1.0000,0.0000,0.0000,+0.0000,+0.0000,+1.0000,+0.0000,+0.0000,+0.0000,-0.0001,+0.0000,+0.0000,+0.0000,+0.0000,+0.0000,+0.0000,+1.0000,+0.0000,+0.0000,+0.0000,-0.1003,+0.0000,+0.0000,+0.0000,+0.0000
624,1.00,1,True,0.0%,0.0%,0.0%,inf,4.7,5.14,0.000,0.3333,0.0000,0.0000,+0.0000,+0.0000,+1.0000,+0.0000,+0.0000,+0.0000,-0.0001,+0.0000,+0.0000,-0.0001,+0.0000,+0.0000,+0.0000,+1.0000,+0.0000,+0.0000,+2.0000,-0.1403,+0.0000,+0.1000,+0.1000,+0.0000
625,-0.21,1,False,100.0%,0.0%,0.0%,inf,3.1,5.88,0.136,1.0000,1.0000,0.9944,-0.2136,+0.0000,+0.0000,+0.0000,+0.0000,+0.0000,+0.0000,+0.0000,+0.0000,+0.0000,+0.0000,+1.0000,+0.0000,+0.0000,+0.0000,+0.0000,+0.0000,+0.0002,-0.0070,+0.1000,+0.0000,+0.0000
627,0.20,80,True,0.0%,0.0%,0.0%,0.01,1.6,6.06,11.405,0.7875,0.9750,0.7935,+0.0000,+0.0000,+1.0000,+0.0000,+0.0000,+0.0000,-0.0001,-0.0007,+0.0000,+0.0000,-0.8000,+0.0000,+0.0000,+1.0000,+0.0000,+0.0000,+51.0000,-0.4938,+2.7955,+8.0000,+0.0000,+8.0000
628,1.00,1,True,0.0%,0.0%,0.0%,inf,3.9,4.93,0.000,0.3333,0.0000,0.0000,+0.0000,+0.0000,+1.0000,+0.0000,+0.0000,+0.0000,-0.0001,+0.0000,+0.0000,-0.0001,+0.0000,+0.0000,+0.0000,+1.0000,+0.0000,+0.0000,+2.0000,-0.1403,+0.0000,+0.1000,+0.1000,+0.0000
631,1.00,1,True,0.0%,0.0%,0.0%,inf,3.4,4.96,0.000,0.6667,0.0000,0.0000,+0.0000,+0.0000,+1.0000,+0.0000,+0.0000,+0.0000,-0.0001,+0.0000,+0.0000,-0.0001,+0.0000,+0.0000,+0.0000,+1.0000,+0.0000,+0.0000,+1.0000,-0.1270,+0.0000,+0.1000,+0.1000,+0.0000
633,1.00,1,True,0.0%,0.0%,0.0%,inf,1.2,5.11,0.000,0.6667,0.0000,0.0000,+0.0000,+0.0000,+1.0000,+0.0000,+0.0000,+0.0000,-0.0001,+0.0000,+0.0000,+0.0000,+0.0000,+0.0000,+0.0000,+1.0000,+0.0000,+0.0000,+1.0000,-0.1270,+0.0000,+0.1000,+0.0000,+0.0000
634,1.00,1,True,0.0%,0.0%,0.0%,inf,1.4,5.75,0.000,0.6667,1.0000,0.6635,+0.0000,+0.0000,+1.0000,+0.0000,+0.0000,+0.0000,+0.0000,-0.0000,+0.0000,+0.0000,+0.0000,+0.0000,+0.0000,+1.0000,+0.0000,+0.0000,+1.0000,+0.0002,+0.0631,+0.1000,+0.0000,+0.0000
635,1.00,1,True,0.0%,0.0%,0.0%,inf,1.3,5.13,0.000,0.6667,0.0000,0.0000,+0.0000,+0.0000,+1.0000,+0.0000,+0.0000,+0.0000,-0.0001,+0.0000,+0.0000,-0.0001,+0.0000,+0.0000,+0.0000,+1.0000,+0.0000,+0.0000,+1.0000,-0.1270,+0.0000,+0.1000,+0.1000,+0.0000
636,0.00,1,False,0.0%,0.0%,0.0%,inf,1.1,4.93,0.000,1.0000,0.0000,1.0000,+0.0000,+0.0000,+0.0000,+0.0000,+0.0000,+0.0000,+0.0000,+0.0000,+0.0000,+0.0000,+0.0000,+0.0000,+0.0000,+0.0000,+0.0000,+0.0000,+0.0000,+0.0000,+0.0000,+0.0000,+0.0000,+0.0000
637,1.00,1,True,0.0%,0.0%,0.0%,inf,1.1,5.03,0.000,0.3333,0.0000,0.0000,+0.0000,+0.0000,+1.0000,+0.0000,+0.0000,+0.0000,-0.0001,+0.0000,+0.0000,+0.0000,+0.0000,+0.0000,+0.0000,+1.0000,+0.0000,+0.0000,+2.0000,-0.1403,+0.0000,+0.1000,+0.0000,+0.0000
641,1.00,17,True,0.0%,0.0%,0.0%,0.01,2.8,5.20,5.414,0.9608,1.0000,0.9399,+0.0000,+0.0000,+1.0000,+0.0000,+0.0000,+0.0000,+0.0000,-0.0000,+0.0000,+0.0000,+0.0000,+0.0000,+0.0000,+1.0000,+0.0000,+0.0000,+2.0000,+0.0042,+0.0801,+1.7000,+0.0000,+0.0000
647,1.00,1,True,0.0%,0.0%,0.0%,inf,1.2,5.43,0.000,0.6667,1.0000,0.0000,+0.0000,+0.0000,+1.0000,+0.0000,+0.0000,+0.0000,+0.0000,-0.0001,+0.0000,+0.0000,+0.0000,+0.0000,+0.0000,+1.0000,+0.0000,+0.0000,+1.0000,+0.0002,+0.2703,+0.1000,+0.0000,+0.0000
648,-4.50,90,False,0.0%,0.0%,0.0%,0.17,2.3,6.37,14.385,0.8333,0.8444,0.5482,+0.0000,+0.0000,+0.0000,+0.0000,+0.0000,+0.0000,-0.0003,-0.0018,+0.0000,+0.0000,-4.5000,+0.0000,+0.0000,+0.0000,+0.0000,+0.0000,+45.0000,-1.8070,+7.2989,+9.0000,+0.0000,+45.0000
650,1.00,20,True,0.0%,0.0%,0.0%,0.01,2.9,5.44,6.870,0.9667,1.0000,0.8651,+0.0000,+0.0000,+1.0000,+0.0000,+0.0000,+0.0000,+0.0000,-0.0001,+0.0000,+0.0000,+0.0000,+0.0000,+0.0000,+1.0000,+0.0000,+0.0000,+2.0000,+0.0050,+0.4134,+2.0000,+0.0000,+0.0000
651,1.00,77,True,0.0%,0.0%,0.0%,0.01,1.2,6.30,6.235,0.9913,0.8571,0.8766,+0.0000,+0.0000,+1.0000,+0.0000,+0.0000,+0.0000,-0.0003,-0.0003,+0.0000,-0.0001,+0.0000,+0.0000,+0.0000,+1.0000,+0.0000,+0.0000,+2.0000,-1.6197,+1.3130,+7.7000,+0.1000,+0.0000
652,1.00,1,True,0.0%,0.0%,0.0%,inf,1.3,5.06,0.000,0.6667,0.0000,0.0000,+0.0000,+0.0000,+1.0000,+0.0000,+0.0000,+0.0000,-0.0001,+0.0000,+0.0000,+0.0000,+0.0000,+0.0000,+0.0000,+1.0000,+0.0000,+0.0000,+1.0000,-0.1270,+0.0000,+0.1000,+0.0000,+0.0000
654,1.00,8,True,0.0%,0.0%,0.0%,0.01,1.1,5.76,1.452,0.6250,1.0000,0.8322,+0.0000,+0.0000,+1.0000,+0.0000,+0.0000,+0.0000,+0.0000,-0.0001,+0.0000,+0.0000,+0.0000,+0.0000,+0.0000,+1.0000,+0.0000,+0.0000,+9.0000,+0.0020,+0.2212,+0.8000,+0.0000,+0.0000
658,1.00,1,True,0.0%,0.0%,0.0%,inf,1.1,5.13,0.017,0.6667,1.0000,0.9639,+0.0000,+0.0000,+1.0000,+0.0000,+0.0000,+0.0000,+0.0000,+0.0000,+0.0000,+0.0000,+0.0000,+0.0000,+0.0000,+1.0000,+0.0000,+0.0000,+1.0000,+0.0002,-0.0004,+0.1000,+0.0000,+0.0000
659,0.40,61,True,0.0%,0.0%,0.0%,0.02,1.2,6.05,10.158,0.8197,0.8361,0.6129,+0.0000,+0.0000,+1.0000,+0.0000,+0.0000,+0.0000,-0.0001,-0.0011,+0.0000,+0.0000,-0.6000,+0.0000,+0.0000,+1.0000,+0.0000,+0.0000,+33.0000,-0.5564,+4.2655,+6.1000,+0.0000,+6.0000
661,1.00,1,True,0.0%,0.0%,0.0%,inf,1.2,5.48,0.000,0.6667,1.0000,0.9092,+0.0000,+0.0000,+1.0000,+0.0000,+0.0000,+0.0000,+0.0000,-0.0000,+0.0000,-0.0001,+0.0000,+0.0000,+0.0000,+1.0000,+0.0000,+0.0000,+1.0000,+0.0002,+0.0113,+0.1000,+0.1000,+0.0000
663,-0.20,90,False,0.0%,0.0%,0.0%,0.20,0.9,6.34,8.821,0.8889,0.7444,0.0172,+0.0000,+0.0000,+0.0000,+0.0000,+0.0000,+0.0000,-0.0019,-0.0017,+0.0000,+0.0000,-0.2000,+0.0000,+0.0000,+0.0000,+0.0000,+0.0000,+30.0000,-5.6483,+6.8815,+9.0000,+0.0000,+2.0000
665,0.30,82,True,0.0%,0.0%,0.0%,0.02,0.7,5.57,10.548,0.9675,0.9024,0.6210,+0.0000,+0.0000,+1.0000,+0.0000,+0.0000,+0.0000,+0.0000,-0.0015,+0.0000,+0.0000,-0.7000,+0.0000,+0.0000,+1.0000,+0.0000,+0.0000,+8.0000,+0.0193,+5.8416,+8.2000,+0.0000,+7.0000
666,-0.00,90,False,0.0%,0.0%,0.0%,0.02,0.6,5.92,6.804,0.8741,0.9667,0.4948,+0.0000,+0.0000,+0.0000,+0.0000,+0.0000,+0.0000,+0.0000,-0.0022,+0.0000,+0.0000,+0.0000,+0.0000,+0.0000,+0.0000,+0.0000,+0.0000,+34.0000,+0.0214,+8.7895,+9.0000,+0.0000,+0.0000
667,-3.90,49,True,0.0%,0.0%,0.0%,0.01,0.6,5.16,23.893,0.9728,0.8980,0.7592,+0.0000,+0.0000,+1.0000,+0.0000,+0.0000,+0.0000,-0.0003,-0.0005,+0.0000,+0.0000,-4.9000,+0.0000,+0.0000,+1.0000,+0.0000,+0.0000,+4.0000,-2.1300,+2.0789,+4.9000,+0.0000,+49.0000
671,1.00,1,True,0.0%,0.0%,0.0%,inf,1.0,4.73,0.000,1.0000,0.0000,0.0000,+0.0000,+0.0000,+1.0000,+0.0000,+0.0000,+0.0000,-0.0001,+0.0000,+0.0000,+0.0000,+0.0000,+0.0000,+0.0000,+1.0000,+0.0000,+0.0000,+0.0000,-0.1003,+0.0000,+0.0000,+0.0000,+0.0000
672,1.00,15,True,0.0%,0.0%,0.0%,0.01,0.6,4.87,2.109,0.8000,1.0000,0.8033,+0.0000,+0.0000,+1.0000,+0.0000,+0.0000,+0.0000,+0.0000,-0.0001,+0.0000,+0.0000,+0.0000,+0.0000,+0.0000,+1.0000,+0.0000,+0.0000,+9.0000,+0.0037,+0.5065,+1.5000,+0.0000,+0.0000
674,-2.20,75,True,0.0%,0.0%,0.0%,0.02,0.6,4.96,14.306,0.9644,0.8800,0.5075,+0.0000,+0.0000,+1.0000,+0.0000,+0.0000,+0.0000,-0.0002,-0.0017,+0.0000,+0.0000,-3.2000,+0.0000,+0.0000,+1.0000,+0.0000,+0.0000,+8.0000,-1.2898,+6.9162,+7.5000,+0.0000,+32.0000
677,0.00,1,False,0.0%,0.0%,0.0%,inf,1.2,5.41,0.000,1.0000,0.0000,1.0000,+0.0000,+0.0000,+0.0000,+0.0000,+0.0000,+0.0000,+0.0000,+0.0000,+0.0000,+0.0000,+0.0000,+0.0000,+0.0000,+0.0000,+0.0000,+0.0000,+0.0000,+0.0000,+0.0000,+0.0000,+0.0000,+0.0000
682,-4.80,61,True,0.0%,0.0%,0.0%,0.01,0.9,5.92,18.305,0.9672,1.0000,0.6451,+0.0000,+0.0000,+1.0000,+0.0000,+0.0000,+0.0000,+0.0000,-0.0010,+0.0000,+0.0000,-5.8000,+0.0000,+0.0000,+1.0000,+0.0000,+0.0000,+6.0000,+0.0151,+4.0787,+6.1000,+0.0000,+58.0000
684,1.00,15,True,0.0%,0.0%,0.0%,0.01,0.7,4.91,2.937,0.9333,1.0000,0.9520,+0.0000,+0.0000,+1.0000,+0.0000,+0.0000,+0.0000,+0.0000,-0.0000,+0.0000,+0.0000,+0.0000,+0.0000,+0.0000,+1.0000,+0.0000,+0.0000,+3.0000,+0.0037,+0.0316,+1.5000,+0.0000,+0.0000
686,-1.90,75,True,0.0%,0.0%,0.0%,0.01,0.9,6.08,13.740,0.9911,1.0000,0.6224,+0.0000,+0.0000,+1.0000,+0.0000,+0.0000,+0.0000,+0.0000,-0.0013,+0.0000,+0.0000,-2.9000,+0.0000,+0.0000,+1.0000,+0.0000,+0.0000,+2.0000,+0.0185,+5.3202,+7.5000,+0.0000,+29.0000
688,-0.20,29,False,0.0%,0.0%,100.0%,0.10,0.7,4.90,11.976,0.4943,0.0690,0.6797,+0.0000,-0.2000,+0.0000,+0.0000,+0.0000,+0.0000,-0.0031,-0.0001,+0.0000,+0.0000,+0.0000,+0.0000,+1.0000,+0.0000,+0.0000,+0.0000,+44.0000,-18.7806,+0.2469,+2.9000,+0.0000,+0.0000
689,1.00,21,True,0.0%,0.0%,0.0%,0.01,0.7,5.52,11.482,0.9841,0.6190,0.8248,+0.0000,+0.0000,+1.0000,+0.0000,+0.0000,+0.0000,-0.0002,-0.0001,+0.0000,+0.0000,+0.0000,+0.0000,+0.0000,+1.0000,+0.0000,+0.0000,+1.0000,-1.1898,+0.4568,+2.1000,+0.0000,+0.0000
690,0.00,1,False,0.0%,0.0%,0.0%,inf,1.0,4.85,0.000,1.0000,0.0000,1.0000,+0.0000,+0.0000,+0.0000,+0.0000,+0.0000,+0.0000,+0.0000,+0.0000,+0.0000,+0.0000,+0.0000,+0.0000,+0.0000,+0.0000,+0.0000,+0.0000,+0.0000,+0.0000,+0.0000,+0.0000,+0.0000,+0.0000
692,0.00,1,False,0.0%,0.0%,0.0%,inf,1.1,4.80,0.000,1.0000,0.0000,1.0000,+0.0000,+0.0000,+0.0000,+0.0000,+0.0000,+0.0000,+0.0000,+0.0000,+0.0000,+0.0000,+0.0000,+0.0000,+0.0000,+0.0000,+0.0000,+0.0000,+0.0000,+0.0000,+0.0000,+0.0000,+0.0000,+0.0000
693,0.00,1,False,0.0%,0.0%,0.0%,inf,1.0,4.83,0.000,1.0000,0.0000,1.0000,+0.0000,+0.0000,+0.0000,+0.0000,+0.0000,+0.0000,+0.0000,+0.0000,+0.0000,+0.0000,+0.0000,+0.0000,+0.0000,+0.0000,+0.0000,+0.0000,+0.0000,+0.0000,+0.0000,+0.0000,+0.0000,+0.0000
694,-0.00,90,False,0.0%,0.0%,0.0%,0.17,0.7,5.42,7.111,0.9407,0.9444,0.8945,+0.0000,+0.0000,+0.0000,+0.0000,+0.0000,+0.0000,-0.0002,-0.0003,+0.0000,+0.0000,+0.0000,+0.0000,+0.0000,+0.0000,+0.0000,+0.0000,+16.0000,-1.2101,+1.1903,+9.0000,+0.0000,+0.0000
695,1.00,60,True,0.0%,0.0%,0.0%,0.01,0.6,5.35,2.951,0.9111,1.0000,0.9179,+0.0000,+0.0000,+1.0000,+0.0000,+0.0000,+0.0000,+0.0000,-0.0001,+0.0000,+0.0000,+0.0000,+0.0000,+0.0000,+1.0000,+0.0000,+0.0000,+16.0000,+0.0148,+0.5612,+6.0000,+0.0000,+0.0000
696,1.00,1,True,0.0%,0.0%,0.0%,inf,1.3,5.42,1.108,0.0000,0.0000,0.0000,+0.0000,+0.0000,+1.0000,+0.0000,+0.0000,+0.0000,-0.0001,+0.0000,+0.0000,+0.0000,+0.0000,+0.0000,+0.0000,+1.0000,+0.0000,+0.0000,+3.0000,-0.1844,+0.0000,+0.1000,+0.0000,+0.0000
700,1.00,59,True,0.0%,0.0%,0.0%,0.01,0.7,5.26,5.450,0.9492,0.4576,0.7891,+0.0000,+0.0000,+1.0000,+0.0000,+0.0000,+0.0000,-0.0044,-0.0004,+0.0000,+0.0000,+0.0000,+0.0000,+0.0000,+1.0000,+0.0000,+0.0000,+9.0000,-15.0856,+1.5808,+5.9000,+0.0000,+0.0000
701,1.00,1,True,0.0%,0.0%,0.0%,inf,1.0,4.76,0.000,0.6667,1.0000,0.8703,+0.0000,+0.0000,+1.0000,+0.0000,+0.0000,+0.0000,+0.0000,-0.0000,+0.0000,+0.0000,+0.0000,+0.0000,+0.0000,+1.0000,+0.0000,+0.0000,+1.0000,+0.0002,+0.0196,+0.1000,+0.0000,+0.0000
702,0.60,26,True,0.0%,0.0%,0.0%,0.02,0.6,4.85,13.736,0.9872,1.0000,0.8403,+0.0000,+0.0000,+1.0000,+0.0000,+0.0000,+0.0000,+0.0000,-0.0002,+0.0000,+0.0000,-0.4000,+0.0000,+0.0000,+1.0000,+0.0000,+0.0000,+1.0000,+0.0064,+0.6738,+2.6000,+0.0000,+4.0000
703,1.00,1,True,0.0%,0.0%,0.0%,inf,1.0,4.76,0.000,0.6667,0.0000,0.0000,+0.0000,+0.0000,+1.0000,+0.0000,+0.0000,+0.0000,-0.0001,+0.0000,+0.0000,+0.0000,+0.0000,+0.0000,+0.0000,+1.0000,+0.0000,+0.0000,+1.0000,-0.1270,+0.0000,+0.1000,+0.0000,+0.0000
704,1.00,45,True,0.0%,0.0%,0.0%,0.01,0.8,5.09,2.753,0.8963,1.0000,0.9513,+0.0000,+0.0000,+1.0000,+0.0000,+0.0000,+0.0000,+0.0000,+0.0000,+0.0000,+0.0000,+0.0000,+0.0000,+0.0000,+1.0000,+0.0000,+0.0000,+14.0000,+0.0112,+0.1010,+4.5000,+0.0000,+0.0000
706,-1.70,53,True,0.0%,0.0%,0.0%,0.01,0.6,5.70,14.766,0.9560,0.6792,0.6551,+0.0000,+0.0000,+1.0000,+0.0000,+0.0000,+0.0000,+0.0000,-0.0008,+0.0000,+0.0000,-2.7000,+0.0000,+0.0000,+1.0000,+0.0000,+0.0000,+7.0000,+0.0120,+3.2589,+5.3000,+0.0000,+27.0000
707,-1.00,90,False,0.0%,0.0%,0.0%,0.09,0.7,6.04,10.613,0.9741,0.9000,0.8654,+0.0000,+0.0000,+0.0000,+0.0000,+0.0000,+0.0000,-0.0002,-0.0004,+0.0000,+0.0000,-1.0000,+0.0000,+0.0000,+0.0000,+0.0000,+0.0000,+7.0000,-1.2193,+1.7444,+9.0000,+0.0000,+10.0000
708,1.00,33,True,0.0%,0.0%,0.0%,0.01,0.6,4.88,10.033,0.9798,1.0000,0.8142,+0.0000,+0.0000,+1.0000,+0.0000,+0.0000,+0.0000,+0.0000,-0.0003,+0.0000,+0.0000,+0.0000,+0.0000,+0.0000,+1.0000,+0.0000,+0.0000,+2.0000,+0.0080,+1.0333,+3.3000,+0.0000,+0.0000
712,-0.00,90,False,0.0%,0.0%,0.0%,0.34,1.0,7.09,8.192,0.9630,1.0000,0.9150,+0.0000,+0.0000,+0.0000,+0.0000,+0.0000,+0.0000,+0.0000,-0.0002,+0.0000,+0.0000,+0.0000,+0.0000,+0.0000,+0.0000,+0.0000,+0.0000,+10.0000,+0.0223,+0.8912,+9.0000,+0.0000,+0.0000
714,-1.30,90,False,0.0%,0.0%,0.0%,0.09,0.9,5.89,10.773,0.9333,0.9889,0.8358,+0.0000,+0.0000,+0.0000,+0.0000,+0.0000,+0.0000,+0.0000,-0.0006,+0.0000,+0.0000,-1.3000,+0.0000,+0.0000,+0.0000,+0.0000,+0.0000,+18.0000,+0.0220,+2.4132,+9.0000,+0.0000,+13.0000
715,-0.00,90,False,0.0%,0.0%,0.0%,0.09,0.7,5.53,3.291,0.9444,0.2778,0.8591,+0.0000,+0.0000,+0.0000,+0.0000,+0.0000,+0.0000,+0.0000,-0.0005,+0.0000,+0.0000,+0.0000,+0.0000,+0.0000,+0.0000,+0.0000,+0.0000,+15.0000,+0.0223,+1.9708,+9.0000,+0.0000,+0.0000
717,-4.70,68,True,0.0%,0.0%,0.0%,0.02,0.6,4.89,17.884,0.9314,1.0000,0.5889,+0.0000,+0.0000,+1.0000,+0.0000,+0.0000,+0.0000,+0.0000,-0.0013,+0.0000,+0.0000,-5.7000,+0.0000,+0.0000,+1.0000,+0.0000,+0.0000,+14.0000,+0.0167,+5.3323,+6.8000,+0.0000,+57.0000
718,-4.40,81,True,0.0%,0.0%,0.0%,0.01,0.6,5.16,16.632,0.9588,0.9877,0.9233,+0.0000,+0.0000,+1.0000,+0.0000,+0.0000,+0.0000,-0.0000,-0.0002,+0.0000,+0.0000,-5.4000,+0.0000,+0.0000,+1.0000,+0.0000,+0.0000,+10.0000,-0.1113,+0.6598,+8.1000,+0.0000,+54.0000
719,1.00,32,True,0.0%,0.0%,0.0%,0.01,1.1,5.07,12.376,0.9792,1.0000,0.8794,+0.0000,+0.0000,+1.0000,+0.0000,+0.0000,+0.0000,+0.0000,-0.0001,+0.0000,+0.0000,+0.0000,+0.0000,+0.0000,+1.0000,+0.0000,+0.0000,+2.0000,+0.0079,+0.5621,+3.2000,+0.0000,+0.0000
720,1.00,1,True,0.0%,0.0%,0.0%,inf,1.0,5.49,0.000,0.3333,0.0000,0.0000,+0.0000,+0.0000,+1.0000,+0.0000,+0.0000,+0.0000,-0.0001,+0.0000,+0.0000,-0.0001,+0.0000,+0.0000,+0.0000,+1.0000,+0.0000,+0.0000,+2.0000,-0.1403,+0.0000,+0.1000,+0.1000,+0.0000
721,-4.10,51,True,0.0%,0.0%,0.0%,0.02,0.6,5.13,18.338,0.9804,1.0000,0.7144,+0.0000,+0.0000,+1.0000,+0.0000,+0.0000,+0.0000,+0.0000,-0.0007,+0.0000,+0.0000,-5.1000,+0.0000,+0.0000,+1.0000,+0.0000,+0.0000,+3.0000,+0.0127,+2.6750,+5.1000,+0.0000,+51.0000
722,1.00,1,True,0.0%,0.0%,0.0%,inf,0.7,4.65,0.000,0.6667,0.0000,0.0000,+0.0000,+0.0000,+1.0000,+0.0000,+0.0000,+0.0000,-0.0001,+0.0000,+0.0000,-0.0001,+0.0000,+0.0000,+0.0000,+1.0000,+0.0000,+0.0000,+1.0000,-0.1270,+0.0000,+0.1000,+0.1000,+0.0000
723,1.00,1,True,0.0%,0.0%,0.0%,inf,1.0,4.68,0.000,0.6667,0.0000,0.0000,+0.0000,+0.0000,+1.0000,+0.0000,+0.0000,+0.0000,-0.0001,+0.0000,+0.0000,-0.0001,+0.0000,+0.0000,+0.0000,+1.0000,+0.0000,+0.0000,+1.0000,-0.1270,+0.0000,+0.1000,+0.1000,+0.0000
725,1.00,73,True,0.0%,0.0%,0.0%,0.01,0.6,5.10,3.714,0.8813,0.9863,0.9097,+0.0000,+0.0000,+1.0000,+0.0000,+0.0000,+0.0000,+0.0000,-0.0002,+0.0000,-0.0008,+0.0000,+0.0000,+0.0000,+1.0000,+0.0000,+0.0000,+26.0000,+0.0179,+0.8126,+7.3000,+1.6000,+0.0000
726,-4.10,51,True,0.0%,0.0%,0.0%,0.02,0.6,5.41,21.009,0.9804,0.7451,0.6961,+0.0000,+0.0000,+1.0000,+0.0000,+0.0000,+0.0000,-0.0000,-0.0007,+0.0000,+0.0000,-5.1000,+0.0000,+0.0000,+1.0000,+0.0000,+0.0000,+3.0000,-0.0823,+2.8432,+5.1000,+0.0000,+51.0000
727,-3.50,45,True,0.0%,0.0%,0.0%,0.02,0.6,5.30,23.209,0.9778,1.0000,0.8049,+0.0000,+0.0000,+1.0000,+0.0000,+0.0000,+0.0000,+0.0000,-0.0004,+0.0000,+0.0000,-4.5000,+0.0000,+0.0000,+1.0000,+0.0000,+0.0000,+3.0000,+0.0112,+1.5020,+4.5000,+0.0000,+45.0000
728,0.00,1,False,0.0%,0.0%,0.0%,inf,1.0,4.80,0.000,1.0000,0.0000,1.0000,+0.0000,+0.0000,+0.0000,+0.0000,+0.0000,+0.0000,+0.0000,+0.0000,+0.0000,+0.0000,+0.0000,+0.0000,+0.0000,+0.0000,+0.0000,+0.0000,+0.0000,+0.0000,+0.0000,+0.0000,+0.0000,+0.0000
730,-2.10,90,False,0.0%,0.0%,0.0%,0.09,0.7,5.87,12.043,0.5889,0.6889,0.7821,+0.0000,+0.0000,+0.0000,+0.0000,+0.0000,+0.0000,-0.0013,-0.0007,+0.0000,+0.0000,-2.1000,+0.0000,+0.0000,+0.0000,+0.0000,+0.0000,+111.0000,-6.9954,+2.6847,+9.0000,+0.0000,+21.0000
732,1.00,73,True,0.0%,0.0%,0.0%,0.01,0.6,5.05,9.670,0.9772,0.9178,0.8348,+0.0000,+0.0000,+1.0000,+0.0000,+0.0000,+0.0000,-0.0002,-0.0005,+0.0000,+0.0000,+0.0000,+0.0000,+0.0000,+1.0000,+0.0000,+0.0000,+5.0000,-1.0595,+1.8995,+7.3000,+0.0000,+0.0000
733,0.00,1,False,0.0%,0.0%,0.0%,inf,1.0,4.61,0.000,1.0000,0.0000,1.0000,+0.0000,+0.0000,+0.0000,+0.0000,+0.0000,+0.0000,+0.0000,+0.0000,+0.0000,+0.0000,+0.0000,+0.0000,+0.0000,+0.0000,+0.0000,+0.0000,+0.0000,+0.0000,+0.0000,+0.0000,+0.0000,+0.0000
734,-0.55,6,False,100.0%,100.0%,0.0%,0.35,0.8,4.83,4.397,0.6667,1.0000,0.9055,-0.5462,+0.0000,+0.0000,+0.0000,+0.0000,+0.0000,+0.0000,-0.0000,+0.0000,+0.0000,+0.0000,+1.0000,+0.0000,+0.0000,+0.0000,+0.0000,+6.0000,+0.0015,+0.0724,+0.6000,+0.0000,+0.0000
735,1.00,17,True,0.0%,0.0%,0.0%,0.01,0.6,4.85,5.557,0.9412,1.0000,0.8113,+0.0000,+0.0000,+1.0000,+0.0000,+0.0000,+0.0000,+0.0000,-0.0001,+0.0000,+0.0000,+0.0000,+0.0000,+0.0000,+1.0000,+0.0000,+0.0000,+3.0000,+0.0042,+0.5453,+1.7000,+0.0000,+0.0000
736,-2.40,90,False,0.0%,0.0%,0.0%,0.06,0.6,5.62,12.663,0.9852,0.9333,0.9417,+0.0000,+0.0000,+0.0000,+0.0000,+0.0000,+0.0000,-0.0003,-0.0001,+0.0000,+0.0000,-2.4000,+0.0000,+0.0000,+0.0000,+0.0000,+0.0000,+4.0000,-1.5926,+0.3164,+9.0000,+0.0000,+24.0000
738,1.00,1,True,0.0%,0.0%,0.0%,inf,1.2,4.74,0.000,0.3333,0.0000,0.0000,+0.0000,+0.0000,+1.0000,+0.0000,+0.0000,+0.0000,-0.0001,+0.0000,+0.0000,-0.0001,+0.0000,+0.0000,+0.0000,+1.0000,+0.0000,+0.0000,+2.0000,-0.1403,+0.0000,+0.1000,+0.1000,+0.0000
740,1.00,1,True,0.0%,0.0%,0.0%,inf,1.0,5.09,0.000,0.6667,0.0000,0.0000,+0.0000,+0.0000,+1.0000,+0.0000,+0.0000,+0.0000,-0.0001,+0.0000,+0.0000,-0.0001,+0.0000,+0.0000,+0.0000,+1.0000,+0.0000,+0.0000,+1.0000,-0.1270,+0.0000,+0.1000,+0.1000,+0.0000
742,-0.00,90,False,0.0%,0.0%,0.0%,0.25,0.9,6.96,7.510,0.9704,0.8556,0.8973,+0.0000,+0.0000,+0.0000,+0.0000,+0.0000,+0.0000,-0.0006,-0.0003,+0.0000,+0.0000,+0.0000,+0.0000,+0.0000,+0.0000,+0.0000,+0.0000,+8.0000,-2.6966,+1.1183,+9.0000,+0.0000,+0.0000
743,0.00,1,False,0.0%,0.0%,0.0%,inf,1.0,4.80,0.000,1.0000,0.0000,1.0000,+0.0000,+0.0000,+0.0000,+0.0000,+0.0000,+0.0000,+0.0000,+0.0000,+0.0000,+0.0000,+0.0000,+0.0000,+0.0000,+0.0000,+0.0000,+0.0000,+0.0000,+0.0000,+0.0000,+0.0000,+0.0000,+0.0000
746,0.00,1,False,0.0%,0.0%,0.0%,inf,1.1,4.58,0.000,1.0000,0.0000,1.0000,+0.0000,+0.0000,+0.0000,+0.0000,+0.0000,+0.0000,+0.0000,+0.0000,+0.0000,+0.0000,+0.0000,+0.0000,+0.0000,+0.0000,+0.0000,+0.0000,+0.0000,+0.0000,+0.0000,+0.0000,+0.0000,+0.0000
749,1.00,1,True,0.0%,0.0%,0.0%,inf,1.0,4.72,0.000,0.6667,0.0000,0.0000,+0.0000,+0.0000,+1.0000,+0.0000,+0.0000,+0.0000,-0.0001,+0.0000,+0.0000,-0.0001,+0.0000,+0.0000,+0.0000,+1.0000,+0.0000,+0.0000,+1.0000,-0.1270,+0.0000,+0.1000,+0.1000,+0.0000
750,1.00,1,True,0.0%,0.0%,0.0%,inf,1.0,4.70,0.000,0.6667,1.0000,0.0000,+0.0000,+0.0000,+1.0000,+0.0000,+0.0000,+0.0000,+0.0000,-0.0001,+0.0000,+0.0000,+0.0000,+0.0000,+0.0000,+1.0000,+0.0000,+0.0000,+1.0000,+0.0002,+0.2176,+0.1000,+0.0000,+0.0000
751,-2.70,90,False,0.0%,0.0%,0.0%,0.01,0.7,6.14,13.337,0.9889,0.9778,0.6447,+0.0000,+0.0000,+0.0000,+0.0000,+0.0000,+0.0000,-0.0000,-0.0015,+0.0000,+0.0000,-2.7000,+0.0000,+0.0000,+0.0000,+0.0000,+0.0000,+3.0000,-0.3539,+5.8335,+9.0000,+0.0000,+27.0000
752,-2.30,33,True,0.0%,0.0%,0.0%,0.02,0.6,4.92,22.545,0.9697,1.0000,0.8604,+0.0000,+0.0000,+1.0000,+0.0000,+0.0000,+0.0000,+0.0000,-0.0002,+0.0000,+0.0000,-3.3000,+0.0000,+0.0000,+1.0000,+0.0000,+0.0000,+3.0000,+0.0082,+0.7152,+3.3000,+0.0000,+33.0000
753,1.00,1,True,0.0%,0.0%,0.0%,inf,0.9,4.63,0.000,0.6667,1.0000,0.8966,+0.0000,+0.0000,+1.0000,+0.0000,+0.0000,+0.0000,+0.0000,-0.0000,+0.0000,+0.0000,+0.0000,+0.0000,+0.0000,+1.0000,+0.0000,+0.0000,+1.0000,+0.0002,+0.0140,+0.1000,+0.0000,+0.0000
754,1.00,1,True,0.0%,0.0%,0.0%,inf,1.0,4.58,0.000,0.3333,0.0000,0.0000,+0.0000,+0.0000,+1.0000,+0.0000,+0.0000,+0.0000,-0.0001,+0.0000,+0.0000,-0.0001,+0.0000,+0.0000,+0.0000,+1.0000,+0.0000,+0.0000,+2.0000,-0.1403,+0.0000,+0.1000,+0.1000,+0.0000
757,-5.41,90,False,0.0%,0.0%,0.0%,0.20,3.0,6.14,15.762,0.9370,0.6444,0.1414,+0.0000,+0.0000,+0.0000,+0.0000,+0.0000,+0.0000,-0.0052,-0.0008,+0.0000,+0.0000,-5.4000,+0.0000,+0.0000,+0.0000,+0.0000,+0.0000,+17.0000,-33.0432,+3.3167,+9.0000,+0.0000,+54.0000
758,0.00,90,False,0.0%,0.0%,0.0%,0.01,0.6,5.17,7.775,0.9815,1.0000,0.9665,+0.0000,+0.0000,+0.0000,+0.0000,+0.0000,+0.0000,+0.0000,+0.0000,+0.0000,+0.0000,+0.0000,+0.0000,+0.0000,+0.0000,+0.0000,+0.0000,+5.0000,+0.0225,-0.0916,+9.0000,+0.0000,+0.0000
760,-1.35,73,False,100.0%,100.0%,0.0%,0.02,0.6,5.00,8.513,0.7854,0.7671,0.4720,-1.3433,+0.0000,+0.0000,+0.0000,+0.0000,+0.0000,-0.0035,-0.0012,+0.0000,+0.0000,+0.0000,+1.0000,+0.0000,+0.0000,+0.0000,+0.0000,+47.0000,-20.4543,+4.9173,+7.3000,+0.0000,+0.0000
761,-9.00,90,False,0.0%,0.0%,0.0%,0.07,0.6,6.27,22.393,0.9111,0.9667,0.6225,+0.0000,+0.0000,+0.0000,+0.0000,+0.0000,+0.0000,-0.0000,-0.0016,+0.0000,+0.0000,-9.0000,+0.0000,+0.0000,+0.0000,+0.0000,+0.0000,+24.0000,-0.3829,+6.3451,+9.0000,+0.0000,+90.0000
762,-0.00,90,False,0.0%,0.0%,0.0%,0.27,1.0,7.04,7.830,0.9444,0.7889,0.7396,+0.0000,+0.0000,+0.0000,+0.0000,+0.0000,+0.0000,-0.0002,-0.0010,+0.0000,+0.0000,+0.0000,+0.0000,+0.0000,+0.0000,+0.0000,+0.0000,+15.0000,-0.9149,+4.0080,+9.0000,+0.0000,+0.0000
763,1.00,66,True,0.0%,0.0%,0.0%,0.01,0.6,5.25,7.330,0.8030,0.9848,0.7314,+0.0000,+0.0000,+1.0000,+0.0000,+0.0000,+0.0000,+0.0000,-0.0008,+0.0000,+0.0000,+0.0000,+0.0000,+0.0000,+1.0000,+0.0000,+0.0000,+39.0000,+0.0154,+3.1781,+6.6000,+0.0000,+0.0000
766,1.00,1,True,0.0%,0.0%,0.0%,inf,0.9,4.63,0.000,0.6667,0.0000,0.0000,+0.0000,+0.0000,+1.0000,+0.0000,+0.0000,+0.0000,-0.0001,+0.0000,+0.0000,+0.0000,+0.0000,+0.0000,+0.0000,+1.0000,+0.0000,+0.0000,+1.0000,-0.1270,+0.0000,+0.1000,+0.0000,+0.0000
769,1.00,1,True,0.0%,0.0%,0.0%,inf,1.0,4.67,0.000,0.6667,1.0000,0.9778,+0.0000,+0.0000,+1.0000,+0.0000,+0.0000,+0.0000,+0.0000,+0.0000,+0.0000,+0.0000,+0.0000,+0.0000,+0.0000,+1.0000,+0.0000,+0.0000,+1.0000,+0.0002,-0.0034,+0.1000,+0.0000,+0.0000
770,-5.30,78,True,0.0%,0.0%,0.0%,0.02,1.0,6.61,18.367,0.9402,0.9744,0.5583,+0.0000,+0.0000,+1.0000,+0.0000,+0.0000,+0.0000,+0.0000,-0.0016,+0.0000,+0.0000,-6.3000,+0.0000,+0.0000,+1.0000,+0.0000,+0.0000,+14.0000,+0.0059,+6.5258,+7.8000,+0.0000,+63.0000
771,0.00,1,False,0.0%,0.0%,0.0%,inf,0.9,4.74,0.000,1.0000,0.0000,1.0000,+0.0000,+0.0000,+0.0000,+0.0000,+0.0000,+0.0000,+0.0000,+0.0000,+0.0000,+0.0000,+0.0000,+0.0000,+0.0000,+0.0000,+0.0000,+0.0000,+0.0000,+0.0000,+0.0000,+0.0000,+0.0000,+0.0000
772,1.00,64,True,0.0%,0.0%,0.0%,0.01,0.7,5.53,12.426,0.8490,0.8438,0.7381,+0.0000,+0.0000,+1.0000,+0.0000,+0.0000,+0.0000,-0.0004,-0.0007,+0.0000,+0.0000,+0.0000,+0.0000,+0.0000,+1.0000,+0.0000,+0.0000,+29.0000,-2.2897,+2.6260,+6.4000,+0.0000,+0.0000
773,1.00,1,True,0.0%,0.0%,0.0%,inf,1.2,4.79,0.000,0.6667,0.0000,0.0000,+0.0000,+0.0000,+1.0000,+0.0000,+0.0000,+0.0000,-0.0001,+0.0000,+0.0000,+0.0000,+0.0000,+0.0000,+0.0000,+1.0000,+0.0000,+0.0000,+1.0000,-0.1270,+0.0000,+0.1000,+0.0000,+0.0000
774,1.00,23,True,0.0%,0.0%,0.0%,0.01,0.7,5.58,9.361,0.7971,0.8261,0.4299,+0.0000,+0.0000,+1.0000,+0.0000,+0.0000,+0.0000,+0.0000,-0.0006,+0.0000,+0.0000,+0.0000,+0.0000,+0.0000,+1.0000,+0.0000,+0.0000,+14.0000,+0.0052,+2.5540,+2.3000,+0.0000,+0.0000
775,0.00,1,False,0.0%,0.0%,0.0%,inf,1.0,4.71,0.000,1.0000,0.0000,1.0000,+0.0000,+0.0000,+0.0000,+0.0000,+0.0000,+0.0000,+0.0000,+0.0000,+0.0000,+0.0000,+0.0000,+0.0000,+0.0000,+0.0000,+0.0000,+0.0000,+0.0000,+0.0000,+0.0000,+0.0000,+0.0000,+0.0000
776,0.00,1,False,0.0%,0.0%,0.0%,inf,1.0,4.76,0.000,1.0000,0.0000,1.0000,+0.0000,+0.0000,+0.0000,+0.0000,+0.0000,+0.0000,+0.0000,+0.0000,+0.0000,+0.0000,+0.0000,+0.0000,+0.0000,+0.0000,+0.0000,+0.0000,+0.0000,+0.0000,+0.0000,+0.0000,+0.0000,+0.0000
777,-0.01,90,False,0.0%,0.0%,0.0%,0.42,0.6,5.75,8.633,0.9926,0.2222,0.7866,+0.0000,+0.0000,+0.0000,+0.0000,+0.0000,+0.0000,-0.0105,-0.0001,+0.0000,+0.0000,+0.0000,+0.0000,+0.0000,+0.0000,+0.0000,+0.0000,+2.0000,-54.1039,+0.2313,+9.0000,+0.0000,+0.0000
779,1.00,52,True,0.0%,0.0%,0.0%,0.01,0.6,5.13,7.797,0.8910,0.8269,0.6620,+0.0000,+0.0000,+1.0000,+0.0000,+0.0000,+0.0000,-0.0002,-0.0008,+0.0000,+0.0000,+0.0000,+0.0000,+0.0000,+1.0000,+0.0000,+0.0000,+17.0000,-0.8597,+3.1418,+5.2000,+0.0000,+0.0000
780,1.00,1,True,0.0%,0.0%,0.0%,inf,1.0,5.43,0.000,0.3333,0.0000,0.0000,+0.0000,+0.0000,+1.0000,+0.0000,+0.0000,+0.0000,-0.0001,+0.0000,+0.0000,+0.0000,+0.0000,+0.0000,+0.0000,+1.0000,+0.0000,+0.0000,+2.0000,-0.1403,+0.0000,+0.1000,+0.0000,+0.0000
782,-0.00,90,False,0.0%,0.0%,0.0%,0.07,0.7,6.04,9.555,0.7222,0.5778,0.6315,+0.0000,+0.0000,+0.0000,+0.0000,+0.0000,+0.0000,-0.0025,-0.0013,+0.0000,+0.0000,+0.0000,+0.0000,+0.0000,+0.0000,+0.0000,+0.0000,+75.0000,-14.3161,+5.0820,+9.0000,+0.0000,+0.0000
783,1.00,1,True,0.0%,0.0%,0.0%,inf,1.0,4.80,0.000,0.6667,1.0000,0.9315,+0.0000,+0.0000,+1.0000,+0.0000,+0.0000,+0.0000,+0.0000,-0.0000,+0.0000,-0.0001,+0.0000,+0.0000,+0.0000,+1.0000,+0.0000,+0.0000,+1.0000,+0.0002,+0.0065,+0.1000,+0.1000,+0.0000
787,1.00,53,True,0.0%,0.0%,0.0%,0.01,0.6,4.90,9.798,0.9560,0.8302,0.7732,+0.0000,+0.0000,+1.0000,+0.0000,+0.0000,+0.0000,-0.0002,-0.0005,+0.0000,+0.0000,+0.0000,+0.0000,+0.0000,+1.0000,+0.0000,+0.0000,+7.0000,-0.9547,+1.9411,+5.3000,+0.0000,+0.0000
788,1.00,1,True,0.0%,0.0%,0.0%,inf,1.2,5.03,0.000,0.6667,0.0000,0.0000,+0.0000,+0.0000,+1.0000,+0.0000,+0.0000,+0.0000,-0.0001,+0.0000,+0.0000,-0.0001,+0.0000,+0.0000,+0.0000,+1.0000,+0.0000,+0.0000,+1.0000,-0.1270,+0.0000,+0.1000,+0.1000,+0.0000
789,-0.01,90,False,0.0%,0.0%,0.0%,0.12,0.6,5.57,4.796,0.8370,0.3556,0.0000,+0.0000,+0.0000,+0.0000,+0.0000,+0.0000,+0.0000,-0.0075,-0.0027,+0.0000,+0.0000,+0.0000,+0.0000,+0.0000,+0.0000,+0.0000,+0.0000,+44.0000,-24.7336,+10.9649,+9.0000,+0.0000,+0.0000
790,-0.10,90,False,0.0%,0.0%,0.0%,0.05,0.6,5.72,9.332,0.9296,0.9778,0.9530,+0.0000,+0.0000,+0.0000,+0.0000,+0.0000,+0.0000,-0.0002,-0.0000,+0.0000,+0.0000,-0.1000,+0.0000,+0.0000,+0.0000,+0.0000,+0.0000,+19.0000,-1.0069,+0.1681,+9.0000,+0.0000,+1.0000
791,-0.00,90,False,0.0%,0.0%,0.0%,0.20,0.7,5.79,1.210,0.9481,1.0000,0.5026,+0.0000,+0.0000,+0.0000,+0.0000,+0.0000,+0.0000,+0.0000,-0.0022,+0.0000,+0.0000,+0.0000,+0.0000,+0.0000,+0.0000,+0.0000,+0.0000,+14.0000,+0.0219,+8.6768,+9.0000,+0.0000,+0.0000
792,1.00,1,True,0.0%,0.0%,0.0%,inf,1.0,4.85,0.000,0.6667,1.0000,0.9887,+0.0000,+0.0000,+1.0000,+0.0000,+0.0000,+0.0000,+0.0000,+0.0000,+0.0000,+0.0000,+0.0000,+0.0000,+0.0000,+1.0000,+0.0000,+0.0000,+1.0000,+0.0002,-0.0058,+0.1000,+0.0000,+0.0000
795,1.00,1,True,0.0%,0.0%,0.0%,inf,1.0,4.73,0.000,0.6667,0.0000,0.0000,+0.0000,+0.0000,+1.0000,+0.0000,+0.0000,+0.0000,-0.0001,+0.0000,+0.0000,+0.0000,+0.0000,+0.0000,+0.0000,+1.0000,+0.0000,+0.0000,+1.0000,-0.1270,+0.0000,+0.1000,+0.0000,+0.0000
798,-2.70,75,True,0.0%,0.0%,0.0%,0.02,0.6,5.23,14.099,0.9333,0.9733,0.9699,+0.0000,+0.0000,+1.0000,+0.0000,+0.0000,+0.0000,-0.0003,+0.0000,+0.0000,+0.0000,-3.7000,+0.0000,+0.0000,+1.0000,+0.0000,+0.0000,+15.0000,-1.7152,-0.1354,+7.5000,+0.0000,+37.0000
800,1.00,1,True,0.0%,0.0%,0.0%,inf,3.1,4.68,0.000,0.6667,0.0000,0.0000,+0.0000,+0.0000,+1.0000,+0.0000,+0.0000,+0.0000,-0.0001,+0.0000,+0.0000,+0.0000,+0.0000,+0.0000,+0.0000,+1.0000,+0.0000,+0.0000,+1.0000,-0.1270,+0.0000,+0.1000,+0.0000,+0.0000
801,1.00,1,True,0.0%,0.0%,0.0%,inf,1.0,4.72,0.000,0.6667,0.0000,0.0000,+0.0000,+0.0000,+1.0000,+0.0000,+0.0000,+0.0000,-0.0001,+0.0000,+0.0000,-0.0001,+0.0000,+0.0000,+0.0000,+1.0000,+0.0000,+0.0000,+1.0000,-0.1270,+0.0000,+0.1000,+0.1000,+0.0000
802,0.70,27,True,0.0%,0.0%,0.0%,0.01,0.6,4.70,13.439,0.9877,0.9259,0.9740,+0.0000,+0.0000,+1.0000,+0.0000,+0.0000,+0.0000,-0.0001,+0.0000,+0.0000,+0.0000,-0.3000,+0.0000,+0.0000,+1.0000,+0.0000,+0.0000,+1.0000,-0.6624,-0.0710,+2.7000,+0.0000,+3.0000
808,-0.10,52,True,0.0%,0.0%,0.0%,0.01,0.5,4.83,12.640,0.9295,1.0000,0.6031,+0.0000,+0.0000,+1.0000,+0.0000,+0.0000,+0.0000,+0.0000,-0.0010,+0.0000,+0.0000,-1.1000,+0.0000,+0.0000,+1.0000,+0.0000,+0.0000,+11.0000,+0.0128,+3.9024,+5.2000,+0.0000,+11.0000
810,-3.00,52,True,0.0%,0.0%,0.0%,0.02,0.5,5.19,16.735,0.8333,0.9808,0.6964,+0.0000,+0.0000,+1.0000,+0.0000,+0.0000,+0.0000,+0.0000,-0.0007,+0.0000,+0.0000,-4.0000,+0.0000,+0.0000,+1.0000,+0.0000,+0.0000,+26.0000,+0.0125,+2.9065,+5.2000,+0.0000,+40.0000
811,0.80,83,True,0.0%,0.0%,0.0%,0.01,0.6,5.91,8.605,0.8153,0.8675,0.6719,+0.0000,+0.0000,+1.0000,+0.0000,+0.0000,+0.0000,+0.0000,-0.0013,+0.0000,+0.0000,-0.2000,+0.0000,+0.0000,+1.0000,+0.0000,+0.0000,+46.0000,+0.0191,+5.0742,+8.3000,+0.0000,+2.0000
812,0.20,8,True,0.0%,0.0%,0.0%,0.01,0.6,4.86,17.290,0.8750,1.0000,0.5551,+0.0000,+0.0000,+1.0000,+0.0000,+0.0000,+0.0000,+0.0000,-0.0002,+0.0000,+0.0000,-0.8000,+0.0000,+0.0000,+1.0000,+0.0000,+0.0000,+3.0000,+0.0019,+0.6844,+0.8000,+0.0000,+8.0000
816,-5.30,90,False,0.0%,0.0%,0.0%,0.21,0.6,5.22,16.190,0.9815,0.9889,0.8726,+0.0000,+0.0000,+0.0000,+0.0000,+0.0000,+0.0000,-0.0001,-0.0004,+0.0000,+0.0000,-5.3000,+0.0000,+0.0000,+0.0000,+0.0000,+0.0000,+5.0000,-0.9714,+1.6900,+9.0000,+0.0000,+53.0000
817,0.90,1,True,0.0%,0.0%,0.0%,inf,1.0,4.72,16.282,0.6667,1.0000,0.8617,+0.0000,+0.0000,+1.0000,+0.0000,+0.0000,+0.0000,+0.0000,-0.0000,+0.0000,+0.0000,-0.1000,+0.0000,+0.0000,+1.0000,+0.0000,+0.0000,+1.0000,+0.0002,+0.0214,+0.1000,+0.0000,+1.0000
818,-1.23,63,False,100.0%,0.0%,0.0%,0.23,0.7,5.75,6.863,0.8889,0.7460,0.8223,-1.2297,+0.0000,+0.0000,+0.0000,+0.0000,+0.0000,-0.0003,-0.0004,+0.0000,+0.0000,+0.0000,+1.0000,+0.0000,+0.0000,+0.0000,+0.0000,+21.0000,-1.3563,+1.6454,+6.3000,+0.0000,+0.0000
820,1.00,1,True,0.0%,0.0%,0.0%,inf,1.1,5.40,0.000,0.6667,0.0000,0.0000,+0.0000,+0.0000,+1.0000,+0.0000,+0.0000,+0.0000,-0.0001,+0.0000,+0.0000,+0.0000,+0.0000,+0.0000,+0.0000,+1.0000,+0.0000,+0.0000,+1.0000,-0.1270,+0.0000,+0.1000,+0.0000,+0.0000
821,1.00,1,True,0.0%,0.0%,0.0%,inf,1.0,4.85,0.000,0.3333,1.0000,0.9909,+0.0000,+0.0000,+1.0000,+0.0000,+0.0000,+0.0000,+0.0000,+0.0000,+0.0000,+0.0000,+0.0000,+0.0000,+0.0000,+1.0000,+0.0000,+0.0000,+2.0000,+0.0002,-0.0063,+0.1000,+0.0000,+0.0000
822,1.00,1,True,0.0%,0.0%,0.0%,inf,1.0,4.70,0.000,0.6667,0.0000,0.4978,+0.0000,+0.0000,+1.0000,+0.0000,+0.0000,+0.0000,+0.0000,+0.0000,+0.0000,-0.0001,+0.0000,+0.0000,+0.0000,+1.0000,+0.0000,+0.0000,+1.0000,+0.0000,-0.0030,+0.1000,+0.1000,+0.0000
823,-0.00,90,False,0.0%,0.0%,0.0%,0.13,0.7,5.82,5.228,0.8963,1.0000,0.6290,+0.0000,+0.0000,+0.0000,+0.0000,+0.0000,+0.0000,+0.0000,-0.0016,+0.0000,+0.0000,+0.0000,+0.0000,+0.0000,+0.0000,+0.0000,+0.0000,+28.0000,+0.0217,+6.3044,+9.0000,+0.0000,+0.0000
824,1.00,1,True,0.0%,0.0%,0.0%,inf,1.0,4.82,0.000,0.6667,0.0000,0.0000,+0.0000,+0.0000,+1.0000,+0.0000,+0.0000,+0.0000,-0.0001,+0.0000,+0.0000,+0.0000,+0.0000,+0.0000,+0.0000,+1.0000,+0.0000,+0.0000,+1.0000,-0.1270,+0.0000,+0.1000,+0.0000,+0.0000
825,-0.00,90,False,0.0%,0.0%,0.0%,0.27,0.6,5.42,1.805,0.8852,0.9889,0.9006,+0.0000,+0.0000,+0.0000,+0.0000,+0.0000,+0.0000,+0.0000,-0.0003,+0.0000,+0.0000,+0.0000,+0.0000,+0.0000,+0.0000,+0.0000,+0.0000,+31.0000,+0.0192,+1.1754,+9.0000,+0.0000,+0.0000
826,-5.40,90,True,0.0%,0.0%,0.0%,0.02,0.6,6.06,17.211,0.9148,1.0000,0.6526,+0.0000,+0.0000,+1.0000,+0.0000,+0.0000,+0.0000,+0.0000,-0.0015,+0.0000,+0.0000,-6.4000,+0.0000,+0.0000,+1.0000,+0.0000,+0.0000,+23.0000,+0.0219,+5.8416,+9.0000,+0.0000,+64.0000
828,-0.00,90,False,0.0%,0.0%,0.0%,0.06,0.6,5.13,4.990,0.7741,0.8556,0.7830,+0.0000,+0.0000,+0.0000,+0.0000,+0.0000,+0.0000,-0.0010,-0.0007,+0.0000,+0.0000,+0.0000,+0.0000,+0.0000,+0.0000,+0.0000,+0.0000,+61.0000,-4.1316,+2.9936,+9.0000,+0.0000,+0.0000
831,-2.90,86,True,0.0%,0.0%,0.0%,0.01,1.0,7.33,14.227,0.9612,0.8721,0.7924,+0.0000,+0.0000,+1.0000,+0.0000,+0.0000,+0.0000,+0.0000,-0.0008,+0.0000,+0.0000,-3.9000,+0.0000,+0.0000,+1.0000,+0.0000,+0.0000,+10.0000,+0.0207,+3.0532,+8.6000,+0.0000,+39.0000
833,1.00,32,True,0.0%,0.0%,0.0%,0.01,0.6,4.93,2.883,0.8542,1.0000,0.9620,+0.0000,+0.0000,+1.0000,+0.0000,+0.0000,+0.0000,+0.0000,+0.0000,+0.0000,+0.0000,+0.0000,+0.0000,+0.0000,+1.0000,+0.0000,+0.0000,+14.0000,+0.0079,-0.0013,+3.2000,+0.0000,+0.0000
834,-0.00,90,False,0.0%,0.0%,0.0%,0.02,2.3,6.06,3.573,0.7926,0.9889,0.8340,+0.0000,+0.0000,+0.0000,+0.0000,+0.0000,+0.0000,+0.0000,-0.0006,+0.0000,+0.0000,+0.0000,+0.0000,+0.0000,+0.0000,+0.0000,+0.0000,+56.0000,+0.0219,+2.4214,+9.0000,+0.0000,+0.0000
835,0.00,1,False,0.0%,0.0%,0.0%,inf,1.2,5.21,0.000,1.0000,0.0000,1.0000,+0.0000,+0.0000,+0.0000,+0.0000,+0.0000,+0.0000,+0.0000,+0.0000,+0.0000,+0.0000,+0.0000,+0.0000,+0.0000,+0.0000,+0.0000,+0.0000,+0.0000,+0.0000,+0.0000,+0.0000,+0.0000,+0.0000
836,-0.00,90,False,0.0%,0.0%,0.0%,0.08,0.6,5.22,8.207,0.9259,1.0000,0.5457,+0.0000,+0.0000,+0.0000,+0.0000,+0.0000,+0.0000,+0.0000,-0.0020,+0.0000,+0.0000,+0.0000,+0.0000,+0.0000,+0.0000,+0.0000,+0.0000,+20.0000,+0.0216,+7.8302,+9.0000,+0.0000,+0.0000
837,1.00,1,True,0.0%,0.0%,0.0%,inf,1.0,4.72,0.000,0.3333,0.0000,0.0000,+0.0000,+0.0000,+1.0000,+0.0000,+0.0000,+0.0000,-0.0001,+0.0000,+0.0000,+0.0000,+0.0000,+0.0000,+0.0000,+1.0000,+0.0000,+0.0000,+2.0000,-0.1403,+0.0000,+0.1000,+0.0000,+0.0000
838,0.00,1,False,0.0%,0.0%,0.0%,inf,0.9,4.71,0.000,1.0000,0.0000,1.0000,+0.0000,+0.0000,+0.0000,+0.0000,+0.0000,+0.0000,+0.0000,+0.0000,+0.0000,+0.0000,+0.0000,+0.0000,+0.0000,+0.0000,+0.0000,+0.0000,+0.0000,+0.0000,+0.0000,+0.0000,+0.0000,+0.0000
840,0.00,1,False,0.0%,0.0%,0.0%,inf,1.0,4.65,0.000,1.0000,0.0000,1.0000,+0.0000,+0.0000,+0.0000,+0.0000,+0.0000,+0.0000,+0.0000,+0.0000,+0.0000,+0.0000,+0.0000,+0.0000,+0.0000,+0.0000,+0.0000,+0.0000,+0.0000,+0.0000,+0.0000,+0.0000,+0.0000,+0.0000
841,0.40,6,True,0.0%,0.0%,0.0%,0.02,1.1,4.80,16.944,0.8889,1.0000,0.9607,+0.0000,+0.0000,+1.0000,+0.0000,+0.0000,+0.0000,+0.0000,-0.0000,+0.0000,+0.0000,-0.6000,+0.0000,+0.0000,+1.0000,+0.0000,+0.0000,+2.0000,+0.0015,+0.0014,+0.6000,+0.0000,+6.0000
843,-0.60,87,True,0.0%,0.0%,0.0%,0.02,0.6,4.94,12.659,0.9234,0.9195,0.7368,+0.0000,+0.0000,+1.0000,+0.0000,+0.0000,+0.0000,+0.0000,-0.0010,+0.0000,+0.0000,-1.6000,+0.0000,+0.0000,+1.0000,+0.0000,+0.0000,+20.0000,+0.0212,+4.1261,+8.7000,+0.0000,+16.0000
846,1.00,1,True,0.0%,0.0%,0.0%,inf,1.2,4.87,0.095,0.6667,1.0000,0.8945,+0.0000,+0.0000,+1.0000,+0.0000,+0.0000,+0.0000,+0.0000,-0.0000,+0.0000,-0.0001,+0.0000,+0.0000,+0.0000,+1.0000,+0.0000,+0.0000,+1.0000,+0.0002,+0.0144,+0.1000,+0.1000,+0.0000
847,1.00,1,True,0.0%,0.0%,0.0%,inf,1.0,5.46,0.000,0.6667,0.0000,0.0000,+0.0000,+0.0000,+1.0000,+0.0000,+0.0000,+0.0000,-0.0001,+0.0000,+0.0000,+0.0000,+0.0000,+0.0000,+0.0000,+1.0000,+0.0000,+0.0000,+1.0000,-0.1270,+0.0000,+0.1000,+0.0000,+0.0000
848,-6.80,79,True,0.0%,0.0%,0.0%,0.01,1.0,7.39,17.530,0.8439,0.9114,0.5915,+0.0000,+0.0000,+1.0000,+0.0000,+0.0000,+0.0000,-0.0000,-0.0015,+0.0000,+0.0000,-7.8000,+0.0000,+0.0000,+1.0000,+0.0000,+0.0000,+37.0000,-0.2705,+6.0945,+7.9000,+0.0000,+78.0000
849,1.00,1,True,0.0%,0.0%,0.0%,inf,1.1,4.84,0.000,0.6667,0.0000,0.0000,+0.0000,+0.0000,+1.0000,+0.0000,+0.0000,+0.0000,-0.0001,+0.0000,+0.0000,-0.0001,+0.0000,+0.0000,+0.0000,+1.0000,+0.0000,+0.0000,+1.0000,-0.1270,+0.0000,+0.1000,+0.1000,+0.0000
850,1.00,1,True,0.0%,0.0%,0.0%,inf,1.1,4.77,0.000,0.3333,0.0000,0.0000,+0.0000,+0.0000,+1.0000,+0.0000,+0.0000,+0.0000,-0.0001,+0.0000,+0.0000,-0.0001,+0.0000,+0.0000,+0.0000,+1.0000,+0.0000,+0.0000,+2.0000,-0.1403,+0.0000,+0.1000,+0.1000,+0.0000
851,-6.10,90,False,0.0%,0.0%,0.0%,0.11,3.2,5.47,18.084,0.8556,0.9000,0.6899,+0.0000,+0.0000,+0.0000,+0.0000,+0.0000,+0.0000,+0.0000,+0.0000,+0.0000,+0.0000,-6.1000,+0.0000,+0.0000,+0.0000,+0.0000,+0.0000,+39.0000,-0.4188,+4.8375,+9.0000,+0.0000,+61.0000
852,-0.00,90,False,0.0%,0.0%,0.0%,0.18,0.6,5.66,9.378,0.9556,0.6111,0.5328,+0.0000,+0.0000,+0.0000,+0.0000,+0.0000,+0.0000,-0.0013,-0.0018,+0.0000,+0.0000,+0.0000,+0.0000,+0.0000,+0.0000,+0.0000,+0.0000,+12.0000,-6.3389,+7.1578,+9.0000,+0.0000,+0.0000
854,0.60,4,True,0.0%,0.0%,0.0%,0.02,0.8,5.51,16.633,0.7500,0.7500,0.9212,+0.0000,+0.0000,+1.0000,+0.0000,+0.0000,+0.0000,+0.0000,-0.0000,+0.0000,+0.0000,-0.4000,+0.0000,+0.0000,+1.0000,+0.0000,+0.0000,+3.0000,+0.0008,+0.0338,+0.4000,+0.0000,+4.0000
855,1.00,1,True,0.0%,0.0%,0.0%,inf,1.0,4.75,0.000,0.3333,0.0000,0.0000,+0.0000,+0.0000,+1.0000,+0.0000,+0.0000,+0.0000,-0.0001,+0.0000,+0.0000,-0.0001,+0.0000,+0.0000,+0.0000,+1.0000,+0.0000,+0.0000,+2.0000,-0.1403,+0.0000,+0.1000,+0.1000,+0.0000
856,1.00,1,True,0.0%,0.0%,0.0%,inf,1.0,4.86,0.000,0.6667,0.0000,0.0000,+0.0000,+0.0000,+1.0000,+0.0000,+0.0000,+0.0000,-0.0001,+0.0000,+0.0000,+0.0000,+0.0000,+0.0000,+0.0000,+1.0000,+0.0000,+0.0000,+1.0000,-0.1270,+0.0000,+0.1000,+0.0000,+0.0000
857,1.00,1,True,0.0%,0.0%,0.0%,inf,1.0,4.76,0.000,0.6667,1.0000,0.9119,+0.0000,+0.0000,+1.0000,+0.0000,+0.0000,+0.0000,+0.0000,-0.0000,+0.0000,+0.0000,+0.0000,+0.0000,+0.0000,+1.0000,+0.0000,+0.0000,+1.0000,+0.0002,+0.0107,+0.1000,+0.0000,+0.0000
859,1.00,1,True,0.0%,0.0%,0.0%,inf,1.0,4.76,0.000,1.0000,0.0000,0.0000,+0.0000,+0.0000,+1.0000,+0.0000,+0.0000,+0.0000,-0.0001,+0.0000,+0.0000,+0.0000,+0.0000,+0.0000,+0.0000,+1.0000,+0.0000,+0.0000,+0.0000,-0.1003,+0.0000,+0.0000,+0.0000,+0.0000
860,-0.97,30,False,100.0%,100.0%,0.0%,0.24,0.6,4.86,7.187,0.6667,0.7000,0.5576,-0.9702,+0.0000,+0.0000,+0.0000,+0.0000,+0.0000,-0.0004,-0.0006,+0.0000,+0.0000,+0.0000,+1.0000,+0.0000,+0.0000,+0.0000,+0.0000,+30.0000,-1.8455,+2.3231,+3.0000,+0.0000,+0.0000
862,1.00,25,True,0.0%,0.0%,0.0%,0.01,0.6,4.78,5.168,0.9200,1.0000,0.9646,+0.0000,+0.0000,+1.0000,+0.0000,+0.0000,+0.0000,+0.0000,+0.0000,+0.0000,+0.0000,+0.0000,+0.0000,+0.0000,+1.0000,+0.0000,+0.0000,+6.0000,+0.0062,-0.0153,+2.5000,+0.0000,+0.0000
865,-0.50,31,True,0.0%,0.0%,0.0%,0.02,0.6,4.87,14.865,0.9785,1.0000,0.8191,+0.0000,+0.0000,+1.0000,+0.0000,+0.0000,+0.0000,+0.0000,-0.0002,+0.0000,+0.0000,-1.5000,+0.0000,+0.0000,+1.0000,+0.0000,+0.0000,+2.0000,+0.0076,+0.9406,+3.1000,+0.0000,+15.0000
866,-1.41,54,False,100.0%,100.0%,0.0%,0.06,0.7,5.26,10.096,0.6852,0.8704,0.5485,-1.4085,+0.0000,+0.0000,+0.0000,+0.0000,+0.0000,-0.0002,-0.0011,+0.0000,+0.0000,+0.0000,+1.0000,+0.0000,+0.0000,+0.0000,+0.0000,+51.0000,-0.9788,+4.4144,+5.4000,+0.0000,+0.0000
868,-0.00,90,False,0.0%,0.0%,0.0%,0.08,0.8,6.24,5.043,0.7222,0.6333,0.7714,+0.0000,+0.0000,+0.0000,+0.0000,+0.0000,+0.0000,-0.0037,-0.0006,+0.0000,-0.0001,+0.0000,+0.0000,+0.0000,+0.0000,+0.0000,+0.0000,+75.0000,-18.9288,+2.3122,+9.0000,+0.1000,+0.0000
869,1.00,73,True,0.0%,0.0%,0.0%,0.01,0.6,5.93,7.637,0.9224,0.7534,0.6464,+0.0000,+0.0000,+1.0000,+0.0000,+0.0000,+0.0000,-0.0006,-0.0010,+0.0000,+0.0000,+0.0000,+0.0000,+0.0000,+1.0000,+0.0000,+0.0000,+17.0000,-3.4074,+4.0852,+7.3000,+0.0000,+0.0000
870,1.00,1,True,0.0%,0.0%,0.0%,inf,1.0,4.78,0.000,1.0000,0.0000,0.0000,+0.0000,+0.0000,+1.0000,+0.0000,+0.0000,+0.0000,-0.0001,+0.0000,+0.0000,+0.0000,+0.0000,+0.0000,+0.0000,+1.0000,+0.0000,+0.0000,+0.0000,-0.1003,+0.0000,+0.0000,+0.0000,+0.0000
873,-0.00,90,False,0.0%,0.0%,0.0%,0.07,0.6,5.51,8.531,0.7407,0.7889,0.7930,+0.0000,+0.0000,+0.0000,+0.0000,+0.0000,+0.0000,-0.0006,-0.0008,+0.0000,-0.0001,+0.0000,+0.0000,+0.0000,+0.0000,+0.0000,+0.0000,+70.0000,-3.2572,+3.1718,+9.0000,+0.2000,+0.0000
875,1.00,1,True,0.0%,0.0%,0.0%,inf,1.0,4.68,0.000,0.6667,1.0000,0.9353,+0.0000,+0.0000,+1.0000,+0.0000,+0.0000,+0.0000,+0.0000,-0.0000,+0.0000,+0.0000,+0.0000,+0.0000,+0.0000,+1.0000,+0.0000,+0.0000,+1.0000,+0.0002,+0.0057,+0.1000,+0.0000,+0.0000
876,-4.40,90,False,0.0%,0.0%,0.0%,0.10,0.7,5.95,15.421,0.9926,0.9556,0.9501,+0.0000,+0.0000,+0.0000,+0.0000,+0.0000,+0.0000,-0.0002,-0.0001,+0.0000,+0.0000,-4.4000,+0.0000,+0.0000,+0.0000,+0.0000,+0.0000,+2.0000,-1.4857,+0.2097,+9.0000,+0.0000,+44.0000
878,0.00,1,False,0.0%,0.0%,0.0%,inf,1.0,4.88,0.577,1.0000,0.0000,1.0000,+0.0000,+0.0000,+0.0000,+0.0000,+0.0000,+0.0000,+0.0000,+0.0000,+0.0000,+0.0000,+0.0000,+0.0000,+0.0000,+0.0000,+0.0000,+0.0000,+0.0000,+0.0000,+0.0000,+0.0000,+0.0000,+0.0000
879,1.00,1,True,0.0%,0.0%,0.0%,inf,1.2,4.86,0.000,0.6667,1.0000,0.8310,+0.0000,+0.0000,+1.0000,+0.0000,+0.0000,+0.0000,+0.0000,-0.0000,+0.0000,+0.0000,+0.0000,+0.0000,+0.0000,+1.0000,+0.0000,+0.0000,+1.0000,+0.0002,+0.0279,+0.1000,+0.0000,+0.0000
884,-0.00,90,False,0.0%,0.0%,0.0%,0.35,0.6,5.71,10.360,0.9889,0.9667,0.5923,+0.0000,+0.0000,+0.0000,+0.0000,+0.0000,+0.0000,+0.0000,-0.0018,+0.0000,+0.0000,+0.0000,+0.0000,+0.0000,+0.0000,+0.0000,+0.0000,+3.0000,+0.0222,+7.0028,+9.0000,+0.0000,+0.0000
886,0.70,54,True,0.0%,0.0%,0.0%,0.01,0.6,5.02,11.547,0.9568,0.8333,0.8535,+0.0000,+0.0000,+1.0000,+0.0000,+0.0000,+0.0000,-0.0003,-0.0003,+0.0000,+0.0000,-0.3000,+0.0000,+0.0000,+1.0000,+0.0000,+0.0000,+7.0000,-1.8357,+1.0922,+5.4000,+0.0000,+3.0000
891,0.00,1,False,0.0%,0.0%,0.0%,inf,1.0,4.78,0.000,1.0000,0.0000,1.0000,+0.0000,+0.0000,+0.0000,+0.0000,+0.0000,+0.0000,+0.0000,+0.0000,+0.0000,+0.0000,+0.0000,+0.0000,+0.0000,+0.0000,+0.0000,+0.0000,+0.0000,+0.0000,+0.0000,+0.0000,+0.0000,+0.0000
894,1.00,1,True,0.0%,0.0%,0.0%,inf,1.0,4.56,0.000,0.6667,0.0000,0.0000,+0.0000,+0.0000,+1.0000,+0.0000,+0.0000,+0.0000,-0.0001,+0.0000,+0.0000,+0.0000,+0.0000,+0.0000,+0.0000,+1.0000,+0.0000,+0.0000,+1.0000,-0.1270,+0.0000,+0.1000,+0.0000,+0.0000
895,-0.01,90,False,0.0%,0.0%,0.0%,0.28,0.6,4.96,1.508,0.9889,0.0000,0.8182,+0.0000,+0.0000,+0.0000,+0.0000,+0.0000,+0.0000,-0.0063,+0.0001,+0.0000,+0.0000,+0.0000,+0.0000,+0.0000,+0.0000,+0.0000,+0.0000,+3.0000,-13.7678,-0.5305,+9.0000,+0.0000,+0.0000
896,1.00,1,True,0.0%,0.0%,0.0%,inf,0.7,4.68,0.000,0.6667,0.0000,0.0000,+0.0000,+0.0000,+1.0000,+0.0000,+0.0000,+0.0000,-0.0001,+0.0000,+0.0000,+0.0000,+0.0000,+0.0000,+0.0000,+1.0000,+0.0000,+0.0000,+1.0000,-0.1270,+0.0000,+0.1000,+0.0000,+0.0000
898,-9.00,90,False,0.0%,0.0%,0.0%,0.17,0.6,5.29,19.897,0.9481,0.9778,0.7044,+0.0000,+0.0000,+0.0000,+0.0000,+0.0000,+0.0000,+0.0000,-0.0012,+0.0000,+0.0000,-9.0000,+0.0000,+0.0000,+0.0000,+0.0000,+0.0000,+14.0000,+0.0217,+4.8778,+9.0000,+0.0000,+90.0000
899,1.00,1,True,0.0%,0.0%,0.0%,inf,0.9,4.57,0.000,0.3333,0.0000,0.0000,+0.0000,+0.0000,+1.0000,+0.0000,+0.0000,+0.0000,-0.0001,+0.0000,+0.0000,-0.0001,+0.0000,+0.0000,+0.0000,+1.0000,+0.0000,+0.0000,+2.0000,-0.1403,+0.0000,+0.1000,+0.1000,+0.0000
900,-0.00,90,False,0.0%,0.0%,0.0%,0.19,0.6,5.47,10.968,0.9185,0.9556,0.7504,+0.0000,+0.0000,+0.0000,+0.0000,+0.0000,+0.0000,+0.0000,-0.0010,+0.0000,+0.0000,+0.0000,+0.0000,+0.0000,+0.0000,+0.0000,+0.0000,+22.0000,+0.0218,+3.9959,+9.0000,+0.0000,+0.0000
903,1.00,1,True,0.0%,0.0%,0.0%,inf,1.0,5.20,0.000,0.3333,0.0000,0.0000,+0.0000,+0.0000,+1.0000,+0.0000,+0.0000,+0.0000,-0.0001,+0.0000,+0.0000,-0.0001,+0.0000,+0.0000,+0.0000,+1.0000,+0.0000,+0.0000,+2.0000,-0.1403,+0.0000,+0.1000,+0.1000,+0.0000
904,1.00,22,True,0.0%,0.0%,0.0%,0.01,0.6,4.88,12.911,0.9848,1.0000,0.8716,+0.0000,+0.0000,+1.0000,+0.0000,+0.0000,+0.0000,+0.0000,-0.0001,+0.0000,+0.0000,+0.0000,+0.0000,+0.0000,+1.0000,+0.0000,+0.0000,+1.0000,+0.0055,+0.4248,+2.2000,+0.0000,+0.0000
905,0.00,1,False,0.0%,0.0%,0.0%,inf,1.0,4.59,0.000,1.0000,0.0000,1.0000,+0.0000,+0.0000,+0.0000,+0.0000,+0.0000,+0.0000,+0.0000,+0.0000,+0.0000,+0.0000,+0.0000,+0.0000,+0.0000,+0.0000,+0.0000,+0.0000,+0.0000,+0.0000,+0.0000,+0.0000,+0.0000,+0.0000
906,-0.00,90,False,0.0%,0.0%,0.0%,0.08,0.6,5.34,3.299,0.8815,1.0000,0.8083,+0.0000,+0.0000,+0.0000,+0.0000,+0.0000,+0.0000,+0.0000,-0.0007,+0.0000,+0.0000,+0.0000,+0.0000,+0.0000,+0.0000,+0.0000,+0.0000,+32.0000,+0.0218,+2.8942,+9.0000,+0.0000,+0.0000
908,-5.40,64,True,0.0%,0.0%,0.0%,0.01,0.6,5.26,20.674,0.9844,0.9688,0.6105,+0.0000,+0.0000,+1.0000,+0.0000,+0.0000,+0.0000,+0.0000,-0.0012,+0.0000,+0.0000,-6.4000,+0.0000,+0.0000,+1.0000,+0.0000,+0.0000,+3.0000,+0.0158,+4.7410,+6.4000,+0.0000,+64.0000
909,-1.61,71,False,100.0%,0.0%,0.0%,0.03,0.6,5.32,10.041,0.7089,0.3521,0.7079,-1.5999,+0.0000,+0.0000,+0.0000,+0.0000,+0.0000,-0.0055,-0.0004,+0.0000,+0.0000,+0.0000,+1.0000,+0.0000,+0.0000,+0.0000,+0.0000,+62.0000,-31.4593,+1.5229,+7.1000,+0.0000,+0.0000
910,1.00,1,True,0.0%,0.0%,0.0%,inf,1.0,4.68,0.000,0.3333,0.0000,0.0000,+0.0000,+0.0000,+1.0000,+0.0000,+0.0000,+0.0000,-0.0001,+0.0000,+0.0000,-0.0001,+0.0000,+0.0000,+0.0000,+1.0000,+0.0000,+0.0000,+2.0000,-0.1403,+0.0000,+0.1000,+0.1000,+0.0000
913,1.00,5,True,0.0%,0.0%,0.0%,0.01,1.1,4.79,4.225,0.9333,1.0000,0.9868,+0.0000,+0.0000,+1.0000,+0.0000,+0.0000,+0.0000,+0.0000,+0.0000,+0.0000,+0.0000,+0.0000,+0.0000,+0.0000,+1.0000,+0.0000,+0.0000,+1.0000,+0.0012,-0.0270,+0.5000,+0.0000,+0.0000
915,0.00,1,False,0.0%,0.0%,0.0%,inf,0.8,4.71,0.000,1.0000,0.0000,1.0000,+0.0000,+0.0000,+0.0000,+0.0000,+0.0000,+0.0000,+0.0000,+0.0000,+0.0000,+0.0000,+0.0000,+0.0000,+0.0000,+0.0000,+0.0000,+0.0000,+0.0000,+0.0000,+0.0000,+0.0000,+0.0000,+0.0000
917,0.00,1,False,0.0%,0.0%,0.0%,inf,1.3,4.91,0.000,1.0000,0.0000,1.0000,+0.0000,+0.0000,+0.0000,+0.0000,+0.0000,+0.0000,+0.0000,+0.0000,+0.0000,+0.0000,+0.0000,+0.0000,+0.0000,+0.0000,+0.0000,+0.0000,+0.0000,+0.0000,+0.0000,+0.0000,+0.0000,+0.0000
918,-0.00,90,False,0.0%,0.0%,0.0%,0.03,0.8,6.47,5.786,0.8630,0.9333,0.5550,+0.0000,+0.0000,+0.0000,+0.0000,+0.0000,+0.0000,-0.0007,-0.0018,+0.0000,+0.0000,+0.0000,+0.0000,+0.0000,+0.0000,+0.0000,+0.0000,+37.0000,-3.2971,+7.2627,+9.0000,+0.0000,+0.0000
920,0.00,1,False,0.0%,0.0%,0.0%,inf,1.0,4.69,0.000,1.0000,0.0000,1.0000,+0.0000,+0.0000,+0.0000,+0.0000,+0.0000,+0.0000,+0.0000,+0.0000,+0.0000,+0.0000,+0.0000,+0.0000,+0.0000,+0.0000,+0.0000,+0.0000,+0.0000,+0.0000,+0.0000,+0.0000,+0.0000,+0.0000
921,-3.00,40,True,0.0%,0.0%,0.0%,0.02,0.6,4.77,18.149,0.9750,0.8750,0.7866,+0.0000,+0.0000,+1.0000,+0.0000,+0.0000,+0.0000,+0.0000,-0.0004,+0.0000,+0.0000,-4.0000,+0.0000,+0.0000,+1.0000,+0.0000,+0.0000,+3.0000,+0.0099,+1.4804,+4.0000,+0.0000,+40.0000
922,1.00,16,True,0.0%,0.0%,0.0%,0.01,0.9,4.91,8.558,0.9792,1.0000,0.9826,+0.0000,+0.0000,+1.0000,+0.0000,+0.0000,+0.0000,+0.0000,+0.0000,+0.0000,+0.0000,+0.0000,+0.0000,+0.0000,+1.0000,+0.0000,+0.0000,+1.0000,+0.0040,-0.0716,+1.6000,+0.0000,+0.0000
923,1.00,76,True,0.0%,0.0%,0.0%,0.01,3.0,6.54,6.993,0.7105,0.7632,0.6850,+0.0000,+0.0000,+1.0000,+0.0000,+0.0000,+0.0000,-0.0006,-0.0011,+0.0000,+0.0000,+0.0000,+0.0000,+0.0000,+1.0000,+0.0000,+0.0000,+66.0000,-3.3103,+4.2857,+7.6000,+0.0000,+0.0000
926,1.00,28,True,0.0%,0.0%,0.0%,0.01,0.7,10.76,8.155,0.9881,1.0000,0.8896,+0.0000,+0.0000,+1.0000,+0.0000,+0.0000,+0.0000,+0.0000,-0.0001,+0.0000,+0.0000,+0.0000,+0.0000,+0.0000,+1.0000,+0.0000,+0.0000,+1.0000,+0.0069,+0.4318,+2.8000,+0.0000,+0.0000
927,1.00,24,True,0.0%,0.0%,0.0%,0.01,0.7,7.09,8.348,0.9028,0.9583,0.8554,+0.0000,+0.0000,+1.0000,+0.0000,+0.0000,+0.0000,-0.0000,-0.0001,+0.0000,+0.0000,+0.0000,+0.0000,+0.0000,+1.0000,+0.0000,+0.0000,+7.0000,-0.0738,+0.5315,+2.4000,+0.0000,+0.0000
928,1.00,1,True,0.0%,0.0%,0.0%,inf,1.6,7.28,0.000,0.6667,0.0000,0.0000,+0.0000,+0.0000,+1.0000,+0.0000,+0.0000,+0.0000,-0.0001,+0.0000,+0.0000,+0.0000,+0.0000,+0.0000,+0.0000,+1.0000,+0.0000,+0.0000,+1.0000,-0.1270,+0.0000,+0.1000,+0.0000,+0.0000
929,-1.50,37,True,0.0%,0.0%,0.0%,0.01,1.9,17.22,15.879,0.9279,1.0000,0.8011,+0.0000,+0.0000,+1.0000,+0.0000,+0.0000,+0.0000,+0.0000,-0.0003,+0.0000,+0.0000,-2.5000,+0.0000,+0.0000,+1.0000,+0.0000,+0.0000,+8.0000,+0.0091,+1.2579,+3.7000,+0.0000,+25.0000
930,1.00,18,True,0.0%,0.0%,0.0%,0.01,2.8,15.95,3.913,0.9074,1.0000,0.7869,+0.0000,+0.0000,+1.0000,+0.0000,+0.0000,+0.0000,+0.0000,-0.0002,+0.0000,+0.0000,+0.0000,+0.0000,+0.0000,+1.0000,+0.0000,+0.0000,+5.0000,+0.0044,+0.6702,+1.8000,+0.0000,+0.0000
932,-2.30,90,False,0.0%,0.0%,0.0%,0.03,2.2,18.61,11.142,0.6704,0.5556,0.6346,+0.0000,+0.0000,+0.0000,+0.0000,+0.0000,+0.0000,-0.0027,-0.0011,+0.0000,+0.0000,-2.3000,+0.0000,+0.0000,+0.0000,+0.0000,+0.0000,+89.0000,-10.8676,+4.5378,+9.0000,+0.0000,+23.0000
934,-1.40,56,True,0.0%,0.0%,0.0%,0.02,2.1,19.01,14.334,0.9762,0.7321,0.6078,+0.0000,+0.0000,+1.0000,+0.0000,+0.0000,+0.0000,-0.0008,-0.0010,+0.0000,+0.0000,-2.4000,+0.0000,+0.0000,+1.0000,+0.0000,+0.0000,+4.0000,-4.5674,+3.8278,+5.6000,+0.0000,+24.0000
936,0.50,65,True,0.0%,0.0%,0.0%,0.01,2.0,17.03,10.913,0.9846,0.7692,0.6991,+0.0000,+0.0000,+1.0000,+0.0000,+0.0000,+0.0000,-0.0007,-0.0008,+0.0000,+0.0000,-0.5000,+0.0000,+0.0000,+1.0000,+0.0000,+0.0000,+3.0000,-3.6469,+3.3599,+6.5000,+0.0000,+5.0000
940,-0.41,49,False,100.0%,100.0%,0.0%,0.35,2.1,17.64,4.552,0.8980,0.5510,0.7950,-0.4056,+0.0000,+0.0000,+0.0000,+0.0000,+0.0000,-0.0007,-0.0003,+0.0000,+0.0000,+0.0000,+1.0000,+0.0000,+0.0000,+0.0000,+0.0000,+15.0000,-2.8102,+1.3471,+4.9000,+0.0000,+0.0000
943,-0.00,90,False,0.0%,0.0%,0.0%,0.26,2.2,19.54,10.955,0.9778,0.7667,0.8512,+0.0000,+0.0000,+0.0000,+0.0000,+0.0000,+0.0000,+0.0000,-0.0005,+0.0000,+0.0000,+0.0000,+0.0000,+0.0000,+0.0000,+0.0000,+0.0000,+6.0000,+0.0219,+2.1226,+9.0000,+0.0000,+0.0000
946,1.00,1,True,0.0%,0.0%,0.0%,inf,2.6,18.13,0.443,0.3333,1.0000,0.9506,+0.0000,+0.0000,+1.0000,+0.0000,+0.0000,+0.0000,+0.0000,-0.0000,+0.0000,+0.0000,+0.0000,+0.0000,+0.0000,+1.0000,+0.0000,+0.0000,+2.0000,+0.0002,+0.0024,+0.1000,+0.0000,+0.0000
951,1.00,41,True,0.0%,0.0%,0.0%,0.01,0.6,7.72,8.495,0.9837,0.8537,0.9366,+0.0000,+0.0000,+1.0000,+0.0000,+0.0000,+0.0000,-0.0001,-0.0000,+0.0000,+0.0000,+0.0000,+0.0000,+0.0000,+1.0000,+0.0000,+0.0000,+2.0000,-0.5180,+0.1697,+4.1000,+0.0000,+0.0000
953,1.00,1,True,0.0%,0.0%,0.0%,inf,0.9,5.43,0.000,0.6667,0.0000,0.0000,+0.0000,+0.0000,+1.0000,+0.0000,+0.0000,+0.0000,-0.0001,+0.0000,+0.0000,-0.0001,+0.0000,+0.0000,+0.0000,+1.0000,+0.0000,+0.0000,+1.0000,-0.1270,+0.0000,+0.1000,+0.1000,+0.0000
954,0.10,64,True,0.0%,0.0%,0.0%,0.02,0.6,4.85,11.966,0.9531,0.7812,0.5762,+0.0000,+0.0000,+1.0000,+0.0000,+0.0000,+0.0000,-0.0000,-0.0013,+0.0000,+0.0000,-0.9000,+0.0000,+0.0000,+1.0000,+0.0000,+0.0000,+9.0000,-0.0763,+5.0710,+6.4000,+0.0000,+9.0000
955,1.00,1,True,0.0%,0.0%,0.0%,inf,1.2,4.97,0.010,0.6667,1.0000,0.8482,+0.0000,+0.0000,+1.0000,+0.0000,+0.0000,+0.0000,+0.0000,-0.0000,+0.0000,+0.0000,+0.0000,+0.0000,+0.0000,+1.0000,+0.0000,+0.0000,+1.0000,+0.0002,+0.0243,+0.1000,+0.0000,+0.0000
958,-0.10,33,True,0.0%,0.0%,0.0%,0.02,0.9,6.56,14.106,0.9798,1.0000,0.9132,+0.0000,+0.0000,+1.0000,+0.0000,+0.0000,+0.0000,+0.0000,-0.0001,+0.0000,+0.0000,-1.1000,+0.0000,+0.0000,+1.0000,+0.0000,+0.0000,+2.0000,+0.0082,+0.3442,+3.3000,+0.0000,+11.0000
959,1.00,1,True,0.0%,0.0%,0.0%,inf,0.9,4.82,0.000,1.0000,0.0000,0.0000,+0.0000,+0.0000,+1.0000,+0.0000,+0.0000,+0.0000,-0.0001,+0.0000,+0.0000,+0.0000,+0.0000,+0.0000,+0.0000,+1.0000,+0.0000,+0.0000,+0.0000,-0.1003,+0.0000,+0.0000,+0.0000,+0.0000
960,0.10,9,True,0.0%,0.0%,0.0%,0.01,0.6,4.68,17.339,0.8889,1.0000,0.9071,+0.0000,+0.0000,+1.0000,+0.0000,+0.0000,+0.0000,+0.0000,-0.0000,+0.0000,+0.0000,-0.9000,+0.0000,+0.0000,+1.0000,+0.0000,+0.0000,+3.0000,+0.0022,+0.1055,+0.9000,+0.0000,+9.0000
966,-1.00,90,False,0.0%,0.0%,0.0%,0.02,0.7,6.01,10.316,0.9556,0.7222,0.6447,+0.0000,+0.0000,+0.0000,+0.0000,+0.0000,+0.0000,-0.0007,-0.0013,+0.0000,+0.0000,-1.0000,+0.0000,+0.0000,+0.0000,+0.0000,+0.0000,+12.0000,-3.9559,+5.3497,+9.0000,+0.0000,+10.0000
968,1.00,1,True,0.0%,0.0%,0.0%,inf,1.1,5.28,0.000,0.3333,0.0000,0.0000,+0.0000,+0.0000,+1.0000,+0.0000,+0.0000,+0.0000,-0.0001,+0.0000,+0.0000,-0.0001,+0.0000,+0.0000,+0.0000,+1.0000,+0.0000,+0.0000,+2.0000,-0.1403,+0.0000,+0.1000,+0.1000,+0.0000
969,1.00,22,True,0.0%,0.0%,0.0%,0.01,0.8,5.23,12.331,0.9697,1.0000,0.6552,+0.0000,+0.0000,+1.0000,+0.0000,+0.0000,+0.0000,+0.0000,-0.0004,+0.0000,+0.0000,+0.0000,+0.0000,+0.0000,+1.0000,+0.0000,+0.0000,+2.0000,+0.0055,+1.4261,+2.2000,+0.0000,+0.0000
971,1.00,1,True,0.0%,0.0%,0.0%,inf,0.9,4.71,0.000,0.6667,0.0000,0.0000,+0.0000,+0.0000,+1.0000,+0.0000,+0.0000,+0.0000,-0.0001,+0.0000,+0.0000,+0.0000,+0.0000,+0.0000,+0.0000,+1.0000,+0.0000,+0.0000,+1.0000,-0.1270,+0.0000,+0.1000,+0.0000,+0.0000
972,1.00,39,True,0.0%,0.0%,0.0%,0.01,0.6,5.07,5.603,0.8291,0.8974,0.9820,+0.0000,+0.0000,+1.0000,+0.0000,+0.0000,+0.0000,-0.0002,+0.0000,+0.0000,+0.0000,+0.0000,+0.0000,+0.0000,+1.0000,+0.0000,+0.0000,+20.0000,-1.2008,-0.1893,+3.9000,+0.0000,+0.0000
973,0.00,1,False,0.0%,0.0%,0.0%,inf,1.1,10.07,0.000,1.0000,0.0000,1.0000,+0.0000,+0.0000,+0.0000,+0.0000,+0.0000,+0.0000,+0.0000,+0.0000,+0.0000,+0.0000,+0.0000,+0.0000,+0.0000,+0.0000,+0.0000,+0.0000,+0.0000,+0.0000,+0.0000,+0.0000,+0.0000,+0.0000
974,-0.01,90,False,0.0%,0.0%,0.0%,0.23,2.3,11.60,9.659,0.9333,0.6000,0.0000,+0.0000,+0.0000,+0.0000,+0.0000,+0.0000,+0.0000,-0.0048,-0.0013,+0.0000,+0.0000,+0.0000,+0.0000,+0.0000,+0.0000,+0.0000,+0.0000,+18.0000,-20.2027,+5.2364,+9.0000,+0.0000,+0.0000
975,1.00,1,True,0.0%,0.0%,0.0%,inf,2.1,9.28,0.000,0.3333,0.0000,0.0000,+0.0000,+0.0000,+1.0000,+0.0000,+0.0000,+0.0000,-0.0001,+0.0000,+0.0000,-0.0001,+0.0000,+0.0000,+0.0000,+1.0000,+0.0000,+0.0000,+2.0000,-0.1403,+0.0000,+0.1000,+0.1000,+0.0000
976,1.00,1,True,0.0%,0.0%,0.0%,inf,3.3,9.82,0.000,1.0000,0.0000,0.0000,+0.0000,+0.0000,+1.0000,+0.0000,+0.0000,+0.0000,-0.0001,+0.0000,+0.0000,+0.0000,+0.0000,+0.0000,+0.0000,+1.0000,+0.0000,+0.0000,+0.0000,-0.1003,+0.0000,+0.0000,+0.0000,+0.0000
977,1.00,1,True,0.0%,0.0%,0.0%,inf,2.3,9.84,0.000,0.6667,0.0000,0.0000,+0.0000,+0.0000,+1.0000,+0.0000,+0.0000,+0.0000,-0.0001,+0.0000,+0.0000,+0.0000,+0.0000,+0.0000,+0.0000,+1.0000,+0.0000,+0.0000,+1.0000,-0.1270,+0.0000,+0.1000,+0.0000,+0.0000
979,1.00,1,True,0.0%,0.0%,0.0%,inf,1.4,9.16,0.000,0.6667,1.0000,0.9304,+0.0000,+0.0000,+1.0000,+0.0000,+0.0000,+0.0000,+0.0000,-0.0000,+0.0000,-0.0001,+0.0000,+0.0000,+0.0000,+1.0000,+0.0000,+0.0000,+1.0000,+0.0002,+0.0068,+0.1000,+0.1000,+0.0000
981,-1.50,25,True,0.0%,0.0%,0.0%,0.01,1.1,10.24,20.766,0.9733,1.0000,0.8077,+0.0000,+0.0000,+1.0000,+0.0000,+0.0000,+0.0000,+0.0000,-0.0002,+0.0000,+0.0000,-2.5000,+0.0000,+0.0000,+1.0000,+0.0000,+0.0000,+2.0000,+0.0062,+0.8210,+2.5000,+0.0000,+25.0000
982,1.00,1,True,0.0%,0.0%,0.0%,inf,2.4,11.15,0.000,0.6667,0.0000,0.0000,+0.0000,+0.0000,+1.0000,+0.0000,+0.0000,+0.0000,-0.0001,+0.0000,+0.0000,+0.0000,+0.0000,+0.0000,+0.0000,+1.0000,+0.0000,+0.0000,+1.0000,-0.1270,+0.0000,+0.1000,+0.0000,+0.0000
985,1.00,1,True,0.0%,0.0%,0.0%,inf,3.7,9.25,0.000,1.0000,0.0000,0.0000,+0.0000,+0.0000,+1.0000,+0.0000,+0.0000,+0.0000,-0.0001,+0.0000,+0.0000,+0.0000,+0.0000,+0.0000,+0.0000,+1.0000,+0.0000,+0.0000,+0.0000,-0.1003,+0.0000,+0.0000,+0.0000,+0.0000
986,-0.00,90,False,0.0%,0.0%,0.0%,0.29,1.6,12.18,1.341,0.9704,0.1000,0.5742,+0.0000,+0.0000,+0.0000,+0.0000,+0.0000,+0.0000,-0.0003,-0.0009,+0.0000,+0.0000,+0.0000,+0.0000,+0.0000,+0.0000,+0.0000,+0.0000,+8.0000,-0.5975,+3.6774,+9.0000,+0.0000,+0.0000
987,-0.00,90,False,0.0%,0.0%,0.0%,0.25,2.3,10.54,2.843,0.9926,0.5222,0.7413,+0.0000,+0.0000,+0.0000,+0.0000,+0.0000,+0.0000,-0.0007,-0.0006,+0.0000,+0.0000,+0.0000,+0.0000,+0.0000,+0.0000,+0.0000,+0.0000,+2.0000,-2.0333,+2.3228,+9.0000,+0.0000,+0.0000
988,0.00,1,False,0.0%,0.0%,0.0%,inf,2.8,11.35,0.000,1.0000,0.0000,1.0000,+0.0000,+0.0000,+0.0000,+0.0000,+0.0000,+0.0000,+0.0000,+0.0000,+0.0000,+0.0000,+0.0000,+0.0000,+0.0000,+0.0000,+0.0000,+0.0000,+0.0000,+0.0000,+0.0000,+0.0000,+0.0000,+0.0000
989,1.00,85,True,0.0%,0.0%,0.0%,0.01,2.1,12.45,4.999,0.8784,0.9059,0.6429,+0.0000,+0.0000,+1.0000,+0.0000,+0.0000,+0.0000,+0.0000,-0.0014,+0.0000,+0.0000,+0.0000,+0.0000,+0.0000,+1.0000,+0.0000,+0.0000,+31.0000,+0.0197,+5.6834,+8.5000,+0.0000,+0.0000
990,1.00,64,True,0.0%,0.0%,0.0%,0.01,1.8,14.90,10.124,0.8125,1.0000,0.6432,+0.0000,+0.0000,+1.0000,+0.0000,+0.0000,+0.0000,+0.0000,-0.0011,+0.0000,+0.0000,+0.0000,+0.0000,+0.0000,+1.0000,+0.0000,+0.0000,+36.0000,+0.0156,+4.2825,+6.4000,+0.0000,+0.0000
991,1.00,1,True,0.0%,0.0%,0.0%,inf,2.2,13.71,0.000,0.6667,0.0000,0.0000,+0.0000,+0.0000,+1.0000,+0.0000,+0.0000,+0.0000,-0.0001,+0.0000,+0.0000,-0.0001,+0.0000,+0.0000,+0.0000,+1.0000,+0.0000,+0.0000,+1.0000,-0.1270,+0.0000,+0.1000,+0.1000,+0.0000
995,-4.30,53,True,0.0%,0.0%,0.0%,0.02,2.4,13.75,19.864,0.8742,0.9245,0.7724,+0.0000,+0.0000,+1.0000,+0.0000,+0.0000,+0.0000,+0.0000,-0.0005,+0.0000,+0.0000,-5.3000,+0.0000,+0.0000,+1.0000,+0.0000,+0.0000,+20.0000,+0.0127,+2.1206,+5.3000,+0.0000,+53.0000
996,-5.90,70,True,0.0%,0.0%,0.0%,0.02,1.2,12.39,18.266,0.9810,0.9143,0.7428,+0.0000,+0.0000,+1.0000,+0.0000,+0.0000,+0.0000,-0.0001,-0.0008,+0.0000,+0.0000,-6.9000,+0.0000,+0.0000,+1.0000,+0.0000,+0.0000,+4.0000,-0.6086,+3.2123,+7.0000,+0.0000,+69.0000
997,1.00,1,True,0.0%,0.0%,0.0%,inf,3.9,10.40,0.000,0.6667,1.0000,0.9679,+0.0000,+0.0000,+1.0000,+0.0000,+0.0000,+0.0000,+0.0000,+0.0000,+0.0000,+0.0000,+0.0000,+0.0000,+0.0000,+1.0000,+0.0000,+0.0000,+1.0000,+0.0002,-0.0013,+0.1000,+0.0000,+0.0000
998,0.60,82,True,0.0%,0.0%,0.0%,0.01,1.7,13.31,6.808,0.6463,0.4756,0.7822,+0.0000,+0.0000,+1.0000,+0.0000,+0.0000,+0.0000,-0.0026,-0.0004,+0.0000,+0.0000,-0.4000,+0.0000,+0.0000,+1.0000,+0.0000,+0.0000,+87.0000,-13.6525,+1.5578,+8.2000,+0.0000,+4.0000
999,-0.00,90,False,0.0%,0.0%,0.0%,0.29,2.2,11.37,0.755,0.9926,1.0000,0.7428,+0.0000,+0.0000,+0.0000,+0.0000,+0.0000,+0.0000,+0.0000,-0.0010,+0.0000,+0.0000,+0.0000,+0.0000,+0.0000,+0.0000,+0.0000,+0.0000,+2.0000,+0.0224,+4.1862,+9.0000,+0.0000,+0.0000
