wandb: [wandb.login()] Loaded credentials for https://api.wandb.ai from /home/fanyuqi/.netrc.
wandb: Currently logged in as: sichengwang (sichengwang-beihang-university) to https://api.wandb.ai. Use `wandb login --relogin` to force relogin
wandb: setting up run mxsrxrhu
wandb: Tracking run with wandb version 0.28.0
wandb: Run data is saved locally in /home/fanyuqi/wsc/behavior-bench/wandb/run-20260712_203650-mxsrxrhu
wandb: Run `wandb offline` to turn off syncing.
wandb: Syncing run behavior_aware_dyn5_default_2b
wandb: ⭐️ View project at https://wandb.ai/sichengwang-beihang-university/behavior-bench
wandb: 🚀 View run at https://wandb.ai/sichengwang-beihang-university/behavior-bench/runs/mxsrxrhu
wandb: WARNING `fps` argument does not affect the frame rate of the video when providing a file path or raw bytes.
[0;0H╭──────────────────────────────────────────────────────────────────────────────╮
│  PufferLib 3.0 🐡             CPU: 0.0%  GPU: 0.0%  DRAM: 0.0%   VRAM: 0.0%  │
│                                                                              │
│  Summary          Value    Evaluate      0s   0%    Losses            Value  │
│  Env       puffer_drive      Forwa…      0s   0%                             │
│  Params          747.3K      Env         0s   0%                             │
│  Steps                0      Copy        0s   0%                             │
│  SPS                  0      Misc        0s   0%                             │
│  Epoch                0    Train         0s   0%                             │
│  Uptime              0s      Forwa…      0s   0%                             │
│  Remaini…   A hair past      Learn       0s   0%                             │
│               a freckle      Copy        0s   0%                             │
│                              Misc        0s   0%                             │
│                                                                              │
│  User Stats                    Value    User Stats                    Value  │
╰──────────────────────────────────────────────────────────────────────────────╯

[VideoLogger] Recorded 50 frames across 5 scenarios on driver_env
[0;0H╭──────────────────────────────────────────────────────────────────────────────╮
│  PufferLib 3.0          🐡    CPU: 1.8%  GPU: 8.2%  DRAM: 0.4%   VRAM: 8.7%  │
│                                                                              │
│  Summary          Value    Evaluate  3m 26s   0%    Losses            Value  │
│  Env       puffer_drive      Forwa…      0s   0%    behavior_pred…    0.056  │
│  Params          747.3K      Env         0s   0%    behavior_pred…    0.180  │
│  Steps           524.3K      Copy        0s   0%    policy_loss       0.093  │
│  SPS               2.2K      Misc    3m 25s   0%    value_loss        0.039  │
│  Epoch                1    Train         2s   0%    entropy           4.511  │
│  Uptime           4m 2s      Forwa…      0s   0%    old_approx_kl     0.000  │
│  Remaini…  257h 24m 59s      Learn       1s   0%    approx_kl         0.000  │
│                              Copy        0s   0%    clipfrac          0.000  │
│                              Misc        0s   0%    importance        1.000  │
│                                                     explained_var…    0.088  │
│                                                                              │
│  User Stats                    Value    User Stats                    Value  │
╰──────────────────────────────────────────────────────────────────────────────╯

[0;0H╭──────────────────────────────────────────────────────────────────────────────╮
│  PufferLib 3.0         🐡     CPU: 2.3%    GPU:     DRAM: 0.4%        VRAM:  │
│                                            20.6%                      10.8%  │
│                                                                              │
│  Summary          Value    Evaluate  3m 26s  98%    Losses            Value  │
│  Env       puffer_drive      Forwa…      0s   0%    behavior_pred…    0.014  │
│  Params          747.3K      Env         0s   0%    behavior_pred…    0.106  │
│  Steps             1.0M      Copy        0s   0%    policy_loss       0.055  │
│  SPS             192.4K      Misc    3m 25s  98%    value_loss        0.022  │
│  Epoch                2    Train         2s   1%    entropy           4.511  │
│  Uptime           4m 5s      Forwa…      0s   0%    old_approx_kl     0.000  │
│  Remaini…    2h 53m 11s      Learn       1s   0%    approx_kl         0.000  │
│                              Copy        0s   0%    clipfrac          0.000  │
│                              Misc        0s   0%    importance        1.000  │
│                                                     explained_var…    0.414  │
│                                                                              │
│  User Stats                    Value    User Stats                    Value  │
╰──────────────────────────────────────────────────────────────────────────────╯

[0;0H╭──────────────────────────────────────────────────────────────────────────────╮
│  PufferLib 3.0        🐡      CPU: 2.8%    GPU:     DRAM: 0.4%        VRAM:  │
│                                            28.9%                      12.2%  │
│                                                                              │
│  Summary          Value    Evaluate  3m 26s  98%    Losses            Value  │
│  Env       puffer_drive      Forwa…      0s   0%    behavior_pred…    0.012  │
│  Params          747.3K      Env         0s   0%    behavior_pred…    0.127  │
│  Steps             1.6M      Copy        0s   0%    policy_loss       0.023  │
│  SPS             193.7K      Misc    3m 25s  98%    value_loss        0.016  │
│  Epoch                3    Train         2s   1%    entropy           4.510  │
│  Uptime           4m 8s      Forwa…      0s   0%    old_approx_kl     0.000  │
│  Remaini…    2h 51m 56s      Learn       1s   0%    approx_kl         0.000  │
│                              Copy        0s   0%    clipfrac          0.000  │
│                              Misc        0s   0%    importance        1.000  │
│                                                     explained_var…    0.502  │
│                                                                              │
│  User Stats                    Value    User Stats                    Value  │
│  n                          1372.188    score                         0.089  │
│  offroad_rate                  0.613    collision_rate                0.171  │
│  episode_length               61.392    episode_return               -0.458  │
│  dnf_rate                      0.127    completion_rate               0.089  │
│  lane_alignment_rate           0.190    lane_aligned_steps           14.120  │
│  lane_distance_count          27.697    speed_limit_rate              0.344  │
│  lane_distance_avg             1.187    velocity_reward_total         0.000  │
│  comfort_violations           60.188    offroad_per_agent             0.613  │
│  collisions_per_agent          0.171    goals_sampled_this_ep…        1.000  │
│  goals_reached_this_ep…        0.089    speed_at_goal                 0.518  │
╰──────────────────────────────────────────────────────────────────────────────╯

[0;0H╭──────────────────────────────────────────────────────────────────────────────╮
│  PufferLib 3.0       🐡       CPU: 3.3%    GPU:     DRAM: 0.4%        VRAM:  │
│                                            41.5%                      14.3%  │
│                                                                              │
│  Summary          Value    Evaluate  3m 26s  98%    Losses            Value  │
│  Env       puffer_drive      Forwa…      0s   0%    behavior_pred…    0.010  │
│  Params          747.3K      Env         0s   0%    behavior_pred…    0.196  │
│  Steps             2.1M      Copy        0s   0%    policy_loss       0.036  │
│  SPS             192.6K      Misc    3m 25s  98%    value_loss        0.024  │
│  Epoch                4    Train         2s   1%    entropy           4.510  │
│  Uptime          4m 11s      Forwa…      0s   0%    old_approx_kl     0.000  │
│  Remaini…    2h 52m 51s      Learn       1s   0%    approx_kl         0.000  │
│                              Copy        0s   0%    clipfrac          0.000  │
│                              Misc        0s   0%    importance        1.000  │
│                                                     explained_var…    0.517  │
│                                                                              │
│  User Stats                    Value    User Stats                    Value  │
│  n                          1372.188    score                         0.089  │
│  offroad_rate                  0.613    collision_rate                0.171  │
│  episode_length               61.392    episode_return               -0.458  │
│  dnf_rate                      0.127    completion_rate               0.089  │
│  lane_alignment_rate           0.190    lane_aligned_steps           14.120  │
│  lane_distance_count          27.697    speed_limit_rate              0.344  │
│  lane_distance_avg             1.187    velocity_reward_total         0.000  │
│  comfort_violations           60.188    offroad_per_agent             0.613  │
│  collisions_per_agent          0.171    goals_sampled_this_ep…        1.000  │
│  goals_reached_this_ep…        0.089    speed_at_goal                 0.518  │
╰──────────────────────────────────────────────────────────────────────────────╯

[0;0H╭──────────────────────────────────────────────────────────────────────────────╮
│  PufferLib 3.0      🐡        CPU: 3.8%    GPU:     DRAM: 0.4%        VRAM:  │
│                                            54.3%                      16.4%  │
│                                                                              │
│  Summary          Value    Evaluate  3m 26s  98%    Losses            Value  │
│  Env       puffer_drive      Forwa…      0s   0%    behavior_pred…    0.009  │
│  Params          747.3K      Env         0s   0%    behavior_pred…    0.155  │
│  Steps             2.6M      Copy        0s   0%    policy_loss       0.029  │
│  SPS             192.5K      Misc    3m 25s  98%    value_loss        0.016  │
│  Epoch                5    Train         2s   1%    entropy           4.509  │
│  Uptime          4m 13s      Forwa…      0s   0%    old_approx_kl     0.000  │
│  Remaini…    2h 52m 54s      Learn       1s   0%    approx_kl         0.000  │
│                              Copy        0s   0%    clipfrac          0.000  │
│                              Misc        0s   0%    importance        1.000  │
│                                                     explained_var…    0.518  │
│                                                                              │
│  User Stats                    Value    User Stats                    Value  │
│  n                          1372.188    score                         0.089  │
│  offroad_rate                  0.613    collision_rate                0.171  │
│  episode_length               61.392    episode_return               -0.458  │
│  dnf_rate                      0.127    completion_rate               0.089  │
│  lane_alignment_rate           0.190    lane_aligned_steps           14.120  │
│  lane_distance_count          27.697    speed_limit_rate              0.344  │
│  lane_distance_avg             1.187    velocity_reward_total         0.000  │
│  comfort_violations           60.188    offroad_per_agent             0.613  │
│  collisions_per_agent          0.171    goals_sampled_this_ep…        1.000  │
│  goals_reached_this_ep…        0.089    speed_at_goal                 0.518  │
╰──────────────────────────────────────────────────────────────────────────────╯

[0;0H╭──────────────────────────────────────────────────────────────────────────────╮
│  PufferLib 3.0     🐡         CPU: 4.4%    GPU:     DRAM: 0.4%        VRAM:  │
│                                            62.6%                      17.8%  │
│                                                                              │
│  Summary          Value    Evaluate  3m 27s  98%    Losses            Value  │
│  Env       puffer_drive      Forwa…      0s   0%    behavior_pred…    0.011  │
│  Params          747.3K      Env         0s   0%    behavior_pred…    0.159  │
│  Steps             3.1M      Copy        1s   0%    policy_loss       0.014  │
│  SPS             193.7K      Misc    3m 25s  98%    value_loss        0.015  │
│  Epoch                6    Train         4s   1%    entropy           4.508  │
│  Uptime          4m 16s      Forwa…      1s   0%    old_approx_kl     0.000  │
│  Remaini…    2h 51m 50s      Learn       2s   0%    approx_kl         0.000  │
│                              Copy        0s   0%    clipfrac          0.000  │
│                              Misc        0s   0%    importance        1.000  │
│                                                     explained_var…    0.596  │
│                                                                              │
│  User Stats                    Value    User Stats                    Value  │
│  n                          1401.625    score                         0.086  │
│  offroad_rate                  0.617    collision_rate                0.174  │
│  episode_length               60.591    episode_return               -0.469  │
│  dnf_rate                      0.123    completion_rate               0.086  │
│  lane_alignment_rate           0.188    lane_aligned_steps           13.682  │
│  lane_distance_count          27.199    speed_limit_rate              0.367  │
│  lane_distance_avg             1.215    velocity_reward_total         0.000  │
│  comfort_violations           59.297    offroad_per_agent             0.617  │
│  collisions_per_agent          0.174    goals_sampled_this_ep…        1.000  │
│  goals_reached_this_ep…        0.086    speed_at_goal                 0.543  │
╰──────────────────────────────────────────────────────────────────────────────╯

[0;0H╭──────────────────────────────────────────────────────────────────────────────╮
│  PufferLib 3.0    🐡          CPU: 4.9%    GPU:     DRAM: 0.4%        VRAM:  │
│                                            75.0%                      19.9%  │
│                                                                              │
│  Summary          Value    Evaluate  3m 27s  27%    Losses            Value  │
│  Env       puffer_drive      Forwa…      0s   4%    behavior_pred…    0.009  │
│  Params          747.3K      Env         0s   1%    behavior_pred…    0.212  │
│  Steps             3.7M      Copy        1s  21%    policy_loss       0.034  │
│  SPS             193.5K      Misc    3m 25s   0%    value_loss        0.019  │
│  Epoch                7    Train         4s  72%    entropy           4.507  │
│  Uptime          4m 19s      Forwa…      1s  26%    old_approx_kl     0.000  │
│  Remaini…    2h 51m 56s      Learn       2s  42%    approx_kl         0.000  │
│                              Copy        0s   0%    clipfrac          0.000  │
│                              Misc        0s   4%    importance        1.000  │
│                                                     explained_var…    0.565  │
│                                                                              │
│  User Stats                    Value    User Stats                    Value  │
│  n                          1031.000    score                         0.100  │
│  offroad_rate                  0.536    collision_rate                0.160  │
│  episode_length               64.987    episode_return               -0.372  │
│  dnf_rate                      0.204    completion_rate               0.100  │
│  lane_alignment_rate           0.231    lane_aligned_steps           15.834  │
│  lane_distance_count          29.080    speed_limit_rate              0.275  │
│  lane_distance_avg             0.972    velocity_reward_total         0.000  │
│  comfort_violations           61.729    offroad_per_agent             0.536  │
│  collisions_per_agent          0.160    goals_sampled_this_ep…        1.000  │
│  goals_reached_this_ep…        0.100    speed_at_goal                 0.674  │
╰──────────────────────────────────────────────────────────────────────────────╯

[0;0H╭──────────────────────────────────────────────────────────────────────────────╮
│  PufferLib 3.0   🐡           CPU: 5.4%    GPU:     DRAM: 0.4%        VRAM:  │
│                                            83.0%                      21.3%  │
│                                                                              │
│  Summary          Value    Evaluate  3m 27s  27%    Losses            Value  │
│  Env       puffer_drive      Forwa…      0s   4%    behavior_pred…    0.008  │
│  Params          747.3K      Env         0s   1%    behavior_pred…    0.164  │
│  Steps             4.2M      Copy        1s  21%    policy_loss       0.023  │
│  SPS             193.4K      Misc    3m 25s   0%    value_loss        0.014  │
│  Epoch                8    Train         4s  72%    entropy           4.506  │
│  Uptime          4m 22s      Forwa…      1s  26%    old_approx_kl     0.000  │
│  Remaini…    2h 51m 57s      Learn       2s  42%    approx_kl         0.000  │
│                              Copy        0s   0%    clipfrac          0.000  │
│                              Misc        0s   4%    importance        1.000  │
│                                                     explained_var…    0.497  │
│                                                                              │
│  User Stats                    Value    User Stats                    Value  │
│  n                          1031.000    score                         0.100  │
│  offroad_rate                  0.536    collision_rate                0.160  │
│  episode_length               64.987    episode_return               -0.372  │
│  dnf_rate                      0.204    completion_rate               0.100  │
│  lane_alignment_rate           0.231    lane_aligned_steps           15.834  │
│  lane_distance_count          29.080    speed_limit_rate              0.275  │
│  lane_distance_avg             0.972    velocity_reward_total         0.000  │
│  comfort_violations           61.729    offroad_per_agent             0.536  │
│  collisions_per_agent          0.160    goals_sampled_this_ep…        1.000  │
│  goals_reached_this_ep…        0.100    speed_at_goal                 0.674  │
╰──────────────────────────────────────────────────────────────────────────────╯

[0;0H╭──────────────────────────────────────────────────────────────────────────────╮
│  PufferLib 3.0  🐡            CPU: 5.4%    GPU:     DRAM: 0.4%        VRAM:  │
│                                            83.3%                      21.3%  │
│                                                                              │
│  Summary          Value    Evaluate  3m 27s  27%    Losses            Value  │
│  Env       puffer_drive      Forwa…      0s   4%    behavior_pred…    0.010  │
│  Params          747.3K      Env         0s   1%    behavior_pred…    0.187  │
│  Steps             4.7M      Copy        1s  21%    policy_loss       0.013  │
│  SPS             193.3K      Misc    3m 25s   0%    value_loss        0.014  │
│  Epoch                9    Train         4s  72%    entropy           4.504  │
│  Uptime          4m 24s      Forwa…      1s  26%    old_approx_kl     0.000  │
│  Remaini…     2h 52m 1s      Learn       2s  42%    approx_kl         0.000  │
│                              Copy        0s   0%    clipfrac          0.000  │
│                              Misc        0s   4%    importance        1.000  │
│                                                     explained_var…    0.619  │
│                                                                              │
│  User Stats                    Value    User Stats                    Value  │
│  n                          1366.438    score                         0.088  │
│  offroad_rate                  0.609    collision_rate                0.172  │
│  episode_length               62.802    episode_return               -0.453  │
│  dnf_rate                      0.131    completion_rate               0.088  │
│  lane_alignment_rate           0.194    lane_aligned_steps           14.470  │
│  lane_distance_count          28.455    speed_limit_rate              0.358  │
│  lane_distance_avg             1.181    velocity_reward_total         0.000  │
│  comfort_violations           61.757    offroad_per_agent             0.609  │
│  collisions_per_agent          0.172    goals_sampled_this_ep…        1.000  │
│  goals_reached_this_ep…        0.088    speed_at_goal                 0.553  │
╰──────────────────────────────────────────────────────────────────────────────╯

[0;0H╭──────────────────────────────────────────────────────────────────────────────╮
│  PufferLib 3.0 🐡             CPU: 5.6%    GPU:     DRAM: 0.4%        VRAM:  │
│                                            83.7%                      21.3%  │
│                                                                              │
│  Summary          Value    Evaluate  3m 27s  27%    Losses            Value  │
│  Env       puffer_drive      Forwa…      0s   4%    behavior_pred…    0.008  │
│  Params          747.3K      Env         0s   1%    behavior_pred…    0.204  │
│  Steps             5.2M      Copy        1s  21%    policy_loss       0.026  │
│  SPS             193.5K      Misc    3m 25s   0%    value_loss        0.016  │
│  Epoch               10    Train         4s  72%    entropy           4.502  │
│  Uptime          4m 27s      Forwa…      1s  26%    old_approx_kl     0.000  │
│  Remaini…    2h 51m 48s      Learn       2s  42%    approx_kl         0.000  │
│                              Copy        0s   0%    clipfrac          0.000  │
│                              Misc        0s   4%    importance        1.000  │
│                                                     explained_var…    0.531  │
│                                                                              │
│  User Stats                    Value    User Stats                    Value  │
│  n                          1366.438    score                         0.088  │
│  offroad_rate                  0.609    collision_rate                0.172  │
│  episode_length               62.802    episode_return               -0.453  │
│  dnf_rate                      0.131    completion_rate               0.088  │
│  lane_alignment_rate           0.194    lane_aligned_steps           14.470  │
│  lane_distance_count          28.455    speed_limit_rate              0.358  │
│  lane_distance_avg             1.181    velocity_reward_total         0.000  │
│  comfort_violations           61.757    offroad_per_agent             0.609  │
│  collisions_per_agent          0.172    goals_sampled_this_ep…        1.000  │
│  goals_reached_this_ep…        0.088    speed_at_goal                 0.553  │
╰──────────────────────────────────────────────────────────────────────────────╯

[0;0H╭──────────────────────────────────────────────────────────────────────────────╮
│  PufferLib 3.0          🐡    CPU: 5.5%    GPU:     DRAM: 0.4%        VRAM:  │
│                                            83.7%                      21.3%  │
│                                                                              │
│  Summary          Value    Evaluate  3m 27s  27%    Losses            Value  │
│  Env       puffer_drive      Forwa…      0s   4%    behavior_pred…    0.008  │
│  Params          747.3K      Env         0s   1%    behavior_pred…    0.167  │
│  Steps             5.8M      Copy        1s  21%    policy_loss       0.017  │
│  SPS             193.1K      Misc    3m 25s   0%    value_loss        0.013  │
│  Epoch               11    Train         6s  72%    entropy           4.501  │
│  Uptime          4m 30s      Forwa…      2s  26%    old_approx_kl     0.000  │
│  Remaini…     2h 52m 6s      Learn       3s  42%    approx_kl         0.000  │
│                              Copy        0s   0%    clipfrac          0.000  │
│                              Misc        0s   4%    importance        1.000  │
│                                                     explained_var…    0.488  │
│                                                                              │
│  User Stats                    Value    User Stats                    Value  │
│  n                          1043.000    score                         0.099  │
│  offroad_rate                  0.555    collision_rate                0.199  │
│  episode_length               68.222    episode_return               -0.445  │
│  dnf_rate                      0.147    completion_rate               0.099  │
│  lane_alignment_rate           0.239    lane_aligned_steps           16.416  │
│  lane_distance_count          30.304    speed_limit_rate              0.337  │
│  lane_distance_avg             1.112    velocity_reward_total         0.000  │
│  comfort_violations           65.229    offroad_per_agent             0.555  │
│  collisions_per_agent          0.199    goals_sampled_this_ep…        1.000  │
│  goals_reached_this_ep…        0.099    speed_at_goal                 0.791  │
╰──────────────────────────────────────────────────────────────────────────────╯

[0;0H╭──────────────────────────────────────────────────────────────────────────────╮
│  PufferLib 3.0         🐡     CPU: 5.4%    GPU:     DRAM: 0.4%        VRAM:  │
│                                            83.2%                      21.3%  │
│                                                                              │
│  Summary          Value    Evaluate  3m 27s  27%    Losses            Value  │
│  Env       puffer_drive      Forwa…      0s   4%    behavior_pred…    0.010  │
│  Params          747.3K      Env         0s   1%    behavior_pred…    0.213  │
│  Steps             6.3M      Copy        1s  21%    policy_loss       0.011  │
│  SPS             193.4K      Misc    3m 25s   0%    value_loss        0.015  │
│  Epoch               12    Train         6s  72%    entropy           4.498  │
│  Uptime          4m 32s      Forwa…      2s  26%    old_approx_kl     0.000  │
│  Remaini…    2h 51m 48s      Learn       3s  42%    approx_kl         0.000  │
│                              Copy        0s   0%    clipfrac          0.000  │
│                              Misc        0s   4%    importance        1.000  │
│                                                     explained_var…    0.632  │
│                                                                              │
│  User Stats                    Value    User Stats                    Value  │
│  n                          1347.000    score                         0.089  │
│  offroad_rate                  0.572    collision_rate                0.180  │
│  episode_length               66.401    episode_return               -0.441  │
│  dnf_rate                      0.159    completion_rate               0.089  │
│  lane_alignment_rate           0.214    lane_aligned_steps           16.244  │
│  lane_distance_count          31.156    speed_limit_rate              0.334  │
│  lane_distance_avg             1.175    velocity_reward_total         0.000  │
│  comfort_violations           66.820    offroad_per_agent             0.572  │
│  collisions_per_agent          0.180    goals_sampled_this_ep…        1.000  │
│  goals_reached_this_ep…        0.089    speed_at_goal                 0.529  │
╰──────────────────────────────────────────────────────────────────────────────╯

[0;0H╭──────────────────────────────────────────────────────────────────────────────╮
│  PufferLib 3.0        🐡      CPU: 5.4%    GPU:     DRAM: 0.4%        VRAM:  │
│                                            83.1%                      21.3%  │
│                                                                              │
│  Summary          Value    Evaluate  3m 27s  27%    Losses            Value  │
│  Env       puffer_drive      Forwa…      0s   4%    behavior_pred…    0.008  │
│  Params          747.3K      Env         0s   1%    behavior_pred…    0.202  │
│  Steps             6.8M      Copy        1s  21%    policy_loss       0.021  │
│  SPS             193.5K      Misc    3m 25s   0%    value_loss        0.017  │
│  Epoch               13    Train         6s  72%    entropy           4.496  │
│  Uptime          4m 35s      Forwa…      2s  26%    old_approx_kl     0.000  │
│  Remaini…    2h 51m 40s      Learn       3s  42%    approx_kl         0.000  │
│                              Copy        0s   0%    clipfrac          0.000  │
│                              Misc        0s   4%    importance        1.000  │
│                                                     explained_var…    0.589  │
│                                                                              │
│  User Stats                    Value    User Stats                    Value  │
│  n                          1347.000    score                         0.089  │
│  offroad_rate                  0.572    collision_rate                0.180  │
│  episode_length               66.401    episode_return               -0.441  │
│  dnf_rate                      0.159    completion_rate               0.089  │
│  lane_alignment_rate           0.214    lane_aligned_steps           16.244  │
│  lane_distance_count          31.156    speed_limit_rate              0.334  │
│  lane_distance_avg             1.175    velocity_reward_total         0.000  │
│  comfort_violations           66.820    offroad_per_agent             0.572  │
│  collisions_per_agent          0.180    goals_sampled_this_ep…        1.000  │
│  goals_reached_this_ep…        0.089    speed_at_goal                 0.529  │
╰──────────────────────────────────────────────────────────────────────────────╯

[0;0H╭──────────────────────────────────────────────────────────────────────────────╮
│  PufferLib 3.0       🐡       CPU: 5.5%    GPU:     DRAM: 0.4%        VRAM:  │
│                                            83.3%                      21.3%  │
│                                                                              │
│  Summary          Value    Evaluate  3m 27s  27%    Losses            Value  │
│  Env       puffer_drive      Forwa…      0s   4%    behavior_pred…    0.009  │
│  Params          747.3K      Env         0s   1%    behavior_pred…    0.166  │
│  Steps             7.3M      Copy        1s  21%    policy_loss       0.012  │
│  SPS             193.4K      Misc    3m 25s   0%    value_loss        0.014  │
│  Epoch               14    Train         6s  72%    entropy           4.493  │
│  Uptime          4m 38s      Forwa…      2s  26%    old_approx_kl     0.000  │
│  Remaini…    2h 51m 42s      Learn       3s  42%    approx_kl         0.000  │
│                              Copy        0s   0%    clipfrac          0.000  │
│                              Misc        0s   4%    importance        1.000  │
│                                                     explained_var…    0.563  │
│                                                                              │
│  User Stats                    Value    User Stats                    Value  │
│  n                          1347.000    score                         0.089  │
│  offroad_rate                  0.572    collision_rate                0.180  │
│  episode_length               66.401    episode_return               -0.441  │
│  dnf_rate                      0.159    completion_rate               0.089  │
│  lane_alignment_rate           0.214    lane_aligned_steps           16.244  │
│  lane_distance_count          31.156    speed_limit_rate              0.334  │
│  lane_distance_avg             1.175    velocity_reward_total         0.000  │
│  comfort_violations           66.820    offroad_per_agent             0.572  │
│  collisions_per_agent          0.180    goals_sampled_this_ep…        1.000  │
│  goals_reached_this_ep…        0.089    speed_at_goal                 0.529  │
╰──────────────────────────────────────────────────────────────────────────────╯

[0;0H╭──────────────────────────────────────────────────────────────────────────────╮
│  PufferLib 3.0      🐡        CPU: 5.4%    GPU:     DRAM: 0.4%        VRAM:  │
│                                            83.9%                      21.3%  │
│                                                                              │
│  Summary          Value    Evaluate  3m 27s  27%    Losses            Value  │
│  Env       puffer_drive      Forwa…      0s   4%    behavior_pred…    0.010  │
│  Params          747.3K      Env         0s   1%    behavior_pred…    0.234  │
│  Steps             7.9M      Copy        1s  21%    policy_loss       0.009  │
│  SPS             194.4K      Misc    3m 25s   0%    value_loss        0.018  │
│  Epoch               15    Train         6s  72%    entropy           4.489  │
│  Uptime          4m 41s      Forwa…      2s  26%    old_approx_kl     0.000  │
│  Remaini…    2h 50m 47s      Learn       3s  42%    approx_kl         0.000  │
│                              Copy        0s   0%    clipfrac          0.000  │
│                              Misc        0s   4%    importance        1.000  │
│                                                     explained_var…    0.658  │
│                                                                              │
│  User Stats                    Value    User Stats                    Value  │
│  n                          1297.625    score                         0.112  │
│  offroad_rate                  0.531    collision_rate                0.184  │
│  episode_length               69.436    episode_return               -0.389  │
│  dnf_rate                      0.174    completion_rate               0.112  │
│  lane_alignment_rate           0.249    lane_aligned_steps           17.769  │
│  lane_distance_count          32.963    speed_limit_rate              0.315  │
│  lane_distance_avg             1.146    velocity_reward_total         0.000  │
│  comfort_violations           70.529    offroad_per_agent             0.531  │
│  collisions_per_agent          0.184    goals_sampled_this_ep…        1.000  │
│  goals_reached_this_ep…        0.112    speed_at_goal                 0.676  │
╰──────────────────────────────────────────────────────────────────────────────╯

[0;0H╭──────────────────────────────────────────────────────────────────────────────╮
│  PufferLib 3.0     🐡         CPU: 5.4%    GPU:     DRAM: 0.4%        VRAM:  │
│                                            83.6%                      21.3%  │
│                                                                              │
│  Summary          Value    Evaluate  3m 28s  27%    Losses            Value  │
│  Env       puffer_drive      Forwa…      0s   4%    behavior_pred…    0.008  │
│  Params          747.3K      Env         0s   1%    behavior_pred…    0.200  │
│  Steps             8.4M      Copy        2s  21%    policy_loss       0.015  │
│  SPS             194.7K      Misc    3m 25s   0%    value_loss        0.018  │
│  Epoch               16    Train         8s  72%    entropy           4.484  │
│  Uptime          4m 43s      Forwa…      2s  26%    old_approx_kl     0.000  │
│  Remaini…    2h 50m 29s      Learn       4s  42%    approx_kl         0.000  │
│                              Copy        0s   0%    clipfrac          0.000  │
│                              Misc        0s   4%    importance        1.000  │
│                                                     explained_var…    0.592  │
│                                                                              │
│  User Stats                    Value    User Stats                    Value  │
│  n                          1297.625    score                         0.112  │
│  offroad_rate                  0.531    collision_rate                0.184  │
│  episode_length               69.436    episode_return               -0.389  │
│  dnf_rate                      0.174    completion_rate               0.112  │
│  lane_alignment_rate           0.249    lane_aligned_steps           17.769  │
│  lane_distance_count          32.963    speed_limit_rate              0.315  │
│  lane_distance_avg             1.146    velocity_reward_total         0.000  │
│  comfort_violations           70.529    offroad_per_agent             0.531  │
│  collisions_per_agent          0.184    goals_sampled_this_ep…        1.000  │
│  goals_reached_this_ep…        0.112    speed_at_goal                 0.676  │
╰──────────────────────────────────────────────────────────────────────────────╯

[0;0H╭──────────────────────────────────────────────────────────────────────────────╮
│  PufferLib 3.0    🐡          CPU: 5.6%    GPU:     DRAM: 0.4%        VRAM:  │
│                                            83.6%                      21.3%  │
│                                                                              │
│  Summary          Value    Evaluate  3m 28s  27%    Losses            Value  │
│  Env       puffer_drive      Forwa…      0s   4%    behavior_pred…    0.009  │
│  Params          747.3K      Env         0s   1%    behavior_pred…    0.178  │
│  Steps             8.9M      Copy        2s  21%    policy_loss      -0.007  │
│  SPS             194.9K      Misc    3m 25s   0%    value_loss        0.015  │
│  Epoch               17    Train         8s  72%    entropy           4.478  │
│  Uptime          4m 46s      Forwa…      2s  26%    old_approx_kl     0.000  │
│  Remaini…    2h 50m 17s      Learn       4s  42%    approx_kl         0.001  │
│                              Copy        0s   0%    clipfrac          0.000  │
│                              Misc        0s   3%    importance        1.000  │
│                                                     explained_var…    0.675  │
│                                                                              │
│  User Stats                    Value    User Stats                    Value  │
│  n                          1297.625    score                         0.112  │
│  offroad_rate                  0.531    collision_rate                0.184  │
│  episode_length               69.436    episode_return               -0.389  │
│  dnf_rate                      0.174    completion_rate               0.112  │
│  lane_alignment_rate           0.249    lane_aligned_steps           17.769  │
│  lane_distance_count          32.963    speed_limit_rate              0.315  │
│  lane_distance_avg             1.146    velocity_reward_total         0.000  │
│  comfort_violations           70.529    offroad_per_agent             0.531  │
│  collisions_per_agent          0.184    goals_sampled_this_ep…        1.000  │
│  goals_reached_this_ep…        0.112    speed_at_goal                 0.676  │
╰──────────────────────────────────────────────────────────────────────────────╯

[0;0H╭──────────────────────────────────────────────────────────────────────────────╮
│  PufferLib 3.0   🐡           CPU: 5.5%    GPU:     DRAM: 0.4%        VRAM:  │
│                                            83.7%                      21.3%  │
│                                                                              │
│  Summary          Value    Evaluate  3m 28s  27%    Losses            Value  │
│  Env       puffer_drive      Forwa…      0s   4%    behavior_pred…    0.010  │
│  Params          747.3K      Env         0s   1%    behavior_pred…    0.272  │
│  Steps             9.4M      Copy        2s  21%    policy_loss      -0.015  │
│  SPS             194.7K      Misc    3m 25s   0%    value_loss        0.018  │
│  Epoch               18    Train         8s  72%    entropy           4.473  │
│  Uptime          4m 49s      Forwa…      2s  26%    old_approx_kl     0.001  │
│  Remaini…    2h 50m 21s      Learn       4s  42%    approx_kl         0.001  │
│                              Copy        0s   0%    clipfrac          0.001  │
│                              Misc        0s   3%    importance        1.000  │
│                                                     explained_var…    0.708  │
│                                                                              │
│  User Stats                    Value    User Stats                    Value  │
│  n                          1247.875    score                         0.151  │
│  offroad_rate                  0.482    collision_rate                0.183  │
│  episode_length               72.826    episode_return               -0.328  │
│  dnf_rate                      0.184    completion_rate               0.151  │
│  lane_alignment_rate           0.281    lane_aligned_steps           19.135  │
│  lane_distance_count          35.041    speed_limit_rate              0.298  │
│  lane_distance_avg             1.130    velocity_reward_total         0.000  │
│  comfort_violations           75.248    offroad_per_agent             0.482  │
│  collisions_per_agent          0.183    goals_sampled_this_ep…        1.000  │
│  goals_reached_this_ep…        0.151    speed_at_goal                 0.908  │
╰──────────────────────────────────────────────────────────────────────────────╯

[0;0H╭──────────────────────────────────────────────────────────────────────────────╮
│  PufferLib 3.0  🐡            CPU: 5.4%    GPU:     DRAM: 0.4%        VRAM:  │
│                                            83.8%                      21.3%  │
│                                                                              │
│  Summary          Value    Evaluate  3m 28s  27%    Losses            Value  │
│  Env       puffer_drive      Forwa…      0s   4%    behavior_pred…    0.008  │
│  Params          747.3K      Env         0s   1%    behavior_pred…    0.200  │
│  Steps            10.0M      Copy        2s  21%    policy_loss      -0.015  │
│  SPS             194.9K      Misc    3m 25s   0%    value_loss        0.018  │
│  Epoch               19    Train         8s  72%    entropy           4.466  │
│  Uptime          4m 51s      Forwa…      2s  26%    old_approx_kl     0.000  │
│  Remaini…     2h 50m 8s      Learn       4s  42%    approx_kl         0.001  │
│                              Copy        0s   0%    clipfrac          0.001  │
│                              Misc        0s   3%    importance        1.000  │
│                                                     explained_var…    0.688  │
│                                                                              │
│  User Stats                    Value    User Stats                    Value  │
│  n                          1247.875    score                         0.151  │
│  offroad_rate                  0.482    collision_rate                0.183  │
│  episode_length               72.826    episode_return               -0.328  │
│  dnf_rate                      0.184    completion_rate               0.151  │
│  lane_alignment_rate           0.281    lane_aligned_steps           19.135  │
│  lane_distance_count          35.041    speed_limit_rate              0.298  │
│  lane_distance_avg             1.130    velocity_reward_total         0.000  │
│  comfort_violations           75.248    offroad_per_agent             0.482  │
│  collisions_per_agent          0.183    goals_sampled_this_ep…        1.000  │
│  goals_reached_this_ep…        0.151    speed_at_goal                 0.908  │
╰──────────────────────────────────────────────────────────────────────────────╯

[0;0H╭──────────────────────────────────────────────────────────────────────────────╮
│  PufferLib 3.0 🐡             CPU: 5.7%    GPU:     DRAM: 0.4%        VRAM:  │
│                                            84.1%                      21.3%  │
│                                                                              │
│  Summary          Value    Evaluate  3m 28s  27%    Losses            Value  │
│  Env       puffer_drive      Forwa…      0s   4%    behavior_pred…    0.009  │
│  Params          747.3K      Env         0s   1%    behavior_pred…    0.173  │
│  Steps            10.5M      Copy        2s  21%    policy_loss      -0.018  │
│  SPS             195.0K      Misc    3m 25s   0%    value_loss        0.015  │
│  Epoch               20    Train         8s  72%    entropy           4.459  │
│  Uptime          4m 54s      Forwa…      2s  26%    old_approx_kl     0.001  │
│  Remaini…     2h 50m 5s      Learn       4s  42%    approx_kl         0.001  │
│                              Copy        0s   0%    clipfrac          0.001  │
│                              Misc        0s   3%    importance        1.000  │
│                                                     explained_var…    0.732  │
│                                                                              │
│  User Stats                    Value    User Stats                    Value  │
│  n                          1182.750    score                         0.205  │
│  offroad_rate                  0.423    collision_rate                0.186  │
│  episode_length               76.571    episode_return               -0.243  │
│  dnf_rate                      0.187    completion_rate               0.205  │
│  lane_alignment_rate           0.332    lane_aligned_steps           21.261  │
│  lane_distance_count          37.018    speed_limit_rate              0.273  │
│  lane_distance_avg             1.112    velocity_reward_total         0.000  │
│  comfort_violations           80.227    offroad_per_agent             0.423  │
│  collisions_per_agent          0.186    goals_sampled_this_ep…        1.000  │
│  goals_reached_this_ep…        0.205    speed_at_goal                 1.217  │
╰──────────────────────────────────────────────────────────────────────────────╯

[0;0H╭──────────────────────────────────────────────────────────────────────────────╮
│  PufferLib 3.0          🐡    CPU: 5.5%    GPU:     DRAM: 0.4%        VRAM:  │
│                                            84.0%                      21.3%  │
│                                                                              │
│  Summary          Value    Evaluate  3m 29s  27%    Losses            Value  │
│  Env       puffer_drive      Forwa…      0s   4%    behavior_pred…    0.009  │
│  Params          747.3K      Env         0s   1%    behavior_pred…    0.269  │
│  Steps            11.0M      Copy        2s  21%    policy_loss      -0.023  │
│  SPS             194.8K      Misc    3m 25s   0%    value_loss        0.020  │
│  Epoch               21    Train        10s  72%    entropy           4.449  │
│  Uptime          4m 57s      Forwa…      3s  26%    old_approx_kl     0.001  │
│  Remaini…    2h 50m 10s      Learn       5s  42%    approx_kl         0.001  │
│                              Copy        0s   0%    clipfrac          0.001  │
│                              Misc        0s   3%    importance        1.000  │
│                                                     explained_var…    0.713  │
│                                                                              │
│  User Stats                    Value    User Stats                    Value  │
│  n                          1182.750    score                         0.205  │
│  offroad_rate                  0.423    collision_rate                0.186  │
│  episode_length               76.571    episode_return               -0.243  │
│  dnf_rate                      0.187    completion_rate               0.205  │
│  lane_alignment_rate           0.332    lane_aligned_steps           21.261  │
│  lane_distance_count          37.018    speed_limit_rate              0.273  │
│  lane_distance_avg             1.112    velocity_reward_total         0.000  │
│  comfort_violations           80.227    offroad_per_agent             0.423  │
│  collisions_per_agent          0.186    goals_sampled_this_ep…        1.000  │
│  goals_reached_this_ep…        0.205    speed_at_goal                 1.217  │
╰──────────────────────────────────────────────────────────────────────────────╯

[0;0H╭──────────────────────────────────────────────────────────────────────────────╮
│  PufferLib 3.0         🐡     CPU: 5.4%    GPU:     DRAM: 0.4%        VRAM:  │
│                                            83.8%                      21.3%  │
│                                                                              │
│  Summary          Value    Evaluate  3m 29s  27%    Losses            Value  │
│  Env       puffer_drive      Forwa…      0s   4%    behavior_pred…    0.009  │
│  Params          747.3K      Env         0s   1%    behavior_pred…    0.196  │
│  Steps            11.5M      Copy        2s  21%    policy_loss      -0.026  │
│  SPS             194.9K      Misc    3m 25s   0%    value_loss        0.018  │
│  Epoch               22    Train        10s  72%    entropy           4.440  │
│  Uptime           5m 0s      Forwa…      3s  26%    old_approx_kl     0.001  │
│  Remaini…     2h 50m 1s      Learn       5s  42%    approx_kl         0.001  │
│                              Copy        0s   0%    clipfrac          0.002  │
│                              Misc        0s   3%    importance        1.000  │
│                                                     explained_var…    0.742  │
│                                                                              │
│  User Stats                    Value    User Stats                    Value  │
│  n                          1182.750    score                         0.205  │
│  offroad_rate                  0.423    collision_rate                0.186  │
│  episode_length               76.571    episode_return               -0.243  │
│  dnf_rate                      0.187    completion_rate               0.205  │
│  lane_alignment_rate           0.332    lane_aligned_steps           21.261  │
│  lane_distance_count          37.018    speed_limit_rate              0.273  │
│  lane_distance_avg             1.112    velocity_reward_total         0.000  │
│  comfort_violations           80.227    offroad_per_agent             0.423  │
│  collisions_per_agent          0.186    goals_sampled_this_ep…        1.000  │
│  goals_reached_this_ep…        0.205    speed_at_goal                 1.217  │
╰──────────────────────────────────────────────────────────────────────────────╯

[0;0H╭──────────────────────────────────────────────────────────────────────────────╮
│  PufferLib 3.0        🐡      CPU: 5.4%    GPU:     DRAM: 0.4%        VRAM:  │
│                                            84.0%                      21.3%  │
│                                                                              │
│  Summary          Value    Evaluate  3m 29s  27%    Losses            Value  │
│  Env       puffer_drive      Forwa…      0s   4%    behavior_pred…    0.010  │
│  Params          747.3K      Env         0s   1%    behavior_pred…    0.191  │
│  Steps            12.1M      Copy        2s  21%    policy_loss      -0.019  │
│  SPS             194.9K      Misc    3m 25s   0%    value_loss        0.017  │
│  Epoch               23    Train        10s  72%    entropy           4.431  │
│  Uptime           5m 2s      Forwa…      3s  26%    old_approx_kl     0.001  │
│  Remaini…     2h 50m 1s      Learn       5s  42%    approx_kl         0.001  │
│                              Copy        0s   0%    clipfrac          0.001  │
│                              Misc        0s   3%    importance        1.000  │
│                                                     explained_var…    0.774  │
│                                                                              │
│  User Stats                    Value    User Stats                    Value  │
│  n                          1165.750    score                         0.272  │
│  offroad_rate                  0.369    collision_rate                0.179  │
│  episode_length               78.240    episode_return               -0.145  │
│  dnf_rate                      0.180    completion_rate               0.272  │
│  lane_alignment_rate           0.376    lane_aligned_steps           22.599  │
│  lane_distance_count          37.926    speed_limit_rate              0.250  │
│  lane_distance_avg             1.081    velocity_reward_total         0.000  │
│  comfort_violations           83.878    offroad_per_agent             0.369  │
│  collisions_per_agent          0.179    goals_sampled_this_ep…        1.000  │
│  goals_reached_this_ep…        0.272    speed_at_goal                 1.699  │
╰──────────────────────────────────────────────────────────────────────────────╯

[0;0H╭──────────────────────────────────────────────────────────────────────────────╮
│  PufferLib 3.0       🐡       CPU: 5.6%    GPU:     DRAM: 0.4%        VRAM:  │
│                                            83.9%                      21.3%  │
│                                                                              │
│  Summary          Value    Evaluate  3m 29s  27%    Losses            Value  │
│  Env       puffer_drive      Forwa…      0s   4%    behavior_pred…    0.009  │
│  Params          747.3K      Env         0s   1%    behavior_pred…    0.256  │
│  Steps            12.6M      Copy        2s  21%    policy_loss      -0.024  │
│  SPS             194.7K      Misc    3m 25s   0%    value_loss        0.022  │
│  Epoch               24    Train        10s  72%    entropy           4.419  │
│  Uptime           5m 5s      Forwa…      3s  26%    old_approx_kl     0.001  │
│  Remaini…     2h 50m 9s      Learn       5s  42%    approx_kl         0.001  │
│                              Copy        0s   0%    clipfrac          0.002  │
│                              Misc        0s   3%    importance        1.000  │
│                                                     explained_var…    0.742  │
│                                                                              │
│  User Stats                    Value    User Stats                    Value  │
│  n                          1165.750    score                         0.272  │
│  offroad_rate                  0.369    collision_rate                0.179  │
│  episode_length               78.240    episode_return               -0.145  │
│  dnf_rate                      0.180    completion_rate               0.272  │
│  lane_alignment_rate           0.376    lane_aligned_steps           22.599  │
│  lane_distance_count          37.926    speed_limit_rate              0.250  │
│  lane_distance_avg             1.081    velocity_reward_total         0.000  │
│  comfort_violations           83.878    offroad_per_agent             0.369  │
│  collisions_per_agent          0.179    goals_sampled_this_ep…        1.000  │
│  goals_reached_this_ep…        0.272    speed_at_goal                 1.699  │
╰──────────────────────────────────────────────────────────────────────────────╯

[0;0H╭──────────────────────────────────────────────────────────────────────────────╮
│  PufferLib 3.0      🐡        CPU: 5.4%    GPU:     DRAM: 0.4%        VRAM:  │
│                                            83.8%                      21.3%  │
│                                                                              │
│  Summary          Value    Evaluate  3m 29s  27%    Losses            Value  │
│  Env       puffer_drive      Forwa…      0s   4%    behavior_pred…    0.009  │
│  Params          747.3K      Env         0s   1%    behavior_pred…    0.194  │
│  Steps            13.1M      Copy        2s  21%    policy_loss      -0.023  │
│  SPS             194.9K      Misc    3m 25s   0%    value_loss        0.020  │
│  Epoch               25    Train        10s  72%    entropy           4.406  │
│  Uptime           5m 8s      Forwa…      3s  26%    old_approx_kl     0.001  │
│  Remaini…    2h 49m 55s      Learn       5s  42%    approx_kl         0.001  │
│                              Copy        0s   0%    clipfrac          0.004  │
│                              Misc        0s   3%    importance        1.000  │
│                                                     explained_var…    0.780  │
│                                                                              │
│  User Stats                    Value    User Stats                    Value  │
│  n                          1165.750    score                         0.272  │
│  offroad_rate                  0.369    collision_rate                0.179  │
│  episode_length               78.240    episode_return               -0.145  │
│  dnf_rate                      0.180    completion_rate               0.272  │
│  lane_alignment_rate           0.376    lane_aligned_steps           22.599  │
│  lane_distance_count          37.926    speed_limit_rate              0.250  │
│  lane_distance_avg             1.081    velocity_reward_total         0.000  │
│  comfort_violations           83.878    offroad_per_agent             0.369  │
│  collisions_per_agent          0.179    goals_sampled_this_ep…        1.000  │
│  goals_reached_this_ep…        0.272    speed_at_goal                 1.699  │
╰──────────────────────────────────────────────────────────────────────────────╯

[0;0H╭──────────────────────────────────────────────────────────────────────────────╮
│  PufferLib 3.0     🐡         CPU: 5.4%    GPU:     DRAM: 0.4%        VRAM:  │
│                                            83.9%                      21.3%  │
│                                                                              │
│  Summary          Value    Evaluate  3m 29s  27%    Losses            Value  │
│  Env       puffer_drive      Forwa…      1s   4%    behavior_pred…    0.011  │
│  Params          747.3K      Env         0s   1%    behavior_pred…    0.216  │
│  Steps            13.6M      Copy        3s  21%    policy_loss      -0.023  │
│  SPS             194.7K      Misc    3m 25s   0%    value_loss        0.018  │
│  Epoch               26    Train        12s  72%    entropy           4.397  │
│  Uptime          5m 10s      Forwa…      4s  26%    old_approx_kl     0.001  │
│  Remaini…     2h 50m 1s      Learn       6s  42%    approx_kl         0.002  │
│                              Copy        0s   0%    clipfrac          0.005  │
│                              Misc        0s   3%    importance        1.000  │
│                                                     explained_var…    0.804  │
│                                                                              │
│  User Stats                    Value    User Stats                    Value  │
│  n                          1141.000    score                         0.342  │
│  offroad_rate                  0.319    collision_rate                0.173  │
│  episode_length               79.335    episode_return               -0.047  │
│  dnf_rate                      0.165    completion_rate               0.342  │
│  lane_alignment_rate           0.408    lane_aligned_steps           23.263  │
│  lane_distance_count          38.478    speed_limit_rate              0.227  │
│  lane_distance_avg             1.057    velocity_reward_total         0.000  │
│  comfort_violations           87.088    offroad_per_agent             0.319  │
│  collisions_per_agent          0.173    goals_sampled_this_ep…        1.000  │
│  goals_reached_this_ep…        0.342    speed_at_goal                 2.247  │
╰──────────────────────────────────────────────────────────────────────────────╯

[0;0H╭──────────────────────────────────────────────────────────────────────────────╮
│  PufferLib 3.0    🐡          CPU: 5.6%    GPU:     DRAM: 0.4%        VRAM:  │
│                                            83.8%                      21.3%  │
│                                                                              │
│  Summary          Value    Evaluate  3m 29s  27%    Losses            Value  │
│  Env       puffer_drive      Forwa…      1s   4%    behavior_pred…    0.009  │
│  Params          747.3K      Env         0s   1%    behavior_pred…    0.239  │
│  Steps            14.2M      Copy        3s  21%    policy_loss      -0.023  │
│  SPS             192.7K      Misc    3m 25s   0%    value_loss        0.024  │
│  Epoch               27    Train        12s  72%    entropy           4.380  │
│  Uptime          5m 13s      Forwa…      4s  26%    old_approx_kl     0.001  │
│  Remaini…    2h 51m 43s      Learn       6s  42%    approx_kl         0.002  │
│                              Copy        0s   0%    clipfrac          0.004  │
│                              Misc        0s   3%    importance        1.000  │
│                                                     explained_var…    0.767  │
│                                                                              │
│  User Stats                    Value    User Stats                    Value  │
│  n                          1141.000    score                         0.342  │
│  offroad_rate                  0.319    collision_rate                0.173  │
│  episode_length               79.335    episode_return               -0.047  │
│  dnf_rate                      0.165    completion_rate               0.342  │
│  lane_alignment_rate           0.408    lane_aligned_steps           23.263  │
│  lane_distance_count          38.478    speed_limit_rate              0.227  │
│  lane_distance_avg             1.057    velocity_reward_total         0.000  │
│  comfort_violations           87.088    offroad_per_agent             0.319  │
│  collisions_per_agent          0.173    goals_sampled_this_ep…        1.000  │
│  goals_reached_this_ep…        0.342    speed_at_goal                 2.247  │
╰──────────────────────────────────────────────────────────────────────────────╯

[0;0H╭──────────────────────────────────────────────────────────────────────────────╮
│  PufferLib 3.0   🐡           CPU: 5.5%    GPU:     DRAM: 0.4%        VRAM:  │
│                                            83.6%                      21.3%  │
│                                                                              │
│  Summary          Value    Evaluate  3m 29s  27%    Losses            Value  │
│  Env       puffer_drive      Forwa…      1s   4%    behavior_pred…    0.010  │
│  Params          747.3K      Env         0s   1%    behavior_pred…    0.196  │
│  Steps            14.7M      Copy        3s  21%    policy_loss      -0.028  │
│  SPS             194.6K      Misc    3m 25s   0%    value_loss        0.022  │
│  Epoch               28    Train        12s  72%    entropy           4.364  │
│  Uptime          5m 16s      Forwa…      4s  26%    old_approx_kl     0.001  │
│  Remaini…    2h 49m 59s      Learn       6s  42%    approx_kl         0.002  │
│                              Copy        0s   0%    clipfrac          0.006  │
│                              Misc        0s   3%    importance        1.000  │
│                                                     explained_var…    0.788  │
│                                                                              │
│  User Stats                    Value    User Stats                    Value  │
│  n                          1141.000    score                         0.342  │
│  offroad_rate                  0.319    collision_rate                0.173  │
│  episode_length               79.335    episode_return               -0.047  │
│  dnf_rate                      0.165    completion_rate               0.342  │
│  lane_alignment_rate           0.408    lane_aligned_steps           23.263  │
│  lane_distance_count          38.478    speed_limit_rate              0.227  │
│  lane_distance_avg             1.057    velocity_reward_total         0.000  │
│  comfort_violations           87.088    offroad_per_agent             0.319  │
│  collisions_per_agent          0.173    goals_sampled_this_ep…        1.000  │
│  goals_reached_this_ep…        0.342    speed_at_goal                 2.247  │
╰──────────────────────────────────────────────────────────────────────────────╯

[0;0H╭──────────────────────────────────────────────────────────────────────────────╮
│  PufferLib 3.0  🐡            CPU: 5.8%    GPU:     DRAM: 0.5%        VRAM:  │
│                                            74.9%                      21.3%  │
│                                                                              │
│  Summary          Value    Evaluate  3m 29s  27%    Losses            Value  │
│  Env       puffer_drive      Forwa…      1s   4%    behavior_pred…    0.012  │
│  Params          747.3K      Env         0s   1%    behavior_pred…    0.257  │
│  Steps            15.2M      Copy        3s  21%    policy_loss      -0.018  │
│  SPS             111.0K      Misc    3m 25s   0%    value_loss        0.017  │
│  Epoch               29    Train        12s  72%    entropy           4.355  │
│  Uptime          5m 21s      Forwa…      4s  26%    old_approx_kl     0.001  │
│  Remaini…     4h 58m 8s      Learn       6s  42%    approx_kl         0.001  │
│                              Copy        0s   0%    clipfrac          0.005  │
│                              Misc        0s   3%    importance        1.000  │
│                                                     explained_var…    0.819  │
│                                                                              │
│  User Stats                    Value    User Stats                    Value  │
│  n                          1161.750    score                         0.409  │
│  offroad_rate                  0.281    collision_rate                0.167  │
│  episode_length               78.218    episode_return                0.041  │
│  dnf_rate                      0.143    completion_rate               0.409  │
│  lane_alignment_rate           0.433    lane_aligned_steps           23.036  │
│  lane_distance_count          37.866    speed_limit_rate              0.225  │
│  lane_distance_avg             1.038    velocity_reward_total         0.000  │
│  comfort_violations           87.616    offroad_per_agent             0.281  │
│  collisions_per_agent          0.167    goals_sampled_this_ep…        1.000  │
│  goals_reached_this_ep…        0.409    speed_at_goal                 2.970  │
╰──────────────────────────────────────────────────────────────────────────────╯

[0;0H╭──────────────────────────────────────────────────────────────────────────────╮
│  PufferLib 3.0 🐡             CPU: 6.1%    GPU:     DRAM: 0.5%        VRAM:  │
│                                            74.8%                      21.3%  │
│                                                                              │
│  Summary          Value    Evaluate  3m 29s  27%    Losses            Value  │
│  Env       puffer_drive      Forwa…      1s   4%    behavior_pred…    0.010  │
│  Params          747.3K      Env         0s   1%    behavior_pred…    0.248  │
│  Steps            15.7M      Copy        3s  21%    policy_loss      -0.024  │
│  SPS             193.2K      Misc    3m 25s   0%    value_loss        0.028  │
│  Epoch               30    Train        12s  72%    entropy           4.337  │
│  Uptime          5m 23s      Forwa…      4s  26%    old_approx_kl     0.002  │
│  Remaini…    2h 51m 10s      Learn       6s  42%    approx_kl         0.002  │
│                              Copy        0s   0%    clipfrac          0.005  │
│                              Misc        0s   3%    importance        1.000  │
│                                                     explained_var…    0.750  │
│                                                                              │
│  User Stats                    Value    User Stats                    Value  │
│  n                          1161.750    score                         0.409  │
│  offroad_rate                  0.281    collision_rate                0.167  │
│  episode_length               78.218    episode_return                0.041  │
│  dnf_rate                      0.143    completion_rate               0.409  │
│  lane_alignment_rate           0.433    lane_aligned_steps           23.036  │
│  lane_distance_count          37.866    speed_limit_rate              0.225  │
│  lane_distance_avg             1.038    velocity_reward_total         0.000  │
│  comfort_violations           87.616    offroad_per_agent             0.281  │
│  collisions_per_agent          0.167    goals_sampled_this_ep…        1.000  │
│  goals_reached_this_ep…        0.409    speed_at_goal                 2.970  │
╰──────────────────────────────────────────────────────────────────────────────╯

[0;0H╭──────────────────────────────────────────────────────────────────────────────╮
│  PufferLib 3.0          🐡    CPU: 6.0%    GPU:     DRAM: 0.5%        VRAM:  │
│                                            75.5%                      21.3%  │
│                                                                              │
│  Summary          Value    Evaluate  3m 30s  27%    Losses            Value  │
│  Env       puffer_drive      Forwa…      1s   4%    behavior_pred…    0.010  │
│  Params          747.3K      Env         0s   1%    behavior_pred…    0.198  │
│  Steps            16.3M      Copy        4s  21%    policy_loss      -0.035  │
│  SPS             193.1K      Misc    3m 25s   0%    value_loss        0.020  │
│  Epoch               31    Train        14s  72%    entropy           4.323  │
│  Uptime          5m 26s      Forwa…      4s  26%    old_approx_kl     0.002  │
│  Remaini…    2h 51m 11s      Learn       8s  42%    approx_kl         0.002  │
│                              Copy        0s   0%    clipfrac          0.010  │
│                              Misc        0s   3%    importance        1.000  │
│                                                     explained_var…    0.833  │
│                                                                              │
│  User Stats                    Value    User Stats                    Value  │
│  n                          1161.750    score                         0.409  │
│  offroad_rate                  0.281    collision_rate                0.167  │
│  episode_length               78.218    episode_return                0.041  │
│  dnf_rate                      0.143    completion_rate               0.409  │
│  lane_alignment_rate           0.433    lane_aligned_steps           23.036  │
│  lane_distance_count          37.866    speed_limit_rate              0.225  │
│  lane_distance_avg             1.038    velocity_reward_total         0.000  │
│  comfort_violations           87.616    offroad_per_agent             0.281  │
│  collisions_per_agent          0.167    goals_sampled_this_ep…        1.000  │
│  goals_reached_this_ep…        0.409    speed_at_goal                 2.970  │
╰──────────────────────────────────────────────────────────────────────────────╯

[0;0H╭──────────────────────────────────────────────────────────────────────────────╮
│  PufferLib 3.0         🐡     CPU: 5.9%    GPU:     DRAM: 0.5%        VRAM:  │
│                                            75.3%                      21.3%  │
│                                                                              │
│  Summary          Value    Evaluate  3m 30s  27%    Losses            Value  │
│  Env       puffer_drive      Forwa…      1s   4%    behavior_pred…    0.012  │
│  Params          747.3K      Env         0s   1%    behavior_pred…    0.259  │
│  Steps            16.8M      Copy        4s  21%    policy_loss      -0.024  │
│  SPS             192.4K      Misc    3m 25s   0%    value_loss        0.021  │
│  Epoch               32    Train        14s  72%    entropy           4.306  │
│  Uptime          5m 29s      Forwa…      4s  25%    old_approx_kl     0.002  │
│  Remaini…    2h 51m 48s      Learn       8s  42%    approx_kl         0.002  │
│                              Copy        0s   0%    clipfrac          0.007  │
│                              Misc        0s   4%    importance        1.000  │
│                                                     explained_var…    0.818  │
│                                                                              │
│  User Stats                    Value    User Stats                    Value  │
│  n                          1085.938    score                         0.479  │
│  offroad_rate                  0.248    collision_rate                0.162  │
│  episode_length               76.291    episode_return                0.122  │
│  dnf_rate                      0.111    completion_rate               0.479  │
│  lane_alignment_rate           0.463    lane_aligned_steps           23.305  │
│  lane_distance_count          37.226    speed_limit_rate              0.225  │
│  lane_distance_avg             0.982    velocity_reward_total         0.000  │
│  comfort_violations           88.417    offroad_per_agent             0.248  │
│  collisions_per_agent          0.162    goals_sampled_this_ep…        1.000  │
│  goals_reached_this_ep…        0.479    speed_at_goal                 3.855  │
╰──────────────────────────────────────────────────────────────────────────────╯

[0;0H╭──────────────────────────────────────────────────────────────────────────────╮
│  PufferLib 3.0        🐡      CPU: 5.9%    GPU:     DRAM: 0.5%        VRAM:  │
│                                            75.4%                      21.3%  │
│                                                                              │
│  Summary          Value    Evaluate  3m 30s  27%    Losses            Value  │
│  Env       puffer_drive      Forwa…      1s   4%    behavior_pred…    0.010  │
│  Params          747.3K      Env         0s   1%    behavior_pred…    0.225  │
│  Steps            17.3M      Copy        4s  21%    policy_loss      -0.025  │
│  SPS             192.1K      Misc    3m 25s   0%    value_loss        0.025  │
│  Epoch               33    Train        14s  72%    entropy           4.287  │
│  Uptime          5m 31s      Forwa…      4s  25%    old_approx_kl     0.002  │
│  Remaini…     2h 52m 1s      Learn       8s  42%    approx_kl         0.002  │
│                              Copy        0s   0%    clipfrac          0.010  │
│                              Misc        0s   4%    importance        1.000  │
│                                                     explained_var…    0.806  │
│                                                                              │
│  User Stats                    Value    User Stats                    Value  │
│  n                          1085.938    score                         0.479  │
│  offroad_rate                  0.248    collision_rate                0.162  │
│  episode_length               76.291    episode_return                0.122  │
│  dnf_rate                      0.111    completion_rate               0.479  │
│  lane_alignment_rate           0.463    lane_aligned_steps           23.305  │
│  lane_distance_count          37.226    speed_limit_rate              0.225  │
│  lane_distance_avg             0.982    velocity_reward_total         0.000  │
│  comfort_violations           88.417    offroad_per_agent             0.248  │
│  collisions_per_agent          0.162    goals_sampled_this_ep…        1.000  │
│  goals_reached_this_ep…        0.479    speed_at_goal                 3.855  │
╰──────────────────────────────────────────────────────────────────────────────╯

[0;0H╭──────────────────────────────────────────────────────────────────────────────╮
│  PufferLib 3.0       🐡       CPU: 6.2%    GPU:     DRAM: 0.5%        VRAM:  │
│                                            75.3%                      21.3%  │
│                                                                              │
│  Summary          Value    Evaluate  3m 30s  27%    Losses            Value  │
│  Env       puffer_drive      Forwa…      1s   4%    behavior_pred…    0.011  │
│  Params          747.3K      Env         0s   1%    behavior_pred…    0.223  │
│  Steps            17.8M      Copy        4s  21%    policy_loss      -0.031  │
│  SPS             193.1K      Misc    3m 25s   0%    value_loss        0.021  │
│  Epoch               34    Train        14s  72%    entropy           4.265  │
│  Uptime          5m 34s      Forwa…      4s  25%    old_approx_kl     0.002  │
│  Remaini…     2h 51m 6s      Learn       8s  42%    approx_kl         0.002  │
│                              Copy        0s   0%    clipfrac          0.008  │
│                              Misc        0s   4%    importance        1.000  │
│                                                     explained_var…    0.838  │
│                                                                              │
│  User Stats                    Value    User Stats                    Value  │
│  n                          1085.938    score                         0.479  │
│  offroad_rate                  0.248    collision_rate                0.162  │
│  episode_length               76.291    episode_return                0.122  │
│  dnf_rate                      0.111    completion_rate               0.479  │
│  lane_alignment_rate           0.463    lane_aligned_steps           23.305  │
│  lane_distance_count          37.226    speed_limit_rate              0.225  │
│  lane_distance_avg             0.982    velocity_reward_total         0.000  │
│  comfort_violations           88.417    offroad_per_agent             0.248  │
│  collisions_per_agent          0.162    goals_sampled_this_ep…        1.000  │
│  goals_reached_this_ep…        0.479    speed_at_goal                 3.855  │
╰──────────────────────────────────────────────────────────────────────────────╯

[0;0H╭──────────────────────────────────────────────────────────────────────────────╮
│  PufferLib 3.0      🐡        CPU: 6.1%    GPU:     DRAM: 0.5%        VRAM:  │
│                                            76.8%                      21.3%  │
│                                                                              │
│  Summary          Value    Evaluate  3m 30s  27%    Losses            Value  │
│  Env       puffer_drive      Forwa…      1s   4%    behavior_pred…    0.012  │
│  Params          747.3K      Env         0s   1%    behavior_pred…    0.269  │
│  Steps            18.4M      Copy        4s  21%    policy_loss      -0.024  │
│  SPS             193.0K      Misc    3m 25s   0%    value_loss        0.023  │
│  Epoch               35    Train        14s  72%    entropy           4.254  │
│  Uptime          5m 37s      Forwa…      4s  25%    old_approx_kl     0.002  │
│  Remaini…     2h 51m 7s      Learn       8s  42%    approx_kl         0.002  │
│                              Copy        0s   0%    clipfrac          0.012  │
│                              Misc        0s   4%    importance        1.000  │
│                                                     explained_var…    0.809  │
│                                                                              │
│  User Stats                    Value    User Stats                    Value  │
│  n                          1188.938    score                         0.540  │
│  offroad_rate                  0.225    collision_rate                0.149  │
│  episode_length               73.032    episode_return                0.207  │
│  dnf_rate                      0.086    completion_rate               0.540  │
│  lane_alignment_rate           0.485    lane_aligned_steps           23.349  │
│  lane_distance_count          36.024    speed_limit_rate              0.215  │
│  lane_distance_avg             0.965    velocity_reward_total         0.000  │
│  comfort_violations           86.737    offroad_per_agent             0.225  │
│  collisions_per_agent          0.149    goals_sampled_this_ep…        1.000  │
│  goals_reached_this_ep…        0.540    speed_at_goal                 4.627  │
╰──────────────────────────────────────────────────────────────────────────────╯

[0;0H╭──────────────────────────────────────────────────────────────────────────────╮
│  PufferLib 3.0     🐡         CPU: 5.5%    GPU:     DRAM: 0.5%        VRAM:  │
│                                            83.6%                      21.3%  │
│                                                                              │
│  Summary          Value    Evaluate  3m 31s  27%    Losses            Value  │
│  Env       puffer_drive      Forwa…      1s   4%    behavior_pred…    0.011  │
│  Params          747.3K      Env         0s   1%    behavior_pred…    0.226  │
│  Steps            18.9M      Copy        4s  21%    policy_loss      -0.028  │
│  SPS             194.4K      Misc    3m 25s   0%    value_loss        0.025  │
│  Epoch               36    Train        16s  72%    entropy           4.237  │
│  Uptime          5m 40s      Forwa…      5s  25%    old_approx_kl     0.002  │
│  Remaini…    2h 49m 50s      Learn       9s  42%    approx_kl         0.002  │
│                              Copy        0s   0%    clipfrac          0.007  │
│                              Misc        0s   4%    importance        1.000  │
│                                                     explained_var…    0.804  │
│                                                                              │
│  User Stats                    Value    User Stats                    Value  │
│  n                          1188.938    score                         0.540  │
│  offroad_rate                  0.225    collision_rate                0.149  │
│  episode_length               73.032    episode_return                0.207  │
│  dnf_rate                      0.086    completion_rate               0.540  │
│  lane_alignment_rate           0.485    lane_aligned_steps           23.349  │
│  lane_distance_count          36.024    speed_limit_rate              0.215  │
│  lane_distance_avg             0.965    velocity_reward_total         0.000  │
│  comfort_violations           86.737    offroad_per_agent             0.225  │
│  collisions_per_agent          0.149    goals_sampled_this_ep…        1.000  │
│  goals_reached_this_ep…        0.540    speed_at_goal                 4.627  │
╰──────────────────────────────────────────────────────────────────────────────╯

[0;0H╭──────────────────────────────────────────────────────────────────────────────╮
│  PufferLib 3.0    🐡          CPU: 5.7%    GPU:     DRAM: 0.5%        VRAM:  │
│                                            83.8%                      21.3%  │
│                                                                              │
│  Summary          Value    Evaluate  3m 31s  27%    Losses            Value  │
│  Env       puffer_drive      Forwa…      1s   4%    behavior_pred…    0.012  │
│  Params          747.3K      Env         0s   1%    behavior_pred…    0.244  │
│  Steps            19.4M      Copy        4s  21%    policy_loss      -0.026  │
│  SPS             192.6K      Misc    3m 25s   0%    value_loss        0.022  │
│  Epoch               37    Train        16s  72%    entropy           4.217  │
│  Uptime          5m 42s      Forwa…      5s  26%    old_approx_kl     0.002  │
│  Remaini…    2h 51m 20s      Learn       9s  42%    approx_kl         0.002  │
│                              Copy        0s   0%    clipfrac          0.007  │
│                              Misc        0s   3%    importance        1.000  │
│                                                     explained_var…    0.836  │
│                                                                              │
│  User Stats                    Value    User Stats                    Value  │
│  n                          1043.500    score                         0.621  │
│  offroad_rate                  0.216    collision_rate                0.137  │
│  episode_length               61.052    episode_return                0.313  │
│  dnf_rate                      0.026    completion_rate               0.621  │
│  lane_alignment_rate           0.467    lane_aligned_steps           19.335  │
│  lane_distance_count          31.453    speed_limit_rate              0.175  │
│  lane_distance_avg             1.006    velocity_reward_total         0.000  │
│  comfort_violations           76.107    offroad_per_agent             0.216  │
│  collisions_per_agent          0.137    goals_sampled_this_ep…        1.000  │
│  goals_reached_this_ep…        0.621    speed_at_goal                 5.350  │
╰──────────────────────────────────────────────────────────────────────────────╯

[0;0H╭──────────────────────────────────────────────────────────────────────────────╮
│  PufferLib 3.0   🐡           CPU: 5.8%    GPU:     DRAM: 0.5%        VRAM:  │
│                                            83.8%                      21.3%  │
│                                                                              │
│  Summary          Value    Evaluate  3m 31s  27%    Losses            Value  │
│  Env       puffer_drive      Forwa…      1s   4%    behavior_pred…    0.012  │
│  Params          747.3K      Env         0s   1%    behavior_pred…    0.262  │
│  Steps            19.9M      Copy        4s  21%    policy_loss      -0.023  │
│  SPS             192.1K      Misc    3m 25s   0%    value_loss        0.026  │
│  Epoch               38    Train        16s  72%    entropy           4.196  │
│  Uptime          5m 45s      Forwa…      5s  26%    old_approx_kl     0.002  │
│  Remaini…    2h 51m 48s      Learn       9s  42%    approx_kl         0.002  │
│                              Copy        0s   0%    clipfrac          0.011  │
│                              Misc        0s   3%    importance        1.000  │
│                                                     explained_var…    0.801  │
│                                                                              │
│  User Stats                    Value    User Stats                    Value  │
│  n                          1253.929    score                         0.602  │
│  offroad_rate                  0.199    collision_rate                0.140  │
│  episode_length               70.085    episode_return                0.288  │
│  dnf_rate                      0.058    completion_rate               0.602  │
│  lane_alignment_rate           0.500    lane_aligned_steps           22.389  │
│  lane_distance_count          34.827    speed_limit_rate              0.217  │
│  lane_distance_avg             0.972    velocity_reward_total         0.000  │
│  comfort_violations           85.237    offroad_per_agent             0.199  │
│  collisions_per_agent          0.140    goals_sampled_this_ep…        1.000  │
│  goals_reached_this_ep…        0.602    speed_at_goal                 5.703  │
╰──────────────────────────────────────────────────────────────────────────────╯

[0;0H╭──────────────────────────────────────────────────────────────────────────────╮
│  PufferLib 3.0  🐡            CPU: 5.6%    GPU:     DRAM: 0.5%        VRAM:  │
│                                            83.5%                      21.3%  │
│                                                                              │
│  Summary          Value    Evaluate  3m 31s  27%    Losses            Value  │
│  Env       puffer_drive      Forwa…      1s   4%    behavior_pred…    0.011  │
│  Params          747.3K      Env         0s   1%    behavior_pred…    0.235  │
│  Steps            20.4M      Copy        4s  21%    policy_loss      -0.021  │
│  SPS             192.4K      Misc    3m 25s   0%    value_loss        0.025  │
│  Epoch               39    Train        16s  72%    entropy           4.184  │
│  Uptime          5m 48s      Forwa…      5s  26%    old_approx_kl     0.002  │
│  Remaini…    2h 51m 29s      Learn       9s  42%    approx_kl         0.002  │
│                              Copy        0s   0%    clipfrac          0.010  │
│                              Misc        0s   3%    importance        1.000  │
│                                                     explained_var…    0.814  │
│                                                                              │
│  User Stats                    Value    User Stats                    Value  │
│  n                          1253.929    score                         0.602  │
│  offroad_rate                  0.199    collision_rate                0.140  │
│  episode_length               70.085    episode_return                0.288  │
│  dnf_rate                      0.058    completion_rate               0.602  │
│  lane_alignment_rate           0.500    lane_aligned_steps           22.389  │
│  lane_distance_count          34.827    speed_limit_rate              0.217  │
│  lane_distance_avg             0.972    velocity_reward_total         0.000  │
│  comfort_violations           85.237    offroad_per_agent             0.199  │
│  collisions_per_agent          0.140    goals_sampled_this_ep…        1.000  │
│  goals_reached_this_ep…        0.602    speed_at_goal                 5.703  │
╰──────────────────────────────────────────────────────────────────────────────╯

[0;0H╭──────────────────────────────────────────────────────────────────────────────╮
│  PufferLib 3.0 🐡             CPU: 5.7%    GPU:     DRAM: 0.5%        VRAM:  │
│                                            83.5%                      21.3%  │
│                                                                              │
│  Summary          Value    Evaluate  3m 31s  27%    Losses            Value  │
│  Env       puffer_drive      Forwa…      1s   4%    behavior_pred…    0.012  │
│  Params          747.3K      Env         0s   1%    behavior_pred…    0.236  │
│  Steps            21.0M      Copy        4s  21%    policy_loss      -0.023  │
│  SPS             192.6K      Misc    3m 25s   0%    value_loss        0.022  │
│  Epoch               40    Train        16s  72%    entropy           4.185  │
│  Uptime          5m 51s      Forwa…      5s  26%    old_approx_kl     0.002  │
│  Remaini…    2h 51m 15s      Learn       9s  42%    approx_kl         0.002  │
│                              Copy        0s   0%    clipfrac          0.010  │
│                              Misc        0s   3%    importance        1.000  │
│                                                     explained_var…    0.840  │
│                                                                              │
│  User Stats                    Value    User Stats                    Value  │
│  n                          1085.312    score                         0.646  │
│  offroad_rate                  0.185    collision_rate                0.135  │
│  episode_length               65.082    episode_return                0.353  │
│  dnf_rate                      0.034    completion_rate               0.646  │
│  lane_alignment_rate           0.520    lane_aligned_steps           21.593  │
│  lane_distance_count          33.044    speed_limit_rate              0.195  │
│  lane_distance_avg             0.971    velocity_reward_total         0.000  │
│  comfort_violations           81.036    offroad_per_agent             0.185  │
│  collisions_per_agent          0.135    goals_sampled_this_ep…        1.000  │
│  goals_reached_this_ep…        0.646    speed_at_goal                 6.141  │
╰──────────────────────────────────────────────────────────────────────────────╯

[0;0H╭──────────────────────────────────────────────────────────────────────────────╮
│  PufferLib 3.0          🐡    CPU: 5.7%    GPU:     DRAM: 0.5%        VRAM:  │
│                                            83.5%                      21.3%  │
│                                                                              │
│  Summary          Value    Evaluate  3m 32s  27%    Losses            Value  │
│  Env       puffer_drive      Forwa…      1s   4%    behavior_pred…    0.012  │
│  Params          747.3K      Env         0s   1%    behavior_pred…    0.255  │
│  Steps            21.5M      Copy        5s  21%    policy_loss      -0.020  │
│  SPS             192.6K      Misc    3m 25s   0%    value_loss        0.025  │
│  Epoch               41    Train        18s  72%    entropy           4.171  │
│  Uptime          5m 53s      Forwa…      6s  26%    old_approx_kl     0.003  │
│  Remaini…    2h 51m 14s      Learn      10s  42%    approx_kl         0.003  │
│                              Copy        0s   0%    clipfrac          0.014  │
│                              Misc        1s   3%    importance        1.000  │
│                                                     explained_var…    0.803  │
│                                                                              │
│  User Stats                    Value    User Stats                    Value  │
│  n                          1085.312    score                         0.646  │
│  offroad_rate                  0.185    collision_rate                0.135  │
│  episode_length               65.082    episode_return                0.353  │
│  dnf_rate                      0.034    completion_rate               0.646  │
│  lane_alignment_rate           0.520    lane_aligned_steps           21.593  │
│  lane_distance_count          33.044    speed_limit_rate              0.195  │
│  lane_distance_avg             0.971    velocity_reward_total         0.000  │
│  comfort_violations           81.036    offroad_per_agent             0.185  │
│  collisions_per_agent          0.135    goals_sampled_this_ep…        1.000  │
│  goals_reached_this_ep…        0.646    speed_at_goal                 6.141  │
╰──────────────────────────────────────────────────────────────────────────────╯

[0;0H╭──────────────────────────────────────────────────────────────────────────────╮
│  PufferLib 3.0         🐡     CPU: 5.6%    GPU:     DRAM: 0.5%        VRAM:  │
│                                            83.5%                      21.3%  │
│                                                                              │
│  Summary          Value    Evaluate  3m 32s  27%    Losses            Value  │
│  Env       puffer_drive      Forwa…      1s   4%    behavior_pred…    0.011  │
│  Params          747.3K      Env         0s   1%    behavior_pred…    0.229  │
│  Steps            22.0M      Copy        5s  21%    policy_loss      -0.022  │
│  SPS             192.6K      Misc    3m 25s   0%    value_loss        0.022  │
│  Epoch               42    Train        18s  72%    entropy           4.166  │
│  Uptime          5m 56s      Forwa…      6s  26%    old_approx_kl     0.002  │
│  Remaini…     2h 51m 9s      Learn      10s  42%    approx_kl         0.002  │
│                              Copy        0s   0%    clipfrac          0.012  │
│                              Misc        1s   4%    importance        1.000  │
│                                                     explained_var…    0.829  │
│                                                                              │
│  User Stats                    Value    User Stats                    Value  │
│  n                          1035.556    score                         0.645  │
│  offroad_rate                  0.172    collision_rate                0.133  │
│  episode_length               66.924    episode_return                0.345  │
│  dnf_rate                      0.049    completion_rate               0.645  │
│  lane_alignment_rate           0.518    lane_aligned_steps           21.907  │
│  lane_distance_count          34.286    speed_limit_rate              0.238  │
│  lane_distance_avg             0.953    velocity_reward_total         0.000  │
│  comfort_violations           84.988    offroad_per_agent             0.172  │
│  collisions_per_agent          0.133    goals_sampled_this_ep…        1.000  │
│  goals_reached_this_ep…        0.645    speed_at_goal                 6.550  │
╰──────────────────────────────────────────────────────────────────────────────╯

[0;0H╭──────────────────────────────────────────────────────────────────────────────╮
│  PufferLib 3.0        🐡      CPU: 5.8%    GPU:     DRAM: 0.5%        VRAM:  │
│                                            83.3%                      21.3%  │
│                                                                              │
│  Summary          Value    Evaluate  3m 32s  27%    Losses            Value  │
│  Env       puffer_drive      Forwa…      1s   4%    behavior_pred…    0.012  │
│  Params          747.3K      Env         0s   1%    behavior_pred…    0.243  │
│  Steps            22.5M      Copy        5s  21%    policy_loss      -0.026  │
│  SPS             192.6K      Misc    3m 25s   0%    value_loss        0.021  │
│  Epoch               43    Train        18s  72%    entropy           4.159  │
│  Uptime          5m 59s      Forwa…      6s  26%    old_approx_kl     0.002  │
│  Remaini…     2h 51m 8s      Learn      10s  42%    approx_kl         0.002  │
│                              Copy        0s   0%    clipfrac          0.010  │
│                              Misc        1s   4%    importance        1.000  │
│                                                     explained_var…    0.849  │
│                                                                              │
│  User Stats                    Value    User Stats                    Value  │
│  n                          1037.714    score                         0.648  │
│  offroad_rate                  0.170    collision_rate                0.138  │
│  episode_length               67.670    episode_return                0.345  │
│  dnf_rate                      0.043    completion_rate               0.648  │
│  lane_alignment_rate           0.542    lane_aligned_steps           22.275  │
│  lane_distance_count          33.941    speed_limit_rate              0.236  │
│  lane_distance_avg             0.974    velocity_reward_total         0.000  │
│  comfort_violations           84.222    offroad_per_agent             0.170  │
│  collisions_per_agent          0.138    goals_sampled_this_ep…        1.000  │
│  goals_reached_this_ep…        0.648    speed_at_goal                 6.717  │
╰──────────────────────────────────────────────────────────────────────────────╯

[0;0H╭──────────────────────────────────────────────────────────────────────────────╮
│  PufferLib 3.0       🐡       CPU: 5.7%    GPU:     DRAM: 0.5%        VRAM:  │
│                                            83.5%                      21.3%  │
│                                                                              │
│  Summary          Value    Evaluate  3m 32s  27%    Losses            Value  │
│  Env       puffer_drive      Forwa…      1s   4%    behavior_pred…    0.012  │
│  Params          747.3K      Env         0s   1%    behavior_pred…    0.245  │
│  Steps            23.1M      Copy        5s  21%    policy_loss      -0.022  │
│  SPS             194.9K      Misc    3m 25s   0%    value_loss        0.023  │
│  Epoch               44    Train        18s  72%    entropy           4.142  │
│  Uptime           6m 1s      Forwa…      6s  26%    old_approx_kl     0.002  │
│  Remaini…     2h 49m 3s      Learn      10s  42%    approx_kl         0.002  │
│                              Copy        0s   0%    clipfrac          0.012  │
│                              Misc        1s   4%    importance        1.000  │
│                                                     explained_var…    0.825  │
│                                                                              │
│  User Stats                    Value    User Stats                    Value  │
│  n                          1038.800    score                         0.660  │
│  offroad_rate                  0.155    collision_rate                0.136  │
│  episode_length               67.120    episode_return                0.366  │
│  dnf_rate                      0.048    completion_rate               0.660  │
│  lane_alignment_rate           0.547    lane_aligned_steps           23.088  │
│  lane_distance_count          34.903    speed_limit_rate              0.236  │
│  lane_distance_avg             0.907    velocity_reward_total         0.000  │
│  comfort_violations           86.827    offroad_per_agent             0.155  │
│  collisions_per_agent          0.136    goals_sampled_this_ep…        1.000  │
│  goals_reached_this_ep…        0.660    speed_at_goal                 6.858  │
╰──────────────────────────────────────────────────────────────────────────────╯

[0;0H╭──────────────────────────────────────────────────────────────────────────────╮
│  PufferLib 3.0      🐡        CPU: 5.8%    GPU:     DRAM: 0.5%        VRAM:  │
│                                            83.4%                      21.3%  │
│                                                                              │
│  Summary          Value    Evaluate  3m 32s  27%    Losses            Value  │
│  Env       puffer_drive      Forwa…      1s   4%    behavior_pred…    0.012  │
│  Params          747.3K      Env         0s   1%    behavior_pred…    0.229  │
│  Steps            23.6M      Copy        5s  21%    policy_loss      -0.019  │
│  SPS             195.2K      Misc    3m 25s   0%    value_loss        0.023  │
│  Epoch               45    Train        18s  72%    entropy           4.127  │
│  Uptime           6m 4s      Forwa…      6s  26%    old_approx_kl     0.003  │
│  Remaini…    2h 48m 45s      Learn      10s  42%    approx_kl         0.003  │
│                              Copy        0s   0%    clipfrac          0.017  │
│                              Misc        1s   4%    importance        1.000  │
│                                                     explained_var…    0.837  │
│                                                                              │
│  User Stats                    Value    User Stats                    Value  │
│  n                          1038.364    score                         0.651  │
│  offroad_rate                  0.157    collision_rate                0.143  │
│  episode_length               69.630    episode_return                0.334  │
│  dnf_rate                      0.050    completion_rate               0.651  │
│  lane_alignment_rate           0.542    lane_aligned_steps           23.121  │
│  lane_distance_count          34.918    speed_limit_rate              0.265  │
│  lane_distance_avg             0.965    velocity_reward_total         0.000  │
│  comfort_violations           87.058    offroad_per_agent             0.157  │
│  collisions_per_agent          0.143    goals_sampled_this_ep…        1.000  │
│  goals_reached_this_ep…        0.651    speed_at_goal                 7.084  │
╰──────────────────────────────────────────────────────────────────────────────╯

[0;0H╭──────────────────────────────────────────────────────────────────────────────╮
│  PufferLib 3.0     🐡         CPU: 5.7%    GPU:     DRAM: 0.5%        VRAM:  │
│                                            83.2%                      21.3%  │
│                                                                              │
│  Summary          Value    Evaluate  3m 32s  27%    Losses            Value  │
│  Env       puffer_drive      Forwa…      1s   4%    behavior_pred…    0.012  │
│  Params          747.3K      Env         0s   1%    behavior_pred…    0.254  │
│  Steps            24.1M      Copy        5s  21%    policy_loss      -0.022  │
│  SPS             194.8K      Misc    3m 25s   0%    value_loss        0.021  │
│  Epoch               46    Train        20s  72%    entropy           4.127  │
│  Uptime           6m 7s      Forwa…      7s  26%    old_approx_kl     0.002  │
│  Remaini…     2h 49m 5s      Learn      11s  42%    approx_kl         0.003  │
│                              Copy        0s   0%    clipfrac          0.013  │
│                              Misc        1s   4%    importance        1.000  │
│                                                     explained_var…    0.854  │
│                                                                              │
│  User Stats                    Value    User Stats                    Value  │
│  n                          1039.167    score                         0.680  │
│  offroad_rate                  0.153    collision_rate                0.130  │
│  episode_length               65.958    episode_return                0.395  │
│  dnf_rate                      0.037    completion_rate               0.680  │
│  lane_alignment_rate           0.543    lane_aligned_steps           23.018  │
│  lane_distance_count          34.299    speed_limit_rate              0.235  │
│  lane_distance_avg             0.885    velocity_reward_total         0.000  │
│  comfort_violations           85.147    offroad_per_agent             0.153  │
│  collisions_per_agent          0.130    goals_sampled_this_ep…        1.000  │
│  goals_reached_this_ep…        0.680    speed_at_goal                 7.303  │
╰──────────────────────────────────────────────────────────────────────────────╯

[0;0H╭──────────────────────────────────────────────────────────────────────────────╮
│  PufferLib 3.0    🐡          CPU: 5.8%    GPU:     DRAM: 0.5%        VRAM:  │
│                                            83.2%                      21.3%  │
│                                                                              │
│  Summary          Value    Evaluate  3m 32s  27%    Losses            Value  │
│  Env       puffer_drive      Forwa…      1s   4%    behavior_pred…    0.011  │
│  Params          747.3K      Env         0s   1%    behavior_pred…    0.237  │
│  Steps            24.6M      Copy        5s  21%    policy_loss      -0.024  │
│  SPS             192.6K      Misc    3m 25s   0%    value_loss        0.021  │
│  Epoch               47    Train        20s  72%    entropy           4.110  │
│  Uptime          6m 10s      Forwa…      7s  26%    old_approx_kl     0.004  │
│  Remaini…    2h 50m 55s      Learn      11s  42%    approx_kl         0.003  │
│                              Copy        0s   0%    clipfrac          0.021  │
│                              Misc        1s   3%    importance        1.000  │
│                                                     explained_var…    0.848  │
│                                                                              │
│  User Stats                    Value    User Stats                    Value  │
│  n                          1039.600    score                         0.682  │
│  offroad_rate                  0.139    collision_rate                0.142  │
│  episode_length               69.200    episode_return                0.374  │
│  dnf_rate                      0.037    completion_rate               0.682  │
│  lane_alignment_rate           0.555    lane_aligned_steps           23.524  │
│  lane_distance_count          34.987    speed_limit_rate              0.280  │
│  lane_distance_avg             0.932    velocity_reward_total         0.000  │
│  comfort_violations           87.564    offroad_per_agent             0.139  │
│  collisions_per_agent          0.142    goals_sampled_this_ep…        1.000  │
│  goals_reached_this_ep…        0.682    speed_at_goal                 7.745  │
╰──────────────────────────────────────────────────────────────────────────────╯

[0;0H╭──────────────────────────────────────────────────────────────────────────────╮
│  PufferLib 3.0   🐡           CPU: 6.0%    GPU:     DRAM: 0.5%        VRAM:  │
│                                            83.2%                      21.3%  │
│                                                                              │
│  Summary          Value    Evaluate  3m 32s  27%    Losses            Value  │
│  Env       puffer_drive      Forwa…      1s   4%    behavior_pred…    0.012  │
│  Params          747.3K      Env         0s   1%    behavior_pred…    0.240  │
│  Steps            25.2M      Copy        5s  21%    policy_loss      -0.018  │
│  SPS             192.4K      Misc    3m 25s   0%    value_loss        0.021  │
│  Epoch               48    Train        20s  72%    entropy           4.101  │
│  Uptime          6m 12s      Forwa…      7s  26%    old_approx_kl     0.004  │
│  Remaini…     2h 51m 4s      Learn      11s  42%    approx_kl         0.004  │
│                              Copy        0s   0%    clipfrac          0.032  │
│                              Misc        1s   3%    importance        0.999  │
│                                                     explained_var…    0.860  │
│                                                                              │
│  User Stats                    Value    User Stats                    Value  │
│  n                          1045.750    score                         0.710  │
│  offroad_rate                  0.142    collision_rate                0.121  │
│  episode_length               63.118    episode_return                0.445  │
│  dnf_rate                      0.027    completion_rate               0.710  │
│  lane_alignment_rate           0.560    lane_aligned_steps           22.392  │
│  lane_distance_count          33.470    speed_limit_rate              0.236  │
│  lane_distance_avg             0.895    velocity_reward_total         0.000  │
│  comfort_violations           83.057    offroad_per_agent             0.142  │
│  collisions_per_agent          0.121    goals_sampled_this_ep…        1.000  │
│  goals_reached_this_ep…        0.710    speed_at_goal                 7.589  │
╰──────────────────────────────────────────────────────────────────────────────╯

[0;0H╭──────────────────────────────────────────────────────────────────────────────╮
│  PufferLib 3.0  🐡            CPU: 5.9%    GPU:     DRAM: 0.5%        VRAM:  │
│                                            83.7%                      21.3%  │
│                                                                              │
│  Summary          Value    Evaluate  3m 32s  27%    Losses            Value  │
│  Env       puffer_drive      Forwa…      1s   4%    behavior_pred…    0.012  │
│  Params          747.3K      Env         0s   1%    behavior_pred…    0.251  │
│  Steps            25.7M      Copy        5s  21%    policy_loss      -0.018  │
│  SPS             191.7K      Misc    3m 25s   0%    value_loss        0.020  │
│  Epoch               49    Train        20s  72%    entropy           4.097  │
│  Uptime          6m 15s      Forwa…      7s  26%    old_approx_kl     0.004  │
│  Remaini…    2h 51m 36s      Learn      11s  42%    approx_kl         0.004  │
│                              Copy        0s   0%    clipfrac          0.035  │
│                              Misc        1s   3%    importance        1.000  │
│                                                     explained_var…    0.856  │
│                                                                              │
│  User Stats                    Value    User Stats                    Value  │
│  n                          1032.182    score                         0.709  │
│  offroad_rate                  0.143    collision_rate                0.121  │
│  episode_length               65.842    episode_return                0.442  │
│  dnf_rate                      0.026    completion_rate               0.709  │
│  lane_alignment_rate           0.568    lane_aligned_steps           23.220  │
│  lane_distance_count          34.134    speed_limit_rate              0.262  │
│  lane_distance_avg             0.941    velocity_reward_total         0.000  │
│  comfort_violations           85.143    offroad_per_agent             0.143  │
│  collisions_per_agent          0.121    goals_sampled_this_ep…        1.000  │
│  goals_reached_this_ep…        0.709    speed_at_goal                 7.957  │
╰──────────────────────────────────────────────────────────────────────────────╯

[0;0H╭──────────────────────────────────────────────────────────────────────────────╮
│  PufferLib 3.0 🐡             CPU: 5.5%    GPU:     DRAM: 0.5%        VRAM:  │
│                                            84.1%                      21.3%  │
│                                                                              │
│  Summary          Value    Evaluate  3m 32s  27%    Losses            Value  │
│  Env       puffer_drive      Forwa…      1s   4%    behavior_pred…    0.012  │
│  Params          747.3K      Env         0s   1%    behavior_pred…    0.241  │
│  Steps            26.2M      Copy        5s  21%    policy_loss      -0.019  │
│  SPS             193.0K      Misc    3m 25s   0%    value_loss        0.022  │
│  Epoch               50    Train        20s  72%    entropy           4.082  │
│  Uptime          6m 18s      Forwa…      7s  26%    old_approx_kl     0.003  │
│  Remaini…    2h 50m 25s      Learn      11s  42%    approx_kl         0.003  │
│                              Copy        0s   0%    clipfrac          0.018  │
│                              Misc        1s   3%    importance        1.000  │
│                                                     explained_var…    0.848  │
│                                                                              │
│  User Stats                    Value    User Stats                    Value  │
│  n                          1035.000    score                         0.697  │
│  offroad_rate                  0.149    collision_rate                0.128  │
│  episode_length               65.045    episode_return                0.420  │
│  dnf_rate                      0.026    completion_rate               0.697  │
│  lane_alignment_rate           0.554    lane_aligned_steps           23.083  │
│  lane_distance_count          34.087    speed_limit_rate              0.295  │
│  lane_distance_avg             0.877    velocity_reward_total         0.000  │
│  comfort_violations           85.415    offroad_per_agent             0.149  │
│  collisions_per_agent          0.128    goals_sampled_this_ep…        1.000  │
│  goals_reached_this_ep…        0.697    speed_at_goal                 8.116  │
╰──────────────────────────────────────────────────────────────────────────────╯

[0;0H╭──────────────────────────────────────────────────────────────────────────────╮
│  PufferLib 3.0          🐡    CPU: 5.6%    GPU:     DRAM: 0.5%        VRAM:  │
│                                            84.1%                      21.3%  │
│                                                                              │
│  Summary          Value    Evaluate  3m 33s  27%    Losses            Value  │
│  Env       puffer_drive      Forwa…      1s   4%    behavior_pred…    0.012  │
│  Params          747.3K      Env         0s   1%    behavior_pred…    0.250  │
│  Steps            26.7M      Copy        6s  21%    policy_loss      -0.021  │
│  SPS             192.9K      Misc    3m 25s   0%    value_loss        0.021  │
│  Epoch               51    Train        22s  72%    entropy           4.069  │
│  Uptime          6m 21s      Forwa…      7s  26%    old_approx_kl     0.003  │
│  Remaini…    2h 50m 29s      Learn      12s  42%    approx_kl         0.003  │
│                              Copy        0s   0%    clipfrac          0.016  │
│                              Misc        1s   3%    importance        1.000  │
│                                                     explained_var…    0.864  │
│                                                                              │
│  User Stats                    Value    User Stats                    Value  │
│  n                          1043.444    score                         0.711  │
│  offroad_rate                  0.132    collision_rate                0.127  │
│  episode_length               64.868    episode_return                0.442  │
│  dnf_rate                      0.030    completion_rate               0.711  │
│  lane_alignment_rate           0.581    lane_aligned_steps           23.258  │
│  lane_distance_count          33.893    speed_limit_rate              0.254  │
│  lane_distance_avg             0.934    velocity_reward_total         0.000  │
│  comfort_violations           84.338    offroad_per_agent             0.132  │
│  collisions_per_agent          0.127    goals_sampled_this_ep…        1.000  │
│  goals_reached_this_ep…        0.711    speed_at_goal                 7.877  │
╰──────────────────────────────────────────────────────────────────────────────╯

[0;0H╭──────────────────────────────────────────────────────────────────────────────╮
│  PufferLib 3.0         🐡     CPU: 5.8%    GPU:     DRAM: 0.5%        VRAM:  │
│                                            83.8%                      21.3%  │
│                                                                              │
│  Summary          Value    Evaluate  3m 33s  27%    Losses            Value  │
│  Env       puffer_drive      Forwa…      1s   4%    behavior_pred…    0.012  │
│  Params          747.3K      Env         0s   1%    behavior_pred…    0.256  │
│  Steps            27.3M      Copy        6s  21%    policy_loss      -0.018  │
│  SPS             193.5K      Misc    3m 25s   0%    value_loss        0.022  │
│  Epoch               52    Train        22s  72%    entropy           4.072  │
│  Uptime          6m 23s      Forwa…      7s  25%    old_approx_kl     0.004  │
│  Remaini…    2h 49m 56s      Learn      12s  42%    approx_kl         0.003  │
│                              Copy        0s   0%    clipfrac          0.020  │
│                              Misc        1s   4%    importance        0.999  │
│                                                     explained_var…    0.856  │
│                                                                              │
│  User Stats                    Value    User Stats                    Value  │
│  n                          1037.000    score                         0.706  │
│  offroad_rate                  0.137    collision_rate                0.135  │
│  episode_length               66.063    episode_return                0.400  │
│  dnf_rate                      0.022    completion_rate               0.706  │
│  lane_alignment_rate           0.569    lane_aligned_steps           23.235  │
│  lane_distance_count          34.137    speed_limit_rate              0.312  │
│  lane_distance_avg             0.938    velocity_reward_total         0.000  │
│  comfort_violations           85.749    offroad_per_agent             0.137  │
│  collisions_per_agent          0.135    goals_sampled_this_ep…        1.000  │
│  goals_reached_this_ep…        0.706    speed_at_goal                 8.584  │
╰──────────────────────────────────────────────────────────────────────────────╯

[0;0H╭──────────────────────────────────────────────────────────────────────────────╮
│  PufferLib 3.0        🐡      CPU: 5.6%    GPU:     DRAM: 0.5%        VRAM:  │
│                                            83.6%                      21.3%  │
│                                                                              │
│  Summary          Value    Evaluate  3m 33s  27%    Losses            Value  │
│  Env       puffer_drive      Forwa…      1s   4%    behavior_pred…    0.012  │
│  Params          747.3K      Env         0s   1%    behavior_pred…    0.237  │
│  Steps            27.8M      Copy        6s  21%    policy_loss      -0.016  │
│  SPS             189.0K      Misc    3m 25s   0%    value_loss        0.020  │
│  Epoch               53    Train        22s  72%    entropy           4.077  │
│  Uptime          6m 26s      Forwa…      7s  25%    old_approx_kl     0.005  │
│  Remaini…    2h 53m 56s      Learn      12s  42%    approx_kl         0.004  │
│                              Copy        0s   0%    clipfrac          0.033  │
│                              Misc        1s   4%    importance        0.999  │
│                                                     explained_var…    0.870  │
│                                                                              │
│  User Stats                    Value    User Stats                    Value  │
│  n                          1032.889    score                         0.715  │
│  offroad_rate                  0.128    collision_rate                0.129  │
│  episode_length               65.395    episode_return                0.437  │
│  dnf_rate                      0.029    completion_rate               0.715  │
│  lane_alignment_rate           0.573    lane_aligned_steps           23.197  │
│  lane_distance_count          34.343    speed_limit_rate              0.285  │
│  lane_distance_avg             0.930    velocity_reward_total         0.000  │
│  comfort_violations           85.982    offroad_per_agent             0.128  │
│  collisions_per_agent          0.129    goals_sampled_this_ep…        1.000  │
│  goals_reached_this_ep…        0.715    speed_at_goal                 8.317  │
╰──────────────────────────────────────────────────────────────────────────────╯

[0;0H╭──────────────────────────────────────────────────────────────────────────────╮
│  PufferLib 3.0       🐡       CPU: 5.5%    GPU:     DRAM: 0.5%        VRAM:  │
│                                            83.2%                      21.3%  │
│                                                                              │
│  Summary          Value    Evaluate  3m 33s  27%    Losses            Value  │
│  Env       puffer_drive      Forwa…      1s   4%    behavior_pred…    0.012  │
│  Params          747.3K      Env         0s   1%    behavior_pred…    0.238  │
│  Steps            28.3M      Copy        6s  21%    policy_loss      -0.015  │
│  SPS             189.7K      Misc    3m 25s   0%    value_loss        0.018  │
│  Epoch               54    Train        22s  72%    entropy           4.075  │
│  Uptime          6m 29s      Forwa…      7s  25%    old_approx_kl     0.005  │
│  Remaini…    2h 53m 13s      Learn      12s  42%    approx_kl         0.005  │
│                              Copy        0s   0%    clipfrac          0.053  │
│                              Misc        1s   4%    importance        1.000  │
│                                                     explained_var…    0.871  │
│                                                                              │
│  User Stats                    Value    User Stats                    Value  │
│  n                          1038.714    score                         0.730  │
│  offroad_rate                  0.122    collision_rate                0.125  │
│  episode_length               64.224    episode_return                0.461  │
│  dnf_rate                      0.023    completion_rate               0.730  │
│  lane_alignment_rate           0.591    lane_aligned_steps           23.328  │
│  lane_distance_count          33.615    speed_limit_rate              0.288  │
│  lane_distance_avg             0.912    velocity_reward_total         0.000  │
│  comfort_violations           84.148    offroad_per_agent             0.122  │
│  collisions_per_agent          0.125    goals_sampled_this_ep…        1.000  │
│  goals_reached_this_ep…        0.730    speed_at_goal                 8.636  │
╰──────────────────────────────────────────────────────────────────────────────╯

[0;0H╭──────────────────────────────────────────────────────────────────────────────╮
│  PufferLib 3.0      🐡        CPU: 5.5%    GPU:     DRAM: 0.5%        VRAM:  │
│                                            83.2%                      21.3%  │
│                                                                              │
│  Summary          Value    Evaluate  3m 33s  27%    Losses            Value  │
│  Env       puffer_drive      Forwa…      1s   4%    behavior_pred…    0.012  │
│  Params          747.3K      Env         0s   1%    behavior_pred…    0.237  │
│  Steps            28.8M      Copy        6s  21%    policy_loss       0.002  │
│  SPS             191.2K      Misc    3m 25s   0%    value_loss        0.020  │
│  Epoch               55    Train        22s  72%    entropy           4.075  │
│  Uptime          6m 32s      Forwa…      7s  25%    old_approx_kl     0.005  │
│  Remaini…    2h 51m 49s      Learn      12s  42%    approx_kl         0.004  │
│                              Copy        0s   0%    clipfrac          0.040  │
│                              Misc        1s   4%    importance        0.999  │
│                                                     explained_var…    0.871  │
│                                                                              │
│  User Stats                    Value    User Stats                    Value  │
│  n                          1039.222    score                         0.725  │
│  offroad_rate                  0.124    collision_rate                0.124  │
│  episode_length               66.566    episode_return                0.452  │
│  dnf_rate                      0.027    completion_rate               0.725  │
│  lane_alignment_rate           0.591    lane_aligned_steps           23.949  │
│  lane_distance_count          34.792    speed_limit_rate              0.296  │
│  lane_distance_avg             0.930    velocity_reward_total         0.000  │
│  comfort_violations           87.290    offroad_per_agent             0.124  │
│  collisions_per_agent          0.124    goals_sampled_this_ep…        1.000  │
│  goals_reached_this_ep…        0.725    speed_at_goal                 8.572  │
╰──────────────────────────────────────────────────────────────────────────────╯

[0;0H╭──────────────────────────────────────────────────────────────────────────────╮
│  PufferLib 3.0     🐡         CPU: 5.6%    GPU:     DRAM: 0.5%        VRAM:  │
│                                            83.0%                      21.3%  │
│                                                                              │
│  Summary          Value    Evaluate  3m 34s  27%    Losses            Value  │
│  Env       puffer_drive      Forwa…      1s   4%    behavior_pred…    0.012  │
│  Params          747.3K      Env         0s   1%    behavior_pred…    0.242  │
│  Steps            29.4M      Copy        7s  21%    policy_loss       0.008  │
│  SPS             190.9K      Misc    3m 25s   0%    value_loss        0.021  │
│  Epoch               56    Train        24s  72%    entropy           4.075  │
│  Uptime          6m 34s      Forwa…      8s  25%    old_approx_kl     0.005  │
│  Remaini…     2h 52m 1s      Learn      13s  42%    approx_kl         0.004  │
│                              Copy        0s   0%    clipfrac          0.035  │
│                              Misc        1s   4%    importance        0.999  │
│                                                     explained_var…    0.874  │
│                                                                              │
│  User Stats                    Value    User Stats                    Value  │
│  n                          1035.750    score                         0.732  │
│  offroad_rate                  0.127    collision_rate                0.114  │
│  episode_length               65.662    episode_return                0.470  │
│  dnf_rate                      0.027    completion_rate               0.732  │
│  lane_alignment_rate           0.590    lane_aligned_steps           24.236  │
│  lane_distance_count          34.639    speed_limit_rate              0.306  │
│  lane_distance_avg             0.904    velocity_reward_total         0.000  │
│  comfort_violations           86.826    offroad_per_agent             0.127  │
│  collisions_per_agent          0.114    goals_sampled_this_ep…        1.000  │
│  goals_reached_this_ep…        0.732    speed_at_goal                 8.866  │
╰──────────────────────────────────────────────────────────────────────────────╯

[0;0H╭──────────────────────────────────────────────────────────────────────────────╮
│  PufferLib 3.0    🐡          CPU: 6.0%    GPU:     DRAM: 0.5%        VRAM:  │
│                                            75.0%                      21.3%  │
│                                                                              │
│  Summary          Value    Evaluate  3m 34s  26%    Losses            Value  │
│  Env       puffer_drive      Forwa…      1s   4%    behavior_pred…    0.013  │
│  Params          747.3K      Env         0s   1%    behavior_pred…    0.244  │
│  Steps            29.9M      Copy        7s  21%    policy_loss      -0.006  │
│  SPS             116.0K      Misc    3m 25s   0%    value_loss        0.018  │
│  Epoch               57    Train        24s  73%    entropy           4.071  │
│  Uptime          6m 39s      Forwa…      8s  25%    old_approx_kl     0.004  │
│  Remaini…    4h 42m 56s      Learn      13s  42%    approx_kl         0.003  │
│                              Copy        0s   0%    clipfrac          0.022  │
│                              Misc        1s   4%    importance        0.999  │
│                                                     explained_var…    0.886  │
│                                                                              │
│  User Stats                    Value    User Stats                    Value  │
│  n                          1042.143    score                         0.726  │
│  offroad_rate                  0.128    collision_rate                0.123  │
│  episode_length               65.282    episode_return                0.457  │
│  dnf_rate                      0.024    completion_rate               0.726  │
│  lane_alignment_rate           0.587    lane_aligned_steps           24.043  │
│  lane_distance_count          34.623    speed_limit_rate              0.291  │
│  lane_distance_avg             0.937    velocity_reward_total         0.000  │
│  comfort_violations           86.301    offroad_per_agent             0.128  │
│  collisions_per_agent          0.123    goals_sampled_this_ep…        1.000  │
│  goals_reached_this_ep…        0.726    speed_at_goal                 8.511  │
╰──────────────────────────────────────────────────────────────────────────────╯

[0;0H╭──────────────────────────────────────────────────────────────────────────────╮
│  PufferLib 3.0   🐡           CPU: 6.2%    GPU:     DRAM: 0.5%        VRAM:  │
│                                            74.4%                      21.3%  │
│                                                                              │
│  Summary          Value    Evaluate  3m 34s  26%    Losses            Value  │
│  Env       puffer_drive      Forwa…      1s   4%    behavior_pred…    0.012  │
│  Params          747.3K      Env         0s   1%    behavior_pred…    0.299  │
│  Steps            30.4M      Copy        7s  21%    policy_loss       0.009  │
│  SPS             187.0K      Misc    3m 25s   0%    value_loss        0.024  │
│  Epoch               58    Train        24s  73%    entropy           4.068  │
│  Uptime          6m 42s      Forwa…      8s  25%    old_approx_kl     0.005  │
│  Remaini…    2h 55m 32s      Learn      13s  42%    approx_kl         0.004  │
│                              Copy        0s   0%    clipfrac          0.036  │
│                              Misc        1s   4%    importance        0.999  │
│                                                     explained_var…    0.817  │
│                                                                              │
│  User Stats                    Value    User Stats                    Value  │
│  n                          1042.143    score                         0.726  │
│  offroad_rate                  0.128    collision_rate                0.123  │
│  episode_length               65.282    episode_return                0.457  │
│  dnf_rate                      0.024    completion_rate               0.726  │
│  lane_alignment_rate           0.587    lane_aligned_steps           24.043  │
│  lane_distance_count          34.623    speed_limit_rate              0.291  │
│  lane_distance_avg             0.937    velocity_reward_total         0.000  │
│  comfort_violations           86.301    offroad_per_agent             0.128  │
│  collisions_per_agent          0.123    goals_sampled_this_ep…        1.000  │
│  goals_reached_this_ep…        0.726    speed_at_goal                 8.511  │
╰──────────────────────────────────────────────────────────────────────────────╯

[0;0H╭──────────────────────────────────────────────────────────────────────────────╮
│  PufferLib 3.0  🐡            CPU: 6.3%    GPU:     DRAM: 0.5%        VRAM:  │
│                                            74.5%                      21.3%  │
│                                                                              │
│  Summary          Value    Evaluate  3m 34s  26%    Losses            Value  │
│  Env       puffer_drive      Forwa…      1s   4%    behavior_pred…    0.011  │
│  Params          747.3K      Env         0s   1%    behavior_pred…    0.197  │
│  Steps            30.9M      Copy        7s  21%    policy_loss       0.010  │
│  SPS             187.2K      Misc    3m 25s   0%    value_loss        0.022  │
│  Epoch               59    Train        24s  73%    entropy           4.046  │
│  Uptime          6m 44s      Forwa…      8s  25%    old_approx_kl     0.005  │
│  Remaini…    2h 55m 19s      Learn      13s  42%    approx_kl         0.004  │
│                              Copy        0s   0%    clipfrac          0.032  │
│                              Misc        1s   4%    importance        0.999  │
│                                                     explained_var…    0.880  │
│                                                                              │
│  User Stats                    Value    User Stats                    Value  │
│  n                          1042.143    score                         0.726  │
│  offroad_rate                  0.128    collision_rate                0.123  │
│  episode_length               65.282    episode_return                0.457  │
│  dnf_rate                      0.024    completion_rate               0.726  │
│  lane_alignment_rate           0.587    lane_aligned_steps           24.043  │
│  lane_distance_count          34.623    speed_limit_rate              0.291  │
│  lane_distance_avg             0.937    velocity_reward_total         0.000  │
│  comfort_violations           86.301    offroad_per_agent             0.128  │
│  collisions_per_agent          0.123    goals_sampled_this_ep…        1.000  │
│  goals_reached_this_ep…        0.726    speed_at_goal                 8.511  │
╰──────────────────────────────────────────────────────────────────────────────╯

[0;0H╭──────────────────────────────────────────────────────────────────────────────╮
│  PufferLib 3.0 🐡             CPU: 6.2%    GPU:     DRAM: 0.5%        VRAM:  │
│                                            75.0%                      21.3%  │
│                                                                              │
│  Summary          Value    Evaluate  3m 34s  26%    Losses            Value  │
│  Env       puffer_drive      Forwa…      1s   4%    behavior_pred…    0.013  │
│  Params          747.3K      Env         0s   1%    behavior_pred…    0.244  │
│  Steps            31.5M      Copy        7s  21%    policy_loss       0.012  │
│  SPS             192.9K      Misc    3m 25s   0%    value_loss        0.021  │
│  Epoch               60    Train        24s  73%    entropy           4.061  │
│  Uptime          6m 47s      Forwa…      8s  25%    old_approx_kl     0.005  │
│  Remaini…     2h 50m 7s      Learn      13s  42%    approx_kl         0.004  │
│                              Copy        0s   0%    clipfrac          0.035  │
│                              Misc        1s   4%    importance        0.999  │
│                                                     explained_var…    0.869  │
│                                                                              │
│  User Stats                    Value    User Stats                    Value  │
│  n                          1098.750    score                         0.736  │
│  offroad_rate                  0.113    collision_rate                0.130  │
│  episode_length               64.135    episode_return                0.460  │
│  dnf_rate                      0.020    completion_rate               0.736  │
│  lane_alignment_rate           0.581    lane_aligned_steps           22.903  │
│  lane_distance_count          33.817    speed_limit_rate              0.317  │
│  lane_distance_avg             0.911    velocity_reward_total         0.000  │
│  comfort_violations           84.919    offroad_per_agent             0.113  │
│  collisions_per_agent          0.130    goals_sampled_this_ep…        1.000  │
│  goals_reached_this_ep…        0.736    speed_at_goal                 9.065  │
╰──────────────────────────────────────────────────────────────────────────────╯

[0;0H╭──────────────────────────────────────────────────────────────────────────────╮
│  PufferLib 3.0          🐡    CPU: 6.0%    GPU:     DRAM: 0.5%        VRAM:  │
│                                            75.3%                      21.3%  │
│                                                                              │
│  Summary          Value    Evaluate  3m 35s  26%    Losses            Value  │
│  Env       puffer_drive      Forwa…      1s   4%    behavior_pred…    0.012  │
│  Params          747.3K      Env         0s   1%    behavior_pred…    0.234  │
│  Steps            32.0M      Copy        7s  21%    policy_loss       0.017  │
│  SPS             194.9K      Misc    3m 25s   0%    value_loss        0.025  │
│  Epoch               61    Train        26s  73%    entropy           4.053  │
│  Uptime          6m 50s      Forwa…      9s  25%    old_approx_kl     0.006  │
│  Remaini…    2h 48m 17s      Learn      14s  42%    approx_kl         0.005  │
│                              Copy        0s   0%    clipfrac          0.052  │
│                              Misc        1s   4%    importance        0.999  │
│                                                     explained_var…    0.849  │
│                                                                              │
│  User Stats                    Value    User Stats                    Value  │
│  n                          1098.750    score                         0.736  │
│  offroad_rate                  0.113    collision_rate                0.130  │
│  episode_length               64.135    episode_return                0.460  │
│  dnf_rate                      0.020    completion_rate               0.736  │
│  lane_alignment_rate           0.581    lane_aligned_steps           22.903  │
│  lane_distance_count          33.817    speed_limit_rate              0.317  │
│  lane_distance_avg             0.911    velocity_reward_total         0.000  │
│  comfort_violations           84.919    offroad_per_agent             0.113  │
│  collisions_per_agent          0.130    goals_sampled_this_ep…        1.000  │
│  goals_reached_this_ep…        0.736    speed_at_goal                 9.065  │
╰──────────────────────────────────────────────────────────────────────────────╯

[0;0H╭──────────────────────────────────────────────────────────────────────────────╮
│  PufferLib 3.0         🐡     CPU: 6.3%    GPU:     DRAM: 0.5%        VRAM:  │
│                                            75.0%                      21.3%  │
│                                                                              │
│  Summary          Value    Evaluate  3m 35s  27%    Losses            Value  │
│  Env       puffer_drive      Forwa…      1s   4%    behavior_pred…    0.012  │
│  Params          747.3K      Env         0s   1%    behavior_pred…    0.234  │
│  Steps            32.5M      Copy        7s  21%    policy_loss       0.013  │
│  SPS             195.4K      Misc    3m 25s   0%    value_loss        0.022  │
│  Epoch               62    Train        26s  72%    entropy           4.038  │
│  Uptime          6m 53s      Forwa…      9s  25%    old_approx_kl     0.005  │
│  Remaini…    2h 47m 46s      Learn      14s  42%    approx_kl         0.004  │
│                              Copy        0s   0%    clipfrac          0.043  │
│                              Misc        1s   3%    importance        0.999  │
│                                                     explained_var…    0.881  │
│                                                                              │
│  User Stats                    Value    User Stats                    Value  │
│  n                          1037.250    score                         0.744  │
│  offroad_rate                  0.105    collision_rate                0.125  │
│  episode_length               59.029    episode_return                0.501  │
│  dnf_rate                      0.026    completion_rate               0.744  │
│  lane_alignment_rate           0.576    lane_aligned_steps           21.396  │
│  lane_distance_count          31.690    speed_limit_rate              0.237  │
│  lane_distance_avg             1.005    velocity_reward_total         0.000  │
│  comfort_violations           78.351    offroad_per_agent             0.105  │
│  collisions_per_agent          0.125    goals_sampled_this_ep…        1.000  │
│  goals_reached_this_ep…        0.744    speed_at_goal                 8.215  │
╰──────────────────────────────────────────────────────────────────────────────╯

[0;0H╭──────────────────────────────────────────────────────────────────────────────╮
│  PufferLib 3.0        🐡      CPU: 6.3%    GPU:     DRAM: 0.5%        VRAM:  │
│                                            75.3%                      21.3%  │
│                                                                              │
│  Summary          Value    Evaluate  3m 35s  27%    Losses            Value  │
│  Env       puffer_drive      Forwa…      1s   4%    behavior_pred…    0.012  │
│  Params          747.3K      Env         0s   1%    behavior_pred…    0.239  │
│  Steps            33.0M      Copy        7s  21%    policy_loss       0.017  │
│  SPS             195.0K      Misc    3m 25s   0%    value_loss        0.023  │
│  Epoch               63    Train        26s  72%    entropy           4.042  │
│  Uptime          6m 55s      Forwa…      9s  25%    old_approx_kl     0.005  │
│  Remaini…     2h 48m 6s      Learn      14s  42%    approx_kl         0.004  │
│                              Copy        0s   0%    clipfrac          0.046  │
│                              Misc        1s   3%    importance        0.999  │
│                                                     explained_var…    0.862  │
│                                                                              │
│  User Stats                    Value    User Stats                    Value  │
│  n                          1037.000    score                         0.751  │
│  offroad_rate                  0.108    collision_rate                0.126  │
│  episode_length               59.346    episode_return                0.497  │
│  dnf_rate                      0.015    completion_rate               0.751  │
│  lane_alignment_rate           0.586    lane_aligned_steps           22.442  │
│  lane_distance_count          32.585    speed_limit_rate              0.284  │
│  lane_distance_avg             0.899    velocity_reward_total         0.000  │
│  comfort_violations           81.630    offroad_per_agent             0.108  │
│  collisions_per_agent          0.126    goals_sampled_this_ep…        1.000  │
│  goals_reached_this_ep…        0.751    speed_at_goal                 9.001  │
╰──────────────────────────────────────────────────────────────────────────────╯

[0;0H╭──────────────────────────────────────────────────────────────────────────────╮
│  PufferLib 3.0       🐡       CPU: 5.6%    GPU:     DRAM: 0.5%        VRAM:  │
│                                            83.7%                      21.3%  │
│                                                                              │
│  Summary          Value    Evaluate  3m 35s  27%    Losses            Value  │
│  Env       puffer_drive      Forwa…      1s   4%    behavior_pred…    0.012  │
│  Params          747.3K      Env         0s   1%    behavior_pred…    0.231  │
│  Steps            33.6M      Copy        7s  21%    policy_loss       0.018  │
│  SPS             196.0K      Misc    3m 25s   0%    value_loss        0.023  │
│  Epoch               64    Train        26s  72%    entropy           4.027  │
│  Uptime          6m 58s      Forwa…      9s  25%    old_approx_kl     0.006  │
│  Remaini…    2h 47m 13s      Learn      14s  42%    approx_kl         0.005  │
│                              Copy        0s   0%    clipfrac          0.062  │
│                              Misc        1s   3%    importance        0.999  │
│                                                     explained_var…    0.872  │
│                                                                              │
│  User Stats                    Value    User Stats                    Value  │
│  n                          1042.800    score                         0.746  │
│  offroad_rate                  0.103    collision_rate                0.131  │
│  episode_length               61.442    episode_return                0.475  │
│  dnf_rate                      0.020    completion_rate               0.746  │
│  lane_alignment_rate           0.563    lane_aligned_steps           21.698  │
│  lane_distance_count          32.685    speed_limit_rate              0.310  │
│  lane_distance_avg             0.953    velocity_reward_total         0.000  │
│  comfort_violations           82.194    offroad_per_agent             0.103  │
│  collisions_per_agent          0.131    goals_sampled_this_ep…        1.000  │
│  goals_reached_this_ep…        0.746    speed_at_goal                 9.086  │
╰──────────────────────────────────────────────────────────────────────────────╯

[0;0H╭──────────────────────────────────────────────────────────────────────────────╮
│  PufferLib 3.0      🐡        CPU: 5.9%    GPU:     DRAM: 0.5%        VRAM:  │
│                                            84.0%                      21.3%  │
│                                                                              │
│  Summary          Value    Evaluate  3m 35s  27%    Losses            Value  │
│  Env       puffer_drive      Forwa…      1s   4%    behavior_pred…    0.012  │
│  Params          747.3K      Env         0s   1%    behavior_pred…    0.240  │
│  Steps            34.1M      Copy        7s  21%    policy_loss       0.020  │
│  SPS             193.8K      Misc    3m 25s   0%    value_loss        0.024  │
│  Epoch               65    Train        26s  72%    entropy           4.013  │
│  Uptime           7m 1s      Forwa…      9s  25%    old_approx_kl     0.006  │
│  Remaini…     2h 49m 2s      Learn      14s  42%    approx_kl         0.005  │
│                              Copy        0s   0%    clipfrac          0.055  │
│                              Misc        1s   3%    importance        0.999  │
│                                                     explained_var…    0.870  │
│                                                                              │
│  User Stats                    Value    User Stats                    Value  │
│  n                          1046.636    score                         0.746  │
│  offroad_rate                  0.104    collision_rate                0.128  │
│  episode_length               63.404    episode_return                0.485  │
│  dnf_rate                      0.022    completion_rate               0.746  │
│  lane_alignment_rate           0.575    lane_aligned_steps           22.410  │
│  lane_distance_count          33.345    speed_limit_rate              0.312  │
│  lane_distance_avg             0.918    velocity_reward_total         0.000  │
│  comfort_violations           83.782    offroad_per_agent             0.104  │
│  collisions_per_agent          0.128    goals_sampled_this_ep…        1.000  │
│  goals_reached_this_ep…        0.746    speed_at_goal                 9.243  │
╰──────────────────────────────────────────────────────────────────────────────╯

[0;0H╭──────────────────────────────────────────────────────────────────────────────╮
│  PufferLib 3.0     🐡         CPU: 5.8%    GPU:     DRAM: 0.5%        VRAM:  │
│                                            84.6%                      21.3%  │
│                                                                              │
│  Summary          Value    Evaluate  3m 35s  27%    Losses            Value  │
│  Env       puffer_drive      Forwa…      1s   4%    behavior_pred…    0.012  │
│  Params          747.3K      Env         0s   1%    behavior_pred…    0.241  │
│  Steps            34.6M      Copy        8s  21%    policy_loss       0.022  │
│  SPS             193.7K      Misc    3m 25s   0%    value_loss        0.023  │
│  Epoch               66    Train        27s  72%    entropy           4.002  │
│  Uptime           7m 3s      Forwa…      9s  25%    old_approx_kl     0.006  │
│  Remaini…     2h 49m 8s      Learn      16s  42%    approx_kl         0.005  │
│                              Copy        0s   0%    clipfrac          0.058  │
│                              Misc        1s   3%    importance        0.999  │
│                                                     explained_var…    0.864  │
│                                                                              │
│  User Stats                    Value    User Stats                    Value  │
│  n                          1039.800    score                         0.746  │
│  offroad_rate                  0.105    collision_rate                0.131  │
│  episode_length               61.422    episode_return                0.477  │
│  dnf_rate                      0.017    completion_rate               0.746  │
│  lane_alignment_rate           0.569    lane_aligned_steps           21.642  │
│  lane_distance_count          32.896    speed_limit_rate              0.329  │
│  lane_distance_avg             0.932    velocity_reward_total         0.000  │
│  comfort_violations           82.731    offroad_per_agent             0.105  │
│  collisions_per_agent          0.131    goals_sampled_this_ep…        1.000  │
│  goals_reached_this_ep…        0.746    speed_at_goal                 9.237  │
╰──────────────────────────────────────────────────────────────────────────────╯

[0;0H╭──────────────────────────────────────────────────────────────────────────────╮
│  PufferLib 3.0    🐡          CPU: 5.6%    GPU:     DRAM: 0.5%        VRAM:  │
│                                            84.7%                      21.3%  │
│                                                                              │
│  Summary          Value    Evaluate  3m 35s  27%    Losses            Value  │
│  Env       puffer_drive      Forwa…      1s   4%    behavior_pred…    0.012  │
│  Params          747.3K      Env         0s   1%    behavior_pred…    0.241  │
│  Steps            35.1M      Copy        8s  21%    policy_loss       0.017  │
│  SPS             191.7K      Misc    3m 25s   0%    value_loss        0.022  │
│  Epoch               67    Train        27s  72%    entropy           3.988  │
│  Uptime           7m 6s      Forwa…      9s  25%    old_approx_kl     0.006  │
│  Remaini…    2h 50m 47s      Learn      16s  42%    approx_kl         0.005  │
│                              Copy        0s   0%    clipfrac          0.056  │
│                              Misc        1s   4%    importance        0.999  │
│                                                     explained_var…    0.879  │
│                                                                              │
│  User Stats                    Value    User Stats                    Value  │
│  n                          1036.636    score                         0.746  │
│  offroad_rate                  0.107    collision_rate                0.127  │
│  episode_length               63.614    episode_return                0.472  │
│  dnf_rate                      0.020    completion_rate               0.746  │
│  lane_alignment_rate           0.573    lane_aligned_steps           22.328  │
│  lane_distance_count          33.611    speed_limit_rate              0.342  │
│  lane_distance_avg             0.899    velocity_reward_total         0.000  │
│  comfort_violations           85.034    offroad_per_agent             0.107  │
│  collisions_per_agent          0.127    goals_sampled_this_ep…        1.000  │
│  goals_reached_this_ep…        0.746    speed_at_goal                 9.665  │
╰──────────────────────────────────────────────────────────────────────────────╯

[0;0H╭──────────────────────────────────────────────────────────────────────────────╮
│  PufferLib 3.0   🐡           CPU: 5.6%    GPU:     DRAM: 0.5%        VRAM:  │
│                                            84.2%                      21.3%  │
│                                                                              │
│  Summary          Value    Evaluate  3m 35s  27%    Losses            Value  │
│  Env       puffer_drive      Forwa…      1s   4%    behavior_pred…    0.012  │
│  Params          747.3K      Env         0s   1%    behavior_pred…    0.236  │
│  Steps            35.7M      Copy        8s  21%    policy_loss       0.020  │
│  SPS             192.8K      Misc    3m 25s   0%    value_loss        0.023  │
│  Epoch               68    Train        27s  72%    entropy           3.974  │
│  Uptime           7m 9s      Forwa…      9s  25%    old_approx_kl     0.006  │
│  Remaini…    2h 49m 50s      Learn      16s  42%    approx_kl         0.004  │
│                              Copy        0s   0%    clipfrac          0.045  │
│                              Misc        1s   4%    importance        0.999  │
│                                                     explained_var…    0.876  │
│                                                                              │
│  User Stats                    Value    User Stats                    Value  │
│  n                          1036.600    score                         0.752  │
│  offroad_rate                  0.102    collision_rate                0.133  │
│  episode_length               57.612    episode_return                0.486  │
│  dnf_rate                      0.013    completion_rate               0.752  │
│  lane_alignment_rate           0.558    lane_aligned_steps           20.890  │
│  lane_distance_count          31.579    speed_limit_rate              0.302  │
│  lane_distance_avg             0.967    velocity_reward_total         0.000  │
│  comfort_violations           79.336    offroad_per_agent             0.102  │
│  collisions_per_agent          0.133    goals_sampled_this_ep…        1.000  │
│  goals_reached_this_ep…        0.752    speed_at_goal                 9.176  │
╰──────────────────────────────────────────────────────────────────────────────╯

[0;0H╭──────────────────────────────────────────────────────────────────────────────╮
│  PufferLib 3.0  🐡            CPU: 5.8%    GPU:     DRAM: 0.5%        VRAM:  │
│                                            84.0%                      21.3%  │
│                                                                              │
│  Summary          Value    Evaluate  3m 35s  27%    Losses            Value  │
│  Env       puffer_drive      Forwa…      1s   4%    behavior_pred…    0.012  │
│  Params          747.3K      Env         0s   1%    behavior_pred…    0.242  │
│  Steps            36.2M      Copy        8s  21%    policy_loss       0.016  │
│  SPS             192.7K      Misc    3m 25s   0%    value_loss        0.020  │
│  Epoch               69    Train        27s  72%    entropy           3.982  │
│  Uptime          7m 12s      Forwa…      9s  25%    old_approx_kl     0.007  │
│  Remaini…    2h 49m 51s      Learn      16s  42%    approx_kl         0.005  │
│                              Copy        0s   0%    clipfrac          0.059  │
│                              Misc        1s   4%    importance        0.999  │
│                                                     explained_var…    0.889  │
│                                                                              │
│  User Stats                    Value    User Stats                    Value  │
│  n                          1038.091    score                         0.752  │
│  offroad_rate                  0.112    collision_rate                0.122  │
│  episode_length               62.193    episode_return                0.482  │
│  dnf_rate                      0.014    completion_rate               0.752  │
│  lane_alignment_rate           0.561    lane_aligned_steps           22.046  │
│  lane_distance_count          33.347    speed_limit_rate              0.367  │
│  lane_distance_avg             0.910    velocity_reward_total         0.000  │
│  comfort_violations           84.869    offroad_per_agent             0.112  │
│  collisions_per_agent          0.122    goals_sampled_this_ep…        1.000  │
│  goals_reached_this_ep…        0.752    speed_at_goal                10.087  │
╰──────────────────────────────────────────────────────────────────────────────╯

[0;0H╭──────────────────────────────────────────────────────────────────────────────╮
│  PufferLib 3.0 🐡             CPU: 5.7%    GPU:     DRAM: 0.5%        VRAM:  │
│                                            83.3%                      21.3%  │
│                                                                              │
│  Summary          Value    Evaluate  3m 35s  27%    Losses            Value  │
│  Env       puffer_drive      Forwa…      1s   4%    behavior_pred…    0.012  │
│  Params          747.3K      Env         0s   1%    behavior_pred…    0.240  │
│  Steps            36.7M      Copy        8s  21%    policy_loss       0.019  │
│  SPS             192.6K      Misc    3m 25s   0%    value_loss        0.021  │
│  Epoch               70    Train        27s  72%    entropy           3.972  │
│  Uptime          7m 14s      Forwa…      9s  25%    old_approx_kl     0.006  │
│  Remaini…    2h 49m 53s      Learn      16s  42%    approx_kl         0.005  │
│                              Copy        0s   0%    clipfrac          0.051  │
│                              Misc        1s   4%    importance        0.999  │
│                                                     explained_var…    0.893  │
│                                                                              │
│  User Stats                    Value    User Stats                    Value  │
│  n                          1036.000    score                         0.766  │
│  offroad_rate                  0.103    collision_rate                0.114  │
│  episode_length               58.806    episode_return                0.528  │
│  dnf_rate                      0.017    completion_rate               0.766  │
│  lane_alignment_rate           0.573    lane_aligned_steps           21.128  │
│  lane_distance_count          31.555    speed_limit_rate              0.307  │
│  lane_distance_avg             0.952    velocity_reward_total         0.000  │
│  comfort_violations           79.304    offroad_per_agent             0.103  │
│  collisions_per_agent          0.114    goals_sampled_this_ep…        1.000  │
│  goals_reached_this_ep…        0.766    speed_at_goal                 9.388  │
╰──────────────────────────────────────────────────────────────────────────────╯

[0;0H╭──────────────────────────────────────────────────────────────────────────────╮
│  PufferLib 3.0          🐡    CPU: 5.6%    GPU:     DRAM: 0.5%        VRAM:  │
│                                            82.8%                      21.3%  │
│                                                                              │
│  Summary          Value    Evaluate  3m 36s  27%    Losses            Value  │
│  Env       puffer_drive      Forwa…      2s   4%    behavior_pred…    0.012  │
│  Params          747.3K      Env         0s   1%    behavior_pred…    0.244  │
│  Steps            37.2M      Copy        8s  21%    policy_loss       0.015  │
│  SPS             192.6K      Misc    3m 25s   0%    value_loss        0.019  │
│  Epoch               71    Train        29s  72%    entropy           3.969  │
│  Uptime          7m 17s      Forwa…     10s  25%    old_approx_kl     0.006  │
│  Remaini…    2h 49m 51s      Learn      17s  42%    approx_kl         0.005  │
│                              Copy        0s   0%    clipfrac          0.057  │
│                              Misc        1s   4%    importance        0.999  │
│                                                     explained_var…    0.895  │
│                                                                              │
│  User Stats                    Value    User Stats                    Value  │
│  n                          1035.636    score                         0.768  │
│  offroad_rate                  0.101    collision_rate                0.115  │
│  episode_length               60.932    episode_return                0.525  │
│  dnf_rate                      0.015    completion_rate               0.768  │
│  lane_alignment_rate           0.577    lane_aligned_steps           22.299  │
│  lane_distance_count          32.927    speed_limit_rate              0.353  │
│  lane_distance_avg             0.921    velocity_reward_total         0.000  │
│  comfort_violations           83.522    offroad_per_agent             0.101  │
│  collisions_per_agent          0.115    goals_sampled_this_ep…        1.000  │
│  goals_reached_this_ep…        0.768    speed_at_goal                10.305  │
╰──────────────────────────────────────────────────────────────────────────────╯

[0;0H╭──────────────────────────────────────────────────────────────────────────────╮
│  PufferLib 3.0         🐡     CPU: 5.4%    GPU:     DRAM: 0.5%        VRAM:  │
│                                            82.9%                      21.3%  │
│                                                                              │
│  Summary          Value    Evaluate  3m 36s  27%    Losses            Value  │
│  Env       puffer_drive      Forwa…      2s   4%    behavior_pred…    0.012  │
│  Params          747.3K      Env         0s   1%    behavior_pred…    0.246  │
│  Steps            37.7M      Copy        8s  21%    policy_loss       0.019  │
│  SPS             193.1K      Misc    3m 25s   0%    value_loss        0.021  │
│  Epoch               72    Train        29s  72%    entropy           3.968  │
│  Uptime          7m 20s      Forwa…     10s  25%    old_approx_kl     0.005  │
│  Remaini…    2h 49m 22s      Learn      17s  42%    approx_kl         0.004  │
│                              Copy        0s   0%    clipfrac          0.038  │
│                              Misc        1s   4%    importance        0.999  │
│                                                     explained_var…    0.883  │
│                                                                              │
│  User Stats                    Value    User Stats                    Value  │
│  n                          1036.000    score                         0.777  │
│  offroad_rate                  0.094    collision_rate                0.113  │
│  episode_length               59.705    episode_return                0.541  │
│  dnf_rate                      0.016    completion_rate               0.777  │
│  lane_alignment_rate           0.579    lane_aligned_steps           21.804  │
│  lane_distance_count          31.996    speed_limit_rate              0.336  │
│  lane_distance_avg             0.951    velocity_reward_total         0.000  │
│  comfort_violations           80.792    offroad_per_agent             0.094  │
│  collisions_per_agent          0.113    goals_sampled_this_ep…        1.000  │
│  goals_reached_this_ep…        0.777    speed_at_goal                 9.993  │
╰──────────────────────────────────────────────────────────────────────────────╯

[0;0H╭──────────────────────────────────────────────────────────────────────────────╮
│  PufferLib 3.0        🐡      CPU: 5.5%    GPU:     DRAM: 0.5%        VRAM:  │
│                                            82.9%                      21.3%  │
│                                                                              │
│  Summary          Value    Evaluate  3m 36s  27%    Losses            Value  │
│  Env       puffer_drive      Forwa…      2s   4%    behavior_pred…    0.012  │
│  Params          747.3K      Env         0s   1%    behavior_pred…    0.242  │
│  Steps            38.3M      Copy        8s  21%    policy_loss       0.014  │
│  SPS             193.0K      Misc    3m 25s   0%    value_loss        0.019  │
│  Epoch               73    Train        29s  72%    entropy           3.963  │
│  Uptime          7m 23s      Forwa…     10s  25%    old_approx_kl     0.005  │
│  Remaini…    2h 49m 22s      Learn      17s  42%    approx_kl         0.005  │
│                              Copy        0s   0%    clipfrac          0.046  │
│                              Misc        1s   4%    importance        0.999  │
│                                                     explained_var…    0.896  │
│                                                                              │
│  User Stats                    Value    User Stats                    Value  │
│  n                          1037.583    score                         0.775  │
│  offroad_rate                  0.098    collision_rate                0.112  │
│  episode_length               60.850    episode_return                0.535  │
│  dnf_rate                      0.015    completion_rate               0.775  │
│  lane_alignment_rate           0.594    lane_aligned_steps           22.857  │
│  lane_distance_count          32.961    speed_limit_rate              0.352  │
│  lane_distance_avg             0.891    velocity_reward_total         0.000  │
│  comfort_violations           83.445    offroad_per_agent             0.098  │
│  collisions_per_agent          0.112    goals_sampled_this_ep…        1.000  │
│  goals_reached_this_ep…        0.775    speed_at_goal                10.364  │
╰──────────────────────────────────────────────────────────────────────────────╯

[0;0H╭──────────────────────────────────────────────────────────────────────────────╮
│  PufferLib 3.0       🐡       CPU: 5.4%    GPU:     DRAM: 0.5%        VRAM:  │
│                                            83.3%                      21.3%  │
│                                                                              │
│  Summary          Value    Evaluate  3m 36s  27%    Losses            Value  │
│  Env       puffer_drive      Forwa…      2s   4%    behavior_pred…    0.012  │
│  Params          747.3K      Env         0s   1%    behavior_pred…    0.244  │
│  Steps            38.8M      Copy        8s  21%    policy_loss       0.016  │
│  SPS             191.0K      Misc    3m 25s   0%    value_loss        0.019  │
│  Epoch               74    Train        29s  72%    entropy           3.966  │
│  Uptime          7m 25s      Forwa…     10s  25%    old_approx_kl     0.006  │
│  Remaini…     2h 51m 7s      Learn      17s  42%    approx_kl         0.004  │
│                              Copy        0s   0%    clipfrac          0.044  │
│                              Misc        1s   4%    importance        0.999  │
│                                                     explained_var…    0.893  │
│                                                                              │
│  User Stats                    Value    User Stats                    Value  │
│  n                          1042.333    score                         0.801  │
│  offroad_rate                  0.089    collision_rate                0.098  │
│  episode_length               59.729    episode_return                0.585  │
│  dnf_rate                      0.012    completion_rate               0.801  │
│  lane_alignment_rate           0.611    lane_aligned_steps           22.897  │
│  lane_distance_count          32.679    speed_limit_rate              0.359  │
│  lane_distance_avg             0.875    velocity_reward_total         0.000  │
│  comfort_violations           82.914    offroad_per_agent             0.089  │
│  collisions_per_agent          0.098    goals_sampled_this_ep…        1.000  │
│  goals_reached_this_ep…        0.801    speed_at_goal                10.726  │
╰──────────────────────────────────────────────────────────────────────────────╯

[0;0H╭──────────────────────────────────────────────────────────────────────────────╮
│  PufferLib 3.0      🐡        CPU: 5.5%    GPU:     DRAM: 0.5%        VRAM:  │
│                                            83.3%                      21.3%  │
│                                                                              │
│  Summary          Value    Evaluate  3m 36s  27%    Losses            Value  │
│  Env       puffer_drive      Forwa…      2s   4%    behavior_pred…    0.012  │
│  Params          747.3K      Env         0s   1%    behavior_pred…    0.245  │
│  Steps            39.3M      Copy        8s  21%    policy_loss       0.016  │
│  SPS             191.2K      Misc    3m 25s   0%    value_loss        0.019  │
│  Epoch               75    Train        29s  72%    entropy           3.964  │
│  Uptime          7m 28s      Forwa…     10s  25%    old_approx_kl     0.006  │
│  Remaini…    2h 50m 53s      Learn      17s  42%    approx_kl         0.005  │
│                              Copy        0s   0%    clipfrac          0.047  │
│                              Misc        1s   4%    importance        0.999  │
│                                                     explained_var…    0.897  │
│                                                                              │
│  User Stats                    Value    User Stats                    Value  │
│  n                          1038.667    score                         0.784  │
│  offroad_rate                  0.096    collision_rate                0.104  │
│  episode_length               61.469    episode_return                0.558  │
│  dnf_rate                      0.015    completion_rate               0.784  │
│  lane_alignment_rate           0.603    lane_aligned_steps           23.322  │
│  lane_distance_count          33.369    speed_limit_rate              0.353  │
│  lane_distance_avg             0.904    velocity_reward_total         0.000  │
│  comfort_violations           84.333    offroad_per_agent             0.096  │
│  collisions_per_agent          0.104    goals_sampled_this_ep…        1.000  │
│  goals_reached_this_ep…        0.784    speed_at_goal                10.520  │
╰──────────────────────────────────────────────────────────────────────────────╯

[0;0H╭──────────────────────────────────────────────────────────────────────────────╮
│  PufferLib 3.0     🐡         CPU: 5.5%    GPU:     DRAM: 0.5%        VRAM:  │
│                                            83.5%                      21.3%  │
│                                                                              │
│  Summary          Value    Evaluate  3m 37s  27%    Losses            Value  │
│  Env       puffer_drive      Forwa…      2s   4%    behavior_pred…    0.012  │
│  Params          747.3K      Env         0s   1%    behavior_pred…    0.249  │
│  Steps            39.8M      Copy        9s  21%    policy_loss       0.017  │
│  SPS             191.3K      Misc    3m 25s   0%    value_loss        0.018  │
│  Epoch               76    Train        31s  72%    entropy           3.957  │
│  Uptime          7m 31s      Forwa…     11s  25%    old_approx_kl     0.007  │
│  Remaini…    2h 50m 49s      Learn      18s  42%    approx_kl         0.006  │
│                              Copy        0s   0%    clipfrac          0.067  │
│                              Misc        1s   4%    importance        0.999  │
│                                                     explained_var…    0.903  │
│                                                                              │
│  User Stats                    Value    User Stats                    Value  │
│  n                          1037.857    score                         0.795  │
│  offroad_rate                  0.091    collision_rate                0.101  │
│  episode_length               60.947    episode_return                0.575  │
│  dnf_rate                      0.013    completion_rate               0.795  │
│  lane_alignment_rate           0.594    lane_aligned_steps           22.834  │
│  lane_distance_count          33.341    speed_limit_rate              0.369  │
│  lane_distance_avg             0.913    velocity_reward_total         0.000  │
│  comfort_violations           84.508    offroad_per_agent             0.091  │
│  collisions_per_agent          0.101    goals_sampled_this_ep…        1.000  │
│  goals_reached_this_ep…        0.795    speed_at_goal                10.843  │
╰──────────────────────────────────────────────────────────────────────────────╯

[0;0H╭──────────────────────────────────────────────────────────────────────────────╮
│  PufferLib 3.0    🐡          CPU: 5.5%    GPU:     DRAM: 0.5%        VRAM:  │
│                                            83.5%                      21.3%  │
│                                                                              │
│  Summary          Value    Evaluate  3m 37s  28%    Losses            Value  │
│  Env       puffer_drive      Forwa…      2s   4%    behavior_pred…    0.012  │
│  Params          747.3K      Env         0s   1%    behavior_pred…    0.248  │
│  Steps            40.4M      Copy        9s  23%    policy_loss       0.019  │
│  SPS             191.2K      Misc    3m 25s   0%    value_loss        0.019  │
│  Epoch               77    Train        31s  71%    entropy           3.942  │
│  Uptime          7m 34s      Forwa…     11s  25%    old_approx_kl     0.006  │
│  Remaini…    2h 50m 48s      Learn      18s  41%    approx_kl         0.005  │
│                              Copy        0s   0%    clipfrac          0.050  │
│                              Misc        1s   4%    importance        0.998  │
│                                                     explained_var…    0.899  │
│                                                                              │
│  User Stats                    Value    User Stats                    Value  │
│  n                          1039.818    score                         0.788  │
│  offroad_rate                  0.089    collision_rate                0.110  │
│  episode_length               60.681    episode_return                0.559  │
│  dnf_rate                      0.013    completion_rate               0.788  │
│  lane_alignment_rate           0.585    lane_aligned_steps           22.772  │
│  lane_distance_count          33.005    speed_limit_rate              0.357  │
│  lane_distance_avg             0.912    velocity_reward_total         0.000  │
│  comfort_violations           83.305    offroad_per_agent             0.089  │
│  collisions_per_agent          0.110    goals_sampled_this_ep…        1.000  │
│  goals_reached_this_ep…        0.788    speed_at_goal                10.571  │
╰──────────────────────────────────────────────────────────────────────────────╯

[0;0H╭──────────────────────────────────────────────────────────────────────────────╮
│  PufferLib 3.0   🐡           CPU: 5.5%    GPU:     DRAM: 0.5%        VRAM:  │
│                                            83.5%                      21.3%  │
│                                                                              │
│  Summary          Value    Evaluate  3m 37s  28%    Losses            Value  │
│  Env       puffer_drive      Forwa…      2s   4%    behavior_pred…    0.012  │
│  Params          747.3K      Env         0s   1%    behavior_pred…    0.247  │
│  Steps            40.9M      Copy        9s  23%    policy_loss       0.015  │
│  SPS             191.2K      Misc    3m 25s   0%    value_loss        0.017  │
│  Epoch               78    Train        31s  71%    entropy           3.930  │
│  Uptime          7m 36s      Forwa…     11s  25%    old_approx_kl     0.006  │
│  Remaini…    2h 50m 47s      Learn      18s  41%    approx_kl         0.005  │
│                              Copy        0s   0%    clipfrac          0.047  │
│                              Misc        1s   4%    importance        0.999  │
│                                                     explained_var…    0.905  │
│                                                                              │
│  User Stats                    Value    User Stats                    Value  │
│  n                          1033.500    score                         0.811  │
│  offroad_rate                  0.081    collision_rate                0.096  │
│  episode_length               61.326    episode_return                0.604  │
│  dnf_rate                      0.012    completion_rate               0.811  │
│  lane_alignment_rate           0.590    lane_aligned_steps           23.283  │
│  lane_distance_count          34.200    speed_limit_rate              0.387  │
│  lane_distance_avg             0.888    velocity_reward_total         0.000  │
│  comfort_violations           86.717    offroad_per_agent             0.081  │
│  collisions_per_agent          0.096    goals_sampled_this_ep…        1.000  │
│  goals_reached_this_ep…        0.811    speed_at_goal                11.299  │
╰──────────────────────────────────────────────────────────────────────────────╯

[0;0H╭──────────────────────────────────────────────────────────────────────────────╮
│  PufferLib 3.0  🐡            CPU: 5.5%    GPU:     DRAM: 0.5%        VRAM:  │
│                                            83.2%                      21.3%  │
│                                                                              │
│  Summary          Value    Evaluate  3m 37s  28%    Losses            Value  │
│  Env       puffer_drive      Forwa…      2s   4%    behavior_pred…    0.012  │
│  Params          747.3K      Env         0s   1%    behavior_pred…    0.244  │
│  Steps            41.4M      Copy        9s  23%    policy_loss       0.021  │
│  SPS             191.3K      Misc    3m 25s   0%    value_loss        0.018  │
│  Epoch               79    Train        31s  71%    entropy           3.942  │
│  Uptime          7m 39s      Forwa…     11s  25%    old_approx_kl     0.007  │
│  Remaini…    2h 50m 37s      Learn      18s  41%    approx_kl         0.006  │
│                              Copy        0s   0%    clipfrac          0.062  │
│                              Misc        1s   4%    importance        0.999  │
│                                                     explained_var…    0.906  │
│                                                                              │
│  User Stats                    Value    User Stats                    Value  │
│  n                          1043.200    score                         0.787  │
│  offroad_rate                  0.092    collision_rate                0.107  │
│  episode_length               59.945    episode_return                0.564  │
│  dnf_rate                      0.014    completion_rate               0.787  │
│  lane_alignment_rate           0.589    lane_aligned_steps           22.490  │
│  lane_distance_count          32.643    speed_limit_rate              0.362  │
│  lane_distance_avg             0.916    velocity_reward_total         0.000  │
│  comfort_violations           82.423    offroad_per_agent             0.092  │
│  collisions_per_agent          0.107    goals_sampled_this_ep…        1.000  │
│  goals_reached_this_ep…        0.787    speed_at_goal                10.643  │
╰──────────────────────────────────────────────────────────────────────────────╯

[0;0H╭──────────────────────────────────────────────────────────────────────────────╮
│  PufferLib 3.0 🐡             CPU: 5.6%    GPU:     DRAM: 0.5%        VRAM:  │
│                                            82.8%                      21.3%  │
│                                                                              │
│  Summary          Value    Evaluate  3m 37s  28%    Losses            Value  │
│  Env       puffer_drive      Forwa…      2s   4%    behavior_pred…    0.012  │
│  Params          747.3K      Env         0s   1%    behavior_pred…    0.252  │
│  Steps            41.9M      Copy        9s  23%    policy_loss       0.018  │
│  SPS             191.3K      Misc    3m 25s   0%    value_loss        0.017  │
│  Epoch               80    Train        31s  71%    entropy           3.932  │
│  Uptime          7m 42s      Forwa…     11s  25%    old_approx_kl     0.007  │
│  Remaini…    2h 50m 33s      Learn      18s  41%    approx_kl         0.006  │
│                              Copy        0s   0%    clipfrac          0.065  │
│                              Misc        1s   4%    importance        0.999  │
│                                                     explained_var…    0.908  │
│                                                                              │
│  User Stats                    Value    User Stats                    Value  │
│  n                          1040.857    score                         0.811  │
│  offroad_rate                  0.085    collision_rate                0.091  │
│  episode_length               60.153    episode_return                0.609  │
│  dnf_rate                      0.013    completion_rate               0.811  │
│  lane_alignment_rate           0.588    lane_aligned_steps           22.840  │
│  lane_distance_count          33.629    speed_limit_rate              0.376  │
│  lane_distance_avg             0.898    velocity_reward_total         0.000  │
│  comfort_violations           85.349    offroad_per_agent             0.085  │
│  collisions_per_agent          0.091    goals_sampled_this_ep…        1.000  │
│  goals_reached_this_ep…        0.811    speed_at_goal                11.146  │
╰──────────────────────────────────────────────────────────────────────────────╯

[0;0H╭──────────────────────────────────────────────────────────────────────────────╮
│  PufferLib 3.0          🐡    CPU: 5.6%    GPU:     DRAM: 0.5%        VRAM:  │
│                                            82.5%                      21.3%  │
│                                                                              │
│  Summary          Value    Evaluate  3m 38s  28%    Losses            Value  │
│  Env       puffer_drive      Forwa…      2s   4%    behavior_pred…    0.013  │
│  Params          747.3K      Env         0s   1%    behavior_pred…    0.249  │
│  Steps            42.5M      Copy       10s  23%    policy_loss       0.024  │
│  SPS             190.8K      Misc    3m 25s   0%    value_loss        0.020  │
│  Epoch               81    Train        33s  71%    entropy           3.939  │
│  Uptime          7m 45s      Forwa…     11s  25%    old_approx_kl     0.007  │
│  Remaini…     2h 51m 1s      Learn      19s  41%    approx_kl         0.006  │
│                              Copy        0s   0%    clipfrac          0.062  │
│                              Misc        1s   4%    importance        0.998  │
│                                                     explained_var…    0.890  │
│                                                                              │
│  User Stats                    Value    User Stats                    Value  │
│  n                          1041.333    score                         0.794  │
│  offroad_rate                  0.095    collision_rate                0.098  │
│  episode_length               59.320    episode_return                0.585  │
│  dnf_rate                      0.014    completion_rate               0.794  │
│  lane_alignment_rate           0.591    lane_aligned_steps           22.495  │
│  lane_distance_count          32.877    speed_limit_rate              0.368  │
│  lane_distance_avg             0.923    velocity_reward_total         0.000  │
│  comfort_violations           83.216    offroad_per_agent             0.095  │
│  collisions_per_agent          0.098    goals_sampled_this_ep…        1.000  │
│  goals_reached_this_ep…        0.794    speed_at_goal                10.759  │
╰──────────────────────────────────────────────────────────────────────────────╯

[0;0H╭──────────────────────────────────────────────────────────────────────────────╮
│  PufferLib 3.0         🐡     CPU: 5.5%    GPU:     DRAM: 0.5%        VRAM:  │
│                                            82.2%                      21.3%  │
│                                                                              │
│  Summary          Value    Evaluate  3m 38s  28%    Losses            Value  │
│  Env       puffer_drive      Forwa…      2s   4%    behavior_pred…    0.013  │
│  Params          747.3K      Env         0s   1%    behavior_pred…    0.254  │
│  Steps            43.0M      Copy       10s  23%    policy_loss       0.017  │
│  SPS             191.5K      Misc    3m 25s   0%    value_loss        0.018  │
│  Epoch               82    Train        33s  71%    entropy           3.936  │
│  Uptime          7m 47s      Forwa…     11s  25%    old_approx_kl     0.008  │
│  Remaini…    2h 50m 21s      Learn      19s  41%    approx_kl         0.006  │
│                              Copy        0s   0%    clipfrac          0.072  │
│                              Misc        1s   4%    importance        0.999  │
│                                                     explained_var…    0.902  │
│                                                                              │
│  User Stats                    Value    User Stats                    Value  │
│  n                          1034.875    score                         0.801  │
│  offroad_rate                  0.090    collision_rate                0.097  │
│  episode_length               60.182    episode_return                0.589  │
│  dnf_rate                      0.013    completion_rate               0.801  │
│  lane_alignment_rate           0.572    lane_aligned_steps           22.457  │
│  lane_distance_count          33.736    speed_limit_rate              0.387  │
│  lane_distance_avg             0.900    velocity_reward_total         0.000  │
│  comfort_violations           85.802    offroad_per_agent             0.090  │
│  collisions_per_agent          0.097    goals_sampled_this_ep…        1.000  │
│  goals_reached_this_ep…        0.801    speed_at_goal                11.219  │
╰──────────────────────────────────────────────────────────────────────────────╯

[0;0H╭──────────────────────────────────────────────────────────────────────────────╮
│  PufferLib 3.0        🐡      CPU: 5.6%    GPU:     DRAM: 0.5%        VRAM:  │
│                                            82.2%                      21.3%  │
│                                                                              │
│  Summary          Value    Evaluate  3m 38s  28%    Losses            Value  │
│  Env       puffer_drive      Forwa…      2s   4%    behavior_pred…    0.013  │
│  Params          747.3K      Env         0s   1%    behavior_pred…    0.248  │
│  Steps            43.5M      Copy       10s  23%    policy_loss       0.014  │
│  SPS             191.3K      Misc    3m 25s   0%    value_loss        0.018  │
│  Epoch               83    Train        33s  71%    entropy           3.945  │
│  Uptime          7m 50s      Forwa…     11s  25%    old_approx_kl     0.007  │
│  Remaini…    2h 50m 29s      Learn      19s  41%    approx_kl         0.006  │
│                              Copy        0s   0%    clipfrac          0.067  │
│                              Misc        1s   4%    importance        0.999  │
│                                                     explained_var…    0.906  │
│                                                                              │
│  User Stats                    Value    User Stats                    Value  │
│  n                          1034.750    score                         0.774  │
│  offroad_rate                  0.099    collision_rate                0.112  │
│  episode_length               59.139    episode_return                0.544  │
│  dnf_rate                      0.015    completion_rate               0.774  │
│  lane_alignment_rate           0.569    lane_aligned_steps           21.317  │
│  lane_distance_count          32.173    speed_limit_rate              0.352  │
│  lane_distance_avg             0.979    velocity_reward_total         0.000  │
│  comfort_violations           81.111    offroad_per_agent             0.099  │
│  collisions_per_agent          0.112    goals_sampled_this_ep…        1.000  │
│  goals_reached_this_ep…        0.774    speed_at_goal                10.354  │
╰──────────────────────────────────────────────────────────────────────────────╯

[0;0H╭──────────────────────────────────────────────────────────────────────────────╮
│  PufferLib 3.0       🐡       CPU: 5.5%    GPU:     DRAM: 0.5%        VRAM:  │
│                                            82.2%                      21.3%  │
│                                                                              │
│  Summary          Value    Evaluate  3m 38s  28%    Losses            Value  │
│  Env       puffer_drive      Forwa…      2s   4%    behavior_pred…    0.012  │
│  Params          747.3K      Env         0s   1%    behavior_pred…    0.254  │
│  Steps            44.0M      Copy       10s  23%    policy_loss       0.014  │
│  SPS             191.5K      Misc    3m 25s   0%    value_loss        0.016  │
│  Epoch               84    Train        33s  71%    entropy           3.946  │
│  Uptime          7m 53s      Forwa…     11s  25%    old_approx_kl     0.007  │
│  Remaini…    2h 50m 12s      Learn      19s  41%    approx_kl         0.006  │
│                              Copy        0s   0%    clipfrac          0.067  │
│                              Misc        1s   4%    importance        0.999  │
│                                                     explained_var…    0.910  │
│                                                                              │
│  User Stats                    Value    User Stats                    Value  │
│  n                          1041.400    score                         0.801  │
│  offroad_rate                  0.088    collision_rate                0.097  │
│  episode_length               59.843    episode_return                0.593  │
│  dnf_rate                      0.014    completion_rate               0.801  │
│  lane_alignment_rate           0.572    lane_aligned_steps           21.873  │
│  lane_distance_count          33.355    speed_limit_rate              0.369  │
│  lane_distance_avg             0.961    velocity_reward_total         0.000  │
│  comfort_violations           84.451    offroad_per_agent             0.088  │
│  collisions_per_agent          0.097    goals_sampled_this_ep…        1.000  │
│  goals_reached_this_ep…        0.801    speed_at_goal                10.966  │
╰──────────────────────────────────────────────────────────────────────────────╯

[0;0H╭──────────────────────────────────────────────────────────────────────────────╮
│  PufferLib 3.0      🐡        CPU: 5.6%    GPU:     DRAM: 0.5%        VRAM:  │
│                                            82.8%                      21.3%  │
│                                                                              │
│  Summary          Value    Evaluate  3m 38s  28%    Losses            Value  │
│  Env       puffer_drive      Forwa…      2s   4%    behavior_pred…    0.012  │
│  Params          747.3K      Env         0s   1%    behavior_pred…    0.247  │
│  Steps            44.6M      Copy       10s  23%    policy_loss       0.017  │
│  SPS             190.9K      Misc    3m 25s   0%    value_loss        0.017  │
│  Epoch               85    Train        33s  71%    entropy           3.939  │
│  Uptime          7m 56s      Forwa…     11s  25%    old_approx_kl     0.008  │
│  Remaini…    2h 50m 44s      Learn      19s  41%    approx_kl         0.006  │
│                              Copy        0s   0%    clipfrac          0.067  │
│                              Misc        1s   4%    importance        0.998  │
│                                                     explained_var…    0.905  │
│                                                                              │
│  User Stats                    Value    User Stats                    Value  │
│  n                          1035.143    score                         0.802  │
│  offroad_rate                  0.090    collision_rate                0.096  │
│  episode_length               59.411    episode_return                0.598  │
│  dnf_rate                      0.012    completion_rate               0.802  │
│  lane_alignment_rate           0.585    lane_aligned_steps           21.974  │
│  lane_distance_count          32.370    speed_limit_rate              0.367  │
│  lane_distance_avg             0.931    velocity_reward_total         0.000  │
│  comfort_violations           82.077    offroad_per_agent             0.090  │
│  collisions_per_agent          0.096    goals_sampled_this_ep…        1.000  │
│  goals_reached_this_ep…        0.802    speed_at_goal                10.826  │
╰──────────────────────────────────────────────────────────────────────────────╯

[0;0H╭──────────────────────────────────────────────────────────────────────────────╮
│  PufferLib 3.0     🐡         CPU: 5.7%    GPU:     DRAM: 0.5%        VRAM:  │
│                                            78.5%                      21.3%  │
│                                                                              │
│  Summary          Value    Evaluate  3m 40s  28%    Losses            Value  │
│  Env       puffer_drive      Forwa…      2s   4%    behavior_pred…    0.013  │
│  Params          747.3K      Env         2s   1%    behavior_pred…    0.338  │
│  Steps            45.1M      Copy       10s  23%    policy_loss       0.012  │
│  SPS             122.1K      Misc    3m 25s   0%    value_loss        0.013  │
│  Epoch               86    Train        35s  71%    entropy           3.918  │
│  Uptime           8m 0s      Forwa…     12s  25%    old_approx_kl     0.007  │
│  Remaini…    4h 26m 47s      Learn      20s  41%    approx_kl         0.005  │
│                              Copy        0s   0%    clipfrac          0.059  │
│                              Misc        2s   4%    importance        0.999  │
│                                                     explained_var…    0.890  │
│                                                                              │
│  User Stats                    Value    User Stats                    Value  │
│  n                          1043.000    score                         0.823  │
│  offroad_rate                  0.068    collision_rate                0.095  │
│  episode_length               59.912    episode_return                0.627  │
│  dnf_rate                      0.013    completion_rate               0.823  │
│  lane_alignment_rate           0.580    lane_aligned_steps           22.832  │
│  lane_distance_count          34.355    speed_limit_rate              0.415  │
│  lane_distance_avg             0.911    velocity_reward_total         0.000  │
│  comfort_violations           87.931    offroad_per_agent             0.068  │
│  collisions_per_agent          0.095    goals_sampled_this_ep…        1.000  │
│  goals_reached_this_ep…        0.823    speed_at_goal                11.914  │
╰──────────────────────────────────────────────────────────────────────────────╯

[0;0H╭──────────────────────────────────────────────────────────────────────────────╮
│  PufferLib 3.0    🐡          CPU: 6.0%    GPU:     DRAM: 0.5%        VRAM:  │
│                                            78.0%                      21.3%  │
│                                                                              │
│  Summary          Value    Evaluate  3m 40s  54%    Losses            Value  │
│  Env       puffer_drive      Forwa…      2s   2%    behavior_pred…    0.012  │
│  Params          747.3K      Env         2s  36%    behavior_pred…    0.234  │
│  Steps            45.6M      Copy       10s  14%    policy_loss       0.024  │
│  SPS             191.1K      Misc    3m 25s   0%    value_loss        0.023  │
│  Epoch               87    Train        35s  45%    entropy           3.932  │
│  Uptime           8m 3s      Forwa…     12s  16%    old_approx_kl     0.007  │
│  Remaini…    2h 50m 28s      Learn      20s  26%    approx_kl         0.006  │
│                              Copy        0s   0%    clipfrac          0.066  │
│                              Misc        2s   2%    importance        0.999  │
│                                                     explained_var…    0.881  │
│                                                                              │
│  User Stats                    Value    User Stats                    Value  │
│  n                          1043.000    score                         0.823  │
│  offroad_rate                  0.068    collision_rate                0.095  │
│  episode_length               59.912    episode_return                0.627  │
│  dnf_rate                      0.013    completion_rate               0.823  │
│  lane_alignment_rate           0.580    lane_aligned_steps           22.832  │
│  lane_distance_count          34.355    speed_limit_rate              0.415  │
│  lane_distance_avg             0.911    velocity_reward_total         0.000  │
│  comfort_violations           87.931    offroad_per_agent             0.068  │
│  collisions_per_agent          0.095    goals_sampled_this_ep…        1.000  │
│  goals_reached_this_ep…        0.823    speed_at_goal                11.914  │
╰──────────────────────────────────────────────────────────────────────────────╯

[0;0H╭──────────────────────────────────────────────────────────────────────────────╮
│  PufferLib 3.0   🐡           CPU: 6.0%    GPU:     DRAM: 0.5%        VRAM:  │
│                                            78.2%                      21.3%  │
│                                                                              │
│  Summary          Value    Evaluate  3m 40s  54%    Losses            Value  │
│  Env       puffer_drive      Forwa…      2s   2%    behavior_pred…    0.012  │
│  Params          747.3K      Env         2s  36%    behavior_pred…    0.277  │
│  Steps            46.1M      Copy       10s  14%    policy_loss       0.008  │
│  SPS             190.6K      Misc    3m 25s   0%    value_loss        0.015  │
│  Epoch               88    Train        35s  45%    entropy           3.949  │
│  Uptime           8m 5s      Forwa…     12s  16%    old_approx_kl     0.007  │
│  Remaini…    2h 50m 52s      Learn      20s  26%    approx_kl         0.006  │
│                              Copy        0s   0%    clipfrac          0.064  │
│                              Misc        2s   2%    importance        0.999  │
│                                                     explained_var…    0.918  │
│                                                                              │
│  User Stats                    Value    User Stats                    Value  │
│  n                          1028.400    score                         0.770  │
│  offroad_rate                  0.086    collision_rate                0.106  │
│  episode_length               54.372    episode_return                0.564  │
│  dnf_rate                      0.037    completion_rate               0.770  │
│  lane_alignment_rate           0.575    lane_aligned_steps           21.099  │
│  lane_distance_count          30.546    speed_limit_rate              0.341  │
│  lane_distance_avg             0.940    velocity_reward_total         0.000  │
│  comfort_violations           77.069    offroad_per_agent             0.086  │
│  collisions_per_agent          0.106    goals_sampled_this_ep…        1.000  │
│  goals_reached_this_ep…        0.770    speed_at_goal                10.306  │
╰──────────────────────────────────────────────────────────────────────────────╯

[0;0H╭──────────────────────────────────────────────────────────────────────────────╮
│  PufferLib 3.0  🐡            CPU: 5.8%    GPU:     DRAM: 0.5%        VRAM:  │
│                                            77.9%                      21.3%  │
│                                                                              │
│  Summary          Value    Evaluate  3m 40s  54%    Losses            Value  │
│  Env       puffer_drive      Forwa…      2s   2%    behavior_pred…    0.012  │
│  Params          747.3K      Env         2s  36%    behavior_pred…    0.274  │
│  Steps            46.7M      Copy       10s  14%    policy_loss       0.018  │
│  SPS             192.8K      Misc    3m 25s   0%    value_loss        0.018  │
│  Epoch               89    Train        35s  45%    entropy           3.939  │
│  Uptime           8m 8s      Forwa…     12s  16%    old_approx_kl     0.007  │
│  Remaini…    2h 48m 51s      Learn      20s  26%    approx_kl         0.006  │
│                              Copy        0s   0%    clipfrac          0.066  │
│                              Misc        2s   2%    importance        0.999  │
│                                                     explained_var…    0.893  │
│                                                                              │
│  User Stats                    Value    User Stats                    Value  │
│  n                          1040.000    score                         0.820  │
│  offroad_rate                  0.079    collision_rate                0.097  │
│  episode_length               57.946    episode_return                0.630  │
│  dnf_rate                      0.004    completion_rate               0.820  │
│  lane_alignment_rate           0.603    lane_aligned_steps           22.431  │
│  lane_distance_count          32.720    speed_limit_rate              0.358  │
│  lane_distance_avg             0.910    velocity_reward_total         0.000  │
│  comfort_violations           82.953    offroad_per_agent             0.079  │
│  collisions_per_agent          0.097    goals_sampled_this_ep…        1.000  │
│  goals_reached_this_ep…        0.820    speed_at_goal                11.109  │
╰──────────────────────────────────────────────────────────────────────────────╯

[0;0H╭──────────────────────────────────────────────────────────────────────────────╮
│  PufferLib 3.0 🐡             CPU: 5.7%    GPU:     DRAM: 0.5%        VRAM:  │
│                                            78.2%                      21.3%  │
│                                                                              │
│  Summary          Value    Evaluate  3m 40s  54%    Losses            Value  │
│  Env       puffer_drive      Forwa…      2s   2%    behavior_pred…    0.012  │
│  Params          747.3K      Env         2s  36%    behavior_pred…    0.250  │
│  Steps            47.2M      Copy       10s  14%    policy_loss       0.017  │
│  SPS             194.1K      Misc    3m 25s   0%    value_loss        0.016  │
│  Epoch               90    Train        35s  45%    entropy           3.934  │
│  Uptime          8m 11s      Forwa…     12s  16%    old_approx_kl     0.007  │
│  Remaini…    2h 47m 39s      Learn      20s  26%    approx_kl         0.005  │
│                              Copy        0s   0%    clipfrac          0.060  │
│                              Misc        2s   2%    importance        0.998  │
│                                                     explained_var…    0.915  │
│                                                                              │
│  User Stats                    Value    User Stats                    Value  │
│  n                          1028.000    score                         0.770  │
│  offroad_rate                  0.075    collision_rate                0.077  │
│  episode_length               54.088    episode_return                0.607  │
│  dnf_rate                      0.078    completion_rate               0.770  │
│  lane_alignment_rate           0.558    lane_aligned_steps           20.049  │
│  lane_distance_count          29.469    speed_limit_rate              0.310  │
│  lane_distance_avg             1.026    velocity_reward_total         0.000  │
│  comfort_violations           73.648    offroad_per_agent             0.075  │
│  collisions_per_agent          0.077    goals_sampled_this_ep…        1.000  │
│  goals_reached_this_ep…        0.770    speed_at_goal                10.062  │
╰──────────────────────────────────────────────────────────────────────────────╯

[0;0H╭──────────────────────────────────────────────────────────────────────────────╮
│  PufferLib 3.0          🐡    CPU: 6.0%    GPU:     DRAM: 0.5%        VRAM:  │
│                                            78.2%                      21.3%  │
│                                                                              │
│  Summary          Value    Evaluate  3m 41s  54%    Losses            Value  │
│  Env       puffer_drive      Forwa…      2s   2%    behavior_pred…    0.012  │
│  Params          747.3K      Env         2s  36%    behavior_pred…    0.272  │
│  Steps            47.7M      Copy       11s  14%    policy_loss       0.017  │
│  SPS             193.7K      Misc    3m 25s   0%    value_loss        0.016  │
│  Epoch               91    Train        37s  45%    entropy           3.927  │
│  Uptime          8m 14s      Forwa…     13s  16%    old_approx_kl     0.007  │
│  Remaini…    2h 47m 57s      Learn      21s  26%    approx_kl         0.005  │
│                              Copy        0s   0%    clipfrac          0.057  │
│                              Misc        2s   2%    importance        0.999  │
│                                                     explained_var…    0.905  │
│                                                                              │
│  User Stats                    Value    User Stats                    Value  │
│  n                          1038.357    score                         0.820  │
│  offroad_rate                  0.073    collision_rate                0.091  │
│  episode_length               57.666    episode_return                0.641  │
│  dnf_rate                      0.016    completion_rate               0.820  │
│  lane_alignment_rate           0.607    lane_aligned_steps           22.339  │
│  lane_distance_count          32.266    speed_limit_rate              0.309  │
│  lane_distance_avg             0.964    velocity_reward_total         0.000  │
│  comfort_violations           80.590    offroad_per_agent             0.073  │
│  collisions_per_agent          0.091    goals_sampled_this_ep…        1.000  │
│  goals_reached_this_ep…        0.820    speed_at_goal                10.444  │
╰──────────────────────────────────────────────────────────────────────────────╯

[0;0H╭──────────────────────────────────────────────────────────────────────────────╮
│  PufferLib 3.0         🐡     CPU: 5.9%    GPU:     DRAM: 0.5%        VRAM:  │
│                                            78.2%                      21.3%  │
│                                                                              │
│  Summary          Value    Evaluate  3m 41s  27%    Losses            Value  │
│  Env       puffer_drive      Forwa…      2s   4%    behavior_pred…    0.012  │
│  Params          747.3K      Env         2s   1%    behavior_pred…    0.265  │
│  Steps            48.2M      Copy       11s  22%    policy_loss       0.015  │
│  SPS             194.1K      Misc    3m 25s   0%    value_loss        0.015  │
│  Epoch               92    Train        37s  72%    entropy           3.929  │
│  Uptime          8m 16s      Forwa…     13s  25%    old_approx_kl     0.008  │
│  Remaini…    2h 47m 37s      Learn      21s  42%    approx_kl         0.007  │
│                              Copy        0s   0%    clipfrac          0.086  │
│                              Misc        2s   4%    importance        0.999  │
│                                                     explained_var…    0.908  │
│                                                                              │
│  User Stats                    Value    User Stats                    Value  │
│  n                          1027.833    score                         0.807  │
│  offroad_rate                  0.073    collision_rate                0.085  │
│  episode_length               58.632    episode_return                0.625  │
│  dnf_rate                      0.035    completion_rate               0.807  │
│  lane_alignment_rate           0.593    lane_aligned_steps           22.401  │
│  lane_distance_count          32.518    speed_limit_rate              0.347  │
│  lane_distance_avg             0.907    velocity_reward_total         0.000  │
│  comfort_violations           81.963    offroad_per_agent             0.073  │
│  collisions_per_agent          0.085    goals_sampled_this_ep…        1.000  │
│  goals_reached_this_ep…        0.807    speed_at_goal                10.855  │
╰──────────────────────────────────────────────────────────────────────────────╯

[0;0H╭──────────────────────────────────────────────────────────────────────────────╮
│  PufferLib 3.0        🐡      CPU: 5.5%    GPU:     DRAM: 0.5%        VRAM:  │
│                                            82.7%                      21.3%  │
│                                                                              │
│  Summary          Value    Evaluate  3m 41s  27%    Losses            Value  │
│  Env       puffer_drive      Forwa…      2s   4%    behavior_pred…    0.012  │
│  Params          747.3K      Env         2s   1%    behavior_pred…    0.264  │
│  Steps            48.8M      Copy       11s  22%    policy_loss       0.013  │
│  SPS             193.9K      Misc    3m 25s   0%    value_loss        0.014  │
│  Epoch               93    Train        37s  72%    entropy           3.937  │
│  Uptime          8m 19s      Forwa…     13s  25%    old_approx_kl     0.006  │
│  Remaini…    2h 47m 42s      Learn      21s  42%    approx_kl         0.005  │
│                              Copy        0s   0%    clipfrac          0.049  │
│                              Misc        2s   4%    importance        0.998  │
│                                                     explained_var…    0.920  │
│                                                                              │
│  User Stats                    Value    User Stats                    Value  │
│  n                          1039.700    score                         0.831  │
│  offroad_rate                  0.071    collision_rate                0.083  │
│  episode_length               59.907    episode_return                0.659  │
│  dnf_rate                      0.014    completion_rate               0.831  │
│  lane_alignment_rate           0.610    lane_aligned_steps           23.088  │
│  lane_distance_count          33.501    speed_limit_rate              0.350  │
│  lane_distance_avg             0.948    velocity_reward_total         0.000  │
│  comfort_violations           84.386    offroad_per_agent             0.071  │
│  collisions_per_agent          0.083    goals_sampled_this_ep…        1.000  │
│  goals_reached_this_ep…        0.831    speed_at_goal                11.142  │
╰──────────────────────────────────────────────────────────────────────────────╯

[0;0H╭──────────────────────────────────────────────────────────────────────────────╮
│  PufferLib 3.0       🐡       CPU: 5.6%    GPU:     DRAM: 0.5%        VRAM:  │
│                                            83.0%                      21.3%  │
│                                                                              │
│  Summary          Value    Evaluate  3m 41s  27%    Losses            Value  │
│  Env       puffer_drive      Forwa…      2s   4%    behavior_pred…    0.012  │
│  Params          747.3K      Env         2s   1%    behavior_pred…    0.266  │
│  Steps            49.3M      Copy       11s  22%    policy_loss       0.013  │
│  SPS             193.9K      Misc    3m 25s   0%    value_loss        0.014  │
│  Epoch               94    Train        37s  72%    entropy           3.936  │
│  Uptime          8m 22s      Forwa…     13s  25%    old_approx_kl     0.008  │
│  Remaini…    2h 47m 38s      Learn      21s  42%    approx_kl         0.006  │
│                              Copy        0s   0%    clipfrac          0.068  │
│                              Misc        2s   4%    importance        0.998  │
│                                                     explained_var…    0.919  │
│                                                                              │
│  User Stats                    Value    User Stats                    Value  │
│  n                          1035.889    score                         0.835  │
│  offroad_rate                  0.069    collision_rate                0.076  │
│  episode_length               58.350    episode_return                0.673  │
│  dnf_rate                      0.020    completion_rate               0.835  │
│  lane_alignment_rate           0.600    lane_aligned_steps           22.828  │
│  lane_distance_count          33.089    speed_limit_rate              0.377  │
│  lane_distance_avg             0.910    velocity_reward_total         0.000  │
│  comfort_violations           83.951    offroad_per_agent             0.069  │
│  collisions_per_agent          0.076    goals_sampled_this_ep…        1.000  │
│  goals_reached_this_ep…        0.835    speed_at_goal                11.766  │
╰──────────────────────────────────────────────────────────────────────────────╯

[0;0H╭──────────────────────────────────────────────────────────────────────────────╮
│  PufferLib 3.0      🐡        CPU: 5.5%    GPU:     DRAM: 0.5%        VRAM:  │
│                                            83.6%                      21.3%  │
│                                                                              │
│  Summary          Value    Evaluate  3m 41s  27%    Losses            Value  │
│  Env       puffer_drive      Forwa…      2s   4%    behavior_pred…    0.012  │
│  Params          747.3K      Env         2s   1%    behavior_pred…    0.267  │
│  Steps            49.8M      Copy       11s  22%    policy_loss       0.016  │
│  SPS             194.1K      Misc    3m 25s   0%    value_loss        0.013  │
│  Epoch               95    Train        37s  72%    entropy           3.933  │
│  Uptime          8m 24s      Forwa…     13s  25%    old_approx_kl     0.008  │
│  Remaini…    2h 47m 25s      Learn      21s  42%    approx_kl         0.007  │
│                              Copy        0s   0%    clipfrac          0.084  │
│                              Misc        2s   4%    importance        0.998  │
│                                                     explained_var…    0.930  │
│                                                                              │
│  User Stats                    Value    User Stats                    Value  │
│  n                          1040.857    score                         0.844  │
│  offroad_rate                  0.070    collision_rate                0.071  │
│  episode_length               61.658    episode_return                0.693  │
│  dnf_rate                      0.014    completion_rate               0.844  │
│  lane_alignment_rate           0.603    lane_aligned_steps           23.587  │
│  lane_distance_count          34.452    speed_limit_rate              0.373  │
│  lane_distance_avg             0.966    velocity_reward_total         0.000  │
│  comfort_violations           86.926    offroad_per_agent             0.070  │
│  collisions_per_agent          0.071    goals_sampled_this_ep…        1.000  │
│  goals_reached_this_ep…        0.844    speed_at_goal                11.694  │
╰──────────────────────────────────────────────────────────────────────────────╯

[0;0H╭──────────────────────────────────────────────────────────────────────────────╮
│  PufferLib 3.0     🐡         CPU: 5.5%    GPU:     DRAM: 0.5%        VRAM:  │
│                                            84.0%                      21.3%  │
│                                                                              │
│  Summary          Value    Evaluate  3m 41s  27%    Losses            Value  │
│  Env       puffer_drive      Forwa…      2s   4%    behavior_pred…    0.012  │
│  Params          747.3K      Env         2s   1%    behavior_pred…    0.269  │
│  Steps            50.3M      Copy       11s  22%    policy_loss       0.017  │
│  SPS             195.1K      Misc    3m 25s   0%    value_loss        0.014  │
│  Epoch               96    Train        39s  72%    entropy           3.929  │
│  Uptime          8m 27s      Forwa…     14s  25%    old_approx_kl     0.010  │
│  Remaini…    2h 46m 31s      Learn      22s  42%    approx_kl         0.008  │
│                              Copy        0s   0%    clipfrac          0.116  │
│                              Misc        2s   4%    importance        0.998  │
│                                                     explained_var…    0.925  │
│                                                                              │
│  User Stats                    Value    User Stats                    Value  │
│  n                          1032.909    score                         0.840  │
│  offroad_rate                  0.065    collision_rate                0.070  │
│  episode_length               58.216    episode_return                0.696  │
│  dnf_rate                      0.024    completion_rate               0.840  │
│  lane_alignment_rate           0.606    lane_aligned_steps           23.163  │
│  lane_distance_count          33.230    speed_limit_rate              0.354  │
│  lane_distance_avg             0.925    velocity_reward_total         0.000  │
│  comfort_violations           83.819    offroad_per_agent             0.065  │
│  collisions_per_agent          0.070    goals_sampled_this_ep…        1.000  │
│  goals_reached_this_ep…        0.840    speed_at_goal                11.435  │
╰──────────────────────────────────────────────────────────────────────────────╯

[0;0H╭──────────────────────────────────────────────────────────────────────────────╮
│  PufferLib 3.0    🐡          CPU: 5.7%    GPU:     DRAM: 0.5%        VRAM:  │
│                                            84.2%                      21.3%  │
│                                                                              │
│  Summary          Value    Evaluate  3m 41s  27%    Losses            Value  │
│  Env       puffer_drive      Forwa…      2s   4%    behavior_pred…    0.012  │
│  Params          747.3K      Env         2s   1%    behavior_pred…    0.270  │
│  Steps            50.9M      Copy       11s  22%    policy_loss       0.013  │
│  SPS             194.3K      Misc    3m 25s   0%    value_loss        0.012  │
│  Epoch               97    Train        39s  72%    entropy           3.939  │
│  Uptime          8m 30s      Forwa…     14s  25%    old_approx_kl     0.009  │
│  Remaini…    2h 47m 11s      Learn      22s  42%    approx_kl         0.008  │
│                              Copy        0s   0%    clipfrac          0.100  │
│                              Misc        2s   4%    importance        0.998  │
│                                                     explained_var…    0.928  │
│                                                                              │
│  User Stats                    Value    User Stats                    Value  │
│  n                          1032.600    score                         0.846  │
│  offroad_rate                  0.066    collision_rate                0.078  │
│  episode_length               61.155    episode_return                0.691  │
│  dnf_rate                      0.010    completion_rate               0.846  │
│  lane_alignment_rate           0.600    lane_aligned_steps           23.147  │
│  lane_distance_count          34.175    speed_limit_rate              0.378  │
│  lane_distance_avg             0.938    velocity_reward_total         0.000  │
│  comfort_violations           86.431    offroad_per_agent             0.066  │
│  collisions_per_agent          0.078    goals_sampled_this_ep…        1.000  │
│  goals_reached_this_ep…        0.846    speed_at_goal                11.680  │
╰──────────────────────────────────────────────────────────────────────────────╯

[0;0H╭──────────────────────────────────────────────────────────────────────────────╮
│  PufferLib 3.0   🐡           CPU: 5.6%    GPU:     DRAM: 0.5%        VRAM:  │
│                                            84.0%                      21.3%  │
│                                                                              │
│  Summary          Value    Evaluate  3m 41s  27%    Losses            Value  │
│  Env       puffer_drive      Forwa…      2s   4%    behavior_pred…    0.012  │
│  Params          747.3K      Env         2s   1%    behavior_pred…    0.275  │
│  Steps            51.4M      Copy       11s  22%    policy_loss       0.015  │
│  SPS             194.8K      Misc    3m 25s   0%    value_loss        0.013  │
│  Epoch               98    Train        39s  72%    entropy           3.941  │
│  Uptime          8m 33s      Forwa…     14s  25%    old_approx_kl     0.008  │
│  Remaini…    2h 46m 45s      Learn      22s  42%    approx_kl         0.006  │
│                              Copy        0s   0%    clipfrac          0.069  │
│                              Misc        2s   4%    importance        0.998  │
│                                                     explained_var…    0.929  │
│                                                                              │
│  User Stats                    Value    User Stats                    Value  │
│  n                          1037.917    score                         0.842  │
│  offroad_rate                  0.063    collision_rate                0.071  │
│  episode_length               58.268    episode_return                0.696  │
│  dnf_rate                      0.024    completion_rate               0.842  │
│  lane_alignment_rate           0.597    lane_aligned_steps           22.821  │
│  lane_distance_count          33.255    speed_limit_rate              0.359  │
│  lane_distance_avg             0.929    velocity_reward_total         0.000  │
│  comfort_violations           84.114    offroad_per_agent             0.063  │
│  collisions_per_agent          0.071    goals_sampled_this_ep…        1.000  │
│  goals_reached_this_ep…        0.842    speed_at_goal                11.597  │
╰──────────────────────────────────────────────────────────────────────────────╯

[0;0H╭──────────────────────────────────────────────────────────────────────────────╮
│  PufferLib 3.0  🐡            CPU: 5.5%    GPU:     DRAM: 0.5%        VRAM:  │
│                                            83.3%                      21.3%  │
│                                                                              │
│  Summary          Value    Evaluate  3m 41s  27%    Losses            Value  │
│  Env       puffer_drive      Forwa…      2s   4%    behavior_pred…    0.012  │
│  Params          747.3K      Env         2s   1%    behavior_pred…    0.269  │
│  Steps            51.9M      Copy       11s  22%    policy_loss       0.016  │
│  SPS             191.9K      Misc    3m 25s   0%    value_loss        0.013  │
│  Epoch               99    Train        39s  72%    entropy           3.939  │
│  Uptime          8m 35s      Forwa…     14s  25%    old_approx_kl     0.008  │
│  Remaini…    2h 49m 13s      Learn      22s  42%    approx_kl         0.007  │
│                              Copy        0s   0%    clipfrac          0.092  │
│                              Misc        2s   4%    importance        0.999  │
│                                                     explained_var…    0.928  │
│                                                                              │
│  User Stats                    Value    User Stats                    Value  │
│  n                          1036.600    score                         0.834  │
│  offroad_rate                  0.067    collision_rate                0.075  │
│  episode_length               60.335    episode_return                0.683  │
│  dnf_rate                      0.024    completion_rate               0.834  │
│  lane_alignment_rate           0.585    lane_aligned_steps           22.054  │
│  lane_distance_count          32.902    speed_limit_rate              0.371  │
│  lane_distance_avg             0.967    velocity_reward_total         0.000  │
│  comfort_violations           83.283    offroad_per_agent             0.067  │
│  collisions_per_agent          0.075    goals_sampled_this_ep…        1.000  │
│  goals_reached_this_ep…        0.834    speed_at_goal                11.479  │
╰──────────────────────────────────────────────────────────────────────────────╯

[0;0H╭──────────────────────────────────────────────────────────────────────────────╮
│  PufferLib 3.0 🐡             CPU: 5.4%    GPU:     DRAM: 0.5%        VRAM:  │
│                                            83.2%                      21.3%  │
│                                                                              │
│  Summary          Value    Evaluate  3m 41s  27%    Losses            Value  │
│  Env       puffer_drive      Forwa…      2s   4%    behavior_pred…    0.012  │
│  Params          747.3K      Env         2s   1%    behavior_pred…    0.273  │
│  Steps            52.4M      Copy       11s  22%    policy_loss       0.012  │
│  SPS             190.6K      Misc    3m 25s   0%    value_loss        0.012  │
│  Epoch              100    Train        39s  72%    entropy           3.939  │
│  Uptime          8m 38s      Forwa…     14s  25%    old_approx_kl     0.010  │
│  Remaini…    2h 50m 17s      Learn      22s  42%    approx_kl         0.008  │
│                              Copy        0s   0%    clipfrac          0.115  │
│                              Misc        2s   4%    importance        0.999  │
│                                                     explained_var…    0.932  │
│                                                                              │
│  User Stats                    Value    User Stats                    Value  │
│  n                          1032.455    score                         0.853  │
│  offroad_rate                  0.064    collision_rate                0.066  │
│  episode_length               59.147    episode_return                0.713  │
│  dnf_rate                      0.017    completion_rate               0.853  │
│  lane_alignment_rate           0.608    lane_aligned_steps           22.957  │
│  lane_distance_count          33.764    speed_limit_rate              0.364  │
│  lane_distance_avg             0.919    velocity_reward_total         0.000  │
│  comfort_violations           85.603    offroad_per_agent             0.064  │
│  collisions_per_agent          0.066    goals_sampled_this_ep…        1.000  │
│  goals_reached_this_ep…        0.853    speed_at_goal                11.720  │
╰──────────────────────────────────────────────────────────────────────────────╯

[0;0H╭──────────────────────────────────────────────────────────────────────────────╮
│  PufferLib 3.0          🐡    CPU: 5.6%    GPU:     DRAM: 0.5%        VRAM:  │
│                                            83.0%                      21.3%  │
│                                                                              │
│  Summary          Value    Evaluate  3m 42s  27%    Losses            Value  │
│  Env       puffer_drive      Forwa…      2s   4%    behavior_pred…    0.012  │
│  Params          747.3K      Env         2s   1%    behavior_pred…    0.272  │
│  Steps            53.0M      Copy       12s  22%    policy_loss       0.011  │
│  SPS             191.0K      Misc    3m 25s   0%    value_loss        0.011  │
│  Epoch              101    Train        41s  72%    entropy           3.946  │
│  Uptime          8m 41s      Forwa…     14s  25%    old_approx_kl     0.010  │
│  Remaini…    2h 49m 54s      Learn      24s  42%    approx_kl         0.008  │
│                              Copy        0s   0%    clipfrac          0.110  │
│                              Misc        2s   4%    importance        0.998  │
│                                                     explained_var…    0.940  │
│                                                                              │
│  User Stats                    Value    User Stats                    Value  │
│  n                          1046.333    score                         0.837  │
│  offroad_rate                  0.061    collision_rate                0.066  │
│  episode_length               60.604    episode_return                0.700  │
│  dnf_rate                      0.035    completion_rate               0.837  │
│  lane_alignment_rate           0.585    lane_aligned_steps           22.350  │
│  lane_distance_count          33.264    speed_limit_rate              0.359  │
│  lane_distance_avg             0.992    velocity_reward_total         0.000  │
│  comfort_violations           84.021    offroad_per_agent             0.061  │
│  collisions_per_agent          0.066    goals_sampled_this_ep…        1.000  │
│  goals_reached_this_ep…        0.837    speed_at_goal                11.429  │
╰──────────────────────────────────────────────────────────────────────────────╯

[0;0H╭──────────────────────────────────────────────────────────────────────────────╮
│  PufferLib 3.0         🐡     CPU: 5.5%    GPU:     DRAM: 0.5%        VRAM:  │
│                                            82.5%                      21.3%  │
│                                                                              │
│  Summary          Value    Evaluate  3m 42s  27%    Losses            Value  │
│  Env       puffer_drive      Forwa…      2s   4%    behavior_pred…    0.012  │
│  Params          747.3K      Env         2s   1%    behavior_pred…    0.275  │
│  Steps            53.5M      Copy       12s  21%    policy_loss       0.016  │
│  SPS             190.8K      Misc    3m 25s   0%    value_loss        0.012  │
│  Epoch              102    Train        41s  72%    entropy           3.957  │
│  Uptime          8m 44s      Forwa…     14s  25%    old_approx_kl     0.011  │
│  Remaini…     2h 50m 4s      Learn      24s  42%    approx_kl         0.009  │
│                              Copy        0s   0%    clipfrac          0.125  │
│                              Misc        2s   4%    importance        0.998  │
│                                                     explained_var…    0.935  │
│                                                                              │
│  User Stats                    Value    User Stats                    Value  │
│  n                          1031.818    score                         0.865  │
│  offroad_rate                  0.055    collision_rate                0.067  │
│  episode_length               59.264    episode_return                0.733  │
│  dnf_rate                      0.012    completion_rate               0.865  │
│  lane_alignment_rate           0.604    lane_aligned_steps           23.067  │
│  lane_distance_count          34.078    speed_limit_rate              0.370  │
│  lane_distance_avg             0.921    velocity_reward_total         0.000  │
│  comfort_violations           86.547    offroad_per_agent             0.055  │
│  collisions_per_agent          0.067    goals_sampled_this_ep…        1.000  │
│  goals_reached_this_ep…        0.865    speed_at_goal                11.953  │
╰──────────────────────────────────────────────────────────────────────────────╯

[0;0H╭──────────────────────────────────────────────────────────────────────────────╮
│  PufferLib 3.0        🐡      CPU: 5.4%    GPU:     DRAM: 0.5%        VRAM:  │
│                                            82.1%                      21.3%  │
│                                                                              │
│  Summary          Value    Evaluate  3m 42s  27%    Losses            Value  │
│  Env       puffer_drive      Forwa…      2s   4%    behavior_pred…    0.012  │
│  Params          747.3K      Env         2s   1%    behavior_pred…    0.274  │
│  Steps            54.0M      Copy       12s  21%    policy_loss       0.011  │
│  SPS             190.5K      Misc    3m 25s   0%    value_loss        0.010  │
│  Epoch              103    Train        41s  72%    entropy           3.956  │
│  Uptime          8m 46s      Forwa…     14s  25%    old_approx_kl     0.007  │
│  Remaini…    2h 50m 14s      Learn      24s  42%    approx_kl         0.006  │
│                              Copy        0s   0%    clipfrac          0.080  │
│                              Misc        2s   4%    importance        0.999  │
│                                                     explained_var…    0.944  │
│                                                                              │
│  User Stats                    Value    User Stats                    Value  │
│  n                          1032.833    score                         0.844  │
│  offroad_rate                  0.055    collision_rate                0.065  │
│  episode_length               60.243    episode_return                0.706  │
│  dnf_rate                      0.035    completion_rate               0.844  │
│  lane_alignment_rate           0.589    lane_aligned_steps           22.001  │
│  lane_distance_count          32.972    speed_limit_rate              0.366  │
│  lane_distance_avg             0.938    velocity_reward_total         0.000  │
│  comfort_violations           83.532    offroad_per_agent             0.055  │
│  collisions_per_agent          0.065    goals_sampled_this_ep…        1.000  │
│  goals_reached_this_ep…        0.844    speed_at_goal                11.661  │
╰──────────────────────────────────────────────────────────────────────────────╯

[0;0H╭──────────────────────────────────────────────────────────────────────────────╮
│  PufferLib 3.0       🐡       CPU: 5.7%    GPU:     DRAM: 0.5%        VRAM:  │
│                                            82.0%                      21.3%  │
│                                                                              │
│  Summary          Value    Evaluate  3m 42s  27%    Losses            Value  │
│  Env       puffer_drive      Forwa…      2s   4%    behavior_pred…    0.012  │
│  Params          747.3K      Env         2s   1%    behavior_pred…    0.276  │
│  Steps            54.5M      Copy       12s  21%    policy_loss       0.012  │
│  SPS             190.2K      Misc    3m 25s   0%    value_loss        0.010  │
│  Epoch              104    Train        41s  72%    entropy           3.954  │
│  Uptime          8m 49s      Forwa…     14s  25%    old_approx_kl     0.008  │
│  Remaini…    2h 50m 30s      Learn      24s  42%    approx_kl         0.006  │
│                              Copy        0s   0%    clipfrac          0.073  │
│                              Misc        2s   4%    importance        0.998  │
│                                                     explained_var…    0.944  │
│                                                                              │
│  User Stats                    Value    User Stats                    Value  │
│  n                          1036.000    score                         0.873  │
│  offroad_rate                  0.057    collision_rate                0.057  │
│  episode_length               59.830    episode_return                0.753  │
│  dnf_rate                      0.012    completion_rate               0.873  │
│  lane_alignment_rate           0.601    lane_aligned_steps           23.321  │
│  lane_distance_count          34.547    speed_limit_rate              0.371  │
│  lane_distance_avg             0.937    velocity_reward_total         0.000  │
│  comfort_violations           87.754    offroad_per_agent             0.057  │
│  collisions_per_agent          0.057    goals_sampled_this_ep…        1.000  │
│  goals_reached_this_ep…        0.873    speed_at_goal                12.042  │
╰──────────────────────────────────────────────────────────────────────────────╯

[0;0H╭──────────────────────────────────────────────────────────────────────────────╮
│  PufferLib 3.0      🐡        CPU: 5.8%    GPU:     DRAM: 0.5%        VRAM:  │
│                                            81.8%                      21.3%  │
│                                                                              │
│  Summary          Value    Evaluate  3m 42s  27%    Losses            Value  │
│  Env       puffer_drive      Forwa…      2s   4%    behavior_pred…    0.012  │
│  Params          747.3K      Env         2s   1%    behavior_pred…    0.266  │
│  Steps            55.1M      Copy       12s  21%    policy_loss       0.016  │
│  SPS             189.8K      Misc    3m 25s   0%    value_loss        0.012  │
│  Epoch              105    Train        41s  72%    entropy           3.962  │
│  Uptime          8m 52s      Forwa…     14s  25%    old_approx_kl     0.009  │
│  Remaini…    2h 50m 44s      Learn      24s  42%    approx_kl         0.008  │
│                              Copy        0s   0%    clipfrac          0.106  │
│                              Misc        2s   4%    importance        0.998  │
│                                                     explained_var…    0.936  │
│                                                                              │
│  User Stats                    Value    User Stats                    Value  │
│  n                          1039.857    score                         0.853  │
│  offroad_rate                  0.059    collision_rate                0.058  │
│  episode_length               60.122    episode_return                0.734  │
│  dnf_rate                      0.030    completion_rate               0.853  │
│  lane_alignment_rate           0.584    lane_aligned_steps           22.198  │
│  lane_distance_count          33.784    speed_limit_rate              0.363  │
│  lane_distance_avg             0.949    velocity_reward_total         0.000  │
│  comfort_violations           85.543    offroad_per_agent             0.059  │
│  collisions_per_agent          0.058    goals_sampled_this_ep…        1.000  │
│  goals_reached_this_ep…        0.853    speed_at_goal                11.893  │
╰──────────────────────────────────────────────────────────────────────────────╯

[0;0H╭──────────────────────────────────────────────────────────────────────────────╮
│  PufferLib 3.0     🐡         CPU: 5.7%    GPU:     DRAM: 0.5%        VRAM:  │
│                                            82.2%                      21.3%  │
│                                                                              │
│  Summary          Value    Evaluate  3m 43s  27%    Losses            Value  │
│  Env       puffer_drive      Forwa…      2s   4%    behavior_pred…    0.012  │
│  Params          747.3K      Env         2s   1%    behavior_pred…    0.268  │
│  Steps            55.6M      Copy       13s  21%    policy_loss       0.014  │
│  SPS             190.5K      Misc    3m 25s   0%    value_loss        0.011  │
│  Epoch              106    Train        43s  72%    entropy           3.959  │
│  Uptime          8m 55s      Forwa…     15s  25%    old_approx_kl     0.010  │
│  Remaini…     2h 50m 8s      Learn      25s  42%    approx_kl         0.008  │
│                              Copy        0s   0%    clipfrac          0.119  │
│                              Misc        2s   4%    importance        0.998  │
│                                                     explained_var…    0.943  │
│                                                                              │
│  User Stats                    Value    User Stats                    Value  │
│  n                          1041.889    score                         0.877  │
│  offroad_rate                  0.057    collision_rate                0.054  │
│  episode_length               59.606    episode_return                0.763  │
│  dnf_rate                      0.012    completion_rate               0.877  │
│  lane_alignment_rate           0.610    lane_aligned_steps           23.249  │
│  lane_distance_count          34.445    speed_limit_rate              0.376  │
│  lane_distance_avg             0.935    velocity_reward_total         0.000  │
│  comfort_violations           87.292    offroad_per_agent             0.057  │
│  collisions_per_agent          0.054    goals_sampled_this_ep…        1.000  │
│  goals_reached_this_ep…        0.877    speed_at_goal                11.998  │
╰──────────────────────────────────────────────────────────────────────────────╯

[0;0H╭──────────────────────────────────────────────────────────────────────────────╮
│  PufferLib 3.0    🐡          CPU: 5.8%    GPU:     DRAM: 0.5%        VRAM:  │
│                                            82.0%                      21.3%  │
│                                                                              │
│  Summary          Value    Evaluate  3m 43s  26%    Losses            Value  │
│  Env       puffer_drive      Forwa…      2s   3%    behavior_pred…    0.012  │
│  Params          747.3K      Env         2s   1%    behavior_pred…    0.279  │
│  Steps            56.1M      Copy       13s  21%    policy_loss       0.013  │
│  SPS             193.0K      Misc    3m 25s   0%    value_loss        0.010  │
│  Epoch              107    Train        43s  73%    entropy           3.962  │
│  Uptime          8m 57s      Forwa…     15s  25%    old_approx_kl     0.008  │
│  Remaini…    2h 47m 50s      Learn      25s  43%    approx_kl         0.007  │
│                              Copy        0s   0%    clipfrac          0.102  │
│                              Misc        2s   4%    importance        0.999  │
│                                                     explained_var…    0.944  │
│                                                                              │
│  User Stats                    Value    User Stats                    Value  │
│  n                          1030.625    score                         0.853  │
│  offroad_rate                  0.057    collision_rate                0.063  │
│  episode_length               58.611    episode_return                0.727  │
│  dnf_rate                      0.027    completion_rate               0.853  │
│  lane_alignment_rate           0.590    lane_aligned_steps           21.643  │
│  lane_distance_count          33.627    speed_limit_rate              0.361  │
│  lane_distance_avg             0.978    velocity_reward_total         0.000  │
│  comfort_violations           85.117    offroad_per_agent             0.057  │
│  collisions_per_agent          0.063    goals_sampled_this_ep…        1.000  │
│  goals_reached_this_ep…        0.853    speed_at_goal                11.635  │
╰──────────────────────────────────────────────────────────────────────────────╯

[0;0H╭──────────────────────────────────────────────────────────────────────────────╮
│  PufferLib 3.0   🐡           CPU: 5.8%    GPU:     DRAM: 0.5%        VRAM:  │
│                                            82.7%                      21.3%  │
│                                                                              │
│  Summary          Value    Evaluate  3m 43s  26%    Losses            Value  │
│  Env       puffer_drive      Forwa…      2s   3%    behavior_pred…    0.012  │
│  Params          747.3K      Env         2s   1%    behavior_pred…    0.273  │
│  Steps            56.6M      Copy       13s  21%    policy_loss       0.013  │
│  SPS             194.5K      Misc    3m 25s   0%    value_loss        0.010  │
│  Epoch              108    Train        43s  73%    entropy           3.976  │
│  Uptime           9m 0s      Forwa…     15s  25%    old_approx_kl     0.009  │
│  Remaini…    2h 46m 29s      Learn      25s  43%    approx_kl         0.008  │
│                              Copy        0s   0%    clipfrac          0.103  │
│                              Misc        2s   4%    importance        0.998  │
│                                                     explained_var…    0.947  │
│                                                                              │
│  User Stats                    Value    User Stats                    Value  │
│  n                          1041.125    score                         0.873  │
│  offroad_rate                  0.057    collision_rate                0.058  │
│  episode_length               59.891    episode_return                0.755  │
│  dnf_rate                      0.011    completion_rate               0.873  │
│  lane_alignment_rate           0.611    lane_aligned_steps           22.945  │
│  lane_distance_count          34.416    speed_limit_rate              0.368  │
│  lane_distance_avg             0.939    velocity_reward_total         0.000  │
│  comfort_violations           87.197    offroad_per_agent             0.057  │
│  collisions_per_agent          0.058    goals_sampled_this_ep…        1.000  │
│  goals_reached_this_ep…        0.873    speed_at_goal                12.020  │
╰──────────────────────────────────────────────────────────────────────────────╯

[0;0H╭──────────────────────────────────────────────────────────────────────────────╮
│  PufferLib 3.0  🐡            CPU: 5.9%    GPU:     DRAM: 0.5%        VRAM:  │
│                                            82.9%                      21.3%  │
│                                                                              │
│  Summary          Value    Evaluate  3m 43s  26%    Losses            Value  │
│  Env       puffer_drive      Forwa…      2s   3%    behavior_pred…    0.012  │
│  Params          747.3K      Env         2s   1%    behavior_pred…    0.272  │
│  Steps            57.1M      Copy       13s  21%    policy_loss       0.014  │
│  SPS             194.8K      Misc    3m 25s   0%    value_loss        0.010  │
│  Epoch              109    Train        43s  73%    entropy           3.976  │
│  Uptime           9m 3s      Forwa…     15s  25%    old_approx_kl     0.010  │
│  Remaini…    2h 46m 14s      Learn      25s  43%    approx_kl         0.008  │
│                              Copy        0s   0%    clipfrac          0.115  │
│                              Misc        2s   4%    importance        0.999  │
│                                                     explained_var…    0.947  │
│                                                                              │
│  User Stats                    Value    User Stats                    Value  │
│  n                          1031.889    score                         0.864  │
│  offroad_rate                  0.057    collision_rate                0.053  │
│  episode_length               59.783    episode_return                0.747  │
│  dnf_rate                      0.026    completion_rate               0.864  │
│  lane_alignment_rate           0.592    lane_aligned_steps           22.068  │
│  lane_distance_count          33.876    speed_limit_rate              0.373  │
│  lane_distance_avg             0.942    velocity_reward_total         0.000  │
│  comfort_violations           85.759    offroad_per_agent             0.057  │
│  collisions_per_agent          0.053    goals_sampled_this_ep…        1.000  │
│  goals_reached_this_ep…        0.864    speed_at_goal                11.908  │
╰──────────────────────────────────────────────────────────────────────────────╯

[0;0H╭──────────────────────────────────────────────────────────────────────────────╮
│  PufferLib 3.0 🐡             CPU: 6.0%    GPU:     DRAM: 0.5%        VRAM:  │
│                                            83.6%                      21.3%  │
│                                                                              │
│  Summary          Value    Evaluate  3m 43s  26%    Losses            Value  │
│  Env       puffer_drive      Forwa…      2s   3%    behavior_pred…    0.012  │
│  Params          747.3K      Env         2s   1%    behavior_pred…    0.262  │
│  Steps            57.7M      Copy       13s  21%    policy_loss       0.011  │
│  SPS             196.2K      Misc    3m 25s   0%    value_loss        0.009  │
│  Epoch              110    Train        43s  73%    entropy           3.984  │
│  Uptime           9m 5s      Forwa…     15s  25%    old_approx_kl     0.011  │
│  Remaini…    2h 44m 58s      Learn      25s  43%    approx_kl         0.009  │
│                              Copy        0s   0%    clipfrac          0.128  │
│                              Misc        2s   4%    importance        0.998  │
│                                                     explained_var…    0.949  │
│                                                                              │
│  User Stats                    Value    User Stats                    Value  │
│  n                          1039.000    score                         0.874  │
│  offroad_rate                  0.057    collision_rate                0.050  │
│  episode_length               59.718    episode_return                0.765  │
│  dnf_rate                      0.019    completion_rate               0.874  │
│  lane_alignment_rate           0.621    lane_aligned_steps           23.349  │
│  lane_distance_count          34.219    speed_limit_rate              0.375  │
│  lane_distance_avg             0.947    velocity_reward_total         0.000  │
│  comfort_violations           86.640    offroad_per_agent             0.057  │
│  collisions_per_agent          0.050    goals_sampled_this_ep…        1.000  │
│  goals_reached_this_ep…        0.874    speed_at_goal                11.998  │
╰──────────────────────────────────────────────────────────────────────────────╯

[0;0H╭──────────────────────────────────────────────────────────────────────────────╮
│  PufferLib 3.0          🐡    CPU: 5.7%    GPU:     DRAM: 0.5%        VRAM:  │
│                                            83.8%                      21.3%  │
│                                                                              │
│  Summary          Value    Evaluate  3m 44s  26%    Losses            Value  │
│  Env       puffer_drive      Forwa…      2s   3%    behavior_pred…    0.012  │
│  Params          747.3K      Env         2s   1%    behavior_pred…    0.281  │
│  Steps            58.2M      Copy       13s  21%    policy_loss       0.012  │
│  SPS             197.0K      Misc    3m 25s   0%    value_loss        0.009  │
│  Epoch              111    Train        45s  73%    entropy           3.984  │
│  Uptime           9m 8s      Forwa…     16s  25%    old_approx_kl     0.010  │
│  Remaini…    2h 44m 17s      Learn      26s  43%    approx_kl         0.008  │
│                              Copy        0s   0%    clipfrac          0.114  │
│                              Misc        2s   4%    importance        0.998  │
│                                                     explained_var…    0.952  │
│                                                                              │
│  User Stats                    Value    User Stats                    Value  │
│  n                          1036.000    score                         0.869  │
│  offroad_rate                  0.059    collision_rate                0.052  │
│  episode_length               60.476    episode_return                0.758  │
│  dnf_rate                      0.020    completion_rate               0.869  │
│  lane_alignment_rate           0.594    lane_aligned_steps           22.487  │
│  lane_distance_count          34.152    speed_limit_rate              0.360  │
│  lane_distance_avg             0.948    velocity_reward_total         0.000  │
│  comfort_violations           86.425    offroad_per_agent             0.059  │
│  collisions_per_agent          0.052    goals_sampled_this_ep…        1.000  │
│  goals_reached_this_ep…        0.869    speed_at_goal                11.855  │
╰──────────────────────────────────────────────────────────────────────────────╯

[0;0H╭──────────────────────────────────────────────────────────────────────────────╮
│  PufferLib 3.0         🐡     CPU: 5.9%    GPU:     DRAM: 0.5%        VRAM:  │
│                                            83.5%                      21.3%  │
│                                                                              │
│  Summary          Value    Evaluate  3m 44s  27%    Losses            Value  │
│  Env       puffer_drive      Forwa…      2s   4%    behavior_pred…    0.012  │
│  Params          747.3K      Env         2s   1%    behavior_pred…    0.275  │
│  Steps            58.7M      Copy       13s  21%    policy_loss       0.013  │
│  SPS             196.3K      Misc    3m 25s   0%    value_loss        0.009  │
│  Epoch              112    Train        45s  72%    entropy           3.975  │
│  Uptime          9m 11s      Forwa…     16s  25%    old_approx_kl     0.010  │
│  Remaini…    2h 44m 50s      Learn      26s  42%    approx_kl         0.008  │
│                              Copy        0s   0%    clipfrac          0.115  │
│                              Misc        2s   3%    importance        0.999  │
│                                                     explained_var…    0.948  │
│                                                                              │
│  User Stats                    Value    User Stats                    Value  │
│  n                          1039.714    score                         0.879  │
│  offroad_rate                  0.050    collision_rate                0.047  │
│  episode_length               61.681    episode_return                0.781  │
│  dnf_rate                      0.023    completion_rate               0.879  │
│  lane_alignment_rate           0.613    lane_aligned_steps           23.778  │
│  lane_distance_count          35.151    speed_limit_rate              0.387  │
│  lane_distance_avg             0.942    velocity_reward_total         0.000  │
│  comfort_violations           89.192    offroad_per_agent             0.050  │
│  collisions_per_agent          0.047    goals_sampled_this_ep…        1.000  │
│  goals_reached_this_ep…        0.879    speed_at_goal                12.225  │
╰──────────────────────────────────────────────────────────────────────────────╯

[0;0H╭──────────────────────────────────────────────────────────────────────────────╮
│  PufferLib 3.0        🐡      CPU: 5.8%    GPU:     DRAM: 0.5%        VRAM:  │
│                                            82.6%                      21.3%  │
│                                                                              │
│  Summary          Value    Evaluate  3m 44s  27%    Losses            Value  │
│  Env       puffer_drive      Forwa…      2s   4%    behavior_pred…    0.012  │
│  Params          747.3K      Env         2s   1%    behavior_pred…    0.268  │
│  Steps            59.2M      Copy       13s  21%    policy_loss       0.014  │
│  SPS             181.9K      Misc    3m 25s   0%    value_loss        0.010  │
│  Epoch              113    Train        45s  72%    entropy           3.984  │
│  Uptime          9m 14s      Forwa…     16s  25%    old_approx_kl     0.010  │
│  Remaini…    2h 57m 48s      Learn      26s  42%    approx_kl         0.008  │
│                              Copy        0s   0%    clipfrac          0.112  │
│                              Misc        2s   3%    importance        0.998  │
│                                                     explained_var…    0.947  │
│                                                                              │
│  User Stats                    Value    User Stats                    Value  │
│  n                          1037.000    score                         0.869  │
│  offroad_rate                  0.053    collision_rate                0.056  │
│  episode_length               61.269    episode_return                0.754  │
│  dnf_rate                      0.023    completion_rate               0.869  │
│  lane_alignment_rate           0.595    lane_aligned_steps           22.576  │
│  lane_distance_count          34.610    speed_limit_rate              0.365  │
│  lane_distance_avg             0.951    velocity_reward_total         0.000  │
│  comfort_violations           87.624    offroad_per_agent             0.053  │
│  collisions_per_agent          0.056    goals_sampled_this_ep…        1.000  │
│  goals_reached_this_ep…        0.869    speed_at_goal                11.880  │
╰──────────────────────────────────────────────────────────────────────────────╯

[0;0H╭──────────────────────────────────────────────────────────────────────────────╮
│  PufferLib 3.0       🐡       CPU: 5.9%    GPU:     DRAM: 0.5%        VRAM:  │
│                                            74.5%                      21.3%  │
│                                                                              │
│  Summary          Value    Evaluate  3m 44s  27%    Losses            Value  │
│  Env       puffer_drive      Forwa…      2s   4%    behavior_pred…    0.013  │
│  Params          747.3K      Env         2s   1%    behavior_pred…    0.288  │
│  Steps            59.8M      Copy       13s  21%    policy_loss       0.008  │
│  SPS             121.3K      Misc    3m 25s   0%    value_loss        0.008  │
│  Epoch              114    Train        45s  72%    entropy           3.977  │
│  Uptime          9m 18s      Forwa…     16s  25%    old_approx_kl     0.010  │
│  Remaini…    4h 26m 36s      Learn      26s  42%    approx_kl         0.009  │
│                              Copy        0s   0%    clipfrac          0.124  │
│                              Misc        2s   3%    importance        0.998  │
│                                                     explained_var…    0.952  │
│                                                                              │
│  User Stats                    Value    User Stats                    Value  │
│  n                          1039.000    score                         0.880  │
│  offroad_rate                  0.048    collision_rate                0.053  │
│  episode_length               60.508    episode_return                0.771  │
│  dnf_rate                      0.019    completion_rate               0.880  │
│  lane_alignment_rate           0.607    lane_aligned_steps           23.278  │
│  lane_distance_count          34.536    speed_limit_rate              0.374  │
│  lane_distance_avg             0.946    velocity_reward_total         0.000  │
│  comfort_violations           87.670    offroad_per_agent             0.048  │
│  collisions_per_agent          0.053    goals_sampled_this_ep…        1.000  │
│  goals_reached_this_ep…        0.880    speed_at_goal                12.078  │
╰──────────────────────────────────────────────────────────────────────────────╯

[0;0H╭──────────────────────────────────────────────────────────────────────────────╮
│  PufferLib 3.0      🐡        CPU: 6.1%    GPU:     DRAM: 0.5%        VRAM:  │
│                                            73.7%                      21.3%  │
│                                                                              │
│  Summary          Value    Evaluate  3m 44s  27%    Losses            Value  │
│  Env       puffer_drive      Forwa…      2s   4%    behavior_pred…    0.013  │
│  Params          747.3K      Env         2s   1%    behavior_pred…    0.335  │
│  Steps            60.3M      Copy       13s  21%    policy_loss       0.024  │
│  SPS             188.2K      Misc    3m 25s   0%    value_loss        0.016  │
│  Epoch              115    Train        45s  72%    entropy           3.996  │
│  Uptime          9m 21s      Forwa…     16s  25%    old_approx_kl     0.012  │
│  Remaini…    2h 51m 47s      Learn      26s  42%    approx_kl         0.010  │
│                              Copy        0s   0%    clipfrac          0.143  │
│                              Misc        2s   3%    importance        0.997  │
│                                                     explained_var…    0.889  │
│                                                                              │
│  User Stats                    Value    User Stats                    Value  │
│  n                          1039.000    score                         0.880  │
│  offroad_rate                  0.048    collision_rate                0.053  │
│  episode_length               60.508    episode_return                0.771  │
│  dnf_rate                      0.019    completion_rate               0.880  │
│  lane_alignment_rate           0.607    lane_aligned_steps           23.278  │
│  lane_distance_count          34.536    speed_limit_rate              0.374  │
│  lane_distance_avg             0.946    velocity_reward_total         0.000  │
│  comfort_violations           87.670    offroad_per_agent             0.048  │
│  collisions_per_agent          0.053    goals_sampled_this_ep…        1.000  │
│  goals_reached_this_ep…        0.880    speed_at_goal                12.078  │
╰──────────────────────────────────────────────────────────────────────────────╯

[0;0H╭──────────────────────────────────────────────────────────────────────────────╮
│  PufferLib 3.0     🐡         CPU: 6.1%    GPU:     DRAM: 0.5%        VRAM:  │
│                                            73.2%                      21.3%  │
│                                                                              │
│  Summary          Value    Evaluate  3m 44s  27%    Losses            Value  │
│  Env       puffer_drive      Forwa…      3s   4%    behavior_pred…    0.012  │
│  Params          747.3K      Env         2s   1%    behavior_pred…    0.245  │
│  Steps            60.8M      Copy       14s  21%    policy_loss      -0.004  │
│  SPS             186.8K      Misc    3m 25s   0%    value_loss        0.009  │
│  Epoch              116    Train        47s  72%    entropy           3.992  │
│  Uptime          9m 24s      Forwa…     16s  25%    old_approx_kl     0.010  │
│  Remaini…     2h 53m 0s      Learn      27s  42%    approx_kl         0.009  │
│                              Copy        0s   0%    clipfrac          0.138  │
│                              Misc        2s   3%    importance        0.999  │
│                                                     explained_var…    0.955  │
│                                                                              │
│  User Stats                    Value    User Stats                    Value  │
│  n                          1039.000    score                         0.880  │
│  offroad_rate                  0.048    collision_rate                0.053  │
│  episode_length               60.508    episode_return                0.771  │
│  dnf_rate                      0.019    completion_rate               0.880  │
│  lane_alignment_rate           0.607    lane_aligned_steps           23.278  │
│  lane_distance_count          34.536    speed_limit_rate              0.374  │
│  lane_distance_avg             0.946    velocity_reward_total         0.000  │
│  comfort_violations           87.670    offroad_per_agent             0.048  │
│  collisions_per_agent          0.053    goals_sampled_this_ep…        1.000  │
│  goals_reached_this_ep…        0.880    speed_at_goal                12.078  │
╰──────────────────────────────────────────────────────────────────────────────╯

[0;0H╭──────────────────────────────────────────────────────────────────────────────╮
│  PufferLib 3.0    🐡          CPU: 5.8%    GPU:     DRAM: 0.5%        VRAM:  │
│                                            72.5%                      21.3%  │
│                                                                              │
│  Summary          Value    Evaluate  3m 44s  28%    Losses            Value  │
│  Env       puffer_drive      Forwa…      3s   4%    behavior_pred…    0.013  │
│  Params          747.3K      Env         2s   1%    behavior_pred…    0.296  │
│  Steps            61.3M      Copy       14s  22%    policy_loss       0.010  │
│  SPS             187.8K      Misc    3m 25s   0%    value_loss        0.012  │
│  Epoch              117    Train        47s  71%    entropy           3.990  │
│  Uptime          9m 27s      Forwa…     16s  25%    old_approx_kl     0.010  │
│  Remaini…     2h 52m 0s      Learn      27s  41%    approx_kl         0.009  │
│                              Copy        0s   0%    clipfrac          0.120  │
│                              Misc        2s   4%    importance        0.998  │
│                                                     explained_var…    0.927  │
│                                                                              │
│  User Stats                    Value    User Stats                    Value  │
│  n                          1048.438    score                         0.852  │
│  offroad_rate                  0.067    collision_rate                0.073  │
│  episode_length               59.901    episode_return                0.705  │
│  dnf_rate                      0.008    completion_rate               0.852  │
│  lane_alignment_rate           0.571    lane_aligned_steps           21.617  │
│  lane_distance_count          34.490    speed_limit_rate              0.389  │
│  lane_distance_avg             0.917    velocity_reward_total         0.000  │
│  comfort_violations           88.175    offroad_per_agent             0.067  │
│  collisions_per_agent          0.073    goals_sampled_this_ep…        1.000  │
│  goals_reached_this_ep…        0.852    speed_at_goal                11.888  │
╰──────────────────────────────────────────────────────────────────────────────╯

[0;0H╭──────────────────────────────────────────────────────────────────────────────╮
│  PufferLib 3.0   🐡           CPU: 5.7%    GPU:     DRAM: 0.5%        VRAM:  │
│                                            72.2%                      21.3%  │
│                                                                              │
│  Summary          Value    Evaluate  3m 44s  28%    Losses            Value  │
│  Env       puffer_drive      Forwa…      3s   4%    behavior_pred…    0.012  │
│  Params          747.3K      Env         2s   1%    behavior_pred…    0.259  │
│  Steps            61.9M      Copy       14s  22%    policy_loss       0.011  │
│  SPS             187.1K      Misc    3m 25s   0%    value_loss        0.011  │
│  Epoch              118    Train        47s  71%    entropy           3.993  │
│  Uptime          9m 29s      Forwa…     16s  25%    old_approx_kl     0.012  │
│  Remaini…    2h 52m 38s      Learn      27s  41%    approx_kl         0.009  │
│                              Copy        0s   0%    clipfrac          0.125  │
│                              Misc        2s   4%    importance        0.997  │
│                                                     explained_var…    0.939  │
│                                                                              │
│  User Stats                    Value    User Stats                    Value  │
│  n                          1048.438    score                         0.852  │
│  offroad_rate                  0.067    collision_rate                0.073  │
│  episode_length               59.901    episode_return                0.705  │
│  dnf_rate                      0.008    completion_rate               0.852  │
│  lane_alignment_rate           0.571    lane_aligned_steps           21.617  │
│  lane_distance_count          34.490    speed_limit_rate              0.389  │
│  lane_distance_avg             0.917    velocity_reward_total         0.000  │
│  comfort_violations           88.175    offroad_per_agent             0.067  │
│  collisions_per_agent          0.073    goals_sampled_this_ep…        1.000  │
│  goals_reached_this_ep…        0.852    speed_at_goal                11.888  │
╰──────────────────────────────────────────────────────────────────────────────╯

[0;0H╭──────────────────────────────────────────────────────────────────────────────╮
│  PufferLib 3.0  🐡            CPU: 5.5%    GPU:     DRAM: 0.5%        VRAM:  │
│                                            72.5%                      21.3%  │
│                                                                              │
│  Summary          Value    Evaluate  3m 44s  28%    Losses            Value  │
│  Env       puffer_drive      Forwa…      3s   4%    behavior_pred…    0.012  │
│  Params          747.3K      Env         2s   1%    behavior_pred…    0.285  │
│  Steps            62.4M      Copy       14s  22%    policy_loss       0.007  │
│  SPS             186.9K      Misc    3m 25s   0%    value_loss        0.010  │
│  Epoch              119    Train        47s  71%    entropy           3.983  │
│  Uptime          9m 32s      Forwa…     16s  25%    old_approx_kl     0.008  │
│  Remaini…    2h 52m 45s      Learn      27s  41%    approx_kl         0.007  │
│                              Copy        0s   0%    clipfrac          0.088  │
│                              Misc        2s   4%    importance        0.998  │
│                                                     explained_var…    0.946  │
│                                                                              │
│  User Stats                    Value    User Stats                    Value  │
│  n                          1038.071    score                         0.860  │
│  offroad_rate                  0.068    collision_rate                0.056  │
│  episode_length               59.300    episode_return                0.741  │
│  dnf_rate                      0.016    completion_rate               0.860  │
│  lane_alignment_rate           0.610    lane_aligned_steps           22.726  │
│  lane_distance_count          33.525    speed_limit_rate              0.333  │
│  lane_distance_avg             0.947    velocity_reward_total         0.000  │
│  comfort_violations           84.616    offroad_per_agent             0.068  │
│  collisions_per_agent          0.056    goals_sampled_this_ep…        1.000  │
│  goals_reached_this_ep…        0.860    speed_at_goal                11.082  │
╰──────────────────────────────────────────────────────────────────────────────╯

[0;0H╭──────────────────────────────────────────────────────────────────────────────╮
│  PufferLib 3.0 🐡             CPU: 6.0%    GPU:     DRAM: 0.5%        VRAM:  │
│                                            72.5%                      21.3%  │
│                                                                              │
│  Summary          Value    Evaluate  3m 44s  28%    Losses            Value  │
│  Env       puffer_drive      Forwa…      3s   4%    behavior_pred…    0.012  │
│  Params          747.3K      Env         2s   1%    behavior_pred…    0.277  │
│  Steps            62.9M      Copy       14s  22%    policy_loss       0.010  │
│  SPS             188.4K      Misc    3m 25s   0%    value_loss        0.009  │
│  Epoch              120    Train        47s  71%    entropy           3.996  │
│  Uptime          9m 35s      Forwa…     16s  25%    old_approx_kl     0.010  │
│  Remaini…    2h 51m 21s      Learn      27s  41%    approx_kl         0.008  │
│                              Copy        0s   0%    clipfrac          0.111  │
│                              Misc        2s   4%    importance        0.998  │
│                                                     explained_var…    0.946  │
│                                                                              │
│  User Stats                    Value    User Stats                    Value  │
│  n                          1043.500    score                         0.865  │
│  offroad_rate                  0.066    collision_rate                0.059  │
│  episode_length               60.495    episode_return                0.741  │
│  dnf_rate                      0.010    completion_rate               0.865  │
│  lane_alignment_rate           0.594    lane_aligned_steps           22.230  │
│  lane_distance_count          33.750    speed_limit_rate              0.366  │
│  lane_distance_avg             0.904    velocity_reward_total         0.000  │
│  comfort_violations           85.804    offroad_per_agent             0.066  │
│  collisions_per_agent          0.059    goals_sampled_this_ep…        1.000  │
│  goals_reached_this_ep…        0.865    speed_at_goal                11.764  │
╰──────────────────────────────────────────────────────────────────────────────╯

[0;0H╭──────────────────────────────────────────────────────────────────────────────╮
│  PufferLib 3.0          🐡    CPU: 5.6%    GPU:     DRAM: 0.5%        VRAM:  │
│                                            80.4%                      21.3%  │
│                                                                              │
│  Summary          Value    Evaluate  3m 45s  28%    Losses            Value  │
│  Env       puffer_drive      Forwa…      3s   4%    behavior_pred…    0.012  │
│  Params          747.3K      Env         2s   1%    behavior_pred…    0.275  │
│  Steps            63.4M      Copy       14s  22%    policy_loss       0.011  │
│  SPS             186.8K      Misc    3m 25s   0%    value_loss        0.009  │
│  Epoch              121    Train        49s  71%    entropy           3.985  │
│  Uptime          9m 38s      Forwa…     17s  25%    old_approx_kl     0.010  │
│  Remaini…    2h 52m 48s      Learn      28s  41%    approx_kl         0.008  │
│                              Copy        0s   0%    clipfrac          0.111  │
│                              Misc        2s   4%    importance        0.998  │
│                                                     explained_var…    0.952  │
│                                                                              │
│  User Stats                    Value    User Stats                    Value  │
│  n                          1039.846    score                         0.880  │
│  offroad_rate                  0.056    collision_rate                0.049  │
│  episode_length               61.576    episode_return                0.772  │
│  dnf_rate                      0.015    completion_rate               0.880  │
│  lane_alignment_rate           0.612    lane_aligned_steps           23.454  │
│  lane_distance_count          35.243    speed_limit_rate              0.384  │
│  lane_distance_avg             0.907    velocity_reward_total         0.000  │
│  comfort_violations           90.004    offroad_per_agent             0.056  │
│  collisions_per_agent          0.049    goals_sampled_this_ep…        1.000  │
│  goals_reached_this_ep…        0.880    speed_at_goal                12.232  │
╰──────────────────────────────────────────────────────────────────────────────╯

[0;0H╭──────────────────────────────────────────────────────────────────────────────╮
│  PufferLib 3.0         🐡     CPU: 5.6%    GPU:     DRAM: 0.5%        VRAM:  │
│                                            80.0%                      21.3%  │
│                                                                              │
│  Summary          Value    Evaluate  3m 45s  28%    Losses            Value  │
│  Env       puffer_drive      Forwa…      3s   4%    behavior_pred…    0.012  │
│  Params          747.3K      Env         2s   1%    behavior_pred…    0.271  │
│  Steps            64.0M      Copy       14s  22%    policy_loss       0.015  │
│  SPS             187.3K      Misc    3m 25s   0%    value_loss        0.010  │
│  Epoch              122    Train        49s  71%    entropy           3.984  │
│  Uptime          9m 41s      Forwa…     17s  25%    old_approx_kl     0.012  │
│  Remaini…    2h 52m 15s      Learn      28s  41%    approx_kl         0.009  │
│                              Copy        0s   0%    clipfrac          0.120  │
│                              Misc        2s   4%    importance        0.998  │
│                                                     explained_var…    0.948  │
│                                                                              │
│  User Stats                    Value    User Stats                    Value  │
│  n                          1029.000    score                         0.874  │
│  offroad_rate                  0.061    collision_rate                0.048  │
│  episode_length               63.202    episode_return                0.770  │
│  dnf_rate                      0.017    completion_rate               0.874  │
│  lane_alignment_rate           0.597    lane_aligned_steps           22.832  │
│  lane_distance_count          34.984    speed_limit_rate              0.397  │
│  lane_distance_avg             0.946    velocity_reward_total         0.000  │
│  comfort_violations           89.231    offroad_per_agent             0.061  │
│  collisions_per_agent          0.048    goals_sampled_this_ep…        1.000  │
│  goals_reached_this_ep…        0.874    speed_at_goal                12.314  │
╰──────────────────────────────────────────────────────────────────────────────╯

[0;0H╭──────────────────────────────────────────────────────────────────────────────╮
│  PufferLib 3.0        🐡      CPU: 5.6%    GPU:     DRAM: 0.5%        VRAM:  │
│                                            79.8%                      21.3%  │
│                                                                              │
│  Summary          Value    Evaluate  3m 45s  28%    Losses            Value  │
│  Env       puffer_drive      Forwa…      3s   4%    behavior_pred…    0.012  │
│  Params          747.3K      Env         2s   1%    behavior_pred…    0.275  │
│  Steps            64.5M      Copy       14s  22%    policy_loss       0.010  │
│  SPS             187.3K      Misc    3m 25s   0%    value_loss        0.008  │
│  Epoch              123    Train        49s  71%    entropy           3.989  │
│  Uptime          9m 43s      Forwa…     17s  25%    old_approx_kl     0.010  │
│  Remaini…    2h 52m 15s      Learn      28s  41%    approx_kl         0.009  │
│                              Copy        0s   0%    clipfrac          0.115  │
│                              Misc        2s   4%    importance        0.998  │
│                                                     explained_var…    0.953  │
│                                                                              │
│  User Stats                    Value    User Stats                    Value  │
│  n                          1045.077    score                         0.877  │
│  offroad_rate                  0.059    collision_rate                0.050  │
│  episode_length               62.115    episode_return                0.765  │
│  dnf_rate                      0.014    completion_rate               0.877  │
│  lane_alignment_rate           0.606    lane_aligned_steps           23.402  │
│  lane_distance_count          35.512    speed_limit_rate              0.395  │
│  lane_distance_avg             0.911    velocity_reward_total         0.000  │
│  comfort_violations           91.003    offroad_per_agent             0.059  │
│  collisions_per_agent          0.050    goals_sampled_this_ep…        1.000  │
│  goals_reached_this_ep…        0.877    speed_at_goal                12.406  │
╰──────────────────────────────────────────────────────────────────────────────╯

[0;0H╭──────────────────────────────────────────────────────────────────────────────╮
│  PufferLib 3.0       🐡       CPU: 5.6%    GPU:     DRAM: 0.5%        VRAM:  │
│                                            80.1%                      21.3%  │
│                                                                              │
│  Summary          Value    Evaluate  3m 45s  28%    Losses            Value  │
│  Env       puffer_drive      Forwa…      3s   4%    behavior_pred…    0.012  │
│  Params          747.3K      Env         2s   1%    behavior_pred…    0.266  │
│  Steps            65.0M      Copy       14s  22%    policy_loss       0.013  │
│  SPS             187.3K      Misc    3m 25s   0%    value_loss        0.009  │
│  Epoch              124    Train        49s  71%    entropy           3.990  │
│  Uptime          9m 46s      Forwa…     17s  25%    old_approx_kl     0.011  │
│  Remaini…     2h 52m 9s      Learn      28s  41%    approx_kl         0.009  │
│                              Copy        0s   0%    clipfrac          0.127  │
│                              Misc        2s   4%    importance        0.998  │
│                                                     explained_var…    0.952  │
│                                                                              │
│  User Stats                    Value    User Stats                    Value  │
│  n                          1036.333    score                         0.866  │
│  offroad_rate                  0.065    collision_rate                0.055  │
│  episode_length               63.561    episode_return                0.731  │
│  dnf_rate                      0.014    completion_rate               0.866  │
│  lane_alignment_rate           0.599    lane_aligned_steps           23.537  │
│  lane_distance_count          36.470    speed_limit_rate              0.433  │
│  lane_distance_avg             0.923    velocity_reward_total         0.000  │
│  comfort_violations           93.799    offroad_per_agent             0.065  │
│  collisions_per_agent          0.055    goals_sampled_this_ep…        1.000  │
│  goals_reached_this_ep…        0.866    speed_at_goal                12.721  │
╰──────────────────────────────────────────────────────────────────────────────╯

[0;0H╭──────────────────────────────────────────────────────────────────────────────╮
│  PufferLib 3.0      🐡        CPU: 5.6%    GPU:     DRAM: 0.5%        VRAM:  │
│                                            79.9%                      21.3%  │
│                                                                              │
│  Summary          Value    Evaluate  3m 45s  28%    Losses            Value  │
│  Env       puffer_drive      Forwa…      3s   4%    behavior_pred…    0.013  │
│  Params          747.3K      Env         2s   1%    behavior_pred…    0.280  │
│  Steps            65.5M      Copy       14s  22%    policy_loss       0.011  │
│  SPS             187.8K      Misc    3m 25s   0%    value_loss        0.008  │
│  Epoch              125    Train        49s  71%    entropy           3.995  │
│  Uptime          9m 49s      Forwa…     17s  25%    old_approx_kl     0.011  │
│  Remaini…    2h 51m 41s      Learn      28s  41%    approx_kl         0.009  │
│                              Copy        0s   0%    clipfrac          0.131  │
│                              Misc        2s   4%    importance        0.998  │
│                                                     explained_var…    0.953  │
│                                                                              │
│  User Stats                    Value    User Stats                    Value  │
│  n                          1042.000    score                         0.891  │
│  offroad_rate                  0.051    collision_rate                0.044  │
│  episode_length               60.727    episode_return                0.794  │
│  dnf_rate                      0.014    completion_rate               0.891  │
│  lane_alignment_rate           0.612    lane_aligned_steps           22.919  │
│  lane_distance_count          34.943    speed_limit_rate              0.375  │
│  lane_distance_avg             0.928    velocity_reward_total         0.000  │
│  comfort_violations           89.424    offroad_per_agent             0.051  │
│  collisions_per_agent          0.044    goals_sampled_this_ep…        1.000  │
│  goals_reached_this_ep…        0.891    speed_at_goal                12.296  │
╰──────────────────────────────────────────────────────────────────────────────╯

[0;0H╭──────────────────────────────────────────────────────────────────────────────╮
│  PufferLib 3.0     🐡         CPU: 5.6%    GPU:     DRAM: 0.5%        VRAM:  │
│                                            80.0%                      21.3%  │
│                                                                              │
│  Summary          Value    Evaluate  3m 46s  28%    Losses            Value  │
│  Env       puffer_drive      Forwa…      3s   4%    behavior_pred…    0.012  │
│  Params          747.3K      Env         2s   1%    behavior_pred…    0.282  │
│  Steps            66.1M      Copy       15s  22%    policy_loss       0.014  │
│  SPS             187.2K      Misc    3m 25s   0%    value_loss        0.009  │
│  Epoch              126    Train        51s  71%    entropy           4.002  │
│  Uptime          9m 52s      Forwa…     18s  25%    old_approx_kl     0.011  │
│  Remaini…     2h 52m 8s      Learn      30s  41%    approx_kl         0.009  │
│                              Copy        0s   0%    clipfrac          0.120  │
│                              Misc        2s   4%    importance        0.998  │
│                                                     explained_var…    0.947  │
│                                                                              │
│  User Stats                    Value    User Stats                    Value  │
│  n                          1035.200    score                         0.880  │
│  offroad_rate                  0.056    collision_rate                0.053  │
│  episode_length               63.855    episode_return                0.768  │
│  dnf_rate                      0.012    completion_rate               0.880  │
│  lane_alignment_rate           0.591    lane_aligned_steps           22.878  │
│  lane_distance_count          36.010    speed_limit_rate              0.430  │
│  lane_distance_avg             0.911    velocity_reward_total         0.000  │
│  comfort_violations           92.966    offroad_per_agent             0.056  │
│  collisions_per_agent          0.053    goals_sampled_this_ep…        1.000  │
│  goals_reached_this_ep…        0.880    speed_at_goal                12.978  │
╰──────────────────────────────────────────────────────────────────────────────╯

[0;0H╭──────────────────────────────────────────────────────────────────────────────╮
│  PufferLib 3.0    🐡          CPU: 5.6%    GPU:     DRAM: 0.5%        VRAM:  │
│                                            80.2%                      21.3%  │
│                                                                              │
│  Summary          Value    Evaluate  3m 46s  27%    Losses            Value  │
│  Env       puffer_drive      Forwa…      3s   4%    behavior_pred…    0.012  │
│  Params          747.3K      Env         2s   1%    behavior_pred…    0.272  │
│  Steps            66.6M      Copy       15s  22%    policy_loss       0.014  │
│  SPS             187.2K      Misc    3m 25s   0%    value_loss        0.009  │
│  Epoch              127    Train        51s  72%    entropy           3.992  │
│  Uptime          9m 55s      Forwa…     18s  25%    old_approx_kl     0.012  │
│  Remaini…     2h 52m 9s      Learn      30s  41%    approx_kl         0.010  │
│                              Copy        0s   0%    clipfrac          0.129  │
│                              Misc        2s   4%    importance        0.998  │
│                                                     explained_var…    0.947  │
│                                                                              │
│  User Stats                    Value    User Stats                    Value  │
│  n                          1042.182    score                         0.883  │
│  offroad_rate                  0.057    collision_rate                0.046  │
│  episode_length               60.621    episode_return                0.781  │
│  dnf_rate                      0.014    completion_rate               0.883  │
│  lane_alignment_rate           0.612    lane_aligned_steps           22.799  │
│  lane_distance_count          34.686    speed_limit_rate              0.376  │
│  lane_distance_avg             0.909    velocity_reward_total         0.000  │
│  comfort_violations           88.801    offroad_per_agent             0.057  │
│  collisions_per_agent          0.046    goals_sampled_this_ep…        1.000  │
│  goals_reached_this_ep…        0.883    speed_at_goal                12.216  │
╰──────────────────────────────────────────────────────────────────────────────╯

[0;0H╭──────────────────────────────────────────────────────────────────────────────╮
│  PufferLib 3.0   🐡           CPU: 5.6%    GPU:     DRAM: 0.5%        VRAM:  │
│                                            80.5%                      21.3%  │
│                                                                              │
│  Summary          Value    Evaluate  3m 46s  27%    Losses            Value  │
│  Env       puffer_drive      Forwa…      3s   4%    behavior_pred…    0.013  │
│  Params          747.3K      Env         2s   1%    behavior_pred…    0.270  │
│  Steps            67.1M      Copy       15s  22%    policy_loss       0.012  │
│  SPS             186.2K      Misc    3m 25s   0%    value_loss        0.008  │
│  Epoch              128    Train        51s  72%    entropy           4.002  │
│  Uptime          9m 57s      Forwa…     18s  25%    old_approx_kl     0.013  │
│  Remaini…     2h 53m 3s      Learn      30s  41%    approx_kl         0.010  │
│                              Copy        0s   0%    clipfrac          0.127  │
│                              Misc        2s   4%    importance        0.997  │
│                                                     explained_var…    0.954  │
│                                                                              │
│  User Stats                    Value    User Stats                    Value  │
│  n                          1040.500    score                         0.878  │
│  offroad_rate                  0.058    collision_rate                0.050  │
│  episode_length               62.291    episode_return                0.768  │
│  dnf_rate                      0.014    completion_rate               0.878  │
│  lane_alignment_rate           0.604    lane_aligned_steps           23.139  │
│  lane_distance_count          35.590    speed_limit_rate              0.417  │
│  lane_distance_avg             0.904    velocity_reward_total         0.000  │
│  comfort_violations           91.503    offroad_per_agent             0.058  │
│  collisions_per_agent          0.050    goals_sampled_this_ep…        1.000  │
│  goals_reached_this_ep…        0.878    speed_at_goal                12.704  │
╰──────────────────────────────────────────────────────────────────────────────╯

[0;0H╭──────────────────────────────────────────────────────────────────────────────╮
│  PufferLib 3.0  🐡            CPU: 5.6%    GPU:     DRAM: 0.5%        VRAM:  │
│                                            80.3%                      21.3%  │
│                                                                              │
│  Summary          Value    Evaluate  3m 46s  27%    Losses            Value  │
│  Env       puffer_drive      Forwa…      3s   4%    behavior_pred…    0.012  │
│  Params          747.3K      Env         2s   1%    behavior_pred…    0.269  │
│  Steps            67.6M      Copy       15s  22%    policy_loss       0.012  │
│  SPS             187.0K      Misc    3m 25s   0%    value_loss        0.009  │
│  Epoch              129    Train        51s  72%    entropy           4.000  │
│  Uptime          10m 0s      Forwa…     18s  25%    old_approx_kl     0.011  │
│  Remaini…    2h 52m 13s      Learn      30s  41%    approx_kl         0.009  │
│                              Copy        0s   0%    clipfrac          0.118  │
│                              Misc        2s   4%    importance        0.998  │
│                                                     explained_var…    0.951  │
│                                                                              │
│  User Stats                    Value    User Stats                    Value  │
│  n                          1037.400    score                         0.874  │
│  offroad_rate                  0.065    collision_rate                0.046  │
│  episode_length               61.308    episode_return                0.762  │
│  dnf_rate                      0.015    completion_rate               0.874  │
│  lane_alignment_rate           0.608    lane_aligned_steps           22.825  │
│  lane_distance_count          34.863    speed_limit_rate              0.383  │
│  lane_distance_avg             0.933    velocity_reward_total         0.000  │
│  comfort_violations           89.206    offroad_per_agent             0.065  │
│  collisions_per_agent          0.046    goals_sampled_this_ep…        1.000  │
│  goals_reached_this_ep…        0.874    speed_at_goal                12.152  │
╰──────────────────────────────────────────────────────────────────────────────╯

[0;0H╭──────────────────────────────────────────────────────────────────────────────╮
│  PufferLib 3.0 🐡             CPU: 5.6%    GPU:     DRAM: 0.5%        VRAM:  │
│                                            80.8%                      21.3%  │
│                                                                              │
│  Summary          Value    Evaluate  3m 46s  27%    Losses            Value  │
│  Env       puffer_drive      Forwa…      3s   4%    behavior_pred…    0.012  │
│  Params          747.3K      Env         2s   1%    behavior_pred…    0.276  │
│  Steps            68.2M      Copy       15s  22%    policy_loss       0.010  │
│  SPS             187.4K      Misc    3m 25s   0%    value_loss        0.008  │
│  Epoch              130    Train        51s  72%    entropy           4.011  │
│  Uptime          10m 3s      Forwa…     18s  25%    old_approx_kl     0.010  │
│  Remaini…    2h 51m 50s      Learn      30s  41%    approx_kl         0.008  │
│                              Copy        0s   0%    clipfrac          0.103  │
│                              Misc        2s   4%    importance        0.998  │
│                                                     explained_var…    0.958  │
│                                                                              │
│  User Stats                    Value    User Stats                    Value  │
│  n                          1040.833    score                         0.870  │
│  offroad_rate                  0.064    collision_rate                0.052  │
│  episode_length               62.080    episode_return                0.746  │
│  dnf_rate                      0.014    completion_rate               0.870  │
│  lane_alignment_rate           0.600    lane_aligned_steps           22.879  │
│  lane_distance_count          35.085    speed_limit_rate              0.411  │
│  lane_distance_avg             0.917    velocity_reward_total         0.000  │
│  comfort_violations           90.085    offroad_per_agent             0.064  │
│  collisions_per_agent          0.052    goals_sampled_this_ep…        1.000  │
│  goals_reached_this_ep…        0.870    speed_at_goal                12.302  │
╰──────────────────────────────────────────────────────────────────────────────╯

[0;0H╭──────────────────────────────────────────────────────────────────────────────╮
│  PufferLib 3.0          🐡    CPU: 5.6%    GPU:     DRAM: 0.5%        VRAM:  │
│                                            80.6%                      21.3%  │
│                                                                              │
│  Summary          Value    Evaluate  3m 47s  27%    Losses            Value  │
│  Env       puffer_drive      Forwa…      3s   4%    behavior_pred…    0.012  │
│  Params          747.3K      Env         2s   1%    behavior_pred…    0.281  │
│  Steps            68.7M      Copy       16s  22%    policy_loss       0.010  │
│  SPS             186.8K      Misc    3m 25s   0%    value_loss        0.007  │
│  Epoch              131    Train        53s  72%    entropy           4.008  │
│  Uptime          10m 6s      Forwa…     19s  25%    old_approx_kl     0.009  │
│  Remaini…    2h 52m 16s      Learn      31s  41%    approx_kl         0.008  │
│                              Copy        0s   0%    clipfrac          0.103  │
│                              Misc        3s   4%    importance        0.999  │
│                                                     explained_var…    0.958  │
│                                                                              │
│  User Stats                    Value    User Stats                    Value  │
│  n                          1033.600    score                         0.884  │
│  offroad_rate                  0.057    collision_rate                0.043  │
│  episode_length               61.494    episode_return                0.786  │
│  dnf_rate                      0.015    completion_rate               0.884  │
│  lane_alignment_rate           0.598    lane_aligned_steps           22.510  │
│  lane_distance_count          34.893    speed_limit_rate              0.380  │
│  lane_distance_avg             0.940    velocity_reward_total         0.000  │
│  comfort_violations           89.221    offroad_per_agent             0.057  │
│  collisions_per_agent          0.043    goals_sampled_this_ep…        1.000  │
│  goals_reached_this_ep…        0.884    speed_at_goal                12.216  │
╰──────────────────────────────────────────────────────────────────────────────╯

[0;0H╭──────────────────────────────────────────────────────────────────────────────╮
│  PufferLib 3.0         🐡     CPU: 5.6%    GPU:     DRAM: 0.5%        VRAM:  │
│                                            80.8%                      21.3%  │
│                                                                              │
│  Summary          Value    Evaluate  3m 47s  28%    Losses            Value  │
│  Env       puffer_drive      Forwa…      3s   3%    behavior_pred…    0.012  │
│  Params          747.3K      Env         2s   1%    behavior_pred…    0.279  │
│  Steps            69.2M      Copy       16s  22%    policy_loss       0.010  │
│  SPS             187.3K      Misc    3m 25s   0%    value_loss        0.007  │
│  Epoch              132    Train        53s  71%    entropy           4.003  │
│  Uptime          10m 9s      Forwa…     19s  25%    old_approx_kl     0.010  │
│  Remaini…    2h 51m 47s      Learn      31s  41%    approx_kl         0.008  │
│                              Copy        0s   0%    clipfrac          0.105  │
│                              Misc        3s   4%    importance        0.998  │
│                                                     explained_var…    0.960  │
│                                                                              │
│  User Stats                    Value    User Stats                    Value  │
│  n                          1040.000    score                         0.883  │
│  offroad_rate                  0.055    collision_rate                0.046  │
│  episode_length               62.518    episode_return                0.777  │
│  dnf_rate                      0.016    completion_rate               0.883  │
│  lane_alignment_rate           0.597    lane_aligned_steps           22.698  │
│  lane_distance_count          35.440    speed_limit_rate              0.402  │
│  lane_distance_avg             0.941    velocity_reward_total         0.000  │
│  comfort_violations           90.649    offroad_per_agent             0.055  │
│  collisions_per_agent          0.046    goals_sampled_this_ep…        1.000  │
│  goals_reached_this_ep…        0.883    speed_at_goal                12.430  │
╰──────────────────────────────────────────────────────────────────────────────╯

[0;0H╭──────────────────────────────────────────────────────────────────────────────╮
│  PufferLib 3.0        🐡      CPU: 5.6%    GPU:     DRAM: 0.5%        VRAM:  │
│                                            80.5%                      21.3%  │
│                                                                              │
│  Summary          Value    Evaluate  3m 47s  28%    Losses            Value  │
│  Env       puffer_drive      Forwa…      3s   3%    behavior_pred…    0.012  │
│  Params          747.3K      Env         2s   1%    behavior_pred…    0.274  │
│  Steps            69.7M      Copy       16s  22%    policy_loss       0.011  │
│  SPS             187.6K      Misc    3m 25s   0%    value_loss        0.007  │
│  Epoch              133    Train        53s  71%    entropy           4.013  │
│  Uptime         10m 12s      Forwa…     19s  25%    old_approx_kl     0.010  │
│  Remaini…    2h 51m 27s      Learn      31s  41%    approx_kl         0.008  │
│                              Copy        0s   0%    clipfrac          0.102  │
│                              Misc        3s   4%    importance        0.998  │
│                                                     explained_var…    0.955  │
│                                                                              │
│  User Stats                    Value    User Stats                    Value  │
│  n                          1042.000    score                         0.898  │
│  offroad_rate                  0.047    collision_rate                0.042  │
│  episode_length               61.345    episode_return                0.802  │
│  dnf_rate                      0.013    completion_rate               0.898  │
│  lane_alignment_rate           0.604    lane_aligned_steps           23.004  │
│  lane_distance_count          35.713    speed_limit_rate              0.389  │
│  lane_distance_avg             0.921    velocity_reward_total         0.000  │
│  comfort_violations           91.333    offroad_per_agent             0.047  │
│  collisions_per_agent          0.042    goals_sampled_this_ep…        1.000  │
│  goals_reached_this_ep…        0.898    speed_at_goal                12.532  │
╰──────────────────────────────────────────────────────────────────────────────╯

[0;0H╭──────────────────────────────────────────────────────────────────────────────╮
│  PufferLib 3.0       🐡       CPU: 5.6%    GPU:     DRAM: 0.5%        VRAM:  │
│                                            80.8%                      21.3%  │
│                                                                              │
│  Summary          Value    Evaluate  3m 47s  28%    Losses            Value  │
│  Env       puffer_drive      Forwa…      3s   3%    behavior_pred…    0.012  │
│  Params          747.3K      Env         2s   1%    behavior_pred…    0.278  │
│  Steps            70.3M      Copy       16s  22%    policy_loss       0.011  │
│  SPS             187.7K      Misc    3m 25s   0%    value_loss        0.008  │
│  Epoch              134    Train        53s  71%    entropy           4.015  │
│  Uptime         10m 14s      Forwa…     19s  25%    old_approx_kl     0.009  │
│  Remaini…    2h 51m 19s      Learn      31s  41%    approx_kl         0.007  │
│                              Copy        0s   0%    clipfrac          0.092  │
│                              Misc        3s   4%    importance        0.998  │
│                                                     explained_var…    0.958  │
│                                                                              │
│  User Stats                    Value    User Stats                    Value  │
│  n                          1037.200    score                         0.892  │
│  offroad_rate                  0.051    collision_rate                0.043  │
│  episode_length               62.878    episode_return                0.795  │
│  dnf_rate                      0.014    completion_rate               0.892  │
│  lane_alignment_rate           0.590    lane_aligned_steps           22.534  │
│  lane_distance_count          35.782    speed_limit_rate              0.411  │
│  lane_distance_avg             0.906    velocity_reward_total         0.000  │
│  comfort_violations           91.879    offroad_per_agent             0.051  │
│  collisions_per_agent          0.043    goals_sampled_this_ep…        1.000  │
│  goals_reached_this_ep…        0.892    speed_at_goal                12.811  │
╰──────────────────────────────────────────────────────────────────────────────╯

[0;0H╭──────────────────────────────────────────────────────────────────────────────╮
│  PufferLib 3.0      🐡        CPU: 5.6%    GPU:     DRAM: 0.5%        VRAM:  │
│                                            80.5%                      21.3%  │
│                                                                              │
│  Summary          Value    Evaluate  3m 47s  28%    Losses            Value  │
│  Env       puffer_drive      Forwa…      3s   3%    behavior_pred…    0.012  │
│  Params          747.3K      Env         2s   1%    behavior_pred…    0.275  │
│  Steps            70.8M      Copy       16s  22%    policy_loss       0.010  │
│  SPS             188.0K      Misc    3m 25s   0%    value_loss        0.007  │
│  Epoch              135    Train        53s  71%    entropy           4.015  │
│  Uptime         10m 17s      Forwa…     19s  25%    old_approx_kl     0.009  │
│  Remaini…     2h 51m 1s      Learn      31s  41%    approx_kl         0.007  │
│                              Copy        0s   0%    clipfrac          0.091  │
│                              Misc        3s   4%    importance        0.998  │
│                                                     explained_var…    0.961  │
│                                                                              │
│  User Stats                    Value    User Stats                    Value  │
│  n                          1037.600    score                         0.899  │
│  offroad_rate                  0.044    collision_rate                0.041  │
│  episode_length               61.669    episode_return                0.810  │
│  dnf_rate                      0.016    completion_rate               0.899  │
│  lane_alignment_rate           0.587    lane_aligned_steps           22.271  │
│  lane_distance_count          35.659    speed_limit_rate              0.381  │
│  lane_distance_avg             0.934    velocity_reward_total         0.000  │
│  comfort_violations           91.158    offroad_per_agent             0.044  │
│  collisions_per_agent          0.041    goals_sampled_this_ep…        1.000  │
│  goals_reached_this_ep…        0.899    speed_at_goal                12.453  │
╰──────────────────────────────────────────────────────────────────────────────╯

[0;0H╭──────────────────────────────────────────────────────────────────────────────╮
│  PufferLib 3.0     🐡         CPU: 5.6%    GPU:     DRAM: 0.5%        VRAM:  │
│                                            80.8%                      21.3%  │
│                                                                              │
│  Summary          Value    Evaluate  3m 48s  28%    Losses            Value  │
│  Env       puffer_drive      Forwa…      3s   3%    behavior_pred…    0.012  │
│  Params          747.3K      Env         2s   1%    behavior_pred…    0.276  │
│  Steps            71.3M      Copy       16s  22%    policy_loss       0.010  │
│  SPS             187.9K      Misc    3m 25s   0%    value_loss        0.007  │
│  Epoch              136    Train        55s  71%    entropy           4.018  │
│  Uptime         10m 20s      Forwa…     19s  25%    old_approx_kl     0.009  │
│  Remaini…     2h 51m 6s      Learn      32s  41%    approx_kl         0.007  │
│                              Copy        0s   0%    clipfrac          0.090  │
│                              Misc        3s   4%    importance        0.998  │
│                                                     explained_var…    0.963  │
│                                                                              │
│  User Stats                    Value    User Stats                    Value  │
│  n                          1037.833    score                         0.900  │
│  offroad_rate                  0.044    collision_rate                0.044  │
│  episode_length               63.766    episode_return                0.805  │
│  dnf_rate                      0.013    completion_rate               0.900  │
│  lane_alignment_rate           0.589    lane_aligned_steps           22.413  │
│  lane_distance_count          36.494    speed_limit_rate              0.421  │
│  lane_distance_avg             0.923    velocity_reward_total         0.000  │
│  comfort_violations           93.800    offroad_per_agent             0.044  │
│  collisions_per_agent          0.044    goals_sampled_this_ep…        1.000  │
│  goals_reached_this_ep…        0.900    speed_at_goal                12.939  │
╰──────────────────────────────────────────────────────────────────────────────╯

[0;0H╭──────────────────────────────────────────────────────────────────────────────╮
│  PufferLib 3.0    🐡          CPU: 5.6%    GPU:     DRAM: 0.5%        VRAM:  │
│                                            81.0%                      21.3%  │
│                                                                              │
│  Summary          Value    Evaluate  3m 48s  27%    Losses            Value  │
│  Env       puffer_drive      Forwa…      3s   3%    behavior_pred…    0.012  │
│  Params          747.3K      Env         2s   1%    behavior_pred…    0.280  │
│  Steps            71.8M      Copy       16s  22%    policy_loss       0.011  │
│  SPS             187.3K      Misc    3m 25s   0%    value_loss        0.007  │
│  Epoch              137    Train        55s  72%    entropy           4.019  │
│  Uptime         10m 23s      Forwa…     19s  25%    old_approx_kl     0.009  │
│  Remaini…    2h 51m 32s      Learn      32s  41%    approx_kl         0.008  │
│                              Copy        0s   0%    clipfrac          0.094  │
│                              Misc        3s   4%    importance        0.998  │
│                                                     explained_var…    0.963  │
│                                                                              │
│  User Stats                    Value    User Stats                    Value  │
│  n                          1043.500    score                         0.895  │
│  offroad_rate                  0.043    collision_rate                0.047  │
│  episode_length               61.207    episode_return                0.797  │
│  dnf_rate                      0.016    completion_rate               0.895  │
│  lane_alignment_rate           0.579    lane_aligned_steps           21.920  │
│  lane_distance_count          35.446    speed_limit_rate              0.382  │
│  lane_distance_avg             0.957    velocity_reward_total         0.000  │
│  comfort_violations           90.805    offroad_per_agent             0.043  │
│  collisions_per_agent          0.047    goals_sampled_this_ep…        1.000  │
│  goals_reached_this_ep…        0.895    speed_at_goal                12.353  │
╰──────────────────────────────────────────────────────────────────────────────╯

[0;0H╭──────────────────────────────────────────────────────────────────────────────╮
│  PufferLib 3.0   🐡           CPU: 5.6%    GPU:     DRAM: 0.5%        VRAM:  │
│                                            80.8%                      21.3%  │
│                                                                              │
│  Summary          Value    Evaluate  3m 48s  27%    Losses            Value  │
│  Env       puffer_drive      Forwa…      3s   3%    behavior_pred…    0.012  │
│  Params          747.3K      Env         2s   1%    behavior_pred…    0.276  │
│  Steps            72.4M      Copy       16s  22%    policy_loss       0.013  │
│  SPS             186.7K      Misc    3m 25s   0%    value_loss        0.007  │
│  Epoch              138    Train        55s  72%    entropy           4.028  │
│  Uptime         10m 26s      Forwa…     19s  25%    old_approx_kl     0.009  │
│  Remaini…     2h 52m 3s      Learn      32s  41%    approx_kl         0.007  │
│                              Copy        0s   0%    clipfrac          0.089  │
│                              Misc        3s   4%    importance        0.998  │
│                                                     explained_var…    0.963  │
│                                                                              │
│  User Stats                    Value    User Stats                    Value  │
│  n                          1039.500    score                         0.899  │
│  offroad_rate                  0.040    collision_rate                0.047  │
│  episode_length               62.996    episode_return                0.800  │
│  dnf_rate                      0.014    completion_rate               0.899  │
│  lane_alignment_rate           0.582    lane_aligned_steps           22.076  │
│  lane_distance_count          36.286    speed_limit_rate              0.408  │
│  lane_distance_avg             0.947    velocity_reward_total         0.000  │
│  comfort_violations           93.060    offroad_per_agent             0.040  │
│  collisions_per_agent          0.047    goals_sampled_this_ep…        1.000  │
│  goals_reached_this_ep…        0.899    speed_at_goal                12.640  │
╰──────────────────────────────────────────────────────────────────────────────╯

[0;0H╭──────────────────────────────────────────────────────────────────────────────╮
│  PufferLib 3.0  🐡            CPU: 5.6%    GPU:     DRAM: 0.5%        VRAM:  │
│                                            80.2%                      21.3%  │
│                                                                              │
│  Summary          Value    Evaluate  3m 48s  27%    Losses            Value  │
│  Env       puffer_drive      Forwa…      3s   3%    behavior_pred…    0.012  │
│  Params          747.3K      Env         2s   1%    behavior_pred…    0.274  │
│  Steps            72.9M      Copy       16s  22%    policy_loss       0.012  │
│  SPS             186.4K      Misc    3m 25s   0%    value_loss        0.007  │
│  Epoch              139    Train        55s  72%    entropy           4.037  │
│  Uptime         10m 28s      Forwa…     19s  25%    old_approx_kl     0.010  │
│  Remaini…    2h 52m 18s      Learn      32s  41%    approx_kl         0.008  │
│                              Copy        0s   0%    clipfrac          0.095  │
│                              Misc        3s   4%    importance        0.998  │
│                                                     explained_var…    0.957  │
│                                                                              │
│  User Stats                    Value    User Stats                    Value  │
│  n                          1032.556    score                         0.911  │
│  offroad_rate                  0.040    collision_rate                0.035  │
│  episode_length               61.560    episode_return                0.834  │
│  dnf_rate                      0.013    completion_rate               0.911  │
│  lane_alignment_rate           0.575    lane_aligned_steps           22.000  │
│  lane_distance_count          35.808    speed_limit_rate              0.383  │
│  lane_distance_avg             0.950    velocity_reward_total         0.000  │
│  comfort_violations           91.669    offroad_per_agent             0.040  │
│  collisions_per_agent          0.035    goals_sampled_this_ep…        1.000  │
│  goals_reached_this_ep…        0.911    speed_at_goal                12.525  │
╰──────────────────────────────────────────────────────────────────────────────╯

[0;0H╭──────────────────────────────────────────────────────────────────────────────╮
│  PufferLib 3.0 🐡             CPU: 5.6%    GPU:     DRAM: 0.5%        VRAM:  │
│                                            80.8%                      21.3%  │
│                                                                              │
│  Summary          Value    Evaluate  3m 48s  27%    Losses            Value  │
│  Env       puffer_drive      Forwa…      3s   3%    behavior_pred…    0.012  │
│  Params          747.3K      Env         2s   1%    behavior_pred…    0.270  │
│  Steps            73.4M      Copy       16s  22%    policy_loss       0.011  │
│  SPS             186.6K      Misc    3m 25s   0%    value_loss        0.007  │
│  Epoch              140    Train        55s  72%    entropy           4.040  │
│  Uptime         10m 31s      Forwa…     19s  25%    old_approx_kl     0.009  │
│  Remaini…     2h 52m 7s      Learn      32s  41%    approx_kl         0.007  │
│                              Copy        0s   0%    clipfrac          0.080  │
│                              Misc        3s   4%    importance        0.998  │
│                                                     explained_var…    0.962  │
│                                                                              │
│  User Stats                    Value    User Stats                    Value  │
│  n                          1037.625    score                         0.890  │
│  offroad_rate                  0.046    collision_rate                0.047  │
│  episode_length               64.037    episode_return                0.790  │
│  dnf_rate                      0.017    completion_rate               0.890  │
│  lane_alignment_rate           0.569    lane_aligned_steps           22.081  │
│  lane_distance_count          36.262    speed_limit_rate              0.407  │
│  lane_distance_avg             0.924    velocity_reward_total         0.000  │
│  comfort_violations           92.983    offroad_per_agent             0.046  │
│  collisions_per_agent          0.047    goals_sampled_this_ep…        1.000  │
│  goals_reached_this_ep…        0.890    speed_at_goal                12.422  │
╰──────────────────────────────────────────────────────────────────────────────╯

[0;0H╭──────────────────────────────────────────────────────────────────────────────╮
│  PufferLib 3.0          🐡    CPU: 5.6%    GPU:     DRAM: 0.5%        VRAM:  │
│                                            80.7%                      21.3%  │
│                                                                              │
│  Summary          Value    Evaluate  3m 48s  27%    Losses            Value  │
│  Env       puffer_drive      Forwa…      3s   3%    behavior_pred…    0.012  │
│  Params          747.3K      Env         2s   1%    behavior_pred…    0.286  │
│  Steps            73.9M      Copy       17s  22%    policy_loss       0.008  │
│  SPS             185.4K      Misc    3m 25s   0%    value_loss        0.006  │
│  Epoch              141    Train        57s  72%    entropy           4.040  │
│  Uptime         10m 34s      Forwa…     20s  25%    old_approx_kl     0.009  │
│  Remaini…     2h 53m 9s      Learn      33s  41%    approx_kl         0.007  │
│                              Copy        0s   0%    clipfrac          0.081  │
│                              Misc        3s   4%    importance        0.998  │
│                                                     explained_var…    0.965  │
│                                                                              │
│  User Stats                    Value    User Stats                    Value  │
│  n                          1036.857    score                         0.897  │
│  offroad_rate                  0.044    collision_rate                0.042  │
│  episode_length               62.711    episode_return                0.810  │
│  dnf_rate                      0.017    completion_rate               0.897  │
│  lane_alignment_rate           0.566    lane_aligned_steps           21.742  │
│  lane_distance_count          36.576    speed_limit_rate              0.392  │
│  lane_distance_avg             0.959    velocity_reward_total         0.000  │
│  comfort_violations           93.706    offroad_per_agent             0.044  │
│  collisions_per_agent          0.042    goals_sampled_this_ep…        1.000  │
│  goals_reached_this_ep…        0.897    speed_at_goal                12.487  │
╰──────────────────────────────────────────────────────────────────────────────╯

[0;0H╭──────────────────────────────────────────────────────────────────────────────╮
│  PufferLib 3.0         🐡     CPU: 5.6%    GPU:     DRAM: 0.5%        VRAM:  │
│                                            80.8%                      21.3%  │
│                                                                              │
│  Summary          Value    Evaluate  3m 48s  27%    Losses            Value  │
│  Env       puffer_drive      Forwa…      3s   4%    behavior_pred…    0.012  │
│  Params          747.3K      Env         2s   1%    behavior_pred…    0.275  │
│  Steps            74.4M      Copy       17s  22%    policy_loss       0.010  │
│  SPS             187.6K      Misc    3m 25s   0%    value_loss        0.006  │
│  Epoch              142    Train        57s  72%    entropy           4.044  │
│  Uptime         10m 37s      Forwa…     20s  25%    old_approx_kl     0.009  │
│  Remaini…     2h 51m 1s      Learn      33s  41%    approx_kl         0.007  │
│                              Copy        0s   0%    clipfrac          0.085  │
│                              Misc        3s   4%    importance        0.998  │
│                                                     explained_var…    0.967  │
│                                                                              │
│  User Stats                    Value    User Stats                    Value  │
│  n                          1032.000    score                         0.893  │
│  offroad_rate                  0.046    collision_rate                0.044  │
│  episode_length               63.463    episode_return                0.800  │
│  dnf_rate                      0.017    completion_rate               0.893  │
│  lane_alignment_rate           0.564    lane_aligned_steps           21.641  │
│  lane_distance_count          36.187    speed_limit_rate              0.396  │
│  lane_distance_avg             0.941    velocity_reward_total         0.000  │
│  comfort_violations           92.788    offroad_per_agent             0.046  │
│  collisions_per_agent          0.044    goals_sampled_this_ep…        1.000  │
│  goals_reached_this_ep…        0.893    speed_at_goal                12.462  │
╰──────────────────────────────────────────────────────────────────────────────╯

[0;0H╭──────────────────────────────────────────────────────────────────────────────╮
│  PufferLib 3.0        🐡      CPU: 5.6%    GPU:     DRAM: 0.5%        VRAM:  │
│                                            76.8%                      21.3%  │
│                                                                              │
│  Summary          Value    Evaluate  3m 48s  27%    Losses            Value  │
│  Env       puffer_drive      Forwa…      3s   4%    behavior_pred…    0.013  │
│  Params          747.3K      Env         2s   1%    behavior_pred…    0.358  │
│  Steps            75.0M      Copy       17s  22%    policy_loss       0.009  │
│  SPS             121.8K      Misc    3m 25s   0%    value_loss        0.006  │
│  Epoch              143    Train        57s  72%    entropy           4.046  │
│  Uptime         10m 41s      Forwa…     20s  25%    old_approx_kl     0.009  │
│  Remaini…    4h 23m 20s      Learn      33s  41%    approx_kl         0.007  │
│                              Copy        0s   0%    clipfrac          0.086  │
│                              Misc        3s   4%    importance        0.998  │
│                                                     explained_var…    0.948  │
│                                                                              │
│  User Stats                    Value    User Stats                    Value  │
│  n                          1061.000    score                         0.919  │
│  offroad_rate                  0.026    collision_rate                0.041  │
│  episode_length               61.492    episode_return                0.843  │
│  dnf_rate                      0.014    completion_rate               0.919  │
│  lane_alignment_rate           0.620    lane_aligned_steps           22.097  │
│  lane_distance_count          35.504    speed_limit_rate              0.340  │
│  lane_distance_avg             0.925    velocity_reward_total         0.000  │
│  comfort_violations           90.555    offroad_per_agent             0.026  │
│  collisions_per_agent          0.041    goals_sampled_this_ep…        1.000  │
│  goals_reached_this_ep…        0.919    speed_at_goal                12.025  │
╰──────────────────────────────────────────────────────────────────────────────╯

[0;0H╭──────────────────────────────────────────────────────────────────────────────╮
│  PufferLib 3.0       🐡       CPU: 6.0%    GPU:     DRAM: 0.5%        VRAM:  │
│                                            77.2%                      21.3%  │
│                                                                              │
│  Summary          Value    Evaluate  3m 48s  27%    Losses            Value  │
│  Env       puffer_drive      Forwa…      3s   4%    behavior_pred…    0.012  │
│  Params          747.3K      Env         2s   1%    behavior_pred…    0.238  │
│  Steps            75.5M      Copy       17s  22%    policy_loss       0.015  │
│  SPS             186.0K      Misc    3m 25s   0%    value_loss        0.008  │
│  Epoch              144    Train        57s  72%    entropy           4.051  │
│  Uptime         10m 44s      Forwa…     20s  25%    old_approx_kl     0.010  │
│  Remaini…    2h 52m 28s      Learn      33s  41%    approx_kl         0.008  │
│                              Copy        0s   0%    clipfrac          0.096  │
│                              Misc        3s   4%    importance        0.998  │
│                                                     explained_var…    0.955  │
│                                                                              │
│  User Stats                    Value    User Stats                    Value  │
│  n                          1061.000    score                         0.919  │
│  offroad_rate                  0.026    collision_rate                0.041  │
│  episode_length               61.492    episode_return                0.843  │
│  dnf_rate                      0.014    completion_rate               0.919  │
│  lane_alignment_rate           0.620    lane_aligned_steps           22.097  │
│  lane_distance_count          35.504    speed_limit_rate              0.340  │
│  lane_distance_avg             0.925    velocity_reward_total         0.000  │
│  comfort_violations           90.555    offroad_per_agent             0.026  │
│  collisions_per_agent          0.041    goals_sampled_this_ep…        1.000  │
│  goals_reached_this_ep…        0.919    speed_at_goal                12.025  │
╰──────────────────────────────────────────────────────────────────────────────╯

[0;0H╭──────────────────────────────────────────────────────────────────────────────╮
│  PufferLib 3.0      🐡        CPU: 5.9%    GPU:     DRAM: 0.5%        VRAM:  │
│                                            76.8%                      21.3%  │
│                                                                              │
│  Summary          Value    Evaluate  3m 48s  27%    Losses            Value  │
│  Env       puffer_drive      Forwa…      3s   4%    behavior_pred…    0.012  │
│  Params          747.3K      Env         2s   1%    behavior_pred…    0.279  │
│  Steps            76.0M      Copy       17s  22%    policy_loss       0.013  │
│  SPS             186.5K      Misc    3m 25s   0%    value_loss        0.007  │
│  Epoch              145    Train        57s  72%    entropy           4.056  │
│  Uptime         10m 47s      Forwa…     20s  25%    old_approx_kl     0.010  │
│  Remaini…    2h 51m 55s      Learn      33s  41%    approx_kl         0.007  │
│                              Copy        0s   0%    clipfrac          0.086  │
│                              Misc        3s   4%    importance        0.998  │
│                                                     explained_var…    0.964  │
│                                                                              │
│  User Stats                    Value    User Stats                    Value  │
│  n                          1061.000    score                         0.919  │
│  offroad_rate                  0.026    collision_rate                0.041  │
│  episode_length               61.492    episode_return                0.843  │
│  dnf_rate                      0.014    completion_rate               0.919  │
│  lane_alignment_rate           0.620    lane_aligned_steps           22.097  │
│  lane_distance_count          35.504    speed_limit_rate              0.340  │
│  lane_distance_avg             0.925    velocity_reward_total         0.000  │
│  comfort_violations           90.555    offroad_per_agent             0.026  │
│  collisions_per_agent          0.041    goals_sampled_this_ep…        1.000  │
│  goals_reached_this_ep…        0.919    speed_at_goal                12.025  │
╰──────────────────────────────────────────────────────────────────────────────╯

[0;0H╭──────────────────────────────────────────────────────────────────────────────╮
│  PufferLib 3.0     🐡         CPU: 5.9%    GPU:     DRAM: 0.6%        VRAM:  │
│                                            77.4%                      21.3%  │
│                                                                              │
│  Summary          Value    Evaluate  3m 49s  27%    Losses            Value  │
│  Env       puffer_drive      Forwa…      3s   4%    behavior_pred…    0.012  │
│  Params          747.3K      Env         2s   1%    behavior_pred…    0.285  │
│  Steps            76.5M      Copy       18s  22%    policy_loss       0.015  │
│  SPS             188.0K      Misc    3m 25s   0%    value_loss        0.008  │
│  Epoch              146    Train        59s  72%    entropy           4.049  │
│  Uptime         10m 50s      Forwa…     21s  25%    old_approx_kl     0.011  │
│  Remaini…    2h 50m 28s      Learn      34s  41%    approx_kl         0.008  │
│                              Copy        0s   0%    clipfrac          0.089  │
│                              Misc        3s   4%    importance        0.996  │
│                                                     explained_var…    0.950  │
│                                                                              │
│  User Stats                    Value    User Stats                    Value  │
│  n                          1074.438    score                         0.882  │
│  offroad_rate                  0.059    collision_rate                0.040  │
│  episode_length               62.493    episode_return                0.788  │
│  dnf_rate                      0.019    completion_rate               0.882  │
│  lane_alignment_rate           0.564    lane_aligned_steps           21.240  │
│  lane_distance_count          36.443    speed_limit_rate              0.379  │
│  lane_distance_avg             0.965    velocity_reward_total         0.000  │
│  comfort_violations           93.472    offroad_per_agent             0.059  │
│  collisions_per_agent          0.040    goals_sampled_this_ep…        1.000  │
│  goals_reached_this_ep…        0.882    speed_at_goal                12.230  │
╰──────────────────────────────────────────────────────────────────────────────╯

[0;0H╭──────────────────────────────────────────────────────────────────────────────╮
│  PufferLib 3.0    🐡          CPU: 5.8%    GPU:     DRAM: 0.6%        VRAM:  │
│                                            77.5%                      21.3%  │
│                                                                              │
│  Summary          Value    Evaluate  3m 49s  28%    Losses            Value  │
│  Env       puffer_drive      Forwa…      3s   4%    behavior_pred…    0.012  │
│  Params          747.3K      Env         2s   1%    behavior_pred…    0.256  │
│  Steps            77.1M      Copy       18s  22%    policy_loss       0.012  │
│  SPS             189.4K      Misc    3m 25s   0%    value_loss        0.008  │
│  Epoch              147    Train        59s  71%    entropy           4.041  │
│  Uptime         10m 52s      Forwa…     21s  25%    old_approx_kl     0.012  │
│  Remaini…    2h 49m 13s      Learn      34s  41%    approx_kl         0.008  │
│                              Copy        0s   0%    clipfrac          0.095  │
│                              Misc        3s   4%    importance        0.996  │
│                                                     explained_var…    0.959  │
│                                                                              │
│  User Stats                    Value    User Stats                    Value  │
│  n                          1074.438    score                         0.882  │
│  offroad_rate                  0.059    collision_rate                0.040  │
│  episode_length               62.493    episode_return                0.788  │
│  dnf_rate                      0.019    completion_rate               0.882  │
│  lane_alignment_rate           0.564    lane_aligned_steps           21.240  │
│  lane_distance_count          36.443    speed_limit_rate              0.379  │
│  lane_distance_avg             0.965    velocity_reward_total         0.000  │
│  comfort_violations           93.472    offroad_per_agent             0.059  │
│  collisions_per_agent          0.040    goals_sampled_this_ep…        1.000  │
│  goals_reached_this_ep…        0.882    speed_at_goal                12.230  │
╰──────────────────────────────────────────────────────────────────────────────╯

[0;0H╭──────────────────────────────────────────────────────────────────────────────╮
│  PufferLib 3.0   🐡           CPU: 5.7%    GPU:     DRAM: 0.6%        VRAM:  │
│                                            77.3%                      21.3%  │
│                                                                              │
│  Summary          Value    Evaluate  3m 49s  28%    Losses            Value  │
│  Env       puffer_drive      Forwa…      3s   4%    behavior_pred…    0.012  │
│  Params          747.3K      Env         2s   1%    behavior_pred…    0.279  │
│  Steps            77.6M      Copy       18s  22%    policy_loss       0.008  │
│  SPS             189.5K      Misc    3m 25s   0%    value_loss        0.007  │
│  Epoch              148    Train        59s  71%    entropy           4.038  │
│  Uptime         10m 55s      Forwa…     21s  25%    old_approx_kl     0.009  │
│  Remaini…     2h 49m 4s      Learn      34s  41%    approx_kl         0.007  │
│                              Copy        0s   0%    clipfrac          0.077  │
│                              Misc        3s   4%    importance        0.997  │
│                                                     explained_var…    0.962  │
│                                                                              │
│  User Stats                    Value    User Stats                    Value  │
│  n                          1042.250    score                         0.886  │
│  offroad_rate                  0.062    collision_rate                0.034  │
│  episode_length               59.695    episode_return                0.803  │
│  dnf_rate                      0.018    completion_rate               0.886  │
│  lane_alignment_rate           0.592    lane_aligned_steps           21.359  │
│  lane_distance_count          34.872    speed_limit_rate              0.329  │
│  lane_distance_avg             0.977    velocity_reward_total         0.000  │
│  comfort_violations           88.561    offroad_per_agent             0.062  │
│  collisions_per_agent          0.034    goals_sampled_this_ep…        1.000  │
│  goals_reached_this_ep…        0.886    speed_at_goal                11.460  │
╰──────────────────────────────────────────────────────────────────────────────╯

[0;0H╭──────────────────────────────────────────────────────────────────────────────╮
│  PufferLib 3.0  🐡            CPU: 6.1%    GPU:     DRAM: 0.6%        VRAM:  │
│                                            77.4%                      21.3%  │
│                                                                              │
│  Summary          Value    Evaluate  3m 49s  28%    Losses            Value  │
│  Env       puffer_drive      Forwa…      3s   4%    behavior_pred…    0.013  │
│  Params          747.3K      Env         2s   1%    behavior_pred…    0.278  │
│  Steps            78.1M      Copy       18s  22%    policy_loss       0.012  │
│  SPS             189.5K      Misc    3m 25s   0%    value_loss        0.007  │
│  Epoch              149    Train        59s  71%    entropy           4.048  │
│  Uptime         10m 58s      Forwa…     21s  25%    old_approx_kl     0.010  │
│  Remaini…     2h 49m 3s      Learn      34s  41%    approx_kl         0.007  │
│                              Copy        0s   0%    clipfrac          0.077  │
│                              Misc        3s   4%    importance        0.996  │
│                                                     explained_var…    0.958  │
│                                                                              │
│  User Stats                    Value    User Stats                    Value  │
│  n                          1034.000    score                         0.877  │
│  offroad_rate                  0.060    collision_rate                0.046  │
│  episode_length               62.796    episode_return                0.761  │
│  dnf_rate                      0.016    completion_rate               0.877  │
│  lane_alignment_rate           0.581    lane_aligned_steps           21.557  │
│  lane_distance_count          36.026    speed_limit_rate              0.406  │
│  lane_distance_avg             0.928    velocity_reward_total         0.000  │
│  comfort_violations           93.062    offroad_per_agent             0.060  │
│  collisions_per_agent          0.046    goals_sampled_this_ep…        1.000  │
│  goals_reached_this_ep…        0.877    speed_at_goal                12.435  │
╰──────────────────────────────────────────────────────────────────────────────╯

[0;0H╭──────────────────────────────────────────────────────────────────────────────╮
│  PufferLib 3.0 🐡             CPU: 5.7%    GPU:     DRAM: 0.6%        VRAM:  │
│                                            81.4%                      21.3%  │
│                                                                              │
│  Summary          Value    Evaluate  3m 49s  28%    Losses            Value  │
│  Env       puffer_drive      Forwa…      3s   4%    behavior_pred…    0.012  │
│  Params          747.3K      Env         2s   1%    behavior_pred…    0.269  │
│  Steps            78.6M      Copy       18s  22%    policy_loss       0.011  │
│  SPS             189.6K      Misc    3m 25s   0%    value_loss        0.007  │
│  Epoch              150    Train        59s  71%    entropy           4.042  │
│  Uptime          11m 1s      Forwa…     21s  25%    old_approx_kl     0.010  │
│  Remaini…    2h 48m 55s      Learn      34s  41%    approx_kl         0.007  │
│                              Copy        0s   0%    clipfrac          0.086  │
│                              Misc        3s   4%    importance        0.998  │
│                                                     explained_var…    0.960  │
│                                                                              │
│  User Stats                    Value    User Stats                    Value  │
│  n                          1032.067    score                         0.880  │
│  offroad_rate                  0.062    collision_rate                0.038  │
│  episode_length               62.160    episode_return                0.788  │
│  dnf_rate                      0.021    completion_rate               0.880  │
│  lane_alignment_rate           0.579    lane_aligned_steps           21.212  │
│  lane_distance_count          35.935    speed_limit_rate              0.364  │
│  lane_distance_avg             0.997    velocity_reward_total         0.000  │
│  comfort_violations           91.755    offroad_per_agent             0.062  │
│  collisions_per_agent          0.038    goals_sampled_this_ep…        1.000  │
│  goals_reached_this_ep…        0.880    speed_at_goal                11.914  │
╰──────────────────────────────────────────────────────────────────────────────╯

[0;0H╭──────────────────────────────────────────────────────────────────────────────╮
│  PufferLib 3.0          🐡    CPU: 5.6%    GPU:     DRAM: 0.6%        VRAM:  │
│                                            81.7%                      21.3%  │
│                                                                              │
│  Summary          Value    Evaluate  3m 50s  28%    Losses            Value  │
│  Env       puffer_drive      Forwa…      3s   4%    behavior_pred…    0.012  │
│  Params          747.3K      Env         2s   1%    behavior_pred…    0.268  │
│  Steps            79.2M      Copy       18s  22%    policy_loss       0.009  │
│  SPS             189.4K      Misc    3m 25s   0%    value_loss        0.007  │
│  Epoch              151    Train      1m 1s  71%    entropy           4.029  │
│  Uptime          11m 4s      Forwa…     21s  25%    old_approx_kl     0.008  │
│  Remaini…     2h 49m 2s      Learn      35s  41%    approx_kl         0.007  │
│                              Copy        0s   0%    clipfrac          0.072  │
│                              Misc        3s   4%    importance        0.998  │
│                                                     explained_var…    0.962  │
│                                                                              │
│  User Stats                    Value    User Stats                    Value  │
│  n                          1029.000    score                         0.844  │
│  offroad_rate                  0.067    collision_rate                0.023  │
│  episode_length               59.399    episode_return                0.770  │
│  dnf_rate                      0.066    completion_rate               0.844  │
│  lane_alignment_rate           0.515    lane_aligned_steps           19.699  │
│  lane_distance_count          35.558    speed_limit_rate              0.427  │
│  lane_distance_avg             0.990    velocity_reward_total         0.000  │
│  comfort_violations           92.461    offroad_per_agent             0.067  │
│  collisions_per_agent          0.023    goals_sampled_this_ep…        1.000  │
│  goals_reached_this_ep…        0.844    speed_at_goal                12.663  │
╰──────────────────────────────────────────────────────────────────────────────╯

[0;0H╭──────────────────────────────────────────────────────────────────────────────╮
│  PufferLib 3.0         🐡     CPU: 5.6%    GPU:     DRAM: 0.6%        VRAM:  │
│                                            82.0%                      21.3%  │
│                                                                              │
│  Summary          Value    Evaluate  3m 50s  27%    Losses            Value  │
│  Env       puffer_drive      Forwa…      3s   4%    behavior_pred…    0.013  │
│  Params          747.3K      Env         2s   1%    behavior_pred…    0.269  │
│  Steps            79.7M      Copy       18s  22%    policy_loss       0.012  │
│  SPS             189.1K      Misc    3m 25s   0%    value_loss        0.008  │
│  Epoch              152    Train      1m 1s  72%    entropy           4.018  │
│  Uptime          11m 6s      Forwa…     21s  25%    old_approx_kl     0.009  │
│  Remaini…    2h 49m 16s      Learn      35s  42%    approx_kl         0.006  │
│                              Copy        0s   0%    clipfrac          0.070  │
│                              Misc        3s   4%    importance        0.997  │
│                                                     explained_var…    0.959  │
│                                                                              │
│  User Stats                    Value    User Stats                    Value  │
│  n                          1035.929    score                         0.887  │
│  offroad_rate                  0.056    collision_rate                0.040  │
│  episode_length               63.332    episode_return                0.792  │
│  dnf_rate                      0.017    completion_rate               0.887  │
│  lane_alignment_rate           0.574    lane_aligned_steps           20.935  │
│  lane_distance_count          36.679    speed_limit_rate              0.398  │
│  lane_distance_avg             1.003    velocity_reward_total         0.000  │
│  comfort_violations           94.188    offroad_per_agent             0.056  │
│  collisions_per_agent          0.040    goals_sampled_this_ep…        1.000  │
│  goals_reached_this_ep…        0.887    speed_at_goal                12.512  │
╰──────────────────────────────────────────────────────────────────────────────╯

[0;0H╭──────────────────────────────────────────────────────────────────────────────╮
│  PufferLib 3.0        🐡      CPU: 5.6%    GPU:     DRAM: 0.6%        VRAM:  │
│                                            81.9%                      21.3%  │
│                                                                              │
│  Summary          Value    Evaluate  3m 50s  27%    Losses            Value  │
│  Env       puffer_drive      Forwa…      3s   4%    behavior_pred…    0.013  │
│  Params          747.3K      Env         2s   1%    behavior_pred…    0.272  │
│  Steps            80.2M      Copy       18s  22%    policy_loss       0.011  │
│  SPS             188.8K      Misc    3m 25s   0%    value_loss        0.007  │
│  Epoch              153    Train      1m 1s  72%    entropy           4.018  │
│  Uptime          11m 9s      Forwa…     21s  25%    old_approx_kl     0.010  │
│  Remaini…    2h 49m 27s      Learn      35s  42%    approx_kl         0.007  │
│                              Copy        0s   0%    clipfrac          0.084  │
│                              Misc        3s   4%    importance        0.997  │
│                                                     explained_var…    0.965  │
│                                                                              │
│  User Stats                    Value    User Stats                    Value  │
│  n                          1041.500    score                         0.864  │
│  offroad_rate                  0.054    collision_rate                0.039  │
│  episode_length               62.464    episode_return                0.769  │
│  dnf_rate                      0.043    completion_rate               0.864  │
│  lane_alignment_rate           0.559    lane_aligned_steps           20.324  │
│  lane_distance_count          35.747    speed_limit_rate              0.375  │
│  lane_distance_avg             0.976    velocity_reward_total         0.000  │
│  comfort_violations           91.607    offroad_per_agent             0.054  │
│  collisions_per_agent          0.039    goals_sampled_this_ep…        1.000  │
│  goals_reached_this_ep…        0.864    speed_at_goal                12.087  │
╰──────────────────────────────────────────────────────────────────────────────╯

[0;0H╭──────────────────────────────────────────────────────────────────────────────╮
│  PufferLib 3.0       🐡       CPU: 5.5%    GPU:     DRAM: 0.6%        VRAM:  │
│                                            81.8%                      21.3%  │
│                                                                              │
│  Summary          Value    Evaluate  3m 50s  27%    Losses            Value  │
│  Env       puffer_drive      Forwa…      3s   4%    behavior_pred…    0.013  │
│  Params          747.3K      Env         2s   1%    behavior_pred…    0.266  │
│  Steps            80.7M      Copy       18s  22%    policy_loss       0.010  │
│  SPS             189.0K      Misc    3m 25s   0%    value_loss        0.006  │
│  Epoch              154    Train      1m 1s  72%    entropy           4.036  │
│  Uptime         11m 12s      Forwa…     21s  25%    old_approx_kl     0.010  │
│  Remaini…    2h 49m 14s      Learn      35s  42%    approx_kl         0.008  │
│                              Copy        0s   0%    clipfrac          0.094  │
│                              Misc        3s   4%    importance        0.998  │
│                                                     explained_var…    0.965  │
│                                                                              │
│  User Stats                    Value    User Stats                    Value  │
│  n                          1035.786    score                         0.897  │
│  offroad_rate                  0.052    collision_rate                0.039  │
│  episode_length               61.249    episode_return                0.805  │
│  dnf_rate                      0.011    completion_rate               0.897  │
│  lane_alignment_rate           0.568    lane_aligned_steps           20.644  │
│  lane_distance_count          35.796    speed_limit_rate              0.384  │
│  lane_distance_avg             0.976    velocity_reward_total         0.000  │
│  comfort_violations           92.015    offroad_per_agent             0.052  │
│  collisions_per_agent          0.039    goals_sampled_this_ep…        1.000  │
│  goals_reached_this_ep…        0.897    speed_at_goal                12.524  │
╰──────────────────────────────────────────────────────────────────────────────╯

[0;0H╭──────────────────────────────────────────────────────────────────────────────╮
│  PufferLib 3.0      🐡        CPU: 5.5%    GPU:     DRAM: 0.6%        VRAM:  │
│                                            81.8%                      21.3%  │
│                                                                              │
│  Summary          Value    Evaluate  3m 50s  27%    Losses            Value  │
│  Env       puffer_drive      Forwa…      3s   4%    behavior_pred…    0.012  │
│  Params          747.3K      Env         2s   1%    behavior_pred…    0.275  │
│  Steps            81.3M      Copy       18s  22%    policy_loss       0.011  │
│  SPS             189.0K      Misc    3m 25s   0%    value_loss        0.007  │
│  Epoch              155    Train      1m 1s  72%    entropy           4.019  │
│  Uptime         11m 15s      Forwa…     21s  25%    old_approx_kl     0.010  │
│  Remaini…    2h 49m 11s      Learn      35s  42%    approx_kl         0.007  │
│                              Copy        0s   0%    clipfrac          0.084  │
│                              Misc        3s   4%    importance        0.997  │
│                                                     explained_var…    0.962  │
│                                                                              │
│  User Stats                    Value    User Stats                    Value  │
│  n                          1037.333    score                         0.872  │
│  offroad_rate                  0.050    collision_rate                0.043  │
│  episode_length               61.295    episode_return                0.771  │
│  dnf_rate                      0.035    completion_rate               0.872  │
│  lane_alignment_rate           0.558    lane_aligned_steps           20.281  │
│  lane_distance_count          35.493    speed_limit_rate              0.375  │
│  lane_distance_avg             0.963    velocity_reward_total         0.000  │
│  comfort_violations           91.318    offroad_per_agent             0.050  │
│  collisions_per_agent          0.043    goals_sampled_this_ep…        1.000  │
│  goals_reached_this_ep…        0.872    speed_at_goal                12.456  │
╰──────────────────────────────────────────────────────────────────────────────╯

[0;0H╭──────────────────────────────────────────────────────────────────────────────╮
│  PufferLib 3.0     🐡         CPU: 5.8%    GPU:     DRAM: 0.6%        VRAM:  │
│                                            81.8%                      21.3%  │
│                                                                              │
│  Summary          Value    Evaluate  3m 51s  27%    Losses            Value  │
│  Env       puffer_drive      Forwa…      3s   4%    behavior_pred…    0.013  │
│  Params          747.3K      Env         2s   1%    behavior_pred…    0.274  │
│  Steps            81.8M      Copy       19s  22%    policy_loss       0.009  │
│  SPS             188.2K      Misc    3m 25s   0%    value_loss        0.006  │
│  Epoch              156    Train      1m 3s  72%    entropy           4.030  │
│  Uptime         11m 17s      Forwa…     22s  25%    old_approx_kl     0.010  │
│  Remaini…    2h 49m 53s      Learn      37s  42%    approx_kl         0.007  │
│                              Copy        0s   0%    clipfrac          0.092  │
│                              Misc        3s   4%    importance        0.998  │
│                                                     explained_var…    0.968  │
│                                                                              │
│  User Stats                    Value    User Stats                    Value  │
│  n                          1028.692    score                         0.900  │
│  offroad_rate                  0.050    collision_rate                0.035  │
│  episode_length               61.251    episode_return                0.816  │
│  dnf_rate                      0.014    completion_rate               0.900  │
│  lane_alignment_rate           0.571    lane_aligned_steps           20.422  │
│  lane_distance_count          35.749    speed_limit_rate              0.386  │
│  lane_distance_avg             1.001    velocity_reward_total         0.000  │
│  comfort_violations           91.787    offroad_per_agent             0.050  │
│  collisions_per_agent          0.035    goals_sampled_this_ep…        1.000  │
│  goals_reached_this_ep…        0.900    speed_at_goal                12.496  │
╰──────────────────────────────────────────────────────────────────────────────╯

[0;0H╭──────────────────────────────────────────────────────────────────────────────╮
│  PufferLib 3.0    🐡          CPU: 5.8%    GPU:     DRAM: 0.6%        VRAM:  │
│                                            82.2%                      21.3%  │
│                                                                              │
│  Summary          Value    Evaluate  3m 51s  28%    Losses            Value  │
│  Env       puffer_drive      Forwa…      3s   3%    behavior_pred…    0.013  │
│  Params          747.3K      Env         2s   1%    behavior_pred…    0.274  │
│  Steps            82.3M      Copy       19s  22%    policy_loss       0.012  │
│  SPS             188.5K      Misc    3m 25s   0%    value_loss        0.007  │
│  Epoch              157    Train      1m 3s  71%    entropy           4.038  │
│  Uptime         11m 20s      Forwa…     22s  25%    old_approx_kl     0.010  │
│  Remaini…    2h 49m 32s      Learn      37s  41%    approx_kl         0.008  │
│                              Copy        0s   0%    clipfrac          0.099  │
│                              Misc        3s   4%    importance        0.997  │
│                                                     explained_var…    0.963  │
│                                                                              │
│  User Stats                    Value    User Stats                    Value  │
│  n                          1031.200    score                         0.883  │
│  offroad_rate                  0.054    collision_rate                0.036  │
│  episode_length               61.268    episode_return                0.794  │
│  dnf_rate                      0.027    completion_rate               0.883  │
│  lane_alignment_rate           0.555    lane_aligned_steps           20.052  │
│  lane_distance_count          35.284    speed_limit_rate              0.381  │
│  lane_distance_avg             0.999    velocity_reward_total         0.000  │
│  comfort_violations           90.926    offroad_per_agent             0.054  │
│  collisions_per_agent          0.036    goals_sampled_this_ep…        1.000  │
│  goals_reached_this_ep…        0.883    speed_at_goal                12.359  │
╰──────────────────────────────────────────────────────────────────────────────╯

[0;0H╭──────────────────────────────────────────────────────────────────────────────╮
│  PufferLib 3.0   🐡           CPU: 5.8%    GPU:     DRAM: 0.6%        VRAM:  │
│                                            81.7%                      21.3%  │
│                                                                              │
│  Summary          Value    Evaluate  3m 51s  28%    Losses            Value  │
│  Env       puffer_drive      Forwa…      3s   3%    behavior_pred…    0.012  │
│  Params          747.3K      Env         2s   1%    behavior_pred…    0.272  │
│  Steps            82.8M      Copy       19s  22%    policy_loss       0.012  │
│  SPS             189.0K      Misc    3m 25s   0%    value_loss        0.006  │
│  Epoch              158    Train      1m 3s  71%    entropy           4.031  │
│  Uptime         11m 23s      Forwa…     22s  25%    old_approx_kl     0.010  │
│  Remaini…     2h 49m 1s      Learn      37s  41%    approx_kl         0.007  │
│                              Copy        0s   0%    clipfrac          0.086  │
│                              Misc        3s   4%    importance        0.997  │
│                                                     explained_var…    0.965  │
│                                                                              │
│  User Stats                    Value    User Stats                    Value  │
│  n                          1032.818    score                         0.899  │
│  offroad_rate                  0.050    collision_rate                0.034  │
│  episode_length               62.084    episode_return                0.818  │
│  dnf_rate                      0.017    completion_rate               0.899  │
│  lane_alignment_rate           0.576    lane_aligned_steps           20.797  │
│  lane_distance_count          36.064    speed_limit_rate              0.387  │
│  lane_distance_avg             0.982    velocity_reward_total         0.000  │
│  comfort_violations           92.763    offroad_per_agent             0.050  │
│  collisions_per_agent          0.034    goals_sampled_this_ep…        1.000  │
│  goals_reached_this_ep…        0.899    speed_at_goal                12.449  │
╰──────────────────────────────────────────────────────────────────────────────╯

[0;0H╭──────────────────────────────────────────────────────────────────────────────╮
│  PufferLib 3.0  🐡            CPU: 5.9%    GPU:     DRAM: 0.6%        VRAM:  │
│                                            81.5%                      21.3%  │
│                                                                              │
│  Summary          Value    Evaluate  3m 51s  28%    Losses            Value  │
│  Env       puffer_drive      Forwa…      3s   3%    behavior_pred…    0.013  │
│  Params          747.3K      Env         2s   1%    behavior_pred…    0.277  │
│  Steps            83.4M      Copy       19s  22%    policy_loss       0.009  │
│  SPS             188.4K      Misc    3m 25s   0%    value_loss        0.005  │
│  Epoch              159    Train      1m 3s  71%    entropy           4.030  │
│  Uptime         11m 26s      Forwa…     22s  25%    old_approx_kl     0.009  │
│  Remaini…    2h 49m 32s      Learn      37s  41%    approx_kl         0.007  │
│                              Copy        0s   0%    clipfrac          0.094  │
│                              Misc        3s   4%    importance        0.998  │
│                                                     explained_var…    0.970  │
│                                                                              │
│  User Stats                    Value    User Stats                    Value  │
│  n                          1035.800    score                         0.896  │
│  offroad_rate                  0.045    collision_rate                0.034  │
│  episode_length               61.171    episode_return                0.813  │
│  dnf_rate                      0.025    completion_rate               0.896  │
│  lane_alignment_rate           0.563    lane_aligned_steps           20.194  │
│  lane_distance_count          35.497    speed_limit_rate              0.370  │
│  lane_distance_avg             1.016    velocity_reward_total         0.000  │
│  comfort_violations           91.157    offroad_per_agent             0.045  │
│  collisions_per_agent          0.034    goals_sampled_this_ep…        1.000  │
│  goals_reached_this_ep…        0.896    speed_at_goal                12.211  │
╰──────────────────────────────────────────────────────────────────────────────╯

[0;0H╭──────────────────────────────────────────────────────────────────────────────╮
│  PufferLib 3.0 🐡             CPU: 5.9%    GPU:     DRAM: 0.6%        VRAM:  │
│                                            81.8%                      21.3%  │
│                                                                              │
│  Summary          Value    Evaluate  3m 51s  28%    Losses            Value  │
│  Env       puffer_drive      Forwa…      3s   3%    behavior_pred…    0.012  │
│  Params          747.3K      Env         2s   1%    behavior_pred…    0.271  │
│  Steps            83.9M      Copy       19s  22%    policy_loss       0.012  │
│  SPS             188.5K      Misc    3m 25s   0%    value_loss        0.006  │
│  Epoch              160    Train      1m 3s  71%    entropy           4.028  │
│  Uptime         11m 29s      Forwa…     22s  25%    old_approx_kl     0.009  │
│  Remaini…    2h 49m 23s      Learn      37s  41%    approx_kl         0.007  │
│                              Copy        0s   0%    clipfrac          0.076  │
│                              Misc        3s   4%    importance        0.998  │
│                                                     explained_var…    0.964  │
│                                                                              │
│  User Stats                    Value    User Stats                    Value  │
│  n                          1039.273    score                         0.906  │
│  offroad_rate                  0.043    collision_rate                0.036  │
│  episode_length               62.585    episode_return                0.824  │
│  dnf_rate                      0.015    completion_rate               0.906  │
│  lane_alignment_rate           0.561    lane_aligned_steps           20.692  │
│  lane_distance_count          36.542    speed_limit_rate              0.399  │
│  lane_distance_avg             0.986    velocity_reward_total         0.000  │
│  comfort_violations           94.232    offroad_per_agent             0.043  │
│  collisions_per_agent          0.036    goals_sampled_this_ep…        1.000  │
│  goals_reached_this_ep…        0.906    speed_at_goal                12.715  │
╰──────────────────────────────────────────────────────────────────────────────╯

[0;0H╭──────────────────────────────────────────────────────────────────────────────╮
│  PufferLib 3.0          🐡    CPU: 5.9%    GPU:     DRAM: 0.6%        VRAM:  │
│                                            81.2%                      21.3%  │
│                                                                              │
│  Summary          Value    Evaluate  3m 52s  28%    Losses            Value  │
│  Env       puffer_drive      Forwa…      4s   3%    behavior_pred…    0.013  │
│  Params          747.3K      Env         2s   1%    behavior_pred…    0.276  │
│  Steps            84.4M      Copy       20s  22%    policy_loss       0.009  │
│  SPS             188.4K      Misc    3m 25s   0%    value_loss        0.006  │
│  Epoch              161    Train      1m 5s  71%    entropy           4.025  │
│  Uptime         11m 31s      Forwa…     23s  25%    old_approx_kl     0.009  │
│  Remaini…    2h 49m 26s      Learn      38s  41%    approx_kl         0.006  │
│                              Copy        0s   0%    clipfrac          0.072  │
│                              Misc        3s   4%    importance        0.998  │
│                                                     explained_var…    0.967  │
│                                                                              │
│  User Stats                    Value    User Stats                    Value  │
│  n                          1046.375    score                         0.904  │
│  offroad_rate                  0.041    collision_rate                0.032  │
│  episode_length               61.752    episode_return                0.830  │
│  dnf_rate                      0.023    completion_rate               0.904  │
│  lane_alignment_rate           0.560    lane_aligned_steps           20.158  │
│  lane_distance_count          35.752    speed_limit_rate              0.382  │
│  lane_distance_avg             0.974    velocity_reward_total         0.000  │
│  comfort_violations           91.939    offroad_per_agent             0.041  │
│  collisions_per_agent          0.032    goals_sampled_this_ep…        1.000  │
│  goals_reached_this_ep…        0.904    speed_at_goal                12.482  │
╰──────────────────────────────────────────────────────────────────────────────╯

[0;0H╭──────────────────────────────────────────────────────────────────────────────╮
│  PufferLib 3.0         🐡     CPU: 5.9%    GPU:     DRAM: 0.6%        VRAM:  │
│                                            81.2%                      21.3%  │
│                                                                              │
│  Summary          Value    Evaluate  3m 52s  28%    Losses            Value  │
│  Env       puffer_drive      Forwa…      4s   3%    behavior_pred…    0.012  │
│  Params          747.3K      Env         2s   1%    behavior_pred…    0.269  │
│  Steps            84.9M      Copy       20s  23%    policy_loss       0.011  │
│  SPS             189.0K      Misc    3m 25s   0%    value_loss        0.006  │
│  Epoch              162    Train      1m 5s  71%    entropy           4.031  │
│  Uptime         11m 34s      Forwa…     23s  25%    old_approx_kl     0.010  │
│  Remaini…    2h 48m 51s      Learn      38s  41%    approx_kl         0.007  │
│                              Copy        0s   0%    clipfrac          0.089  │
│                              Misc        3s   4%    importance        0.998  │
│                                                     explained_var…    0.968  │
│                                                                              │
│  User Stats                    Value    User Stats                    Value  │
│  n                          1039.429    score                         0.907  │
│  offroad_rate                  0.040    collision_rate                0.036  │
│  episode_length               63.162    episode_return                0.828  │
│  dnf_rate                      0.017    completion_rate               0.907  │
│  lane_alignment_rate           0.563    lane_aligned_steps           20.460  │
│  lane_distance_count          36.948    speed_limit_rate              0.406  │
│  lane_distance_avg             1.028    velocity_reward_total         0.000  │
│  comfort_violations           95.164    offroad_per_agent             0.040  │
│  collisions_per_agent          0.036    goals_sampled_this_ep…        1.000  │
│  goals_reached_this_ep…        0.907    speed_at_goal                12.854  │
╰──────────────────────────────────────────────────────────────────────────────╯

[0;0H╭──────────────────────────────────────────────────────────────────────────────╮
│  PufferLib 3.0        🐡      CPU: 5.6%    GPU:     DRAM: 0.6%        VRAM:  │
│                                            81.5%                      21.3%  │
│                                                                              │
│  Summary          Value    Evaluate  3m 52s  28%    Losses            Value  │
│  Env       puffer_drive      Forwa…      4s   3%    behavior_pred…    0.013  │
│  Params          747.3K      Env         2s   1%    behavior_pred…    0.269  │
│  Steps            85.5M      Copy       20s  23%    policy_loss       0.012  │
│  SPS             189.1K      Misc    3m 25s   0%    value_loss        0.006  │
│  Epoch              163    Train      1m 5s  71%    entropy           4.038  │
│  Uptime         11m 37s      Forwa…     23s  25%    old_approx_kl     0.011  │
│  Remaini…    2h 48m 43s      Learn      38s  41%    approx_kl         0.008  │
│                              Copy        0s   0%    clipfrac          0.118  │
│                              Misc        3s   4%    importance        0.998  │
│                                                     explained_var…    0.968  │
│                                                                              │
│  User Stats                    Value    User Stats                    Value  │
│  n                          1037.222    score                         0.903  │
│  offroad_rate                  0.040    collision_rate                0.033  │
│  episode_length               61.482    episode_return                0.825  │
│  dnf_rate                      0.024    completion_rate               0.903  │
│  lane_alignment_rate           0.579    lane_aligned_steps           20.590  │
│  lane_distance_count          35.506    speed_limit_rate              0.374  │
│  lane_distance_avg             0.981    velocity_reward_total         0.000  │
│  comfort_violations           91.223    offroad_per_agent             0.040  │
│  collisions_per_agent          0.033    goals_sampled_this_ep…        1.000  │
│  goals_reached_this_ep…        0.903    speed_at_goal                12.338  │
╰──────────────────────────────────────────────────────────────────────────────╯

[0;0H╭──────────────────────────────────────────────────────────────────────────────╮
│  PufferLib 3.0       🐡       CPU: 5.6%    GPU:     DRAM: 0.6%        VRAM:  │
│                                            81.4%                      21.3%  │
│                                                                              │
│  Summary          Value    Evaluate  3m 52s  28%    Losses            Value  │
│  Env       puffer_drive      Forwa…      4s   3%    behavior_pred…    0.012  │
│  Params          747.3K      Env         2s   1%    behavior_pred…    0.270  │
│  Steps            86.0M      Copy       20s  23%    policy_loss       0.011  │
│  SPS             189.4K      Misc    3m 25s   0%    value_loss        0.006  │
│  Epoch              164    Train      1m 5s  71%    entropy           4.037  │
│  Uptime         11m 40s      Forwa…     23s  25%    old_approx_kl     0.012  │
│  Remaini…    2h 48m 26s      Learn      38s  41%    approx_kl         0.009  │
│                              Copy        0s   0%    clipfrac          0.127  │
│                              Misc        3s   4%    importance        0.997  │
│                                                     explained_var…    0.965  │
│                                                                              │
│  User Stats                    Value    User Stats                    Value  │
│  n                          1036.000    score                         0.906  │
│  offroad_rate                  0.040    collision_rate                0.037  │
│  episode_length               62.288    episode_return                0.822  │
│  dnf_rate                      0.017    completion_rate               0.906  │
│  lane_alignment_rate           0.578    lane_aligned_steps           20.548  │
│  lane_distance_count          36.210    speed_limit_rate              0.385  │
│  lane_distance_avg             1.034    velocity_reward_total         0.000  │
│  comfort_violations           92.928    offroad_per_agent             0.040  │
│  collisions_per_agent          0.037    goals_sampled_this_ep…        1.000  │
│  goals_reached_this_ep…        0.906    speed_at_goal                12.480  │
╰──────────────────────────────────────────────────────────────────────────────╯

[0;0H╭──────────────────────────────────────────────────────────────────────────────╮
│  PufferLib 3.0      🐡        CPU: 5.6%    GPU:     DRAM: 0.6%        VRAM:  │
│                                            81.3%                      21.3%  │
│                                                                              │
│  Summary          Value    Evaluate  3m 52s  28%    Losses            Value  │
│  Env       puffer_drive      Forwa…      4s   3%    behavior_pred…    0.012  │
│  Params          747.3K      Env         2s   1%    behavior_pred…    0.264  │
│  Steps            86.5M      Copy       20s  23%    policy_loss       0.010  │
│  SPS             189.2K      Misc    3m 25s   0%    value_loss        0.005  │
│  Epoch              165    Train      1m 5s  71%    entropy           4.041  │
│  Uptime         11m 43s      Forwa…     23s  25%    old_approx_kl     0.013  │
│  Remaini…    2h 48m 34s      Learn      38s  41%    approx_kl         0.010  │
│                              Copy        0s   0%    clipfrac          0.140  │
│                              Misc        3s   4%    importance        0.997  │
│                                                     explained_var…    0.970  │
│                                                                              │
│  User Stats                    Value    User Stats                    Value  │
│  n                          1033.300    score                         0.910  │
│  offroad_rate                  0.045    collision_rate                0.025  │
│  episode_length               60.919    episode_return                0.847  │
│  dnf_rate                      0.020    completion_rate               0.910  │
│  lane_alignment_rate           0.573    lane_aligned_steps           20.580  │
│  lane_distance_count          35.935    speed_limit_rate              0.375  │
│  lane_distance_avg             0.997    velocity_reward_total         0.000  │
│  comfort_violations           92.374    offroad_per_agent             0.045  │
│  collisions_per_agent          0.025    goals_sampled_this_ep…        1.000  │
│  goals_reached_this_ep…        0.910    speed_at_goal                12.434  │
╰──────────────────────────────────────────────────────────────────────────────╯

[0;0H╭──────────────────────────────────────────────────────────────────────────────╮
│  PufferLib 3.0     🐡         CPU: 5.6%    GPU:     DRAM: 0.6%        VRAM:  │
│                                            81.5%                      21.3%  │
│                                                                              │
│  Summary          Value    Evaluate  3m 52s  28%    Losses            Value  │
│  Env       puffer_drive      Forwa…      4s   3%    behavior_pred…    0.012  │
│  Params          747.3K      Env         2s   1%    behavior_pred…    0.270  │
│  Steps            87.0M      Copy       20s  23%    policy_loss       0.009  │
│  SPS             188.8K      Misc    3m 25s   0%    value_loss        0.005  │
│  Epoch              166    Train      1m 7s  71%    entropy           4.056  │
│  Uptime         11m 45s      Forwa…     23s  25%    old_approx_kl     0.013  │
│  Remaini…    2h 48m 53s      Learn      39s  41%    approx_kl         0.011  │
│                              Copy        0s   0%    clipfrac          0.148  │
│                              Misc        3s   4%    importance        0.997  │
│                                                     explained_var…    0.972  │
│                                                                              │
│  User Stats                    Value    User Stats                    Value  │
│  n                          1035.571    score                         0.895  │
│  offroad_rate                  0.051    collision_rate                0.029  │
│  episode_length               63.020    episode_return                0.818  │
│  dnf_rate                      0.025    completion_rate               0.895  │
│  lane_alignment_rate           0.561    lane_aligned_steps           20.763  │
│  lane_distance_count          37.102    speed_limit_rate              0.406  │
│  lane_distance_avg             0.980    velocity_reward_total         0.000  │
│  comfort_violations           95.767    offroad_per_agent             0.051  │
│  collisions_per_agent          0.029    goals_sampled_this_ep…        1.000  │
│  goals_reached_this_ep…        0.895    speed_at_goal                12.711  │
╰──────────────────────────────────────────────────────────────────────────────╯

[0;0H╭──────────────────────────────────────────────────────────────────────────────╮
│  PufferLib 3.0    🐡          CPU: 5.6%    GPU:     DRAM: 0.6%        VRAM:  │
│                                            81.5%                      21.3%  │
│                                                                              │
│  Summary          Value    Evaluate  3m 52s  28%    Losses            Value  │
│  Env       puffer_drive      Forwa…      4s   3%    behavior_pred…    0.012  │
│  Params          747.3K      Env         2s   1%    behavior_pred…    0.280  │
│  Steps            87.6M      Copy       20s  23%    policy_loss       0.010  │
│  SPS             189.3K      Misc    3m 25s   0%    value_loss        0.005  │
│  Epoch              167    Train      1m 7s  71%    entropy           4.058  │
│  Uptime         11m 48s      Forwa…     23s  25%    old_approx_kl     0.012  │
│  Remaini…    2h 48m 23s      Learn      39s  41%    approx_kl         0.009  │
│                              Copy        0s   0%    clipfrac          0.121  │
│                              Misc        3s   4%    importance        0.997  │
│                                                     explained_var…    0.972  │
│                                                                              │
│  User Stats                    Value    User Stats                    Value  │
│  n                          1043.750    score                         0.908  │
│  offroad_rate                  0.049    collision_rate                0.027  │
│  episode_length               61.540    episode_return                0.838  │
│  dnf_rate                      0.016    completion_rate               0.908  │
│  lane_alignment_rate           0.572    lane_aligned_steps           20.685  │
│  lane_distance_count          35.764    speed_limit_rate              0.380  │
│  lane_distance_avg             0.970    velocity_reward_total         0.000  │
│  comfort_violations           91.948    offroad_per_agent             0.049  │
│  collisions_per_agent          0.027    goals_sampled_this_ep…        1.000  │
│  goals_reached_this_ep…        0.908    speed_at_goal                12.439  │
╰──────────────────────────────────────────────────────────────────────────────╯

[0;0H╭──────────────────────────────────────────────────────────────────────────────╮
│  PufferLib 3.0   🐡           CPU: 5.5%    GPU:     DRAM: 0.6%        VRAM:  │
│                                            81.8%                      21.3%  │
│                                                                              │
│  Summary          Value    Evaluate  3m 52s  28%    Losses            Value  │
│  Env       puffer_drive      Forwa…      4s   3%    behavior_pred…    0.012  │
│  Params          747.3K      Env         2s   1%    behavior_pred…    0.268  │
│  Steps            88.1M      Copy       20s  23%    policy_loss       0.009  │
│  SPS             189.2K      Misc    3m 25s   0%    value_loss        0.005  │
│  Epoch              168    Train      1m 7s  71%    entropy           4.056  │
│  Uptime         11m 51s      Forwa…     23s  25%    old_approx_kl     0.012  │
│  Remaini…    2h 48m 25s      Learn      39s  41%    approx_kl         0.009  │
│                              Copy        0s   0%    clipfrac          0.130  │
│                              Misc        3s   4%    importance        0.998  │
│                                                     explained_var…    0.973  │
│                                                                              │
│  User Stats                    Value    User Stats                    Value  │
│  n                          1033.714    score                         0.894  │
│  offroad_rate                  0.052    collision_rate                0.028  │
│  episode_length               63.165    episode_return                0.819  │
│  dnf_rate                      0.026    completion_rate               0.894  │
│  lane_alignment_rate           0.559    lane_aligned_steps           20.762  │
│  lane_distance_count          36.428    speed_limit_rate              0.388  │
│  lane_distance_avg             0.995    velocity_reward_total         0.000  │
│  comfort_violations           93.624    offroad_per_agent             0.052  │
│  collisions_per_agent          0.028    goals_sampled_this_ep…        1.000  │
│  goals_reached_this_ep…        0.894    speed_at_goal                12.288  │
╰──────────────────────────────────────────────────────────────────────────────╯

[0;0H╭──────────────────────────────────────────────────────────────────────────────╮
│  PufferLib 3.0  🐡            CPU: 5.5%    GPU:     DRAM: 0.6%        VRAM:  │
│                                            81.7%                      21.3%  │
│                                                                              │
│  Summary          Value    Evaluate  3m 52s  28%    Losses            Value  │
│  Env       puffer_drive      Forwa…      4s   3%    behavior_pred…    0.012  │
│  Params          747.3K      Env         2s   1%    behavior_pred…    0.274  │
│  Steps            88.6M      Copy       20s  23%    policy_loss       0.011  │
│  SPS             188.8K      Misc    3m 25s   0%    value_loss        0.005  │
│  Epoch              169    Train      1m 7s  71%    entropy           4.057  │
│  Uptime         11m 54s      Forwa…     23s  25%    old_approx_kl     0.012  │
│  Remaini…    2h 48m 41s      Learn      39s  41%    approx_kl         0.010  │
│                              Copy        0s   0%    clipfrac          0.131  │
│                              Misc        3s   4%    importance        0.997  │
│                                                     explained_var…    0.970  │
│                                                                              │
│  User Stats                    Value    User Stats                    Value  │
│  n                          1036.889    score                         0.897  │
│  offroad_rate                  0.054    collision_rate                0.030  │
│  episode_length               62.733    episode_return                0.819  │
│  dnf_rate                      0.019    completion_rate               0.897  │
│  lane_alignment_rate           0.561    lane_aligned_steps           20.967  │
│  lane_distance_count          36.288    speed_limit_rate              0.388  │
│  lane_distance_avg             0.975    velocity_reward_total         0.000  │
│  comfort_violations           93.233    offroad_per_agent             0.054  │
│  collisions_per_agent          0.030    goals_sampled_this_ep…        1.000  │
│  goals_reached_this_ep…        0.897    speed_at_goal                12.270  │
╰──────────────────────────────────────────────────────────────────────────────╯

[0;0H╭──────────────────────────────────────────────────────────────────────────────╮
│  PufferLib 3.0 🐡             CPU: 5.6%    GPU:     DRAM: 0.6%        VRAM:  │
│                                            81.6%                      21.3%  │
│                                                                              │
│  Summary          Value    Evaluate  3m 52s  28%    Losses            Value  │
│  Env       puffer_drive      Forwa…      4s   3%    behavior_pred…    0.012  │
│  Params          747.3K      Env         2s   1%    behavior_pred…    0.277  │
│  Steps            89.1M      Copy       20s  23%    policy_loss       0.008  │
│  SPS             189.9K      Misc    3m 25s   0%    value_loss        0.005  │
│  Epoch              170    Train      1m 7s  71%    entropy           4.045  │
│  Uptime         11m 56s      Forwa…     23s  25%    old_approx_kl     0.012  │
│  Remaini…    2h 47m 45s      Learn      39s  41%    approx_kl         0.010  │
│                              Copy        0s   0%    clipfrac          0.143  │
│                              Misc        3s   4%    importance        0.998  │
│                                                     explained_var…    0.971  │
│                                                                              │
│  User Stats                    Value    User Stats                    Value  │
│  n                          1033.000    score                         0.899  │
│  offroad_rate                  0.044    collision_rate                0.028  │
│  episode_length               63.199    episode_return                0.831  │
│  dnf_rate                      0.029    completion_rate               0.899  │
│  lane_alignment_rate           0.546    lane_aligned_steps           20.450  │
│  lane_distance_count          36.554    speed_limit_rate              0.378  │
│  lane_distance_avg             1.021    velocity_reward_total         0.000  │
│  comfort_violations           93.692    offroad_per_agent             0.044  │
│  collisions_per_agent          0.028    goals_sampled_this_ep…        1.000  │
│  goals_reached_this_ep…        0.899    speed_at_goal                12.237  │
╰──────────────────────────────────────────────────────────────────────────────╯

[0;0H╭──────────────────────────────────────────────────────────────────────────────╮
│  PufferLib 3.0          🐡    CPU: 5.9%    GPU:     DRAM: 0.6%        VRAM:  │
│                                            77.3%                      21.3%  │
│                                                                              │
│  Summary          Value    Evaluate  3m 54s  28%    Losses            Value  │
│  Env       puffer_drive      Forwa…      4s   3%    behavior_pred…    0.013  │
│  Params          747.3K      Env         4s   1%    behavior_pred…    0.289  │
│  Steps            89.7M      Copy       21s  23%    policy_loss       0.008  │
│  SPS             126.6K      Misc    3m 25s   0%    value_loss        0.004  │
│  Epoch              171    Train      1m 9s  71%    entropy           4.036  │
│  Uptime          12m 1s      Forwa…     24s  25%    old_approx_kl     0.013  │
│  Remaini…    4h 11m 27s      Learn      40s  41%    approx_kl         0.011  │
│                              Copy        0s   0%    clipfrac          0.154  │
│                              Misc        4s   4%    importance        0.998  │
│                                                     explained_var…    0.971  │
│                                                                              │
│  User Stats                    Value    User Stats                    Value  │
│  n                          1035.778    score                         0.916  │
│  offroad_rate                  0.040    collision_rate                0.027  │
│  episode_length               62.382    episode_return                0.853  │
│  dnf_rate                      0.017    completion_rate               0.916  │
│  lane_alignment_rate           0.563    lane_aligned_steps           20.584  │
│  lane_distance_count          36.300    speed_limit_rate              0.387  │
│  lane_distance_avg             0.999    velocity_reward_total         0.000  │
│  comfort_violations           93.380    offroad_per_agent             0.040  │
│  collisions_per_agent          0.027    goals_sampled_this_ep…        1.000  │
│  goals_reached_this_ep…        0.916    speed_at_goal                12.584  │
╰──────────────────────────────────────────────────────────────────────────────╯

[0;0H╭──────────────────────────────────────────────────────────────────────────────╮
│  PufferLib 3.0         🐡     CPU: 5.8%    GPU:     DRAM: 0.6%        VRAM:  │
│                                            77.8%                      21.3%  │
│                                                                              │
│  Summary          Value    Evaluate  3m 54s  51%    Losses            Value  │
│  Env       puffer_drive      Forwa…      4s   2%    behavior_pred…    0.013  │
│  Params          747.3K      Env         4s  33%    behavior_pred…    0.328  │
│  Steps            90.2M      Copy       21s  15%    policy_loss       0.017  │
│  SPS             189.5K      Misc    3m 25s   0%    value_loss        0.007  │
│  Epoch              172    Train      1m 9s  48%    entropy           4.054  │
│  Uptime          12m 3s      Forwa…     24s  16%    old_approx_kl     0.014  │
│  Remaini…    2h 47m 56s      Learn      40s  27%    approx_kl         0.010  │
│                              Copy        0s   0%    clipfrac          0.140  │
│                              Misc        4s   2%    importance        0.997  │
│                                                     explained_var…    0.946  │
│                                                                              │
│  User Stats                    Value    User Stats                    Value  │
│  n                          1035.778    score                         0.916  │
│  offroad_rate                  0.040    collision_rate                0.027  │
│  episode_length               62.382    episode_return                0.853  │
│  dnf_rate                      0.017    completion_rate               0.916  │
│  lane_alignment_rate           0.563    lane_aligned_steps           20.584  │
│  lane_distance_count          36.300    speed_limit_rate              0.387  │
│  lane_distance_avg             0.999    velocity_reward_total         0.000  │
│  comfort_violations           93.380    offroad_per_agent             0.040  │
│  collisions_per_agent          0.027    goals_sampled_this_ep…        1.000  │
│  goals_reached_this_ep…        0.916    speed_at_goal                12.584  │
╰──────────────────────────────────────────────────────────────────────────────╯

[0;0H╭──────────────────────────────────────────────────────────────────────────────╮
│  PufferLib 3.0        🐡      CPU: 6.1%    GPU:     DRAM: 0.6%        VRAM:  │
│                                            77.8%                      21.3%  │
│                                                                              │
│  Summary          Value    Evaluate  3m 54s  51%    Losses            Value  │
│  Env       puffer_drive      Forwa…      4s   2%    behavior_pred…    0.012  │
│  Params          747.3K      Env         4s  33%    behavior_pred…    0.236  │
│  Steps            90.7M      Copy       21s  15%    policy_loss       0.011  │
│  SPS             190.1K      Misc    3m 25s   0%    value_loss        0.005  │
│  Epoch              173    Train      1m 9s  48%    entropy           4.054  │
│  Uptime          12m 6s      Forwa…     24s  16%    old_approx_kl     0.013  │
│  Remaini…    2h 47m 24s      Learn      40s  27%    approx_kl         0.010  │
│                              Copy        0s   0%    clipfrac          0.135  │
│                              Misc        4s   2%    importance        0.997  │
│                                                     explained_var…    0.974  │
│                                                                              │
│  User Stats                    Value    User Stats                    Value  │
│  n                          1035.778    score                         0.916  │
│  offroad_rate                  0.040    collision_rate                0.027  │
│  episode_length               62.382    episode_return                0.853  │
│  dnf_rate                      0.017    completion_rate               0.916  │
│  lane_alignment_rate           0.563    lane_aligned_steps           20.584  │
│  lane_distance_count          36.300    speed_limit_rate              0.387  │
│  lane_distance_avg             0.999    velocity_reward_total         0.000  │
│  comfort_violations           93.380    offroad_per_agent             0.040  │
│  collisions_per_agent          0.027    goals_sampled_this_ep…        1.000  │
│  goals_reached_this_ep…        0.916    speed_at_goal                12.584  │
╰──────────────────────────────────────────────────────────────────────────────╯

[0;0H╭──────────────────────────────────────────────────────────────────────────────╮
│  PufferLib 3.0       🐡       CPU: 6.0%    GPU:     DRAM: 0.6%        VRAM:  │
│                                            77.7%                      21.3%  │
│                                                                              │
│  Summary          Value    Evaluate  3m 54s  51%    Losses            Value  │
│  Env       puffer_drive      Forwa…      4s   2%    behavior_pred…    0.013  │
│  Params          747.3K      Env         4s  33%    behavior_pred…    0.282  │
│  Steps            91.2M      Copy       21s  15%    policy_loss       0.011  │
│  SPS             190.0K      Misc    3m 25s   0%    value_loss        0.006  │
│  Epoch              174    Train      1m 9s  48%    entropy           4.073  │
│  Uptime          12m 9s      Forwa…     24s  16%    old_approx_kl     0.012  │
│  Remaini…    2h 47m 27s      Learn      40s  27%    approx_kl         0.009  │
│                              Copy        0s   0%    clipfrac          0.116  │
│                              Misc        4s   2%    importance        0.997  │
│                                                     explained_var…    0.965  │
│                                                                              │
│  User Stats                    Value    User Stats                    Value  │
│  n                          1105.625    score                         0.887  │
│  offroad_rate                  0.056    collision_rate                0.034  │
│  episode_length               63.595    episode_return                0.802  │
│  dnf_rate                      0.023    completion_rate               0.887  │
│  lane_alignment_rate           0.557    lane_aligned_steps           20.821  │
│  lane_distance_count          36.583    speed_limit_rate              0.417  │
│  lane_distance_avg             0.983    velocity_reward_total         0.000  │
│  comfort_violations           94.920    offroad_per_agent             0.056  │
│  collisions_per_agent          0.034    goals_sampled_this_ep…        1.000  │
│  goals_reached_this_ep…        0.887    speed_at_goal                12.668  │
╰──────────────────────────────────────────────────────────────────────────────╯

[0;0H╭──────────────────────────────────────────────────────────────────────────────╮
│  PufferLib 3.0      🐡        CPU: 5.9%    GPU:     DRAM: 0.6%        VRAM:  │
│                                            78.3%                      21.3%  │
│                                                                              │
│  Summary          Value    Evaluate  3m 54s  51%    Losses            Value  │
│  Env       puffer_drive      Forwa…      4s   2%    behavior_pred…    0.012  │
│  Params          747.3K      Env         4s  33%    behavior_pred…    0.261  │
│  Steps            91.8M      Copy       21s  15%    policy_loss       0.011  │
│  SPS             190.3K      Misc    3m 25s   0%    value_loss        0.006  │
│  Epoch              175    Train      1m 9s  48%    entropy           4.065  │
│  Uptime         12m 12s      Forwa…     24s  16%    old_approx_kl     0.011  │
│  Remaini…     2h 47m 7s      Learn      40s  27%    approx_kl         0.008  │
│                              Copy        0s   0%    clipfrac          0.113  │
│                              Misc        4s   2%    importance        0.998  │
│                                                     explained_var…    0.966  │
│                                                                              │
│  User Stats                    Value    User Stats                    Value  │
│  n                          1105.625    score                         0.887  │
│  offroad_rate                  0.056    collision_rate                0.034  │
│  episode_length               63.595    episode_return                0.802  │
│  dnf_rate                      0.023    completion_rate               0.887  │
│  lane_alignment_rate           0.557    lane_aligned_steps           20.821  │
│  lane_distance_count          36.583    speed_limit_rate              0.417  │
│  lane_distance_avg             0.983    velocity_reward_total         0.000  │
│  comfort_violations           94.920    offroad_per_agent             0.056  │
│  collisions_per_agent          0.034    goals_sampled_this_ep…        1.000  │
│  goals_reached_this_ep…        0.887    speed_at_goal                12.668  │
╰──────────────────────────────────────────────────────────────────────────────╯

[0;0H╭──────────────────────────────────────────────────────────────────────────────╮
│  PufferLib 3.0     🐡         CPU: 5.8%    GPU:     DRAM: 0.6%        VRAM:  │
│                                            78.2%                      21.3%  │
│                                                                              │
│  Summary          Value    Evaluate  3m 55s  51%    Losses            Value  │
│  Env       puffer_drive      Forwa…      4s   2%    behavior_pred…    0.012  │
│  Params          747.3K      Env         4s  33%    behavior_pred…    0.270  │
│  Steps            92.3M      Copy       21s  15%    policy_loss       0.008  │
│  SPS             189.1K      Misc    3m 25s   0%    value_loss        0.005  │
│  Epoch              176    Train     1m 11s  48%    entropy           4.059  │
│  Uptime         12m 14s      Forwa…     25s  16%    old_approx_kl     0.010  │
│  Remaini…     2h 48m 8s      Learn      41s  27%    approx_kl         0.007  │
│                              Copy        0s   0%    clipfrac          0.091  │
│                              Misc        4s   2%    importance        0.997  │
│                                                     explained_var…    0.972  │
│                                                                              │
│  User Stats                    Value    User Stats                    Value  │
│  n                          1032.667    score                         0.876  │
│  offroad_rate                  0.050    collision_rate                0.030  │
│  episode_length               58.312    episode_return                0.807  │
│  dnf_rate                      0.044    completion_rate               0.876  │
│  lane_alignment_rate           0.563    lane_aligned_steps           20.393  │
│  lane_distance_count          34.115    speed_limit_rate              0.306  │
│  lane_distance_avg             0.994    velocity_reward_total         0.000  │
│  comfort_violations           86.810    offroad_per_agent             0.050  │
│  collisions_per_agent          0.030    goals_sampled_this_ep…        1.000  │
│  goals_reached_this_ep…        0.876    speed_at_goal                11.016  │
╰──────────────────────────────────────────────────────────────────────────────╯

[0;0H╭──────────────────────────────────────────────────────────────────────────────╮
│  PufferLib 3.0    🐡          CPU: 6.1%    GPU:     DRAM: 0.6%        VRAM:  │
│                                            77.7%                      21.3%  │
│                                                                              │
│  Summary          Value    Evaluate  3m 55s  28%    Losses            Value  │
│  Env       puffer_drive      Forwa…      4s   3%    behavior_pred…    0.013  │
│  Params          747.3K      Env         4s   1%    behavior_pred…    0.277  │
│  Steps            92.8M      Copy       21s  22%    policy_loss       0.011  │
│  SPS             190.3K      Misc    3m 25s   0%    value_loss        0.006  │
│  Epoch              177    Train     1m 11s  71%    entropy           4.059  │
│  Uptime         12m 17s      Forwa…     25s  25%    old_approx_kl     0.010  │
│  Remaini…     2h 47m 3s      Learn      41s  41%    approx_kl         0.008  │
│                              Copy        0s   0%    clipfrac          0.105  │
│                              Misc        4s   4%    importance        0.998  │
│                                                     explained_var…    0.965  │
│                                                                              │
│  User Stats                    Value    User Stats                    Value  │
│  n                          1039.000    score                         0.913  │
│  offroad_rate                  0.048    collision_rate                0.029  │
│  episode_length               59.866    episode_return                0.843  │
│  dnf_rate                      0.010    completion_rate               0.913  │
│  lane_alignment_rate           0.568    lane_aligned_steps           20.463  │
│  lane_distance_count          35.121    speed_limit_rate              0.370  │
│  lane_distance_avg             0.963    velocity_reward_total         0.000  │
│  comfort_violations           90.071    offroad_per_agent             0.048  │
│  collisions_per_agent          0.029    goals_sampled_this_ep…        1.000  │
│  goals_reached_this_ep…        0.913    speed_at_goal                12.200  │
╰──────────────────────────────────────────────────────────────────────────────╯

[0;0H╭──────────────────────────────────────────────────────────────────────────────╮
│  PufferLib 3.0   🐡           CPU: 5.5%    GPU:     DRAM: 0.6%        VRAM:  │
│                                            82.3%                      21.3%  │
│                                                                              │
│  Summary          Value    Evaluate  3m 55s  28%    Losses            Value  │
│  Env       puffer_drive      Forwa…      4s   3%    behavior_pred…    0.012  │
│  Params          747.3K      Env         4s   1%    behavior_pred…    0.272  │
│  Steps            93.3M      Copy       21s  22%    policy_loss       0.008  │
│  SPS             189.0K      Misc    3m 25s   0%    value_loss        0.005  │
│  Epoch              178    Train     1m 11s  71%    entropy           4.059  │
│  Uptime         12m 20s      Forwa…     25s  25%    old_approx_kl     0.011  │
│  Remaini…     2h 48m 7s      Learn      41s  41%    approx_kl         0.009  │
│                              Copy        0s   0%    clipfrac          0.114  │
│                              Misc        4s   4%    importance        0.998  │
│                                                     explained_var…    0.970  │
│                                                                              │
│  User Stats                    Value    User Stats                    Value  │
│  n                          1031.000    score                         0.887  │
│  offroad_rate                  0.047    collision_rate                0.033  │
│  episode_length               61.884    episode_return                0.813  │
│  dnf_rate                      0.032    completion_rate               0.887  │
│  lane_alignment_rate           0.555    lane_aligned_steps           20.814  │
│  lane_distance_count          36.301    speed_limit_rate              0.369  │
│  lane_distance_avg             0.967    velocity_reward_total         0.000  │
│  comfort_violations           93.456    offroad_per_agent             0.047  │
│  collisions_per_agent          0.033    goals_sampled_this_ep…        1.000  │
│  goals_reached_this_ep…        0.887    speed_at_goal                12.219  │
╰──────────────────────────────────────────────────────────────────────────────╯

[0;0H╭──────────────────────────────────────────────────────────────────────────────╮
│  PufferLib 3.0  🐡            CPU: 5.5%    GPU:     DRAM: 0.6%        VRAM:  │
│                                            82.6%                      21.3%  │
│                                                                              │
│  Summary          Value    Evaluate  3m 55s  28%    Losses            Value  │
│  Env       puffer_drive      Forwa…      4s   3%    behavior_pred…    0.012  │
│  Params          747.3K      Env         4s   1%    behavior_pred…    0.265  │
│  Steps            93.8M      Copy       21s  22%    policy_loss       0.009  │
│  SPS             190.0K      Misc    3m 25s   0%    value_loss        0.005  │
│  Epoch              179    Train     1m 11s  71%    entropy           4.055  │
│  Uptime         12m 23s      Forwa…     25s  25%    old_approx_kl     0.012  │
│  Remaini…    2h 47m 12s      Learn      41s  41%    approx_kl         0.009  │
│                              Copy        0s   0%    clipfrac          0.119  │
│                              Misc        4s   4%    importance        0.997  │
│                                                     explained_var…    0.971  │
│                                                                              │
│  User Stats                    Value    User Stats                    Value  │
│  n                          1032.167    score                         0.902  │
│  offroad_rate                  0.044    collision_rate                0.032  │
│  episode_length               63.918    episode_return                0.828  │
│  dnf_rate                      0.022    completion_rate               0.902  │
│  lane_alignment_rate           0.552    lane_aligned_steps           20.747  │
│  lane_distance_count          36.955    speed_limit_rate              0.405  │
│  lane_distance_avg             1.011    velocity_reward_total         0.000  │
│  comfort_violations           95.177    offroad_per_agent             0.044  │
│  collisions_per_agent          0.032    goals_sampled_this_ep…        1.000  │
│  goals_reached_this_ep…        0.902    speed_at_goal                12.596  │
╰──────────────────────────────────────────────────────────────────────────────╯

[0;0H╭──────────────────────────────────────────────────────────────────────────────╮
│  PufferLib 3.0 🐡             CPU: 5.5%    GPU:     DRAM: 0.6%        VRAM:  │
│                                            82.2%                      21.3%  │
│                                                                              │
│  Summary          Value    Evaluate  3m 55s  28%    Losses            Value  │
│  Env       puffer_drive      Forwa…      4s   3%    behavior_pred…    0.013  │
│  Params          747.3K      Env         4s   1%    behavior_pred…    0.285  │
│  Steps            94.4M      Copy       21s  22%    policy_loss       0.010  │
│  SPS             190.1K      Misc    3m 25s   0%    value_loss        0.005  │
│  Epoch              180    Train     1m 11s  71%    entropy           4.068  │
│  Uptime         12m 26s      Forwa…     25s  25%    old_approx_kl     0.011  │
│  Remaini…     2h 47m 3s      Learn      41s  41%    approx_kl         0.009  │
│                              Copy        0s   0%    clipfrac          0.112  │
│                              Misc        4s   4%    importance        0.997  │
│                                                     explained_var…    0.967  │
│                                                                              │
│  User Stats                    Value    User Stats                    Value  │
│  n                          1056.000    score                         0.897  │
│  offroad_rate                  0.047    collision_rate                0.026  │
│  episode_length               61.662    episode_return                0.831  │
│  dnf_rate                      0.030    completion_rate               0.897  │
│  lane_alignment_rate           0.560    lane_aligned_steps           20.754  │
│  lane_distance_count          36.590    speed_limit_rate              0.389  │
│  lane_distance_avg             0.939    velocity_reward_total         0.000  │
│  comfort_violations           94.459    offroad_per_agent             0.047  │
│  collisions_per_agent          0.026    goals_sampled_this_ep…        1.000  │
│  goals_reached_this_ep…        0.897    speed_at_goal                12.515  │
╰──────────────────────────────────────────────────────────────────────────────╯

[0;0H╭──────────────────────────────────────────────────────────────────────────────╮
│  PufferLib 3.0          🐡    CPU: 5.5%    GPU:     DRAM: 0.6%        VRAM:  │
│                                            81.8%                      21.3%  │
│                                                                              │
│  Summary          Value    Evaluate  3m 56s  28%    Losses            Value  │
│  Env       puffer_drive      Forwa…      4s   3%    behavior_pred…    0.012  │
│  Params          747.3K      Env         4s   1%    behavior_pred…    0.271  │
│  Steps            94.9M      Copy       22s  22%    policy_loss       0.010  │
│  SPS             189.9K      Misc    3m 25s   0%    value_loss        0.005  │
│  Epoch              181    Train     1m 13s  71%    entropy           4.065  │
│  Uptime         12m 28s      Forwa…     26s  25%    old_approx_kl     0.011  │
│  Remaini…    2h 47m 10s      Learn      42s  41%    approx_kl         0.008  │
│                              Copy        0s   0%    clipfrac          0.101  │
│                              Misc        4s   4%    importance        0.997  │
│                                                     explained_var…    0.973  │
│                                                                              │
│  User Stats                    Value    User Stats                    Value  │
│  n                          1034.167    score                         0.905  │
│  offroad_rate                  0.047    collision_rate                0.026  │
│  episode_length               65.288    episode_return                0.834  │
│  dnf_rate                      0.022    completion_rate               0.905  │
│  lane_alignment_rate           0.570    lane_aligned_steps           20.973  │
│  lane_distance_count          37.321    speed_limit_rate              0.425  │
│  lane_distance_avg             0.997    velocity_reward_total         0.000  │
│  comfort_violations           96.468    offroad_per_agent             0.047  │
│  collisions_per_agent          0.026    goals_sampled_this_ep…        1.000  │
│  goals_reached_this_ep…        0.905    speed_at_goal                12.922  │
╰──────────────────────────────────────────────────────────────────────────────╯

[0;0H╭──────────────────────────────────────────────────────────────────────────────╮
│  PufferLib 3.0         🐡     CPU: 5.5%    GPU:     DRAM: 0.6%        VRAM:  │
│                                            81.8%                      21.3%  │
│                                                                              │
│  Summary          Value    Evaluate  3m 56s  27%    Losses            Value  │
│  Env       puffer_drive      Forwa…      4s   3%    behavior_pred…    0.012  │
│  Params          747.3K      Env         4s   1%    behavior_pred…    0.270  │
│  Steps            95.4M      Copy       22s  22%    policy_loss       0.010  │
│  SPS             190.2K      Misc    3m 25s   0%    value_loss        0.005  │
│  Epoch              182    Train     1m 13s  72%    entropy           4.069  │
│  Uptime         12m 31s      Forwa…     26s  25%    old_approx_kl     0.012  │
│  Remaini…    2h 46m 52s      Learn      42s  42%    approx_kl         0.009  │
│                              Copy        0s   0%    clipfrac          0.109  │
│                              Misc        4s   4%    importance        0.997  │
│                                                     explained_var…    0.974  │
│                                                                              │
│  User Stats                    Value    User Stats                    Value  │
│  n                          1034.000    score                         0.890  │
│  offroad_rate                  0.054    collision_rate                0.024  │
│  episode_length               57.969    episode_return                0.828  │
│  dnf_rate                      0.033    completion_rate               0.890  │
│  lane_alignment_rate           0.590    lane_aligned_steps           20.725  │
│  lane_distance_count          34.395    speed_limit_rate              0.338  │
│  lane_distance_avg             0.925    velocity_reward_total         0.000  │
│  comfort_violations           87.903    offroad_per_agent             0.054  │
│  collisions_per_agent          0.024    goals_sampled_this_ep…        1.000  │
│  goals_reached_this_ep…        0.890    speed_at_goal                11.622  │
╰──────────────────────────────────────────────────────────────────────────────╯

[0;0H╭──────────────────────────────────────────────────────────────────────────────╮
│  PufferLib 3.0        🐡      CPU: 5.5%    GPU:     DRAM: 0.6%        VRAM:  │
│                                            81.8%                      21.3%  │
│                                                                              │
│  Summary          Value    Evaluate  3m 56s  27%    Losses            Value  │
│  Env       puffer_drive      Forwa…      4s   3%    behavior_pred…    0.012  │
│  Params          747.3K      Env         4s   1%    behavior_pred…    0.286  │
│  Steps            95.9M      Copy       22s  22%    policy_loss       0.011  │
│  SPS             190.4K      Misc    3m 25s   0%    value_loss        0.005  │
│  Epoch              183    Train     1m 13s  72%    entropy           4.080  │
│  Uptime         12m 34s      Forwa…     26s  25%    old_approx_kl     0.014  │
│  Remaini…    2h 46m 39s      Learn      42s  42%    approx_kl         0.010  │
│                              Copy        0s   0%    clipfrac          0.128  │
│                              Misc        4s   4%    importance        0.997  │
│                                                     explained_var…    0.968  │
│                                                                              │
│  User Stats                    Value    User Stats                    Value  │
│  n                          1045.308    score                         0.904  │
│  offroad_rate                  0.051    collision_rate                0.027  │
│  episode_length               64.789    episode_return                0.836  │
│  dnf_rate                      0.019    completion_rate               0.904  │
│  lane_alignment_rate           0.555    lane_aligned_steps           21.179  │
│  lane_distance_count          37.558    speed_limit_rate              0.423  │
│  lane_distance_avg             0.978    velocity_reward_total         0.000  │
│  comfort_violations           96.979    offroad_per_agent             0.051  │
│  collisions_per_agent          0.027    goals_sampled_this_ep…        1.000  │
│  goals_reached_this_ep…        0.904    speed_at_goal                12.884  │
╰──────────────────────────────────────────────────────────────────────────────╯

[0;0H╭──────────────────────────────────────────────────────────────────────────────╮
│  PufferLib 3.0       🐡       CPU: 5.5%    GPU:     DRAM: 0.6%        VRAM:  │
│                                            82.2%                      21.3%  │
│                                                                              │
│  Summary          Value    Evaluate  3m 56s  27%    Losses            Value  │
│  Env       puffer_drive      Forwa…      4s   3%    behavior_pred…    0.012  │
│  Params          747.3K      Env         4s   1%    behavior_pred…    0.264  │
│  Steps            96.5M      Copy       22s  22%    policy_loss      -0.001  │
│  SPS             190.5K      Misc    3m 25s   0%    value_loss        0.005  │
│  Epoch              184    Train     1m 13s  72%    entropy           4.082  │
│  Uptime         12m 37s      Forwa…     26s  25%    old_approx_kl     0.012  │
│  Remaini…    2h 46m 32s      Learn      42s  42%    approx_kl         0.009  │
│                              Copy        0s   0%    clipfrac          0.112  │
│                              Misc        4s   4%    importance        0.997  │
│                                                     explained_var…    0.971  │
│                                                                              │
│  User Stats                    Value    User Stats                    Value  │
│  n                          1033.000    score                         0.884  │
│  offroad_rate                  0.055    collision_rate                0.021  │
│  episode_length               60.613    episode_return                0.824  │
│  dnf_rate                      0.039    completion_rate               0.884  │
│  lane_alignment_rate           0.575    lane_aligned_steps           20.834  │
│  lane_distance_count          35.644    speed_limit_rate              0.369  │
│  lane_distance_avg             0.953    velocity_reward_total         0.000  │
│  comfort_violations           91.493    offroad_per_agent             0.055  │
│  collisions_per_agent          0.021    goals_sampled_this_ep…        1.000  │
│  goals_reached_this_ep…        0.884    speed_at_goal                11.864  │
╰──────────────────────────────────────────────────────────────────────────────╯

[0;0H╭──────────────────────────────────────────────────────────────────────────────╮
│  PufferLib 3.0      🐡        CPU: 5.5%    GPU:     DRAM: 0.6%        VRAM:  │
│                                            82.3%                      21.3%  │
│                                                                              │
│  Summary          Value    Evaluate  3m 56s  27%    Losses            Value  │
│  Env       puffer_drive      Forwa…      4s   3%    behavior_pred…    0.012  │
│  Params          747.3K      Env         4s   1%    behavior_pred…    0.263  │
│  Steps            97.0M      Copy       22s  22%    policy_loss       0.005  │
│  SPS             190.3K      Misc    3m 25s   0%    value_loss        0.005  │
│  Epoch              185    Train     1m 13s  72%    entropy           4.071  │
│  Uptime         12m 39s      Forwa…     26s  25%    old_approx_kl     0.013  │
│  Remaini…    2h 46m 41s      Learn      42s  42%    approx_kl         0.010  │
│                              Copy        0s   0%    clipfrac          0.124  │
│                              Misc        4s   4%    importance        0.997  │
│                                                     explained_var…    0.973  │
│                                                                              │
│  User Stats                    Value    User Stats                    Value  │
│  n                          1034.083    score                         0.904  │
│  offroad_rate                  0.054    collision_rate                0.024  │
│  episode_length               63.606    episode_return                0.840  │
│  dnf_rate                      0.018    completion_rate               0.904  │
│  lane_alignment_rate           0.558    lane_aligned_steps           20.931  │
│  lane_distance_count          36.613    speed_limit_rate              0.395  │
│  lane_distance_avg             0.974    velocity_reward_total         0.000  │
│  comfort_violations           94.054    offroad_per_agent             0.054  │
│  collisions_per_agent          0.024    goals_sampled_this_ep…        1.000  │
│  goals_reached_this_ep…        0.904    speed_at_goal                12.383  │
╰──────────────────────────────────────────────────────────────────────────────╯

[0;0H╭──────────────────────────────────────────────────────────────────────────────╮
│  PufferLib 3.0     🐡         CPU: 5.5%    GPU:     DRAM: 0.6%        VRAM:  │
│                                            82.5%                      21.3%  │
│                                                                              │
│  Summary          Value    Evaluate  3m 57s  27%    Losses            Value  │
│  Env       puffer_drive      Forwa…      4s   3%    behavior_pred…    0.012  │
│  Params          747.3K      Env         4s   1%    behavior_pred…    0.271  │
│  Steps            97.5M      Copy       23s  22%    policy_loss       0.006  │
│  SPS             190.2K      Misc    3m 25s   0%    value_loss        0.005  │
│  Epoch              186    Train     1m 15s  72%    entropy           4.077  │
│  Uptime         12m 42s      Forwa…     26s  25%    old_approx_kl     0.014  │
│  Remaini…    2h 46m 41s      Learn      43s  42%    approx_kl         0.010  │
│                              Copy        0s   0%    clipfrac          0.125  │
│                              Misc        4s   4%    importance        0.997  │
│                                                     explained_var…    0.972  │
│                                                                              │
│  User Stats                    Value    User Stats                    Value  │
│  n                          1058.250    score                         0.887  │
│  offroad_rate                  0.056    collision_rate                0.019  │
│  episode_length               63.777    episode_return                0.829  │
│  dnf_rate                      0.037    completion_rate               0.887  │
│  lane_alignment_rate           0.567    lane_aligned_steps           21.158  │
│  lane_distance_count          36.807    speed_limit_rate              0.386  │
│  lane_distance_avg             0.990    velocity_reward_total         0.000  │
│  comfort_violations           94.509    offroad_per_agent             0.056  │
│  collisions_per_agent          0.019    goals_sampled_this_ep…        1.000  │
│  goals_reached_this_ep…        0.887    speed_at_goal                12.234  │
╰──────────────────────────────────────────────────────────────────────────────╯

[0;0H╭──────────────────────────────────────────────────────────────────────────────╮
│  PufferLib 3.0    🐡          CPU: 5.5%    GPU:     DRAM: 0.6%        VRAM:  │
│                                            82.0%                      21.3%  │
│                                                                              │
│  Summary          Value    Evaluate  3m 57s  27%    Losses            Value  │
│  Env       puffer_drive      Forwa…      4s   3%    behavior_pred…    0.012  │
│  Params          747.3K      Env         4s   1%    behavior_pred…    0.252  │
│  Steps            98.0M      Copy       23s  22%    policy_loss      -0.002  │
│  SPS             189.4K      Misc    3m 25s   0%    value_loss        0.004  │
│  Epoch              187    Train     1m 15s  72%    entropy           4.067  │
│  Uptime         12m 45s      Forwa…     26s  25%    old_approx_kl     0.015  │
│  Remaini…    2h 47m 24s      Learn      43s  42%    approx_kl         0.012  │
│                              Copy        0s   0%    clipfrac          0.149  │
│                              Misc        4s   4%    importance        0.997  │
│                                                     explained_var…    0.975  │
│                                                                              │
│  User Stats                    Value    User Stats                    Value  │
│  n                          1033.417    score                         0.892  │
│  offroad_rate                  0.062    collision_rate                0.022  │
│  episode_length               64.958    episode_return                0.824  │
│  dnf_rate                      0.023    completion_rate               0.892  │
│  lane_alignment_rate           0.562    lane_aligned_steps           21.518  │
│  lane_distance_count          37.321    speed_limit_rate              0.399  │
│  lane_distance_avg             0.988    velocity_reward_total         0.000  │
│  comfort_violations           95.857    offroad_per_agent             0.062  │
│  collisions_per_agent          0.022    goals_sampled_this_ep…        1.000  │
│  goals_reached_this_ep…        0.892    speed_at_goal                12.316  │
╰──────────────────────────────────────────────────────────────────────────────╯

[0;0H╭──────────────────────────────────────────────────────────────────────────────╮
│  PufferLib 3.0   🐡           CPU: 5.5%    GPU:     DRAM: 0.6%        VRAM:  │
│                                            82.0%                      21.3%  │
│                                                                              │
│  Summary          Value    Evaluate  3m 57s  27%    Losses            Value  │
│  Env       puffer_drive      Forwa…      4s   3%    behavior_pred…    0.012  │
│  Params          747.3K      Env         4s   1%    behavior_pred…    0.272  │
│  Steps            98.6M      Copy       23s  22%    policy_loss       0.003  │
│  SPS             188.5K      Misc    3m 25s   0%    value_loss        0.005  │
│  Epoch              188    Train     1m 15s  72%    entropy           4.076  │
│  Uptime         12m 48s      Forwa…     26s  25%    old_approx_kl     0.013  │
│  Remaini…     2h 48m 9s      Learn      43s  42%    approx_kl         0.010  │
│                              Copy        0s   0%    clipfrac          0.126  │
│                              Misc        4s   4%    importance        0.997  │
│                                                     explained_var…    0.973  │
│                                                                              │
│  User Stats                    Value    User Stats                    Value  │
│  n                          1038.800    score                         0.875  │
│  offroad_rate                  0.076    collision_rate                0.018  │
│  episode_length               62.618    episode_return                0.809  │
│  dnf_rate                      0.030    completion_rate               0.875  │
│  lane_alignment_rate           0.563    lane_aligned_steps           21.274  │
│  lane_distance_count          35.855    speed_limit_rate              0.376  │
│  lane_distance_avg             0.942    velocity_reward_total         0.000  │
│  comfort_violations           91.751    offroad_per_agent             0.076  │
│  collisions_per_agent          0.018    goals_sampled_this_ep…        1.000  │
│  goals_reached_this_ep…        0.875    speed_at_goal                11.779  │
╰──────────────────────────────────────────────────────────────────────────────╯

[0;0H╭──────────────────────────────────────────────────────────────────────────────╮
│  PufferLib 3.0  🐡            CPU: 5.5%    GPU:     DRAM: 0.6%        VRAM:  │
│                                            82.3%                      21.3%  │
│                                                                              │
│  Summary          Value    Evaluate  3m 57s  27%    Losses            Value  │
│  Env       puffer_drive      Forwa…      4s   3%    behavior_pred…    0.012  │
│  Params          747.3K      Env         4s   1%    behavior_pred…    0.265  │
│  Steps            99.1M      Copy       23s  22%    policy_loss       0.006  │
│  SPS             189.5K      Misc    3m 25s   0%    value_loss        0.004  │
│  Epoch              189    Train     1m 15s  72%    entropy           4.068  │
│  Uptime         12m 51s      Forwa…     26s  25%    old_approx_kl     0.012  │
│  Remaini…    2h 47m 12s      Learn      43s  42%    approx_kl         0.009  │
│                              Copy        0s   0%    clipfrac          0.118  │
│                              Misc        4s   4%    importance        0.997  │
│                                                     explained_var…    0.977  │
│                                                                              │
│  User Stats                    Value    User Stats                    Value  │
│  n                          1038.500    score                         0.886  │
│  offroad_rate                  0.070    collision_rate                0.019  │
│  episode_length               65.818    episode_return                0.820  │
│  dnf_rate                      0.025    completion_rate               0.886  │
│  lane_alignment_rate           0.554    lane_aligned_steps           21.684  │
│  lane_distance_count          37.488    speed_limit_rate              0.418  │
│  lane_distance_avg             0.990    velocity_reward_total         0.000  │
│  comfort_violations           96.379    offroad_per_agent             0.070  │
│  collisions_per_agent          0.019    goals_sampled_this_ep…        1.000  │
│  goals_reached_this_ep…        0.886    speed_at_goal                12.390  │
╰──────────────────────────────────────────────────────────────────────────────╯

[0;0H╭──────────────────────────────────────────────────────────────────────────────╮
│  PufferLib 3.0 🐡             CPU: 5.5%    GPU:     DRAM: 0.6%        VRAM:  │
│                                            82.4%                      21.3%  │
│                                                                              │
│  Summary          Value    Evaluate  3m 57s  27%    Losses            Value  │
│  Env       puffer_drive      Forwa…      4s   3%    behavior_pred…    0.012  │
│  Params          747.3K      Env         4s   1%    behavior_pred…    0.267  │
│  Steps            99.6M      Copy       23s  22%    policy_loss       0.006  │
│  SPS             189.1K      Misc    3m 25s   0%    value_loss        0.004  │
│  Epoch              190    Train     1m 15s  72%    entropy           4.055  │
│  Uptime         12m 53s      Forwa…     26s  25%    old_approx_kl     0.009  │
│  Remaini…    2h 47m 31s      Learn      43s  42%    approx_kl         0.007  │
│                              Copy        0s   0%    clipfrac          0.085  │
│                              Misc        4s   4%    importance        0.998  │
│                                                     explained_var…    0.978  │
│                                                                              │
│  User Stats                    Value    User Stats                    Value  │
│  n                          1032.400    score                         0.876  │
│  offroad_rate                  0.066    collision_rate                0.018  │
│  episode_length               64.433    episode_return                0.813  │
│  dnf_rate                      0.039    completion_rate               0.876  │
│  lane_alignment_rate           0.558    lane_aligned_steps           21.654  │
│  lane_distance_count          37.004    speed_limit_rate              0.376  │
│  lane_distance_avg             0.984    velocity_reward_total         0.000  │
│  comfort_violations           94.700    offroad_per_agent             0.066  │
│  collisions_per_agent          0.018    goals_sampled_this_ep…        1.000  │
│  goals_reached_this_ep…        0.876    speed_at_goal                11.909  │
╰──────────────────────────────────────────────────────────────────────────────╯

wandb: WARNING `fps` argument does not affect the frame rate of the video when providing a file path or raw bytes.
[0;0H╭──────────────────────────────────────────────────────────────────────────────╮
│  PufferLib 3.0          🐡    CPU: 5.5%    GPU:     DRAM: 0.6%        VRAM:  │
│                                            82.2%                      21.3%  │
│                                                                              │
│  Summary          Value    Evaluate  3m 58s  27%    Losses            Value  │
│  Env       puffer_drive      Forwa…      4s   3%    behavior_pred…    0.012  │
│  Params          747.3K      Env         4s   1%    behavior_pred…    0.271  │
│  Steps           100.1M      Copy       23s  22%    policy_loss       0.008  │
│  SPS             189.3K      Misc    3m 25s   0%    value_loss        0.004  │
│  Epoch              191    Train     1m 17s  72%    entropy           4.064  │
│  Uptime         12m 56s      Forwa…     27s  25%    old_approx_kl     0.010  │
│  Remaini…    2h 47m 18s      Learn      45s  42%    approx_kl         0.008  │
│                              Copy        0s   0%    clipfrac          0.096  │
│                              Misc        4s   4%    importance        0.998  │
│                                                     explained_var…    0.975  │
│                                                                              │
│  User Stats                    Value    User Stats                    Value  │
│  n                          1048.300    score                         0.909  │
│  offroad_rate                  0.050    collision_rate                0.020  │
│  episode_length               64.704    episode_return                0.853  │
│  dnf_rate                      0.021    completion_rate               0.909  │
│  lane_alignment_rate           0.564    lane_aligned_steps           21.346  │
│  lane_distance_count          36.860    speed_limit_rate              0.391  │
│  lane_distance_avg             0.974    velocity_reward_total         0.000  │
│  comfort_violations           94.450    offroad_per_agent             0.050  │
│  collisions_per_agent          0.020    goals_sampled_this_ep…        1.000  │
│  goals_reached_this_ep…        0.909    speed_at_goal                12.431  │
╰──────────────────────────────────────────────────────────────────────────────╯

[VideoLogger] Recorded 50 frames across 5 scenarios on driver_env
[0;0H╭──────────────────────────────────────────────────────────────────────────────╮
│  PufferLib 3.0         🐡     CPU: 1.3%  GPU: 8.7%  DRAM: 0.1%        VRAM:  │
│                                                                       21.3%  │
│                                                                              │
│  Summary          Value    Evaluate  3m 58s  27%    Losses            Value  │
│  Env       puffer_drive      Forwa…      4s   3%    behavior_pred…    0.012  │
│  Params          747.3K      Env         4s   1%    behavior_pred…    0.275  │
│  Steps           100.7M      Copy       23s  22%    policy_loss       0.008  │
│  SPS               1.2K      Misc    3m 25s   0%    value_loss        0.003  │
│  Epoch              192    Train     1m 17s  72%    entropy           4.065  │
│  Uptime         20m 20s      Forwa…     27s  25%    old_approx_kl     0.010  │
│  Remaini…  446h 16m 19s      Learn      45s  41%    approx_kl         0.008  │
│                              Copy        0s   0%    clipfrac          0.099  │
│                              Misc        4s   4%    importance        0.998  │
│                                                     explained_var…    0.981  │
│                                                                              │
│  User Stats                    Value    User Stats                    Value  │
│  n                          1038.000    score                         0.896  │
│  offroad_rate                  0.045    collision_rate                0.025  │
│  episode_length               65.178    episode_return                0.831  │
│  dnf_rate                      0.035    completion_rate               0.896  │
│  lane_alignment_rate           0.561    lane_aligned_steps           21.376  │
│  lane_distance_count          37.829    speed_limit_rate              0.416  │
│  lane_distance_avg             0.984    velocity_reward_total         0.000  │
│  comfort_violations           97.579    offroad_per_agent             0.045  │
│  collisions_per_agent          0.025    goals_sampled_this_ep…        1.000  │
│  goals_reached_this_ep…        0.896    speed_at_goal                12.695  │
╰──────────────────────────────────────────────────────────────────────────────╯

[0;0H╭──────────────────────────────────────────────────────────────────────────────╮
│  PufferLib 3.0        🐡      CPU: 1.9%    GPU:     DRAM: 0.1%        VRAM:  │
│                                            17.1%                      21.3%  │
│                                                                              │
│  Summary          Value    Evaluate  3m 58s  27%    Losses            Value  │
│  Env       puffer_drive      Forwa…      4s   3%    behavior_pred…    0.012  │
│  Params          747.3K      Env         4s   1%    behavior_pred…    0.264  │
│  Steps           101.2M      Copy       23s  22%    policy_loss       0.011  │
│  SPS             193.2K      Misc    3m 25s   0%    value_loss        0.005  │
│  Epoch              193    Train     1m 17s  72%    entropy           4.067  │
│  Uptime         20m 22s      Forwa…     27s  25%    old_approx_kl     0.011  │
│  Remaini…    2h 43m 48s      Learn      45s  41%    approx_kl         0.008  │
│                              Copy        0s   0%    clipfrac          0.104  │
│                              Misc        4s   4%    importance        0.997  │
│                                                     explained_var…    0.975  │
│                                                                              │
│  User Stats                    Value    User Stats                    Value  │
│  n                          1037.000    score                         0.924  │
│  offroad_rate                  0.033    collision_rate                0.022  │
│  episode_length               63.394    episode_return                0.871  │
│  dnf_rate                      0.020    completion_rate               0.924  │
│  lane_alignment_rate           0.579    lane_aligned_steps           21.139  │
│  lane_distance_count          36.776    speed_limit_rate              0.399  │
│  lane_distance_avg             0.947    velocity_reward_total         0.000  │
│  comfort_violations           94.541    offroad_per_agent             0.033  │
│  collisions_per_agent          0.022    goals_sampled_this_ep…        1.000  │
│  goals_reached_this_ep…        0.924    speed_at_goal                12.719  │
╰──────────────────────────────────────────────────────────────────────────────╯

[0;0H╭──────────────────────────────────────────────────────────────────────────────╮
│  PufferLib 3.0       🐡       CPU: 2.4%    GPU:     DRAM: 0.1%        VRAM:  │
│                                            29.4%                      21.3%  │
│                                                                              │
│  Summary          Value    Evaluate  3m 58s  27%    Losses            Value  │
│  Env       puffer_drive      Forwa…      4s   3%    behavior_pred…    0.012  │
│  Params          747.3K      Env         4s   1%    behavior_pred…    0.259  │
│  Steps           101.7M      Copy       23s  22%    policy_loss       0.010  │
│  SPS             193.1K      Misc    3m 25s   0%    value_loss        0.004  │
│  Epoch              194    Train     1m 17s  72%    entropy           4.075  │
│  Uptime         20m 25s      Forwa…     27s  25%    old_approx_kl     0.012  │
│  Remaini…    2h 43m 51s      Learn      45s  41%    approx_kl         0.009  │
│                              Copy        0s   0%    clipfrac          0.127  │
│                              Misc        4s   4%    importance        0.997  │
│                                                     explained_var…    0.975  │
│                                                                              │
│  User Stats                    Value    User Stats                    Value  │
│  n                          1046.000    score                         0.913  │
│  offroad_rate                  0.037    collision_rate                0.024  │
│  episode_length               63.882    episode_return                0.856  │
│  dnf_rate                      0.026    completion_rate               0.913  │
│  lane_alignment_rate           0.576    lane_aligned_steps           21.504  │
│  lane_distance_count          37.482    speed_limit_rate              0.413  │
│  lane_distance_avg             0.958    velocity_reward_total         0.000  │
│  comfort_violations           96.849    offroad_per_agent             0.037  │
│  collisions_per_agent          0.024    goals_sampled_this_ep…        1.000  │
│  goals_reached_this_ep…        0.913    speed_at_goal                12.950  │
╰──────────────────────────────────────────────────────────────────────────────╯

[0;0H╭──────────────────────────────────────────────────────────────────────────────╮
│  PufferLib 3.0      🐡        CPU: 2.9%    GPU:     DRAM: 0.1%        VRAM:  │
│                                            41.9%                      21.3%  │
│                                                                              │
│  Summary          Value    Evaluate  3m 58s  27%    Losses            Value  │
│  Env       puffer_drive      Forwa…      4s   3%    behavior_pred…    0.012  │
│  Params          747.3K      Env         4s   1%    behavior_pred…    0.266  │
│  Steps           102.2M      Copy       23s  22%    policy_loss       0.009  │
│  SPS             194.3K      Misc    3m 25s   0%    value_loss        0.005  │
│  Epoch              195    Train     1m 17s  72%    entropy           4.076  │
│  Uptime         20m 28s      Forwa…     27s  25%    old_approx_kl     0.012  │
│  Remaini…    2h 42m 48s      Learn      45s  41%    approx_kl         0.009  │
│                              Copy        0s   0%    clipfrac          0.126  │
│                              Misc        4s   4%    importance        0.997  │
│                                                     explained_var…    0.974  │
│                                                                              │
│  User Stats                    Value    User Stats                    Value  │
│  n                          1045.167    score                         0.917  │
│  offroad_rate                  0.031    collision_rate                0.028  │
│  episode_length               64.609    episode_return                0.849  │
│  dnf_rate                      0.023    completion_rate               0.917  │
│  lane_alignment_rate           0.575    lane_aligned_steps           21.155  │
│  lane_distance_count          37.326    speed_limit_rate              0.405  │
│  lane_distance_avg             0.979    velocity_reward_total         0.000  │
│  comfort_violations           96.121    offroad_per_agent             0.031  │
│  collisions_per_agent          0.028    goals_sampled_this_ep…        1.000  │
│  goals_reached_this_ep…        0.917    speed_at_goal                12.818  │
╰──────────────────────────────────────────────────────────────────────────────╯

[0;0H╭──────────────────────────────────────────────────────────────────────────────╮
│  PufferLib 3.0     🐡         CPU: 3.4%    GPU:     DRAM: 0.1%        VRAM:  │
│                                            50.1%                      21.3%  │
│                                                                              │
│  Summary          Value    Evaluate  3m 58s  27%    Losses            Value  │
│  Env       puffer_drive      Forwa…      4s   3%    behavior_pred…    0.012  │
│  Params          747.3K      Env         4s   1%    behavior_pred…    0.268  │
│  Steps           102.8M      Copy       24s  22%    policy_loss       0.009  │
│  SPS             194.1K      Misc    3m 25s   0%    value_loss        0.004  │
│  Epoch              196    Train     1m 19s  72%    entropy           4.073  │
│  Uptime         20m 30s      Forwa…     28s  25%    old_approx_kl     0.012  │
│  Remaini…    2h 42m 53s      Learn      46s  41%    approx_kl         0.009  │
│                              Copy        0s   0%    clipfrac          0.127  │
│                              Misc        4s   4%    importance        0.997  │
│                                                     explained_var…    0.977  │
│                                                                              │
│  User Stats                    Value    User Stats                    Value  │
│  n                          1042.333    score                         0.910  │
│  offroad_rate                  0.035    collision_rate                0.026  │
│  episode_length               63.483    episode_return                0.849  │
│  dnf_rate                      0.029    completion_rate               0.910  │
│  lane_alignment_rate           0.572    lane_aligned_steps           21.196  │
│  lane_distance_count          36.822    speed_limit_rate              0.386  │
│  lane_distance_avg             0.984    velocity_reward_total         0.000  │
│  comfort_violations           94.730    offroad_per_agent             0.035  │
│  collisions_per_agent          0.026    goals_sampled_this_ep…        1.000  │
│  goals_reached_this_ep…        0.910    speed_at_goal                12.472  │
╰──────────────────────────────────────────────────────────────────────────────╯

[0;0H╭──────────────────────────────────────────────────────────────────────────────╮
│  PufferLib 3.0    🐡          CPU: 3.8%    GPU:     DRAM: 0.1%        VRAM:  │
│                                            58.3%                      21.3%  │
│                                                                              │
│  Summary          Value    Evaluate  3m 58s  27%    Losses            Value  │
│  Env       puffer_drive      Forwa…      4s   4%    behavior_pred…    0.012  │
│  Params          747.3K      Env         4s   1%    behavior_pred…    0.275  │
│  Steps           103.3M      Copy       24s  21%    policy_loss       0.007  │
│  SPS             193.6K      Misc    3m 25s   0%    value_loss        0.004  │
│  Epoch              197    Train     1m 19s  72%    entropy           4.084  │
│  Uptime         20m 34s      Forwa…     28s  26%    old_approx_kl     0.010  │
│  Remaini…    2h 43m 15s      Learn      46s  42%    approx_kl         0.008  │
│                              Copy        0s   0%    clipfrac          0.100  │
│                              Misc        4s   4%    importance        0.998  │
│                                                     explained_var…    0.978  │
│                                                                              │
│  User Stats                    Value    User Stats                    Value  │
│  n                          1038.556    score                         0.913  │
│  offroad_rate                  0.032    collision_rate                0.028  │
│  episode_length               63.537    episode_return                0.848  │
│  dnf_rate                      0.027    completion_rate               0.913  │
│  lane_alignment_rate           0.556    lane_aligned_steps           20.914  │
│  lane_distance_count          36.710    speed_limit_rate              0.393  │
│  lane_distance_avg             0.986    velocity_reward_total         0.000  │
│  comfort_violations           94.544    offroad_per_agent             0.032  │
│  collisions_per_agent          0.028    goals_sampled_this_ep…        1.000  │
│  goals_reached_this_ep…        0.913    speed_at_goal                12.670  │
╰──────────────────────────────────────────────────────────────────────────────╯

[0;0H╭──────────────────────────────────────────────────────────────────────────────╮
│  PufferLib 3.0   🐡           CPU: 4.3%    GPU:     DRAM: 0.1%        VRAM:  │
│                                            71.0%                      21.3%  │
│                                                                              │
│  Summary          Value    Evaluate  3m 58s  27%    Losses            Value  │
│  Env       puffer_drive      Forwa…      4s   4%    behavior_pred…    0.012  │
│  Params          747.3K      Env         4s   1%    behavior_pred…    0.269  │
│  Steps           103.8M      Copy       24s  21%    policy_loss       0.007  │
│  SPS             194.1K      Misc    3m 25s   0%    value_loss        0.003  │
│  Epoch              198    Train     1m 19s  72%    entropy           4.076  │
│  Uptime         20m 37s      Forwa…     28s  26%    old_approx_kl     0.011  │
│  Remaini…    2h 42m 49s      Learn      46s  42%    approx_kl         0.009  │
│                              Copy        0s   0%    clipfrac          0.130  │
│                              Misc        4s   4%    importance        0.998  │
│                                                     explained_var…    0.982  │
│                                                                              │
│  User Stats                    Value    User Stats                    Value  │
│  n                          1038.857    score                         0.915  │
│  offroad_rate                  0.035    collision_rate                0.026  │
│  episode_length               65.553    episode_return                0.855  │
│  dnf_rate                      0.023    completion_rate               0.915  │
│  lane_alignment_rate           0.566    lane_aligned_steps           21.196  │
│  lane_distance_count          37.873    speed_limit_rate              0.415  │
│  lane_distance_avg             1.004    velocity_reward_total         0.000  │
│  comfort_violations           97.935    offroad_per_agent             0.035  │
│  collisions_per_agent          0.026    goals_sampled_this_ep…        1.000  │
│  goals_reached_this_ep…        0.915    speed_at_goal                12.885  │
╰──────────────────────────────────────────────────────────────────────────────╯

[0;0H╭──────────────────────────────────────────────────────────────────────────────╮
│  PufferLib 3.0  🐡            CPU: 4.9%    GPU:     DRAM: 0.1%        VRAM:  │
│                                            79.5%                      21.3%  │
│                                                                              │
│  Summary          Value    Evaluate  3m 58s  27%    Losses            Value  │
│  Env       puffer_drive      Forwa…      4s   4%    behavior_pred…    0.012  │
│  Params          747.3K      Env         4s   1%    behavior_pred…    0.277  │
│  Steps           104.3M      Copy       24s  21%    policy_loss       0.008  │
│  SPS             194.6K      Misc    3m 25s   0%    value_loss        0.003  │
│  Epoch              199    Train     1m 19s  72%    entropy           4.076  │
│  Uptime         20m 39s      Forwa…     28s  26%    old_approx_kl     0.010  │
│  Remaini…    2h 42m 22s      Learn      46s  42%    approx_kl         0.007  │
│                              Copy        0s   0%    clipfrac          0.090  │
│                              Misc        4s   4%    importance        0.998  │
│                                                     explained_var…    0.982  │
│                                                                              │
│  User Stats                    Value    User Stats                    Value  │
│  n                          1041.556    score                         0.923  │
│  offroad_rate                  0.028    collision_rate                0.024  │
│  episode_length               63.356    episode_return                0.872  │
│  dnf_rate                      0.025    completion_rate               0.923  │
│  lane_alignment_rate           0.564    lane_aligned_steps           20.888  │
│  lane_distance_count          36.933    speed_limit_rate              0.391  │
│  lane_distance_avg             0.963    velocity_reward_total         0.000  │
│  comfort_violations           95.104    offroad_per_agent             0.028  │
│  collisions_per_agent          0.024    goals_sampled_this_ep…        1.000  │
│  goals_reached_this_ep…        0.923    speed_at_goal                12.620  │
╰──────────────────────────────────────────────────────────────────────────────╯

[0;0H╭──────────────────────────────────────────────────────────────────────────────╮
│  PufferLib 3.0 🐡             CPU: 4.8%    GPU:     DRAM: 0.1%        VRAM:  │
│                                            70.3%                      21.3%  │
│                                                                              │
│  Summary          Value    Evaluate  3m 58s  27%    Losses            Value  │
│  Env       puffer_drive      Forwa…      4s   4%    behavior_pred…    0.013  │
│  Params          747.3K      Env         4s   1%    behavior_pred…    0.372  │
│  Steps           104.9M      Copy       24s  21%    policy_loss       0.009  │
│  SPS             101.1K      Misc    3m 25s   0%    value_loss        0.003  │
│  Epoch              200    Train     1m 19s  72%    entropy           4.077  │
│  Uptime         20m 44s      Forwa…     28s  26%    old_approx_kl     0.009  │
│  Remaini…    5h 12m 22s      Learn      46s  42%    approx_kl         0.007  │
│                              Copy        0s   0%    clipfrac          0.080  │
│                              Misc        4s   4%    importance        0.998  │
│                                                     explained_var…    0.967  │
│                                                                              │
│  User Stats                    Value    User Stats                    Value  │
│  n                          1029.000    score                         0.923  │
│  offroad_rate                  0.035    collision_rate                0.025  │
│  episode_length               64.613    episode_return                0.863  │
│  dnf_rate                      0.017    completion_rate               0.923  │
│  lane_alignment_rate           0.590    lane_aligned_steps           21.880  │
│  lane_distance_count          37.341    speed_limit_rate              0.396  │
│  lane_distance_avg             0.892    velocity_reward_total         0.000  │
│  comfort_violations           96.198    offroad_per_agent             0.035  │
│  collisions_per_agent          0.025    goals_sampled_this_ep…        1.000  │
│  goals_reached_this_ep…        0.923    speed_at_goal                12.642  │
╰──────────────────────────────────────────────────────────────────────────────╯

[0;0H╭──────────────────────────────────────────────────────────────────────────────╮
│  PufferLib 3.0          🐡    CPU: 5.1%    GPU:     DRAM: 0.1%        VRAM:  │
│                                            70.8%                      21.3%  │
│                                                                              │
│  Summary          Value    Evaluate  3m 59s  27%    Losses            Value  │
│  Env       puffer_drive      Forwa…      4s   4%    behavior_pred…    0.012  │
│  Params          747.3K      Env         4s   1%    behavior_pred…    0.234  │
│  Steps           105.4M      Copy       24s  21%    policy_loss       0.012  │
│  SPS             195.7K      Misc    3m 25s   0%    value_loss        0.005  │
│  Epoch              201    Train     1m 21s  72%    entropy           4.070  │
│  Uptime         20m 47s      Forwa…     28s  26%    old_approx_kl     0.013  │
│  Remaini…    2h 41m 22s      Learn      47s  42%    approx_kl         0.010  │
│                              Copy        0s   0%    clipfrac          0.123  │
│                              Misc        4s   4%    importance        0.996  │
│                                                     explained_var…    0.972  │
│                                                                              │
│  User Stats                    Value    User Stats                    Value  │
│  n                          1029.000    score                         0.923  │
│  offroad_rate                  0.035    collision_rate                0.025  │
│  episode_length               64.613    episode_return                0.863  │
│  dnf_rate                      0.017    completion_rate               0.923  │
│  lane_alignment_rate           0.590    lane_aligned_steps           21.880  │
│  lane_distance_count          37.341    speed_limit_rate              0.396  │
│  lane_distance_avg             0.892    velocity_reward_total         0.000  │
│  comfort_violations           96.198    offroad_per_agent             0.035  │
│  collisions_per_agent          0.025    goals_sampled_this_ep…        1.000  │
│  goals_reached_this_ep…        0.923    speed_at_goal                12.642  │
╰──────────────────────────────────────────────────────────────────────────────╯

[0;0H╭──────────────────────────────────────────────────────────────────────────────╮
│  PufferLib 3.0         🐡     CPU: 4.9%    GPU:     DRAM: 0.1%        VRAM:  │
│                                            71.4%                      21.3%  │
│                                                                              │
│  Summary          Value    Evaluate  3m 59s  27%    Losses            Value  │
│  Env       puffer_drive      Forwa…      4s   4%    behavior_pred…    0.012  │
│  Params          747.3K      Env         4s   1%    behavior_pred…    0.273  │
│  Steps           105.9M      Copy       24s  21%    policy_loss       0.002  │
│  SPS             195.8K      Misc    3m 25s   0%    value_loss        0.005  │
│  Epoch              202    Train     1m 21s  72%    entropy           4.070  │
│  Uptime         20m 50s      Forwa…     28s  26%    old_approx_kl     0.012  │
│  Remaini…    2h 41m 11s      Learn      47s  43%    approx_kl         0.010  │
│                              Copy        0s   0%    clipfrac          0.122  │
│                              Misc        4s   4%    importance        0.997  │
│                                                     explained_var…    0.974  │
│                                                                              │
│  User Stats                    Value    User Stats                    Value  │
│  n                          1029.000    score                         0.923  │
│  offroad_rate                  0.035    collision_rate                0.025  │
│  episode_length               64.613    episode_return                0.863  │
│  dnf_rate                      0.017    completion_rate               0.923  │
│  lane_alignment_rate           0.590    lane_aligned_steps           21.880  │
│  lane_distance_count          37.341    speed_limit_rate              0.396  │
│  lane_distance_avg             0.892    velocity_reward_total         0.000  │
│  comfort_violations           96.198    offroad_per_agent             0.035  │
│  collisions_per_agent          0.025    goals_sampled_this_ep…        1.000  │
│  goals_reached_this_ep…        0.923    speed_at_goal                12.642  │
╰──────────────────────────────────────────────────────────────────────────────╯

[0;0H╭──────────────────────────────────────────────────────────────────────────────╮
│  PufferLib 3.0        🐡      CPU: 4.8%    GPU:     DRAM: 0.1%        VRAM:  │
│                                            76.0%                      21.3%  │
│                                                                              │
│  Summary          Value    Evaluate  3m 59s  27%    Losses            Value  │
│  Env       puffer_drive      Forwa…      4s   4%    behavior_pred…    0.013  │
│  Params          747.3K      Env         4s   1%    behavior_pred…    0.293  │
│  Steps           106.4M      Copy       24s  21%    policy_loss       0.007  │
│  SPS             195.9K      Misc    3m 25s   0%    value_loss        0.005  │
│  Epoch              203    Train     1m 21s  72%    entropy           4.074  │
│  Uptime         20m 53s      Forwa…     28s  26%    old_approx_kl     0.013  │
│  Remaini…     2h 41m 5s      Learn      47s  43%    approx_kl         0.010  │
│                              Copy        0s   0%    clipfrac          0.127  │
│                              Misc        4s   4%    importance        0.996  │
│                                                     explained_var…    0.969  │
│                                                                              │
│  User Stats                    Value    User Stats                    Value  │
│  n                          1072.062    score                         0.917  │
│  offroad_rate                  0.043    collision_rate                0.026  │
│  episode_length               63.191    episode_return                0.854  │
│  dnf_rate                      0.013    completion_rate               0.917  │
│  lane_alignment_rate           0.556    lane_aligned_steps           21.241  │
│  lane_distance_count          36.964    speed_limit_rate              0.407  │
│  lane_distance_avg             0.931    velocity_reward_total         0.000  │
│  comfort_violations           95.683    offroad_per_agent             0.043  │
│  collisions_per_agent          0.026    goals_sampled_this_ep…        1.000  │
│  goals_reached_this_ep…        0.917    speed_at_goal                12.804  │
╰──────────────────────────────────────────────────────────────────────────────╯

[0;0H╭──────────────────────────────────────────────────────────────────────────────╮
│  PufferLib 3.0       🐡       CPU: 5.2%    GPU:     DRAM: 0.1%        VRAM:  │
│                                            76.2%                      21.3%  │
│                                                                              │
│  Summary          Value    Evaluate  3m 59s  27%    Losses            Value  │
│  Env       puffer_drive      Forwa…      4s   4%    behavior_pred…    0.012  │
│  Params          747.3K      Env         4s   1%    behavior_pred…    0.257  │
│  Steps           107.0M      Copy       24s  21%    policy_loss       0.006  │
│  SPS             194.6K      Misc    3m 25s   0%    value_loss        0.004  │
│  Epoch              204    Train     1m 21s  72%    entropy           4.063  │
│  Uptime         20m 55s      Forwa…     28s  26%    old_approx_kl     0.013  │
│  Remaini…     2h 42m 6s      Learn      47s  43%    approx_kl         0.010  │
│                              Copy        0s   0%    clipfrac          0.124  │
│                              Misc        4s   4%    importance        0.997  │
│                                                     explained_var…    0.978  │
│                                                                              │
│  User Stats                    Value    User Stats                    Value  │
│  n                          1072.062    score                         0.917  │
│  offroad_rate                  0.043    collision_rate                0.026  │
│  episode_length               63.191    episode_return                0.854  │
│  dnf_rate                      0.013    completion_rate               0.917  │
│  lane_alignment_rate           0.556    lane_aligned_steps           21.241  │
│  lane_distance_count          36.964    speed_limit_rate              0.407  │
│  lane_distance_avg             0.931    velocity_reward_total         0.000  │
│  comfort_violations           95.683    offroad_per_agent             0.043  │
│  collisions_per_agent          0.026    goals_sampled_this_ep…        1.000  │
│  goals_reached_this_ep…        0.917    speed_at_goal                12.804  │
╰──────────────────────────────────────────────────────────────────────────────╯

[0;0H╭──────────────────────────────────────────────────────────────────────────────╮
│  PufferLib 3.0      🐡        CPU: 5.0%    GPU:     DRAM: 0.1%        VRAM:  │
│                                            75.9%                      21.3%  │
│                                                                              │
│  Summary          Value    Evaluate  3m 59s  27%    Losses            Value  │
│  Env       puffer_drive      Forwa…      4s   4%    behavior_pred…    0.013  │
│  Params          747.3K      Env         4s   1%    behavior_pred…    0.272  │
│  Steps           107.5M      Copy       24s  21%    policy_loss       0.007  │
│  SPS             196.1K      Misc    3m 25s   0%    value_loss        0.004  │
│  Epoch              205    Train     1m 21s  72%    entropy           4.067  │
│  Uptime         20m 58s      Forwa…     28s  26%    old_approx_kl     0.012  │
│  Remaini…    2h 40m 48s      Learn      47s  43%    approx_kl         0.010  │
│                              Copy        0s   0%    clipfrac          0.143  │
│                              Misc        4s   4%    importance        0.997  │
│                                                     explained_var…    0.973  │
│                                                                              │
│  User Stats                    Value    User Stats                    Value  │
│  n                          1039.562    score                         0.917  │
│  offroad_rate                  0.042    collision_rate                0.025  │
│  episode_length               59.927    episode_return                0.857  │
│  dnf_rate                      0.015    completion_rate               0.917  │
│  lane_alignment_rate           0.568    lane_aligned_steps           20.629  │
│  lane_distance_count          35.009    speed_limit_rate              0.360  │
│  lane_distance_avg             0.961    velocity_reward_total         0.000  │
│  comfort_violations           89.647    offroad_per_agent             0.042  │
│  collisions_per_agent          0.025    goals_sampled_this_ep…        1.000  │
│  goals_reached_this_ep…        0.917    speed_at_goal                12.033  │
╰──────────────────────────────────────────────────────────────────────────────╯

[0;0H╭──────────────────────────────────────────────────────────────────────────────╮
│  PufferLib 3.0     🐡         CPU: 5.1%    GPU:     DRAM: 0.1%        VRAM:  │
│                                            80.2%                      21.3%  │
│                                                                              │
│  Summary          Value    Evaluate   4m 0s  27%    Losses            Value  │
│  Env       puffer_drive      Forwa…      5s   4%    behavior_pred…    0.013  │
│  Params          747.3K      Env         4s   1%    behavior_pred…    0.287  │
│  Steps           108.0M      Copy       25s  21%    policy_loss       0.008  │
│  SPS             196.1K      Misc    3m 25s   0%    value_loss        0.003  │
│  Epoch              206    Train     1m 23s  72%    entropy           4.077  │
│  Uptime          21m 1s      Forwa…     29s  26%    old_approx_kl     0.010  │
│  Remaini…    2h 40m 45s      Learn      48s  43%    approx_kl         0.007  │
│                              Copy        0s   0%    clipfrac          0.096  │
│                              Misc        4s   4%    importance        0.997  │
│                                                     explained_var…    0.980  │
│                                                                              │
│  User Stats                    Value    User Stats                    Value  │
│  n                          1039.562    score                         0.917  │
│  offroad_rate                  0.042    collision_rate                0.025  │
│  episode_length               59.927    episode_return                0.857  │
│  dnf_rate                      0.015    completion_rate               0.917  │
│  lane_alignment_rate           0.568    lane_aligned_steps           20.629  │
│  lane_distance_count          35.009    speed_limit_rate              0.360  │
│  lane_distance_avg             0.961    velocity_reward_total         0.000  │
│  comfort_violations           89.647    offroad_per_agent             0.042  │
│  collisions_per_agent          0.025    goals_sampled_this_ep…        1.000  │
│  goals_reached_this_ep…        0.917    speed_at_goal                12.033  │
╰──────────────────────────────────────────────────────────────────────────────╯

[0;0H╭──────────────────────────────────────────────────────────────────────────────╮
│  PufferLib 3.0    🐡          CPU: 5.1%    GPU:     DRAM: 0.1%        VRAM:  │
│                                            84.9%                      21.3%  │
│                                                                              │
│  Summary          Value    Evaluate   4m 0s  27%    Losses            Value  │
│  Env       puffer_drive      Forwa…      5s   4%    behavior_pred…    0.012  │
│  Params          747.3K      Env         4s   1%    behavior_pred…    0.259  │
│  Steps           108.5M      Copy       25s  21%    policy_loss       0.009  │
│  SPS             196.1K      Misc    3m 25s   0%    value_loss        0.004  │
│  Epoch              207    Train     1m 23s  72%    entropy           4.072  │
│  Uptime          21m 3s      Forwa…     29s  26%    old_approx_kl     0.010  │
│  Remaini…    2h 40m 43s      Learn      48s  42%    approx_kl         0.008  │
│                              Copy        0s   0%    clipfrac          0.106  │
│                              Misc        4s   3%    importance        0.998  │
│                                                     explained_var…    0.978  │
│                                                                              │
│  User Stats                    Value    User Stats                    Value  │
│  n                          1036.438    score                         0.919  │
│  offroad_rate                  0.036    collision_rate                0.025  │
│  episode_length               63.023    episode_return                0.858  │
│  dnf_rate                      0.020    completion_rate               0.919  │
│  lane_alignment_rate           0.569    lane_aligned_steps           20.559  │
│  lane_distance_count          36.459    speed_limit_rate              0.394  │
│  lane_distance_avg             0.979    velocity_reward_total         0.000  │
│  comfort_violations           93.920    offroad_per_agent             0.036  │
│  collisions_per_agent          0.025    goals_sampled_this_ep…        1.000  │
│  goals_reached_this_ep…        0.919    speed_at_goal                12.597  │
╰──────────────────────────────────────────────────────────────────────────────╯

[0;0H╭──────────────────────────────────────────────────────────────────────────────╮
│  PufferLib 3.0   🐡           CPU: 5.0%    GPU:     DRAM: 0.1%        VRAM:  │
│                                            85.1%                      21.3%  │
│                                                                              │
│  Summary          Value    Evaluate   4m 0s  27%    Losses            Value  │
│  Env       puffer_drive      Forwa…      5s   4%    behavior_pred…    0.013  │
│  Params          747.3K      Env         4s   1%    behavior_pred…    0.277  │
│  Steps           109.1M      Copy       25s  21%    policy_loss       0.009  │
│  SPS             195.9K      Misc    3m 25s   0%    value_loss        0.003  │
│  Epoch              208    Train     1m 23s  72%    entropy           4.081  │
│  Uptime          21m 6s      Forwa…     29s  26%    old_approx_kl     0.010  │
│  Remaini…    2h 40m 54s      Learn      48s  42%    approx_kl         0.008  │
│                              Copy        0s   0%    clipfrac          0.106  │
│                              Misc        4s   3%    importance        0.998  │
│                                                     explained_var…    0.981  │
│                                                                              │
│  User Stats                    Value    User Stats                    Value  │
│  n                          1036.438    score                         0.919  │
│  offroad_rate                  0.036    collision_rate                0.025  │
│  episode_length               63.023    episode_return                0.858  │
│  dnf_rate                      0.020    completion_rate               0.919  │
│  lane_alignment_rate           0.569    lane_aligned_steps           20.559  │
│  lane_distance_count          36.459    speed_limit_rate              0.394  │
│  lane_distance_avg             0.979    velocity_reward_total         0.000  │
│  comfort_violations           93.920    offroad_per_agent             0.036  │
│  collisions_per_agent          0.025    goals_sampled_this_ep…        1.000  │
│  goals_reached_this_ep…        0.919    speed_at_goal                12.597  │
╰──────────────────────────────────────────────────────────────────────────────╯

[0;0H╭──────────────────────────────────────────────────────────────────────────────╮
│  PufferLib 3.0  🐡            CPU: 4.8%    GPU:     DRAM: 0.1%        VRAM:  │
│                                            84.5%                      21.3%  │
│                                                                              │
│  Summary          Value    Evaluate   4m 0s  27%    Losses            Value  │
│  Env       puffer_drive      Forwa…      5s   4%    behavior_pred…    0.013  │
│  Params          747.3K      Env         4s   1%    behavior_pred…    0.285  │
│  Steps           109.6M      Copy       25s  21%    policy_loss       0.009  │
│  SPS             196.2K      Misc    3m 25s   0%    value_loss        0.004  │
│  Epoch              209    Train     1m 23s  72%    entropy           4.083  │
│  Uptime          21m 9s      Forwa…     29s  26%    old_approx_kl     0.010  │
│  Remaini…    2h 40m 37s      Learn      48s  42%    approx_kl         0.008  │
│                              Copy        0s   0%    clipfrac          0.099  │
│                              Misc        4s   3%    importance        0.997  │
│                                                     explained_var…    0.979  │
│                                                                              │
│  User Stats                    Value    User Stats                    Value  │
│  n                          1037.875    score                         0.924  │
│  offroad_rate                  0.033    collision_rate                0.023  │
│  episode_length               64.046    episode_return                0.870  │
│  dnf_rate                      0.021    completion_rate               0.924  │
│  lane_alignment_rate           0.567    lane_aligned_steps           20.661  │
│  lane_distance_count          37.220    speed_limit_rate              0.407  │
│  lane_distance_avg             0.980    velocity_reward_total         0.000  │
│  comfort_violations           96.273    offroad_per_agent             0.033  │
│  collisions_per_agent          0.023    goals_sampled_this_ep…        1.000  │
│  goals_reached_this_ep…        0.924    speed_at_goal                12.870  │
╰──────────────────────────────────────────────────────────────────────────────╯

[0;0H╭──────────────────────────────────────────────────────────────────────────────╮
│  PufferLib 3.0 🐡             CPU: 4.8%    GPU:     DRAM: 0.1%        VRAM:  │
│                                            84.7%                      21.3%  │
│                                                                              │
│  Summary          Value    Evaluate   4m 0s  27%    Losses            Value  │
│  Env       puffer_drive      Forwa…      5s   4%    behavior_pred…    0.012  │
│  Params          747.3K      Env         4s   1%    behavior_pred…    0.271  │
│  Steps           110.1M      Copy       25s  21%    policy_loss       0.008  │
│  SPS             196.2K      Misc    3m 25s   0%    value_loss        0.004  │
│  Epoch              210    Train     1m 23s  72%    entropy           4.077  │
│  Uptime         21m 11s      Forwa…     29s  26%    old_approx_kl     0.009  │
│  Remaini…    2h 40m 31s      Learn      48s  42%    approx_kl         0.007  │
│                              Copy        0s   0%    clipfrac          0.084  │
│                              Misc        4s   3%    importance        0.998  │
│                                                     explained_var…    0.980  │
│                                                                              │
│  User Stats                    Value    User Stats                    Value  │
│  n                          1037.875    score                         0.924  │
│  offroad_rate                  0.033    collision_rate                0.023  │
│  episode_length               64.046    episode_return                0.870  │
│  dnf_rate                      0.021    completion_rate               0.924  │
│  lane_alignment_rate           0.567    lane_aligned_steps           20.661  │
│  lane_distance_count          37.220    speed_limit_rate              0.407  │
│  lane_distance_avg             0.980    velocity_reward_total         0.000  │
│  comfort_violations           96.273    offroad_per_agent             0.033  │
│  collisions_per_agent          0.023    goals_sampled_this_ep…        1.000  │
│  goals_reached_this_ep…        0.924    speed_at_goal                12.870  │
╰──────────────────────────────────────────────────────────────────────────────╯

[0;0H╭──────────────────────────────────────────────────────────────────────────────╮
│  PufferLib 3.0          🐡    CPU: 5.0%    GPU:     DRAM: 0.1%        VRAM:  │
│                                            84.4%                      21.3%  │
│                                                                              │
│  Summary          Value    Evaluate   4m 0s  27%    Losses            Value  │
│  Env       puffer_drive      Forwa…      5s   4%    behavior_pred…    0.013  │
│  Params          747.3K      Env         4s   1%    behavior_pred…    0.271  │
│  Steps           110.6M      Copy       26s  21%    policy_loss       0.009  │
│  SPS             190.0K      Misc    3m 25s   0%    value_loss        0.004  │
│  Epoch              211    Train     1m 25s  72%    entropy           4.078  │
│  Uptime         21m 14s      Forwa…     30s  26%    old_approx_kl     0.011  │
│  Remaini…    2h 45m 43s      Learn      49s  42%    approx_kl         0.008  │
│                              Copy        0s   0%    clipfrac          0.105  │
│                              Misc        5s   3%    importance        0.997  │
│                                                     explained_var…    0.975  │
│                                                                              │
│  User Stats                    Value    User Stats                    Value  │
│  n                          1039.000    score                         0.931  │
│  offroad_rate                  0.032    collision_rate                0.022  │
│  episode_length               63.065    episode_return                0.881  │
│  dnf_rate                      0.015    completion_rate               0.931  │
│  lane_alignment_rate           0.572    lane_aligned_steps           20.577  │
│  lane_distance_count          36.891    speed_limit_rate              0.394  │
│  lane_distance_avg             0.952    velocity_reward_total         0.000  │
│  comfort_violations           95.240    offroad_per_agent             0.032  │
│  collisions_per_agent          0.022    goals_sampled_this_ep…        1.000  │
│  goals_reached_this_ep…        0.931    speed_at_goal                12.711  │
╰──────────────────────────────────────────────────────────────────────────────╯

[0;0H╭──────────────────────────────────────────────────────────────────────────────╮
│  PufferLib 3.0         🐡     CPU: 4.9%    GPU:     DRAM: 0.1%        VRAM:  │
│                                            83.9%                      21.3%  │
│                                                                              │
│  Summary          Value    Evaluate   4m 0s  26%    Losses            Value  │
│  Env       puffer_drive      Forwa…      5s   3%    behavior_pred…    0.012  │
│  Params          747.3K      Env         4s   1%    behavior_pred…    0.274  │
│  Steps           111.1M      Copy       26s  21%    policy_loss       0.009  │
│  SPS             187.2K      Misc    3m 25s   0%    value_loss        0.004  │
│  Epoch              212    Train     1m 25s  73%    entropy           4.074  │
│  Uptime         21m 17s      Forwa…     30s  26%    old_approx_kl     0.011  │
│  Remaini…    2h 48m 10s      Learn      49s  42%    approx_kl         0.008  │
│                              Copy        0s   0%    clipfrac          0.093  │
│                              Misc        5s   4%    importance        0.997  │
│                                                     explained_var…    0.978  │
│                                                                              │
│  User Stats                    Value    User Stats                    Value  │
│  n                          1061.000    score                         0.925  │
│  offroad_rate                  0.038    collision_rate                0.020  │
│  episode_length               67.850    episode_return                0.873  │
│  dnf_rate                      0.018    completion_rate               0.925  │
│  lane_alignment_rate           0.544    lane_aligned_steps           20.211  │
│  lane_distance_count          38.019    speed_limit_rate              0.459  │
│  lane_distance_avg             0.981    velocity_reward_total         0.000  │
│  comfort_violations           98.543    offroad_per_agent             0.038  │
│  collisions_per_agent          0.020    goals_sampled_this_ep…        1.000  │
│  goals_reached_this_ep…        0.925    speed_at_goal                13.251  │
╰──────────────────────────────────────────────────────────────────────────────╯

[0;0H╭──────────────────────────────────────────────────────────────────────────────╮
│  PufferLib 3.0        🐡      CPU: 4.8%    GPU:     DRAM: 0.1%        VRAM:  │
│                                            83.1%                      21.3%  │
│                                                                              │
│  Summary          Value    Evaluate   4m 0s  26%    Losses            Value  │
│  Env       puffer_drive      Forwa…      5s   3%    behavior_pred…    0.012  │
│  Params          747.3K      Env         4s   1%    behavior_pred…    0.269  │
│  Steps           111.7M      Copy       26s  21%    policy_loss       0.008  │
│  SPS             188.1K      Misc    3m 25s   0%    value_loss        0.004  │
│  Epoch              213    Train     1m 25s  73%    entropy           4.065  │
│  Uptime         21m 20s      Forwa…     30s  26%    old_approx_kl     0.010  │
│  Remaini…    2h 47m 17s      Learn      49s  42%    approx_kl         0.008  │
│                              Copy        0s   0%    clipfrac          0.089  │
│                              Misc        5s   4%    importance        0.997  │
│                                                     explained_var…    0.978  │
│                                                                              │
│  User Stats                    Value    User Stats                    Value  │
│  n                          1033.231    score                         0.930  │
│  offroad_rate                  0.028    collision_rate                0.023  │
│  episode_length               62.472    episode_return                0.876  │
│  dnf_rate                      0.019    completion_rate               0.930  │
│  lane_alignment_rate           0.578    lane_aligned_steps           20.634  │
│  lane_distance_count          36.287    speed_limit_rate              0.373  │
│  lane_distance_avg             0.974    velocity_reward_total         0.000  │
│  comfort_violations           93.331    offroad_per_agent             0.028  │
│  collisions_per_agent          0.023    goals_sampled_this_ep…        1.000  │
│  goals_reached_this_ep…        0.930    speed_at_goal                12.392  │
╰──────────────────────────────────────────────────────────────────────────────╯

[0;0H╭──────────────────────────────────────────────────────────────────────────────╮
│  PufferLib 3.0       🐡       CPU: 4.9%    GPU:     DRAM: 0.1%        VRAM:  │
│                                            83.1%                      21.3%  │
│                                                                              │
│  Summary          Value    Evaluate   4m 0s  26%    Losses            Value  │
│  Env       puffer_drive      Forwa…      5s   3%    behavior_pred…    0.013  │
│  Params          747.3K      Env         4s   1%    behavior_pred…    0.274  │
│  Steps           112.2M      Copy       26s  21%    policy_loss       0.008  │
│  SPS             193.7K      Misc    3m 25s   0%    value_loss        0.003  │
│  Epoch              214    Train     1m 25s  73%    entropy           4.086  │
│  Uptime         21m 22s      Forwa…     30s  26%    old_approx_kl     0.010  │
│  Remaini…    2h 42m 27s      Learn      49s  42%    approx_kl         0.007  │
│                              Copy        0s   0%    clipfrac          0.081  │
│                              Misc        5s   4%    importance        0.997  │
│                                                     explained_var…    0.980  │
│                                                                              │
│  User Stats                    Value    User Stats                    Value  │
│  n                          1030.333    score                         0.931  │
│  offroad_rate                  0.028    collision_rate                0.027  │
│  episode_length               64.433    episode_return                0.871  │
│  dnf_rate                      0.014    completion_rate               0.931  │
│  lane_alignment_rate           0.579    lane_aligned_steps           20.781  │
│  lane_distance_count          37.116    speed_limit_rate              0.406  │
│  lane_distance_avg             0.927    velocity_reward_total         0.000  │
│  comfort_violations           95.869    offroad_per_agent             0.028  │
│  collisions_per_agent          0.027    goals_sampled_this_ep…        1.000  │
│  goals_reached_this_ep…        0.931    speed_at_goal                12.985  │
╰──────────────────────────────────────────────────────────────────────────────╯

[0;0H╭──────────────────────────────────────────────────────────────────────────────╮
│  PufferLib 3.0      🐡        CPU: 5.0%    GPU:     DRAM: 0.1%        VRAM:  │
│                                            82.9%                      21.3%  │
│                                                                              │
│  Summary          Value    Evaluate   4m 0s  26%    Losses            Value  │
│  Env       puffer_drive      Forwa…      5s   3%    behavior_pred…    0.012  │
│  Params          747.3K      Env         4s   1%    behavior_pred…    0.268  │
│  Steps           112.7M      Copy       26s  21%    policy_loss       0.008  │
│  SPS             191.6K      Misc    3m 25s   0%    value_loss        0.004  │
│  Epoch              215    Train     1m 25s  73%    entropy           4.077  │
│  Uptime         21m 25s      Forwa…     30s  26%    old_approx_kl     0.009  │
│  Remaini…     2h 44m 9s      Learn      49s  42%    approx_kl         0.007  │
│                              Copy        0s   0%    clipfrac          0.081  │
│                              Misc        5s   4%    importance        0.998  │
│                                                     explained_var…    0.978  │
│                                                                              │
│  User Stats                    Value    User Stats                    Value  │
│  n                          1032.154    score                         0.924  │
│  offroad_rate                  0.030    collision_rate                0.025  │
│  episode_length               63.052    episode_return                0.866  │
│  dnf_rate                      0.021    completion_rate               0.924  │
│  lane_alignment_rate           0.576    lane_aligned_steps           20.800  │
│  lane_distance_count          36.633    speed_limit_rate              0.393  │
│  lane_distance_avg             0.977    velocity_reward_total         0.000  │
│  comfort_violations           94.499    offroad_per_agent             0.030  │
│  collisions_per_agent          0.025    goals_sampled_this_ep…        1.000  │
│  goals_reached_this_ep…        0.924    speed_at_goal                12.625  │
╰──────────────────────────────────────────────────────────────────────────────╯

[0;0H╭──────────────────────────────────────────────────────────────────────────────╮
│  PufferLib 3.0     🐡         CPU: 5.0%    GPU:     DRAM: 0.1%        VRAM:  │
│                                            82.5%                      21.3%  │
│                                                                              │
│  Summary          Value    Evaluate   4m 1s  26%    Losses            Value  │
│  Env       puffer_drive      Forwa…      5s   3%    behavior_pred…    0.012  │
│  Params          747.3K      Env         4s   1%    behavior_pred…    0.265  │
│  Steps           113.2M      Copy       26s  21%    policy_loss       0.008  │
│  SPS             186.9K      Misc    3m 25s   0%    value_loss        0.003  │
│  Epoch              216    Train     1m 27s  73%    entropy           4.077  │
│  Uptime         21m 28s      Forwa…     30s  26%    old_approx_kl     0.010  │
│  Remaini…    2h 48m 17s      Learn      50s  42%    approx_kl         0.007  │
│                              Copy        0s   0%    clipfrac          0.082  │
│                              Misc        5s   4%    importance        0.998  │
│                                                     explained_var…    0.980  │
│                                                                              │
│  User Stats                    Value    User Stats                    Value  │
│  n                          1035.667    score                         0.917  │
│  offroad_rate                  0.028    collision_rate                0.031  │
│  episode_length               65.235    episode_return                0.851  │
│  dnf_rate                      0.024    completion_rate               0.917  │
│  lane_alignment_rate           0.565    lane_aligned_steps           20.659  │
│  lane_distance_count          37.180    speed_limit_rate              0.414  │
│  lane_distance_avg             0.966    velocity_reward_total         0.000  │
│  comfort_violations           95.860    offroad_per_agent             0.028  │
│  collisions_per_agent          0.031    goals_sampled_this_ep…        1.000  │
│  goals_reached_this_ep…        0.917    speed_at_goal                12.829  │
╰──────────────────────────────────────────────────────────────────────────────╯

[0;0H╭──────────────────────────────────────────────────────────────────────────────╮
│  PufferLib 3.0    🐡          CPU: 5.1%    GPU:     DRAM: 0.1%        VRAM:  │
│                                            82.0%                      21.3%  │
│                                                                              │
│  Summary          Value    Evaluate   4m 1s  27%    Losses            Value  │
│  Env       puffer_drive      Forwa…      5s   4%    behavior_pred…    0.013  │
│  Params          747.3K      Env         4s   1%    behavior_pred…    0.280  │
│  Steps           113.8M      Copy       26s  22%    policy_loss       0.012  │
│  SPS             187.5K      Misc    3m 25s   0%    value_loss        0.005  │
│  Epoch              217    Train     1m 27s  72%    entropy           4.075  │
│  Uptime         21m 31s      Forwa…     30s  25%    old_approx_kl     0.013  │
│  Remaini…    2h 47m 37s      Learn      50s  41%    approx_kl         0.008  │
│                              Copy        0s   0%    clipfrac          0.097  │
│                              Misc        5s   4%    importance        0.996  │
│                                                     explained_var…    0.971  │
│                                                                              │
│  User Stats                    Value    User Stats                    Value  │
│  n                          1038.000    score                         0.930  │
│  offroad_rate                  0.030    collision_rate                0.022  │
│  episode_length               62.896    episode_return                0.877  │
│  dnf_rate                      0.018    completion_rate               0.930  │
│  lane_alignment_rate           0.567    lane_aligned_steps           20.841  │
│  lane_distance_count          36.855    speed_limit_rate              0.402  │
│  lane_distance_avg             0.953    velocity_reward_total         0.000  │
│  comfort_violations           95.193    offroad_per_agent             0.030  │
│  collisions_per_agent          0.022    goals_sampled_this_ep…        1.000  │
│  goals_reached_this_ep…        0.930    speed_at_goal                12.877  │
╰──────────────────────────────────────────────────────────────────────────────╯

[0;0H╭──────────────────────────────────────────────────────────────────────────────╮
│  PufferLib 3.0   🐡           CPU: 5.3%    GPU:     DRAM: 0.1%        VRAM:  │
│                                            81.6%                      21.3%  │
│                                                                              │
│  Summary          Value    Evaluate   4m 1s  27%    Losses            Value  │
│  Env       puffer_drive      Forwa…      5s   4%    behavior_pred…    0.012  │
│  Params          747.3K      Env         4s   1%    behavior_pred…    0.267  │
│  Steps           114.3M      Copy       26s  22%    policy_loss       0.008  │
│  SPS             188.1K      Misc    3m 25s   0%    value_loss        0.004  │
│  Epoch              218    Train     1m 27s  72%    entropy           4.072  │
│  Uptime         21m 34s      Forwa…     30s  25%    old_approx_kl     0.011  │
│  Remaini…     2h 47m 4s      Learn      50s  41%    approx_kl         0.008  │
│                              Copy        0s   0%    clipfrac          0.088  │
│                              Misc        5s   4%    importance        0.997  │
│                                                     explained_var…    0.979  │
│                                                                              │
│  User Stats                    Value    User Stats                    Value  │
│  n                          1036.667    score                         0.924  │
│  offroad_rate                  0.035    collision_rate                0.024  │
│  episode_length               65.335    episode_return                0.868  │
│  dnf_rate                      0.018    completion_rate               0.924  │
│  lane_alignment_rate           0.564    lane_aligned_steps           21.072  │
│  lane_distance_count          37.945    speed_limit_rate              0.439  │
│  lane_distance_avg             0.956    velocity_reward_total         0.000  │
│  comfort_violations           98.242    offroad_per_agent             0.035  │
│  collisions_per_agent          0.024    goals_sampled_this_ep…        1.000  │
│  goals_reached_this_ep…        0.924    speed_at_goal                13.336  │
╰──────────────────────────────────────────────────────────────────────────────╯

[0;0H╭──────────────────────────────────────────────────────────────────────────────╮
│  PufferLib 3.0  🐡            CPU: 5.3%    GPU:     DRAM: 0.1%        VRAM:  │
│                                            81.5%                      21.3%  │
│                                                                              │
│  Summary          Value    Evaluate   4m 1s  27%    Losses            Value  │
│  Env       puffer_drive      Forwa…      5s   4%    behavior_pred…    0.012  │
│  Params          747.3K      Env         4s   1%    behavior_pred…    0.267  │
│  Steps           114.8M      Copy       26s  22%    policy_loss       0.007  │
│  SPS             187.0K      Misc    3m 25s   0%    value_loss        0.004  │
│  Epoch              219    Train     1m 27s  72%    entropy           4.084  │
│  Uptime         21m 36s      Forwa…     30s  25%    old_approx_kl     0.010  │
│  Remaini…    2h 47m 59s      Learn      50s  41%    approx_kl         0.007  │
│                              Copy        0s   0%    clipfrac          0.084  │
│                              Misc        5s   4%    importance        0.997  │
│                                                     explained_var…    0.980  │
│                                                                              │
│  User Stats                    Value    User Stats                    Value  │
│  n                          1038.385    score                         0.923  │
│  offroad_rate                  0.039    collision_rate                0.024  │
│  episode_length               61.579    episode_return                0.865  │
│  dnf_rate                      0.015    completion_rate               0.923  │
│  lane_alignment_rate           0.563    lane_aligned_steps           20.426  │
│  lane_distance_count          35.885    speed_limit_rate              0.377  │
│  lane_distance_avg             0.970    velocity_reward_total         0.000  │
│  comfort_violations           92.242    offroad_per_agent             0.039  │
│  collisions_per_agent          0.024    goals_sampled_this_ep…        1.000  │
│  goals_reached_this_ep…        0.923    speed_at_goal                12.390  │
╰──────────────────────────────────────────────────────────────────────────────╯

[0;0H╭──────────────────────────────────────────────────────────────────────────────╮
│  PufferLib 3.0 🐡             CPU: 5.4%    GPU:     DRAM: 0.1%        VRAM:  │
│                                            81.7%                      21.3%  │
│                                                                              │
│  Summary          Value    Evaluate   4m 1s  27%    Losses            Value  │
│  Env       puffer_drive      Forwa…      5s   4%    behavior_pred…    0.013  │
│  Params          747.3K      Env         4s   1%    behavior_pred…    0.282  │
│  Steps           115.3M      Copy       26s  22%    policy_loss       0.011  │
│  SPS             188.1K      Misc    3m 25s   0%    value_loss        0.004  │
│  Epoch              220    Train     1m 27s  72%    entropy           4.074  │
│  Uptime         21m 39s      Forwa…     30s  25%    old_approx_kl     0.011  │
│  Remaini…     2h 47m 0s      Learn      50s  41%    approx_kl         0.008  │
│                              Copy        0s   0%    clipfrac          0.092  │
│                              Misc        5s   4%    importance        0.996  │
│                                                     explained_var…    0.975  │
│                                                                              │
│  User Stats                    Value    User Stats                    Value  │
│  n                          1029.500    score                         0.915  │
│  offroad_rate                  0.043    collision_rate                0.023  │
│  episode_length               64.994    episode_return                0.854  │
│  dnf_rate                      0.018    completion_rate               0.915  │
│  lane_alignment_rate           0.569    lane_aligned_steps           20.781  │
│  lane_distance_count          37.216    speed_limit_rate              0.419  │
│  lane_distance_avg             0.973    velocity_reward_total         0.000  │
│  comfort_violations           96.192    offroad_per_agent             0.043  │
│  collisions_per_agent          0.023    goals_sampled_this_ep…        1.000  │
│  goals_reached_this_ep…        0.915    speed_at_goal                12.806  │
╰──────────────────────────────────────────────────────────────────────────────╯

[0;0H╭──────────────────────────────────────────────────────────────────────────────╮
│  PufferLib 3.0          🐡    CPU: 5.4%    GPU:     DRAM: 0.1%        VRAM:  │
│                                            81.8%                      21.3%  │
│                                                                              │
│  Summary          Value    Evaluate   4m 2s  27%    Losses            Value  │
│  Env       puffer_drive      Forwa…      5s   4%    behavior_pred…    0.012  │
│  Params          747.3K      Env         4s   1%    behavior_pred…    0.263  │
│  Steps           115.9M      Copy       27s  22%    policy_loss       0.007  │
│  SPS             194.5K      Misc    3m 25s   0%    value_loss        0.003  │
│  Epoch              221    Train     1m 29s  72%    entropy           4.077  │
│  Uptime         21m 42s      Forwa…     31s  25%    old_approx_kl     0.010  │
│  Remaini…    2h 41m 25s      Learn      52s  41%    approx_kl         0.007  │
│                              Copy        0s   0%    clipfrac          0.074  │
│                              Misc        5s   4%    importance        0.997  │
│                                                     explained_var…    0.979  │
│                                                                              │
│  User Stats                    Value    User Stats                    Value  │
│  n                          1031.500    score                         0.921  │
│  offroad_rate                  0.035    collision_rate                0.023  │
│  episode_length               63.297    episode_return                0.864  │
│  dnf_rate                      0.020    completion_rate               0.921  │
│  lane_alignment_rate           0.567    lane_aligned_steps           20.587  │
│  lane_distance_count          36.662    speed_limit_rate              0.388  │
│  lane_distance_avg             0.982    velocity_reward_total         0.000  │
│  comfort_violations           94.374    offroad_per_agent             0.035  │
│  collisions_per_agent          0.023    goals_sampled_this_ep…        1.000  │
│  goals_reached_this_ep…        0.921    speed_at_goal                12.599  │
╰──────────────────────────────────────────────────────────────────────────────╯

[0;0H╭──────────────────────────────────────────────────────────────────────────────╮
│  PufferLib 3.0         🐡     CPU: 5.4%    GPU:     DRAM: 0.1%        VRAM:  │
│                                            81.8%                      21.3%  │
│                                                                              │
│  Summary          Value    Evaluate   4m 2s  27%    Losses            Value  │
│  Env       puffer_drive      Forwa…      5s   4%    behavior_pred…    0.013  │
│  Params          747.3K      Env         4s   1%    behavior_pred…    0.280  │
│  Steps           116.4M      Copy       27s  22%    policy_loss       0.008  │
│  SPS             194.7K      Misc    3m 25s   0%    value_loss        0.003  │
│  Epoch              222    Train     1m 29s  72%    entropy           4.072  │
│  Uptime         21m 45s      Forwa…     31s  25%    old_approx_kl     0.009  │
│  Remaini…    2h 41m 16s      Learn      52s  42%    approx_kl         0.006  │
│                              Copy        0s   0%    clipfrac          0.071  │
│                              Misc        5s   4%    importance        0.997  │
│                                                     explained_var…    0.982  │
│                                                                              │
│  User Stats                    Value    User Stats                    Value  │
│  n                          1041.333    score                         0.922  │
│  offroad_rate                  0.034    collision_rate                0.028  │
│  episode_length               64.666    episode_return                0.859  │
│  dnf_rate                      0.016    completion_rate               0.922  │
│  lane_alignment_rate           0.567    lane_aligned_steps           20.479  │
│  lane_distance_count          37.065    speed_limit_rate              0.404  │
│  lane_distance_avg             0.949    velocity_reward_total         0.000  │
│  comfort_violations           95.363    offroad_per_agent             0.034  │
│  collisions_per_agent          0.028    goals_sampled_this_ep…        1.000  │
│  goals_reached_this_ep…        0.922    speed_at_goal                12.778  │
╰──────────────────────────────────────────────────────────────────────────────╯

[0;0H╭──────────────────────────────────────────────────────────────────────────────╮
│  PufferLib 3.0        🐡      CPU: 5.4%    GPU:     DRAM: 0.1%        VRAM:  │
│                                            82.2%                      21.3%  │
│                                                                              │
│  Summary          Value    Evaluate   4m 2s  27%    Losses            Value  │
│  Env       puffer_drive      Forwa…      5s   4%    behavior_pred…    0.012  │
│  Params          747.3K      Env         4s   1%    behavior_pred…    0.282  │
│  Steps           116.9M      Copy       27s  22%    policy_loss       0.008  │
│  SPS             194.8K      Misc    3m 25s   0%    value_loss        0.003  │
│  Epoch              223    Train     1m 29s  72%    entropy           4.082  │
│  Uptime         21m 47s      Forwa…     31s  25%    old_approx_kl     0.009  │
│  Remaini…     2h 41m 6s      Learn      52s  42%    approx_kl         0.006  │
│                              Copy        0s   0%    clipfrac          0.070  │
│                              Misc        5s   4%    importance        0.998  │
│                                                     explained_var…    0.982  │
│                                                                              │
│  User Stats                    Value    User Stats                    Value  │
│  n                          1041.462    score                         0.928  │
│  offroad_rate                  0.028    collision_rate                0.025  │
│  episode_length               63.243    episode_return                0.873  │
│  dnf_rate                      0.019    completion_rate               0.928  │
│  lane_alignment_rate           0.573    lane_aligned_steps           20.778  │
│  lane_distance_count          36.685    speed_limit_rate              0.383  │
│  lane_distance_avg             0.970    velocity_reward_total         0.000  │
│  comfort_violations           94.370    offroad_per_agent             0.028  │
│  collisions_per_agent          0.025    goals_sampled_this_ep…        1.000  │
│  goals_reached_this_ep…        0.928    speed_at_goal                12.558  │
╰──────────────────────────────────────────────────────────────────────────────╯

[0;0H╭──────────────────────────────────────────────────────────────────────────────╮
│  PufferLib 3.0       🐡       CPU: 5.3%    GPU:     DRAM: 0.1%        VRAM:  │
│                                            83.1%                      21.3%  │
│                                                                              │
│  Summary          Value    Evaluate   4m 2s  27%    Losses            Value  │
│  Env       puffer_drive      Forwa…      5s   4%    behavior_pred…    0.012  │
│  Params          747.3K      Env         4s   1%    behavior_pred…    0.266  │
│  Steps           117.4M      Copy       27s  22%    policy_loss       0.008  │
│  SPS             194.5K      Misc    3m 25s   0%    value_loss        0.003  │
│  Epoch              224    Train     1m 29s  72%    entropy           4.085  │
│  Uptime         21m 50s      Forwa…     31s  25%    old_approx_kl     0.009  │
│  Remaini…    2h 41m 18s      Learn      52s  42%    approx_kl         0.007  │
│                              Copy        0s   0%    clipfrac          0.080  │
│                              Misc        5s   4%    importance        0.998  │
│                                                     explained_var…    0.984  │
│                                                                              │
│  User Stats                    Value    User Stats                    Value  │
│  n                          1046.667    score                         0.932  │
│  offroad_rate                  0.025    collision_rate                0.022  │
│  episode_length               65.021    episode_return                0.882  │
│  dnf_rate                      0.021    completion_rate               0.932  │
│  lane_alignment_rate           0.592    lane_aligned_steps           21.055  │
│  lane_distance_count          38.001    speed_limit_rate              0.418  │
│  lane_distance_avg             0.962    velocity_reward_total         0.000  │
│  comfort_violations           98.191    offroad_per_agent             0.025  │
│  collisions_per_agent          0.022    goals_sampled_this_ep…        1.000  │
│  goals_reached_this_ep…        0.932    speed_at_goal                13.143  │
╰──────────────────────────────────────────────────────────────────────────────╯

[0;0H╭──────────────────────────────────────────────────────────────────────────────╮
│  PufferLib 3.0      🐡        CPU: 5.2%    GPU:     DRAM: 0.1%        VRAM:  │
│                                            83.5%                      21.3%  │
│                                                                              │
│  Summary          Value    Evaluate   4m 2s  27%    Losses            Value  │
│  Env       puffer_drive      Forwa…      5s   4%    behavior_pred…    0.012  │
│  Params          747.3K      Env         4s   1%    behavior_pred…    0.277  │
│  Steps           118.0M      Copy       27s  22%    policy_loss       0.008  │
│  SPS             193.1K      Misc    3m 25s   0%    value_loss        0.003  │
│  Epoch              225    Train     1m 29s  72%    entropy           4.079  │
│  Uptime         21m 53s      Forwa…     31s  25%    old_approx_kl     0.010  │
│  Remaini…    2h 42m 28s      Learn      52s  42%    approx_kl         0.007  │
│                              Copy        0s   0%    clipfrac          0.087  │
│                              Misc        5s   4%    importance        0.998  │
│                                                     explained_var…    0.984  │
│                                                                              │
│  User Stats                    Value    User Stats                    Value  │
│  n                          1036.077    score                         0.940  │
│  offroad_rate                  0.027    collision_rate                0.019  │
│  episode_length               62.223    episode_return                0.896  │
│  dnf_rate                      0.014    completion_rate               0.940  │
│  lane_alignment_rate           0.580    lane_aligned_steps           20.872  │
│  lane_distance_count          36.677    speed_limit_rate              0.390  │
│  lane_distance_avg             0.940    velocity_reward_total         0.000  │
│  comfort_violations           94.431    offroad_per_agent             0.027  │
│  collisions_per_agent          0.019    goals_sampled_this_ep…        1.000  │
│  goals_reached_this_ep…        0.940    speed_at_goal                12.714  │
╰──────────────────────────────────────────────────────────────────────────────╯

[0;0H╭──────────────────────────────────────────────────────────────────────────────╮
│  PufferLib 3.0     🐡         CPU: 5.1%    GPU:     DRAM: 0.1%        VRAM:  │
│                                            83.7%                      21.3%  │
│                                                                              │
│  Summary          Value    Evaluate   4m 3s  27%    Losses            Value  │
│  Env       puffer_drive      Forwa…      5s   4%    behavior_pred…    0.012  │
│  Params          747.3K      Env         4s   1%    behavior_pred…    0.270  │
│  Steps           118.5M      Copy       27s  22%    policy_loss       0.009  │
│  SPS             194.6K      Misc    3m 25s   0%    value_loss        0.004  │
│  Epoch              226    Train     1m 31s  72%    entropy           4.075  │
│  Uptime         21m 55s      Forwa…     32s  25%    old_approx_kl     0.010  │
│  Remaini…     2h 41m 6s      Learn      53s  42%    approx_kl         0.007  │
│                              Copy        0s   0%    clipfrac          0.080  │
│                              Misc        5s   4%    importance        0.997  │
│                                                     explained_var…    0.978  │
│                                                                              │
│  User Stats                    Value    User Stats                    Value  │
│  n                          1028.500    score                         0.933  │
│  offroad_rate                  0.027    collision_rate                0.019  │
│  episode_length               66.940    episode_return                0.888  │
│  dnf_rate                      0.020    completion_rate               0.933  │
│  lane_alignment_rate           0.598    lane_aligned_steps           21.902  │
│  lane_distance_count          38.707    speed_limit_rate              0.426  │
│  lane_distance_avg             0.958    velocity_reward_total         0.000  │
│  comfort_violations           99.741    offroad_per_agent             0.027  │
│  collisions_per_agent          0.019    goals_sampled_this_ep…        1.000  │
│  goals_reached_this_ep…        0.933    speed_at_goal                13.223  │
╰──────────────────────────────────────────────────────────────────────────────╯

[0;0H╭──────────────────────────────────────────────────────────────────────────────╮
│  PufferLib 3.0    🐡          CPU: 5.4%    GPU:     DRAM: 0.1%        VRAM:  │
│                                            84.0%                      21.3%  │
│                                                                              │
│  Summary          Value    Evaluate   4m 3s  27%    Losses            Value  │
│  Env       puffer_drive      Forwa…      5s   4%    behavior_pred…    0.012  │
│  Params          747.3K      Env         4s   1%    behavior_pred…    0.266  │
│  Steps           119.0M      Copy       27s  22%    policy_loss       0.010  │
│  SPS             194.4K      Misc    3m 25s   0%    value_loss        0.004  │
│  Epoch              227    Train     1m 31s  72%    entropy           4.068  │
│  Uptime         21m 58s      Forwa…     32s  25%    old_approx_kl     0.012  │
│  Remaini…    2h 41m 17s      Learn      53s  42%    approx_kl         0.007  │
│                              Copy        0s   0%    clipfrac          0.084  │
│                              Misc        5s   4%    importance        0.996  │
│                                                     explained_var…    0.975  │
│                                                                              │
│  User Stats                    Value    User Stats                    Value  │
│  n                          1043.214    score                         0.933  │
│  offroad_rate                  0.028    collision_rate                0.021  │
│  episode_length               63.121    episode_return                0.885  │
│  dnf_rate                      0.019    completion_rate               0.933  │
│  lane_alignment_rate           0.585    lane_aligned_steps           20.784  │
│  lane_distance_count          36.761    speed_limit_rate              0.386  │
│  lane_distance_avg             0.967    velocity_reward_total         0.000  │
│  comfort_violations           94.541    offroad_per_agent             0.028  │
│  collisions_per_agent          0.021    goals_sampled_this_ep…        1.000  │
│  goals_reached_this_ep…        0.933    speed_at_goal                12.638  │
╰──────────────────────────────────────────────────────────────────────────────╯

[0;0H╭──────────────────────────────────────────────────────────────────────────────╮
│  PufferLib 3.0   🐡           CPU: 5.5%    GPU:     DRAM: 0.2%        VRAM:  │
│                                            75.2%                      21.3%  │
│                                                                              │
│  Summary          Value    Evaluate   4m 3s  27%    Losses            Value  │
│  Env       puffer_drive      Forwa…      5s   4%    behavior_pred…    0.013  │
│  Params          747.3K      Env         4s   1%    behavior_pred…    0.297  │
│  Steps           119.5M      Copy       27s  22%    policy_loss       0.007  │
│  SPS             110.0K      Misc    3m 25s   0%    value_loss        0.003  │
│  Epoch              228    Train     1m 31s  72%    entropy           4.059  │
│  Uptime          22m 3s      Forwa…     32s  25%    old_approx_kl     0.010  │
│  Remaini…    4h 44m 53s      Learn      53s  42%    approx_kl         0.007  │
│                              Copy        0s   0%    clipfrac          0.087  │
│                              Misc        5s   4%    importance        0.997  │
│                                                     explained_var…    0.978  │
│                                                                              │
│  User Stats                    Value    User Stats                    Value  │
│  n                          1032.000    score                         0.929  │
│  offroad_rate                  0.032    collision_rate                0.026  │
│  episode_length               64.997    episode_return                0.868  │
│  dnf_rate                      0.013    completion_rate               0.929  │
│  lane_alignment_rate           0.578    lane_aligned_steps           21.310  │
│  lane_distance_count          37.962    speed_limit_rate              0.404  │
│  lane_distance_avg             0.937    velocity_reward_total         0.000  │
│  comfort_violations           97.949    offroad_per_agent             0.032  │
│  collisions_per_agent          0.026    goals_sampled_this_ep…        1.000  │
│  goals_reached_this_ep…        0.929    speed_at_goal                12.897  │
╰──────────────────────────────────────────────────────────────────────────────╯

[0;0H╭──────────────────────────────────────────────────────────────────────────────╮
│  PufferLib 3.0  🐡            CPU: 5.4%    GPU:     DRAM: 0.2%        VRAM:  │
│                                            75.5%                      21.3%  │
│                                                                              │
│  Summary          Value    Evaluate   4m 3s  27%    Losses            Value  │
│  Env       puffer_drive      Forwa…      5s   4%    behavior_pred…    0.013  │
│  Params          747.3K      Env         4s   1%    behavior_pred…    0.315  │
│  Steps           120.1M      Copy       27s  22%    policy_loss       0.014  │
│  SPS             196.3K      Misc    3m 25s   0%    value_loss        0.005  │
│  Epoch              229    Train     1m 31s  72%    entropy           4.087  │
│  Uptime          22m 6s      Forwa…     32s  25%    old_approx_kl     0.015  │
│  Remaini…    2h 39m 35s      Learn      53s  42%    approx_kl         0.010  │
│                              Copy        0s   0%    clipfrac          0.118  │
│                              Misc        5s   4%    importance        0.996  │
│                                                     explained_var…    0.968  │
│                                                                              │
│  User Stats                    Value    User Stats                    Value  │
│  n                          1032.000    score                         0.929  │
│  offroad_rate                  0.032    collision_rate                0.026  │
│  episode_length               64.997    episode_return                0.868  │
│  dnf_rate                      0.013    completion_rate               0.929  │
│  lane_alignment_rate           0.578    lane_aligned_steps           21.310  │
│  lane_distance_count          37.962    speed_limit_rate              0.404  │
│  lane_distance_avg             0.937    velocity_reward_total         0.000  │
│  comfort_violations           97.949    offroad_per_agent             0.032  │
│  collisions_per_agent          0.026    goals_sampled_this_ep…        1.000  │
│  goals_reached_this_ep…        0.929    speed_at_goal                12.897  │
╰──────────────────────────────────────────────────────────────────────────────╯

[0;0H╭──────────────────────────────────────────────────────────────────────────────╮
│  PufferLib 3.0 🐡             CPU: 5.7%    GPU:     DRAM: 0.2%        VRAM:  │
│                                            75.4%                      21.3%  │
│                                                                              │
│  Summary          Value    Evaluate   4m 3s  27%    Losses            Value  │
│  Env       puffer_drive      Forwa…      5s   4%    behavior_pred…    0.012  │
│  Params          747.3K      Env         4s   1%    behavior_pred…    0.234  │
│  Steps           120.6M      Copy       27s  22%    policy_loss       0.005  │
│  SPS             195.9K      Misc    3m 25s   0%    value_loss        0.003  │
│  Epoch              230    Train     1m 31s  72%    entropy           4.078  │
│  Uptime          22m 8s      Forwa…     32s  25%    old_approx_kl     0.009  │
│  Remaini…    2h 39m 51s      Learn      53s  42%    approx_kl         0.007  │
│                              Copy        0s   0%    clipfrac          0.090  │
│                              Misc        5s   4%    importance        0.998  │
│                                                     explained_var…    0.986  │
│                                                                              │
│  User Stats                    Value    User Stats                    Value  │
│  n                          1032.000    score                         0.929  │
│  offroad_rate                  0.032    collision_rate                0.026  │
│  episode_length               64.997    episode_return                0.868  │
│  dnf_rate                      0.013    completion_rate               0.929  │
│  lane_alignment_rate           0.578    lane_aligned_steps           21.310  │
│  lane_distance_count          37.962    speed_limit_rate              0.404  │
│  lane_distance_avg             0.937    velocity_reward_total         0.000  │
│  comfort_violations           97.949    offroad_per_agent             0.032  │
│  collisions_per_agent          0.026    goals_sampled_this_ep…        1.000  │
│  goals_reached_this_ep…        0.929    speed_at_goal                12.897  │
╰──────────────────────────────────────────────────────────────────────────────╯

[0;0H╭──────────────────────────────────────────────────────────────────────────────╮
│  PufferLib 3.0          🐡    CPU: 5.4%    GPU:     DRAM: 0.2%        VRAM:  │
│                                            75.3%                      21.3%  │
│                                                                              │
│  Summary          Value    Evaluate   4m 3s  27%    Losses            Value  │
│  Env       puffer_drive      Forwa…      5s   4%    behavior_pred…    0.013  │
│  Params          747.3K      Env         4s   1%    behavior_pred…    0.298  │
│  Steps           121.1M      Copy       28s  22%    policy_loss       0.010  │
│  SPS             196.0K      Misc    3m 25s   0%    value_loss        0.004  │
│  Epoch              231    Train     1m 33s  72%    entropy           4.082  │
│  Uptime         22m 11s      Forwa…     33s  25%    old_approx_kl     0.010  │
│  Remaini…    2h 39m 46s      Learn      54s  42%    approx_kl         0.007  │
│                              Copy        0s   0%    clipfrac          0.073  │
│                              Misc        5s   4%    importance        0.997  │
│                                                     explained_var…    0.974  │
│                                                                              │
│  User Stats                    Value    User Stats                    Value  │
│  n                          1108.250    score                         0.912  │
│  offroad_rate                  0.047    collision_rate                0.021  │
│  episode_length               64.477    episode_return                0.855  │
│  dnf_rate                      0.019    completion_rate               0.912  │
│  lane_alignment_rate           0.550    lane_aligned_steps           20.359  │
│  lane_distance_count          37.048    speed_limit_rate              0.398  │
│  lane_distance_avg             0.988    velocity_reward_total         0.000  │
│  comfort_violations           95.682    offroad_per_agent             0.047  │
│  collisions_per_agent          0.021    goals_sampled_this_ep…        1.000  │
│  goals_reached_this_ep…        0.912    speed_at_goal                12.618  │
╰──────────────────────────────────────────────────────────────────────────────╯

[0;0H╭──────────────────────────────────────────────────────────────────────────────╮
│  PufferLib 3.0         🐡     CPU: 5.3%    GPU:     DRAM: 0.2%        VRAM:  │
│                                            75.5%                      21.3%  │
│                                                                              │
│  Summary          Value    Evaluate   4m 3s  27%    Losses            Value  │
│  Env       puffer_drive      Forwa…      5s   4%    behavior_pred…    0.012  │
│  Params          747.3K      Env         4s   1%    behavior_pred…    0.281  │
│  Steps           121.6M      Copy       28s  21%    policy_loss       0.007  │
│  SPS             196.0K      Misc    3m 25s   0%    value_loss        0.003  │
│  Epoch              232    Train     1m 33s  72%    entropy           4.087  │
│  Uptime         22m 14s      Forwa…     33s  25%    old_approx_kl     0.010  │
│  Remaini…    2h 39m 44s      Learn      54s  42%    approx_kl         0.008  │
│                              Copy        0s   0%    clipfrac          0.093  │
│                              Misc        5s   4%    importance        0.998  │
│                                                     explained_var…    0.979  │
│                                                                              │
│  User Stats                    Value    User Stats                    Value  │
│  n                          1108.250    score                         0.912  │
│  offroad_rate                  0.047    collision_rate                0.021  │
│  episode_length               64.477    episode_return                0.855  │
│  dnf_rate                      0.019    completion_rate               0.912  │
│  lane_alignment_rate           0.550    lane_aligned_steps           20.359  │
│  lane_distance_count          37.048    speed_limit_rate              0.398  │
│  lane_distance_avg             0.988    velocity_reward_total         0.000  │
│  comfort_violations           95.682    offroad_per_agent             0.047  │
│  collisions_per_agent          0.021    goals_sampled_this_ep…        1.000  │
│  goals_reached_this_ep…        0.912    speed_at_goal                12.618  │
╰──────────────────────────────────────────────────────────────────────────────╯

[0;0H╭──────────────────────────────────────────────────────────────────────────────╮
│  PufferLib 3.0        🐡      CPU: 5.5%    GPU:     DRAM: 0.2%        VRAM:  │
│                                            75.4%                      21.3%  │
│                                                                              │
│  Summary          Value    Evaluate   4m 3s  27%    Losses            Value  │
│  Env       puffer_drive      Forwa…      5s   4%    behavior_pred…    0.012  │
│  Params          747.3K      Env         4s   1%    behavior_pred…    0.275  │
│  Steps           122.2M      Copy       28s  21%    policy_loss       0.008  │
│  SPS             196.2K      Misc    3m 25s   0%    value_loss        0.004  │
│  Epoch              233    Train     1m 33s  72%    entropy           4.071  │
│  Uptime         22m 16s      Forwa…     33s  25%    old_approx_kl     0.011  │
│  Remaini…    2h 39m 33s      Learn      54s  42%    approx_kl         0.008  │
│                              Copy        0s   0%    clipfrac          0.096  │
│                              Misc        5s   4%    importance        0.997  │
│                                                     explained_var…    0.980  │
│                                                                              │
│  User Stats                    Value    User Stats                    Value  │
│  n                          1041.800    score                         0.931  │
│  offroad_rate                  0.029    collision_rate                0.020  │
│  episode_length               59.509    episode_return                0.887  │
│  dnf_rate                      0.020    completion_rate               0.931  │
│  lane_alignment_rate           0.568    lane_aligned_steps           19.819  │
│  lane_distance_count          34.929    speed_limit_rate              0.323  │
│  lane_distance_avg             0.995    velocity_reward_total         0.000  │
│  comfort_violations           88.957    offroad_per_agent             0.029  │
│  collisions_per_agent          0.020    goals_sampled_this_ep…        1.000  │
│  goals_reached_this_ep…        0.931    speed_at_goal                11.737  │
╰──────────────────────────────────────────────────────────────────────────────╯

[0;0H╭──────────────────────────────────────────────────────────────────────────────╮
│  PufferLib 3.0       🐡       CPU: 5.3%    GPU:     DRAM: 0.2%        VRAM:  │
│                                            75.8%                      21.3%  │
│                                                                              │
│  Summary          Value    Evaluate   4m 3s  27%    Losses            Value  │
│  Env       puffer_drive      Forwa…      5s   4%    behavior_pred…    0.012  │
│  Params          747.3K      Env         4s   1%    behavior_pred…    0.284  │
│  Steps           122.7M      Copy       28s  21%    policy_loss       0.009  │
│  SPS             196.2K      Misc    3m 25s   0%    value_loss        0.004  │
│  Epoch              234    Train     1m 33s  72%    entropy           4.077  │
│  Uptime         22m 19s      Forwa…     33s  25%    old_approx_kl     0.010  │
│  Remaini…    2h 39m 28s      Learn      54s  42%    approx_kl         0.007  │
│                              Copy        0s   0%    clipfrac          0.075  │
│                              Misc        5s   4%    importance        0.997  │
│                                                     explained_var…    0.977  │
│                                                                              │
│  User Stats                    Value    User Stats                    Value  │
│  n                          1035.182    score                         0.934  │
│  offroad_rate                  0.035    collision_rate                0.022  │
│  episode_length               59.712    episode_return                0.884  │
│  dnf_rate                      0.009    completion_rate               0.934  │
│  lane_alignment_rate           0.561    lane_aligned_steps           19.770  │
│  lane_distance_count          35.309    speed_limit_rate              0.353  │
│  lane_distance_avg             0.943    velocity_reward_total         0.000  │
│  comfort_violations           90.501    offroad_per_agent             0.035  │
│  collisions_per_agent          0.022    goals_sampled_this_ep…        1.000  │
│  goals_reached_this_ep…        0.934    speed_at_goal                12.089  │
╰──────────────────────────────────────────────────────────────────────────────╯

[0;0H╭──────────────────────────────────────────────────────────────────────────────╮
│  PufferLib 3.0      🐡        CPU: 4.9%    GPU:     DRAM: 0.2%        VRAM:  │
│                                            84.2%                      21.3%  │
│                                                                              │
│  Summary          Value    Evaluate   4m 3s  27%    Losses            Value  │
│  Env       puffer_drive      Forwa…      5s   4%    behavior_pred…    0.012  │
│  Params          747.3K      Env         4s   1%    behavior_pred…    0.281  │
│  Steps           123.2M      Copy       28s  21%    policy_loss       0.007  │
│  SPS             191.7K      Misc    3m 25s   0%    value_loss        0.004  │
│  Epoch              235    Train     1m 33s  72%    entropy           4.078  │
│  Uptime         22m 22s      Forwa…     33s  25%    old_approx_kl     0.009  │
│  Remaini…     2h 43m 8s      Learn      54s  42%    approx_kl         0.007  │
│                              Copy        0s   0%    clipfrac          0.068  │
│                              Misc        5s   4%    importance        0.997  │
│                                                     explained_var…    0.980  │
│                                                                              │
│  User Stats                    Value    User Stats                    Value  │
│  n                          1043.750    score                         0.919  │
│  offroad_rate                  0.035    collision_rate                0.019  │
│  episode_length               62.215    episode_return                0.870  │
│  dnf_rate                      0.027    completion_rate               0.919  │
│  lane_alignment_rate           0.563    lane_aligned_steps           20.224  │
│  lane_distance_count          35.950    speed_limit_rate              0.363  │
│  lane_distance_avg             1.004    velocity_reward_total         0.000  │
│  comfort_violations           92.504    offroad_per_agent             0.035  │
│  collisions_per_agent          0.019    goals_sampled_this_ep…        1.000  │
│  goals_reached_this_ep…        0.919    speed_at_goal                12.433  │
╰──────────────────────────────────────────────────────────────────────────────╯

[0;0H╭──────────────────────────────────────────────────────────────────────────────╮
│  PufferLib 3.0     🐡         CPU: 4.9%    GPU:     DRAM: 0.2%        VRAM:  │
│                                            83.9%                      21.3%  │
│                                                                              │
│  Summary          Value    Evaluate   4m 4s  27%    Losses            Value  │
│  Env       puffer_drive      Forwa…      5s   4%    behavior_pred…    0.012  │
│  Params          747.3K      Env         4s   1%    behavior_pred…    0.285  │
│  Steps           123.7M      Copy       29s  21%    policy_loss       0.008  │
│  SPS             187.6K      Misc    3m 25s   0%    value_loss        0.003  │
│  Epoch              236    Train     1m 35s  72%    entropy           4.076  │
│  Uptime         22m 25s      Forwa…     33s  25%    old_approx_kl     0.010  │
│  Remaini…    2h 46m 42s      Learn      55s  42%    approx_kl         0.008  │
│                              Copy        0s   0%    clipfrac          0.081  │
│                              Misc        5s   4%    importance        0.997  │
│                                                     explained_var…    0.981  │
│                                                                              │
│  User Stats                    Value    User Stats                    Value  │
│  n                          1038.500    score                         0.915  │
│  offroad_rate                  0.041    collision_rate                0.023  │
│  episode_length               63.618    episode_return                0.858  │
│  dnf_rate                      0.021    completion_rate               0.915  │
│  lane_alignment_rate           0.564    lane_aligned_steps           20.232  │
│  lane_distance_count          36.623    speed_limit_rate              0.384  │
│  lane_distance_avg             1.000    velocity_reward_total         0.000  │
│  comfort_violations           94.224    offroad_per_agent             0.041  │
│  collisions_per_agent          0.023    goals_sampled_this_ep…        1.000  │
│  goals_reached_this_ep…        0.915    speed_at_goal                12.405  │
╰──────────────────────────────────────────────────────────────────────────────╯

[0;0H╭──────────────────────────────────────────────────────────────────────────────╮
│  PufferLib 3.0    🐡          CPU: 5.1%    GPU:     DRAM: 0.2%        VRAM:  │
│                                            83.0%                      21.3%  │
│                                                                              │
│  Summary          Value    Evaluate   4m 4s  28%    Losses            Value  │
│  Env       puffer_drive      Forwa…      5s   4%    behavior_pred…    0.012  │
│  Params          747.3K      Env         4s   1%    behavior_pred…    0.282  │
│  Steps           124.3M      Copy       29s  22%    policy_loss       0.009  │
│  SPS             185.6K      Misc    3m 25s   0%    value_loss        0.003  │
│  Epoch              237    Train     1m 35s  71%    entropy           4.088  │
│  Uptime         22m 27s      Forwa…     33s  25%    old_approx_kl     0.011  │
│  Remaini…    2h 48m 26s      Learn      55s  41%    approx_kl         0.008  │
│                              Copy        0s   0%    clipfrac          0.083  │
│                              Misc        5s   4%    importance        0.997  │
│                                                     explained_var…    0.979  │
│                                                                              │
│  User Stats                    Value    User Stats                    Value  │
│  n                          1042.400    score                         0.918  │
│  offroad_rate                  0.043    collision_rate                0.021  │
│  episode_length               63.027    episode_return                0.862  │
│  dnf_rate                      0.018    completion_rate               0.918  │
│  lane_alignment_rate           0.561    lane_aligned_steps           20.420  │
│  lane_distance_count          36.442    speed_limit_rate              0.398  │
│  lane_distance_avg             0.970    velocity_reward_total         0.000  │
│  comfort_violations           93.967    offroad_per_agent             0.043  │
│  collisions_per_agent          0.021    goals_sampled_this_ep…        1.000  │
│  goals_reached_this_ep…        0.918    speed_at_goal                12.734  │
╰──────────────────────────────────────────────────────────────────────────────╯

[0;0H╭──────────────────────────────────────────────────────────────────────────────╮
│  PufferLib 3.0   🐡           CPU: 5.0%    GPU:     DRAM: 0.2%        VRAM:  │
│                                            82.9%                      21.3%  │
│                                                                              │
│  Summary          Value    Evaluate   4m 4s  28%    Losses            Value  │
│  Env       puffer_drive      Forwa…      5s   4%    behavior_pred…    0.012  │
│  Params          747.3K      Env         4s   1%    behavior_pred…    0.283  │
│  Steps           124.8M      Copy       29s  22%    policy_loss       0.008  │
│  SPS             193.9K      Misc    3m 25s   0%    value_loss        0.003  │
│  Epoch              238    Train     1m 35s  71%    entropy           4.085  │
│  Uptime         22m 30s      Forwa…     33s  25%    old_approx_kl     0.008  │
│  Remaini…    2h 41m 13s      Learn      55s  41%    approx_kl         0.006  │
│                              Copy        0s   0%    clipfrac          0.056  │
│                              Misc        5s   4%    importance        0.998  │
│                                                     explained_var…    0.981  │
│                                                                              │
│  User Stats                    Value    User Stats                    Value  │
│  n                          1037.909    score                         0.920  │
│  offroad_rate                  0.040    collision_rate                0.018  │
│  episode_length               65.085    episode_return                0.870  │
│  dnf_rate                      0.021    completion_rate               0.920  │
│  lane_alignment_rate           0.560    lane_aligned_steps           20.356  │
│  lane_distance_count          37.205    speed_limit_rate              0.401  │
│  lane_distance_avg             1.018    velocity_reward_total         0.000  │
│  comfort_violations           95.997    offroad_per_agent             0.040  │
│  collisions_per_agent          0.018    goals_sampled_this_ep…        1.000  │
│  goals_reached_this_ep…        0.920    speed_at_goal                12.837  │
╰──────────────────────────────────────────────────────────────────────────────╯

[0;0H╭──────────────────────────────────────────────────────────────────────────────╮
│  PufferLib 3.0  🐡            CPU: 4.9%    GPU:     DRAM: 0.2%        VRAM:  │
│                                            83.0%                      21.3%  │
│                                                                              │
│  Summary          Value    Evaluate   4m 4s  28%    Losses            Value  │
│  Env       puffer_drive      Forwa…      5s   4%    behavior_pred…    0.012  │
│  Params          747.3K      Env         4s   1%    behavior_pred…    0.275  │
│  Steps           125.3M      Copy       29s  22%    policy_loss       0.008  │
│  SPS             196.3K      Misc    3m 25s   0%    value_loss        0.003  │
│  Epoch              239    Train     1m 35s  71%    entropy           4.089  │
│  Uptime         22m 33s      Forwa…     33s  25%    old_approx_kl     0.009  │
│  Remaini…    2h 39m 10s      Learn      55s  41%    approx_kl         0.006  │
│                              Copy        0s   0%    clipfrac          0.056  │
│                              Misc        5s   4%    importance        0.997  │
│                                                     explained_var…    0.981  │
│                                                                              │
│  User Stats                    Value    User Stats                    Value  │
│  n                          1038.600    score                         0.932  │
│  offroad_rate                  0.036    collision_rate                0.017  │
│  episode_length               61.785    episode_return                0.887  │
│  dnf_rate                      0.014    completion_rate               0.932  │
│  lane_alignment_rate           0.569    lane_aligned_steps           20.453  │
│  lane_distance_count          35.657    speed_limit_rate              0.368  │
│  lane_distance_avg             0.958    velocity_reward_total         0.000  │
│  comfort_violations           91.567    offroad_per_agent             0.036  │
│  collisions_per_agent          0.017    goals_sampled_this_ep…        1.000  │
│  goals_reached_this_ep…        0.932    speed_at_goal                12.454  │
╰──────────────────────────────────────────────────────────────────────────────╯

[0;0H╭──────────────────────────────────────────────────────────────────────────────╮
│  PufferLib 3.0 🐡             CPU: 4.9%    GPU:     DRAM: 0.2%        VRAM:  │
│                                            83.1%                      21.3%  │
│                                                                              │
│  Summary          Value    Evaluate   4m 4s  28%    Losses            Value  │
│  Env       puffer_drive      Forwa…      5s   4%    behavior_pred…    0.012  │
│  Params          747.3K      Env         4s   1%    behavior_pred…    0.296  │
│  Steps           125.8M      Copy       29s  22%    policy_loss       0.008  │
│  SPS             196.2K      Misc    3m 25s   0%    value_loss        0.003  │
│  Epoch              240    Train     1m 35s  71%    entropy           4.089  │
│  Uptime         22m 36s      Forwa…     33s  25%    old_approx_kl     0.009  │
│  Remaini…    2h 39m 10s      Learn      55s  41%    approx_kl         0.006  │
│                              Copy        0s   0%    clipfrac          0.061  │
│                              Misc        5s   4%    importance        0.997  │
│                                                     explained_var…    0.983  │
│                                                                              │
│  User Stats                    Value    User Stats                    Value  │
│  n                          1044.636    score                         0.925  │
│  offroad_rate                  0.032    collision_rate                0.022  │
│  episode_length               65.631    episode_return                0.873  │
│  dnf_rate                      0.021    completion_rate               0.925  │
│  lane_alignment_rate           0.560    lane_aligned_steps           20.915  │
│  lane_distance_count          38.094    speed_limit_rate              0.421  │
│  lane_distance_avg             1.009    velocity_reward_total         0.000  │
│  comfort_violations           98.663    offroad_per_agent             0.032  │
│  collisions_per_agent          0.022    goals_sampled_this_ep…        1.000  │
│  goals_reached_this_ep…        0.925    speed_at_goal                13.226  │
╰──────────────────────────────────────────────────────────────────────────────╯

[0;0H╭──────────────────────────────────────────────────────────────────────────────╮
│  PufferLib 3.0          🐡    CPU: 4.9%    GPU:     DRAM: 0.2%        VRAM:  │
│                                            83.3%                      21.3%  │
│                                                                              │
│  Summary          Value    Evaluate   4m 5s  28%    Losses            Value  │
│  Env       puffer_drive      Forwa…      5s   4%    behavior_pred…    0.012  │
│  Params          747.3K      Env         4s   1%    behavior_pred…    0.281  │
│  Steps           126.4M      Copy       29s  22%    policy_loss       0.008  │
│  SPS             196.1K      Misc    3m 25s   0%    value_loss        0.003  │
│  Epoch              241    Train     1m 37s  71%    entropy           4.077  │
│  Uptime         22m 38s      Forwa…     34s  25%    old_approx_kl     0.009  │
│  Remaini…    2h 39m 14s      Learn      56s  41%    approx_kl         0.006  │
│                              Copy        0s   0%    clipfrac          0.069  │
│                              Misc        5s   4%    importance        0.998  │
│                                                     explained_var…    0.983  │
│                                                                              │
│  User Stats                    Value    User Stats                    Value  │
│  n                          1031.667    score                         0.937  │
│  offroad_rate                  0.026    collision_rate                0.017  │
│  episode_length               61.691    episode_return                0.901  │
│  dnf_rate                      0.020    completion_rate               0.937  │
│  lane_alignment_rate           0.564    lane_aligned_steps           20.456  │
│  lane_distance_count          36.390    speed_limit_rate              0.373  │
│  lane_distance_avg             0.953    velocity_reward_total         0.000  │
│  comfort_violations           93.605    offroad_per_agent             0.026  │
│  collisions_per_agent          0.017    goals_sampled_this_ep…        1.000  │
│  goals_reached_this_ep…        0.937    speed_at_goal                12.772  │
╰──────────────────────────────────────────────────────────────────────────────╯

[0;0H╭──────────────────────────────────────────────────────────────────────────────╮
│  PufferLib 3.0         🐡     CPU: 4.9%    GPU:     DRAM: 0.2%        VRAM:  │
│                                            83.3%                      21.3%  │
│                                                                              │
│  Summary          Value    Evaluate   4m 5s  27%    Losses            Value  │
│  Env       puffer_drive      Forwa…      5s   4%    behavior_pred…    0.012  │
│  Params          747.3K      Env         4s   1%    behavior_pred…    0.279  │
│  Steps           126.9M      Copy       29s  21%    policy_loss       0.008  │
│  SPS             196.1K      Misc    3m 25s   0%    value_loss        0.003  │
│  Epoch              242    Train     1m 37s  72%    entropy           4.080  │
│  Uptime         22m 41s      Forwa…     34s  25%    old_approx_kl     0.009  │
│  Remaini…    2h 39m 12s      Learn      56s  42%    approx_kl         0.007  │
│                              Copy        0s   0%    clipfrac          0.075  │
│                              Misc        5s   4%    importance        0.997  │
│                                                     explained_var…    0.982  │
│                                                                              │
│  User Stats                    Value    User Stats                    Value  │
│  n                          1033.615    score                         0.933  │
│  offroad_rate                  0.031    collision_rate                0.020  │
│  episode_length               63.298    episode_return                0.889  │
│  dnf_rate                      0.016    completion_rate               0.933  │
│  lane_alignment_rate           0.573    lane_aligned_steps           20.642  │
│  lane_distance_count          36.923    speed_limit_rate              0.381  │
│  lane_distance_avg             0.972    velocity_reward_total         0.000  │
│  comfort_violations           95.017    offroad_per_agent             0.031  │
│  collisions_per_agent          0.020    goals_sampled_this_ep…        1.000  │
│  goals_reached_this_ep…        0.933    speed_at_goal                12.646  │
╰──────────────────────────────────────────────────────────────────────────────╯

[0;0H╭──────────────────────────────────────────────────────────────────────────────╮
│  PufferLib 3.0        🐡      CPU: 4.9%    GPU:     DRAM: 0.2%        VRAM:  │
│                                            84.0%                      21.3%  │
│                                                                              │
│  Summary          Value    Evaluate   4m 5s  27%    Losses            Value  │
│  Env       puffer_drive      Forwa…      5s   4%    behavior_pred…    0.013  │
│  Params          747.3K      Env         4s   1%    behavior_pred…    0.302  │
│  Steps           127.4M      Copy       29s  21%    policy_loss       0.009  │
│  SPS             195.4K      Misc    3m 25s   0%    value_loss        0.003  │
│  Epoch              243    Train     1m 37s  72%    entropy           4.085  │
│  Uptime         22m 44s      Forwa…     34s  25%    old_approx_kl     0.010  │
│  Remaini…    2h 39m 45s      Learn      56s  42%    approx_kl         0.007  │
│                              Copy        0s   0%    clipfrac          0.069  │
│                              Misc        5s   4%    importance        0.997  │
│                                                     explained_var…    0.980  │
│                                                                              │
│  User Stats                    Value    User Stats                    Value  │
│  n                          1027.000    score                         0.936  │
│  offroad_rate                  0.026    collision_rate                0.018  │
│  episode_length               63.245    episode_return                0.895  │
│  dnf_rate                      0.020    completion_rate               0.936  │
│  lane_alignment_rate           0.567    lane_aligned_steps           21.110  │
│  lane_distance_count          37.400    speed_limit_rate              0.395  │
│  lane_distance_avg             0.890    velocity_reward_total         0.000  │
│  comfort_violations           96.514    offroad_per_agent             0.026  │
│  collisions_per_agent          0.018    goals_sampled_this_ep…        1.000  │
│  goals_reached_this_ep…        0.936    speed_at_goal                12.966  │
╰──────────────────────────────────────────────────────────────────────────────╯

[0;0H╭──────────────────────────────────────────────────────────────────────────────╮
│  PufferLib 3.0       🐡       CPU: 5.1%    GPU:     DRAM: 0.2%        VRAM:  │
│                                            84.5%                      21.3%  │
│                                                                              │
│  Summary          Value    Evaluate   4m 5s  27%    Losses            Value  │
│  Env       puffer_drive      Forwa…      5s   4%    behavior_pred…    0.012  │
│  Params          747.3K      Env         4s   1%    behavior_pred…    0.281  │
│  Steps           127.9M      Copy       29s  21%    policy_loss       0.008  │
│  SPS             195.9K      Misc    3m 25s   0%    value_loss        0.003  │
│  Epoch              244    Train     1m 37s  72%    entropy           4.080  │
│  Uptime         22m 46s      Forwa…     34s  25%    old_approx_kl     0.010  │
│  Remaini…    2h 39m 14s      Learn      56s  42%    approx_kl         0.008  │
│                              Copy        0s   0%    clipfrac          0.079  │
│                              Misc        5s   4%    importance        0.997  │
│                                                     explained_var…    0.980  │
│                                                                              │
│  User Stats                    Value    User Stats                    Value  │
│  n                          1041.923    score                         0.927  │
│  offroad_rate                  0.028    collision_rate                0.021  │
│  episode_length               64.528    episode_return                0.879  │
│  dnf_rate                      0.023    completion_rate               0.927  │
│  lane_alignment_rate           0.568    lane_aligned_steps           20.528  │
│  lane_distance_count          37.076    speed_limit_rate              0.388  │
│  lane_distance_avg             1.009    velocity_reward_total         0.000  │
│  comfort_violations           95.403    offroad_per_agent             0.028  │
│  collisions_per_agent          0.021    goals_sampled_this_ep…        1.000  │
│  goals_reached_this_ep…        0.927    speed_at_goal                12.631  │
╰──────────────────────────────────────────────────────────────────────────────╯

[0;0H╭──────────────────────────────────────────────────────────────────────────────╮
│  PufferLib 3.0      🐡        CPU: 4.9%    GPU:     DRAM: 0.2%        VRAM:  │
│                                            84.5%                      21.3%  │
│                                                                              │
│  Summary          Value    Evaluate   4m 5s  27%    Losses            Value  │
│  Env       puffer_drive      Forwa…      5s   4%    behavior_pred…    0.013  │
│  Params          747.3K      Env         4s   1%    behavior_pred…    0.270  │
│  Steps           128.5M      Copy       29s  21%    policy_loss       0.008  │
│  SPS             196.1K      Misc    3m 25s   0%    value_loss        0.004  │
│  Epoch              245    Train     1m 37s  72%    entropy           4.085  │
│  Uptime         22m 49s      Forwa…     34s  25%    old_approx_kl     0.010  │
│  Remaini…     2h 39m 5s      Learn      56s  42%    approx_kl         0.007  │
│                              Copy        0s   0%    clipfrac          0.074  │
│                              Misc        5s   4%    importance        0.997  │
│                                                     explained_var…    0.978  │
│                                                                              │
│  User Stats                    Value    User Stats                    Value  │
│  n                          1048.333    score                         0.941  │
│  offroad_rate                  0.024    collision_rate                0.017  │
│  episode_length               61.541    episode_return                0.902  │
│  dnf_rate                      0.017    completion_rate               0.941  │
│  lane_alignment_rate           0.583    lane_aligned_steps           20.398  │
│  lane_distance_count          36.010    speed_limit_rate              0.365  │
│  lane_distance_avg             0.926    velocity_reward_total         0.000  │
│  comfort_violations           92.316    offroad_per_agent             0.024  │
│  collisions_per_agent          0.017    goals_sampled_this_ep…        1.000  │
│  goals_reached_this_ep…        0.941    speed_at_goal                12.529  │
╰──────────────────────────────────────────────────────────────────────────────╯

[0;0H╭──────────────────────────────────────────────────────────────────────────────╮
│  PufferLib 3.0     🐡         CPU: 4.8%    GPU:     DRAM: 0.2%        VRAM:  │
│                                            84.5%                      21.3%  │
│                                                                              │
│  Summary          Value    Evaluate   4m 6s  27%    Losses            Value  │
│  Env       puffer_drive      Forwa…      5s   4%    behavior_pred…    0.012  │
│  Params          747.3K      Env         4s   1%    behavior_pred…    0.282  │
│  Steps           129.0M      Copy       30s  21%    policy_loss       0.008  │
│  SPS             196.1K      Misc    3m 25s   0%    value_loss        0.004  │
│  Epoch              246    Train     1m 39s  72%    entropy           4.076  │
│  Uptime         22m 52s      Forwa…     35s  25%    old_approx_kl     0.009  │
│  Remaini…     2h 39m 3s      Learn      57s  42%    approx_kl         0.006  │
│                              Copy        0s   0%    clipfrac          0.066  │
│                              Misc        5s   4%    importance        0.997  │
│                                                     explained_var…    0.978  │
│                                                                              │
│  User Stats                    Value    User Stats                    Value  │
│  n                          1037.385    score                         0.922  │
│  offroad_rate                  0.033    collision_rate                0.023  │
│  episode_length               65.394    episode_return                0.867  │
│  dnf_rate                      0.022    completion_rate               0.922  │
│  lane_alignment_rate           0.556    lane_aligned_steps           20.760  │
│  lane_distance_count          37.370    speed_limit_rate              0.401  │
│  lane_distance_avg             1.005    velocity_reward_total         0.000  │
│  comfort_violations           96.317    offroad_per_agent             0.033  │
│  collisions_per_agent          0.023    goals_sampled_this_ep…        1.000  │
│  goals_reached_this_ep…        0.922    speed_at_goal                12.681  │
╰──────────────────────────────────────────────────────────────────────────────╯

[0;0H╭──────────────────────────────────────────────────────────────────────────────╮
│  PufferLib 3.0    🐡          CPU: 5.1%    GPU:     DRAM: 0.2%        VRAM:  │
│                                            84.3%                      21.3%  │
│                                                                              │
│  Summary          Value    Evaluate   4m 6s  27%    Losses            Value  │
│  Env       puffer_drive      Forwa…      5s   4%    behavior_pred…    0.012  │
│  Params          747.3K      Env         4s   1%    behavior_pred…    0.268  │
│  Steps           129.5M      Copy       30s  21%    policy_loss       0.008  │
│  SPS             196.1K      Misc    3m 25s   0%    value_loss        0.004  │
│  Epoch              247    Train     1m 39s  72%    entropy           4.068  │
│  Uptime         22m 54s      Forwa…     35s  25%    old_approx_kl     0.010  │
│  Remaini…    2h 38m 56s      Learn      57s  42%    approx_kl         0.008  │
│                              Copy        0s   0%    clipfrac          0.082  │
│                              Misc        5s   4%    importance        0.997  │
│                                                     explained_var…    0.980  │
│                                                                              │
│  User Stats                    Value    User Stats                    Value  │
│  n                          1036.667    score                         0.930  │
│  offroad_rate                  0.029    collision_rate                0.016  │
│  episode_length               61.849    episode_return                0.886  │
│  dnf_rate                      0.025    completion_rate               0.930  │
│  lane_alignment_rate           0.560    lane_aligned_steps           20.219  │
│  lane_distance_count          35.672    speed_limit_rate              0.352  │
│  lane_distance_avg             1.029    velocity_reward_total         0.000  │
│  comfort_violations           91.686    offroad_per_agent             0.029  │
│  collisions_per_agent          0.016    goals_sampled_this_ep…        1.000  │
│  goals_reached_this_ep…        0.930    speed_at_goal                12.318  │
╰──────────────────────────────────────────────────────────────────────────────╯

[0;0H╭──────────────────────────────────────────────────────────────────────────────╮
│  PufferLib 3.0   🐡           CPU: 5.0%    GPU:     DRAM: 0.2%        VRAM:  │
│                                            84.3%                      21.3%  │
│                                                                              │
│  Summary          Value    Evaluate   4m 6s  27%    Losses            Value  │
│  Env       puffer_drive      Forwa…      5s   4%    behavior_pred…    0.013  │
│  Params          747.3K      Env         4s   1%    behavior_pred…    0.280  │
│  Steps           130.0M      Copy       30s  21%    policy_loss       0.009  │
│  SPS             196.2K      Misc    3m 25s   0%    value_loss        0.004  │
│  Epoch              248    Train     1m 39s  72%    entropy           4.070  │
│  Uptime         22m 57s      Forwa…     35s  25%    old_approx_kl     0.013  │
│  Remaini…    2h 38m 49s      Learn      57s  42%    approx_kl         0.009  │
│                              Copy        0s   0%    clipfrac          0.090  │
│                              Misc        5s   4%    importance        0.995  │
│                                                     explained_var…    0.979  │
│                                                                              │
│  User Stats                    Value    User Stats                    Value  │
│  n                          1041.077    score                         0.927  │
│  offroad_rate                  0.031    collision_rate                0.026  │
│  episode_length               63.912    episode_return                0.867  │
│  dnf_rate                      0.017    completion_rate               0.927  │
│  lane_alignment_rate           0.555    lane_aligned_steps           20.874  │
│  lane_distance_count          37.144    speed_limit_rate              0.400  │
│  lane_distance_avg             0.976    velocity_reward_total         0.000  │
│  comfort_violations           96.264    offroad_per_agent             0.031  │
│  collisions_per_agent          0.026    goals_sampled_this_ep…        1.000  │
│  goals_reached_this_ep…        0.927    speed_at_goal                12.842  │
╰──────────────────────────────────────────────────────────────────────────────╯

[0;0H╭──────────────────────────────────────────────────────────────────────────────╮
│  PufferLib 3.0  🐡            CPU: 4.9%    GPU:     DRAM: 0.2%        VRAM:  │
│                                            84.3%                      21.3%  │
│                                                                              │
│  Summary          Value    Evaluate   4m 6s  27%    Losses            Value  │
│  Env       puffer_drive      Forwa…      5s   4%    behavior_pred…    0.012  │
│  Params          747.3K      Env         4s   1%    behavior_pred…    0.263  │
│  Steps           130.5M      Copy       30s  21%    policy_loss      -0.000  │
│  SPS             196.0K      Misc    3m 25s   0%    value_loss        0.003  │
│  Epoch              249    Train     1m 39s  72%    entropy           4.066  │
│  Uptime          23m 0s      Forwa…     35s  25%    old_approx_kl     0.012  │
│  Remaini…    2h 38m 56s      Learn      57s  42%    approx_kl         0.009  │
│                              Copy        0s   0%    clipfrac          0.105  │
│                              Misc        5s   4%    importance        0.997  │
│                                                     explained_var…    0.979  │
│                                                                              │
│  User Stats                    Value    User Stats                    Value  │
│  n                          1028.500    score                         0.929  │
│  offroad_rate                  0.034    collision_rate                0.015  │
│  episode_length               61.043    episode_return                0.884  │
│  dnf_rate                      0.023    completion_rate               0.929  │
│  lane_alignment_rate           0.565    lane_aligned_steps           20.794  │
│  lane_distance_count          35.792    speed_limit_rate              0.370  │
│  lane_distance_avg             0.961    velocity_reward_total         0.000  │
│  comfort_violations           92.566    offroad_per_agent             0.034  │
│  collisions_per_agent          0.015    goals_sampled_this_ep…        1.000  │
│  goals_reached_this_ep…        0.929    speed_at_goal                12.635  │
╰──────────────────────────────────────────────────────────────────────────────╯

[0;0H╭──────────────────────────────────────────────────────────────────────────────╮
│  PufferLib 3.0 🐡             CPU: 5.1%    GPU:     DRAM: 0.2%        VRAM:  │
│                                            84.3%                      21.3%  │
│                                                                              │
│  Summary          Value    Evaluate   4m 6s  27%    Losses            Value  │
│  Env       puffer_drive      Forwa…      5s   4%    behavior_pred…    0.012  │
│  Params          747.3K      Env         4s   1%    behavior_pred…    0.279  │
│  Steps           131.1M      Copy       30s  21%    policy_loss       0.003  │
│  SPS             196.0K      Misc    3m 25s   0%    value_loss        0.003  │
│  Epoch              250    Train     1m 39s  72%    entropy           4.069  │
│  Uptime          23m 2s      Forwa…     35s  25%    old_approx_kl     0.011  │
│  Remaini…    2h 38m 56s      Learn      57s  42%    approx_kl         0.007  │
│                              Copy        0s   0%    clipfrac          0.076  │
│                              Misc        5s   4%    importance        0.997  │
│                                                     explained_var…    0.981  │
│                                                                              │
│  User Stats                    Value    User Stats                    Value  │
│  n                          1035.214    score                         0.926  │
│  offroad_rate                  0.038    collision_rate                0.021  │
│  episode_length               62.866    episode_return                0.871  │
│  dnf_rate                      0.016    completion_rate               0.926  │
│  lane_alignment_rate           0.555    lane_aligned_steps           20.512  │
│  lane_distance_count          36.313    speed_limit_rate              0.385  │
│  lane_distance_avg             0.981    velocity_reward_total         0.000  │
│  comfort_violations           93.833    offroad_per_agent             0.038  │
│  collisions_per_agent          0.021    goals_sampled_this_ep…        1.000  │
│  goals_reached_this_ep…        0.926    speed_at_goal                12.584  │
╰──────────────────────────────────────────────────────────────────────────────╯

[0;0H╭──────────────────────────────────────────────────────────────────────────────╮
│  PufferLib 3.0          🐡    CPU: 5.0%    GPU:     DRAM: 0.2%        VRAM:  │
│                                            84.0%                      21.3%  │
│                                                                              │
│  Summary          Value    Evaluate   4m 6s  27%    Losses            Value  │
│  Env       puffer_drive      Forwa…      6s   4%    behavior_pred…    0.013  │
│  Params          747.3K      Env         4s   1%    behavior_pred…    0.274  │
│  Steps           131.6M      Copy       30s  21%    policy_loss       0.007  │
│  SPS             195.7K      Misc    3m 25s   0%    value_loss        0.004  │
│  Epoch              251    Train     1m 41s  72%    entropy           4.070  │
│  Uptime          23m 5s      Forwa…     35s  25%    old_approx_kl     0.013  │
│  Remaini…     2h 39m 5s      Learn      58s  42%    approx_kl         0.009  │
│                              Copy        0s   0%    clipfrac          0.110  │
│                              Misc        5s   4%    importance        0.996  │
│                                                     explained_var…    0.977  │
│                                                                              │
│  User Stats                    Value    User Stats                    Value  │
│  n                          1033.000    score                         0.915  │
│  offroad_rate                  0.045    collision_rate                0.019  │
│  episode_length               61.020    episode_return                0.863  │
│  dnf_rate                      0.021    completion_rate               0.915  │
│  lane_alignment_rate           0.547    lane_aligned_steps           19.861  │
│  lane_distance_count          35.641    speed_limit_rate              0.378  │
│  lane_distance_avg             0.982    velocity_reward_total         0.000  │
│  comfort_violations           92.122    offroad_per_agent             0.045  │
│  collisions_per_agent          0.019    goals_sampled_this_ep…        1.000  │
│  goals_reached_this_ep…        0.915    speed_at_goal                12.396  │
╰──────────────────────────────────────────────────────────────────────────────╯

[0;0H╭──────────────────────────────────────────────────────────────────────────────╮
│  PufferLib 3.0         🐡     CPU: 4.8%    GPU:     DRAM: 0.2%        VRAM:  │
│                                            84.5%                      21.3%  │
│                                                                              │
│  Summary          Value    Evaluate   4m 6s  27%    Losses            Value  │
│  Env       puffer_drive      Forwa…      6s   4%    behavior_pred…    0.012  │
│  Params          747.3K      Env         4s   1%    behavior_pred…    0.285  │
│  Steps           132.1M      Copy       30s  21%    policy_loss       0.006  │
│  SPS             196.0K      Misc    3m 25s   0%    value_loss        0.003  │
│  Epoch              252    Train     1m 41s  72%    entropy           4.070  │
│  Uptime          23m 8s      Forwa…     35s  25%    old_approx_kl     0.010  │
│  Remaini…    2h 38m 47s      Learn      58s  42%    approx_kl         0.007  │
│                              Copy        0s   0%    clipfrac          0.079  │
│                              Misc        5s   4%    importance        0.998  │
│                                                     explained_var…    0.980  │
│                                                                              │
│  User Stats                    Value    User Stats                    Value  │
│  n                          1037.273    score                         0.916  │
│  offroad_rate                  0.045    collision_rate                0.019  │
│  episode_length               63.124    episode_return                0.860  │
│  dnf_rate                      0.020    completion_rate               0.916  │
│  lane_alignment_rate           0.560    lane_aligned_steps           19.864  │
│  lane_distance_count          36.043    speed_limit_rate              0.394  │
│  lane_distance_avg             1.020    velocity_reward_total         0.000  │
│  comfort_violations           93.178    offroad_per_agent             0.045  │
│  collisions_per_agent          0.019    goals_sampled_this_ep…        1.000  │
│  goals_reached_this_ep…        0.916    speed_at_goal                12.539  │
╰──────────────────────────────────────────────────────────────────────────────╯

[0;0H╭──────────────────────────────────────────────────────────────────────────────╮
│  PufferLib 3.0        🐡      CPU: 5.2%    GPU:     DRAM: 0.2%        VRAM:  │
│                                            84.5%                      21.3%  │
│                                                                              │
│  Summary          Value    Evaluate   4m 6s  27%    Losses            Value  │
│  Env       puffer_drive      Forwa…      6s   4%    behavior_pred…    0.012  │
│  Params          747.3K      Env         4s   1%    behavior_pred…    0.272  │
│  Steps           132.6M      Copy       30s  21%    policy_loss       0.007  │
│  SPS             196.1K      Misc    3m 25s   0%    value_loss        0.003  │
│  Epoch              253    Train     1m 41s  72%    entropy           4.062  │
│  Uptime         23m 10s      Forwa…     35s  25%    old_approx_kl     0.011  │
│  Remaini…    2h 38m 43s      Learn      58s  42%    approx_kl         0.007  │
│                              Copy        0s   0%    clipfrac          0.080  │
│                              Misc        5s   4%    importance        0.996  │
│                                                     explained_var…    0.980  │
│                                                                              │
│  User Stats                    Value    User Stats                    Value  │
│  n                          1039.600    score                         0.929  │
│  offroad_rate                  0.038    collision_rate                0.017  │
│  episode_length               62.443    episode_return                0.883  │
│  dnf_rate                      0.016    completion_rate               0.929  │
│  lane_alignment_rate           0.555    lane_aligned_steps           20.592  │
│  lane_distance_count          36.416    speed_limit_rate              0.394  │
│  lane_distance_avg             0.968    velocity_reward_total         0.000  │
│  comfort_violations           94.178    offroad_per_agent             0.038  │
│  collisions_per_agent          0.017    goals_sampled_this_ep…        1.000  │
│  goals_reached_this_ep…        0.929    speed_at_goal                12.711  │
╰──────────────────────────────────────────────────────────────────────────────╯

[0;0H╭──────────────────────────────────────────────────────────────────────────────╮
│  PufferLib 3.0       🐡       CPU: 5.0%    GPU:     DRAM: 0.2%        VRAM:  │
│                                            84.9%                      21.3%  │
│                                                                              │
│  Summary          Value    Evaluate   4m 6s  27%    Losses            Value  │
│  Env       puffer_drive      Forwa…      6s   4%    behavior_pred…    0.013  │
│  Params          747.3K      Env         4s   1%    behavior_pred…    0.278  │
│  Steps           133.2M      Copy       30s  21%    policy_loss       0.008  │
│  SPS             196.4K      Misc    3m 25s   0%    value_loss        0.004  │
│  Epoch              254    Train     1m 41s  72%    entropy           4.072  │
│  Uptime         23m 13s      Forwa…     35s  25%    old_approx_kl     0.012  │
│  Remaini…    2h 38m 26s      Learn      58s  42%    approx_kl         0.008  │
│                              Copy        0s   0%    clipfrac          0.090  │
│                              Misc        5s   4%    importance        0.997  │
│                                                     explained_var…    0.981  │
│                                                                              │
│  User Stats                    Value    User Stats                    Value  │
│  n                          1039.091    score                         0.923  │
│  offroad_rate                  0.040    collision_rate                0.019  │
│  episode_length               63.234    episode_return                0.871  │
│  dnf_rate                      0.018    completion_rate               0.923  │
│  lane_alignment_rate           0.546    lane_aligned_steps           19.838  │
│  lane_distance_count          36.423    speed_limit_rate              0.398  │
│  lane_distance_avg             0.998    velocity_reward_total         0.000  │
│  comfort_violations           94.377    offroad_per_agent             0.040  │
│  collisions_per_agent          0.019    goals_sampled_this_ep…        1.000  │
│  goals_reached_this_ep…        0.923    speed_at_goal                12.700  │
╰──────────────────────────────────────────────────────────────────────────────╯

[0;0H╭──────────────────────────────────────────────────────────────────────────────╮
│  PufferLib 3.0      🐡        CPU: 4.9%    GPU:     DRAM: 0.2%        VRAM:  │
│                                            85.1%                      21.3%  │
│                                                                              │
│  Summary          Value    Evaluate   4m 6s  27%    Losses            Value  │
│  Env       puffer_drive      Forwa…      6s   4%    behavior_pred…    0.012  │
│  Params          747.3K      Env         4s   1%    behavior_pred…    0.278  │
│  Steps           133.7M      Copy       30s  21%    policy_loss       0.006  │
│  SPS             196.3K      Misc    3m 25s   0%    value_loss        0.003  │
│  Epoch              255    Train     1m 41s  72%    entropy           4.069  │
│  Uptime         23m 16s      Forwa…     35s  25%    old_approx_kl     0.010  │
│  Remaini…    2h 38m 25s      Learn      58s  42%    approx_kl         0.007  │
│                              Copy        0s   0%    clipfrac          0.084  │
│                              Misc        5s   4%    importance        0.998  │
│                                                     explained_var…    0.984  │
│                                                                              │
│  User Stats                    Value    User Stats                    Value  │
│  n                          1043.600    score                         0.918  │
│  offroad_rate                  0.041    collision_rate                0.017  │
│  episode_length               62.596    episode_return                0.869  │
│  dnf_rate                      0.025    completion_rate               0.918  │
│  lane_alignment_rate           0.571    lane_aligned_steps           20.350  │
│  lane_distance_count          36.365    speed_limit_rate              0.379  │
│  lane_distance_avg             0.990    velocity_reward_total         0.000  │
│  comfort_violations           94.040    offroad_per_agent             0.041  │
│  collisions_per_agent          0.017    goals_sampled_this_ep…        1.000  │
│  goals_reached_this_ep…        0.918    speed_at_goal                12.394  │
╰──────────────────────────────────────────────────────────────────────────────╯

[0;0H╭──────────────────────────────────────────────────────────────────────────────╮
│  PufferLib 3.0     🐡         CPU: 5.2%    GPU:     DRAM: 0.2%        VRAM:  │
│                                            85.1%                      21.3%  │
│                                                                              │
│  Summary          Value    Evaluate   4m 7s  27%    Losses            Value  │
│  Env       puffer_drive      Forwa…      6s   4%    behavior_pred…    0.012  │
│  Params          747.3K      Env         4s   1%    behavior_pred…    0.273  │
│  Steps           134.2M      Copy       31s  21%    policy_loss       0.006  │
│  SPS             196.0K      Misc    3m 25s   0%    value_loss        0.003  │
│  Epoch              256    Train     1m 43s  72%    entropy           4.086  │
│  Uptime         23m 19s      Forwa…     36s  25%    old_approx_kl     0.010  │
│  Remaini…    2h 38m 38s      Learn    1m 0s  42%    approx_kl         0.007  │
│                              Copy        0s   0%    clipfrac          0.090  │
│                              Misc        6s   4%    importance        0.998  │
│                                                     explained_var…    0.986  │
│                                                                              │
│  User Stats                    Value    User Stats                    Value  │
│  n                          1032.000    score                         0.926  │
│  offroad_rate                  0.037    collision_rate                0.021  │
│  episode_length               62.014    episode_return                0.873  │
│  dnf_rate                      0.016    completion_rate               0.926  │
│  lane_alignment_rate           0.556    lane_aligned_steps           19.514  │
│  lane_distance_count          35.867    speed_limit_rate              0.386  │
│  lane_distance_avg             0.996    velocity_reward_total         0.000  │
│  comfort_violations           92.901    offroad_per_agent             0.037  │
│  collisions_per_agent          0.021    goals_sampled_this_ep…        1.000  │
│  goals_reached_this_ep…        0.926    speed_at_goal                12.576  │
╰──────────────────────────────────────────────────────────────────────────────╯

[0;0H╭──────────────────────────────────────────────────────────────────────────────╮
│  PufferLib 3.0    🐡          CPU: 5.3%    GPU:     DRAM: 0.2%        VRAM:  │
│                                            78.4%                      21.3%  │
│                                                                              │
│  Summary          Value    Evaluate   4m 7s  27%    Losses            Value  │
│  Env       puffer_drive      Forwa…      6s   4%    behavior_pred…    0.013  │
│  Params          747.3K      Env         4s   1%    behavior_pred…    0.371  │
│  Steps           134.7M      Copy       31s  21%    policy_loss       0.010  │
│  SPS             119.9K      Misc    3m 25s   0%    value_loss        0.003  │
│  Epoch              257    Train     1m 43s  72%    entropy           4.080  │
│  Uptime         23m 23s      Forwa…     36s  26%    old_approx_kl     0.009  │
│  Remaini…    4h 19m 17s      Learn    1m 0s  42%    approx_kl         0.006  │
│                              Copy        0s   0%    clipfrac          0.069  │
│                              Misc        6s   4%    importance        0.998  │
│                                                     explained_var…    0.968  │
│                                                                              │
│  User Stats                    Value    User Stats                    Value  │
│  n                          1034.333    score                         0.935  │
│  offroad_rate                  0.032    collision_rate                0.016  │
│  episode_length               63.790    episode_return                0.895  │
│  dnf_rate                      0.017    completion_rate               0.935  │
│  lane_alignment_rate           0.563    lane_aligned_steps           20.596  │
│  lane_distance_count          37.305    speed_limit_rate              0.400  │
│  lane_distance_avg             1.025    velocity_reward_total         0.000  │
│  comfort_violations           96.648    offroad_per_agent             0.032  │
│  collisions_per_agent          0.016    goals_sampled_this_ep…        1.000  │
│  goals_reached_this_ep…        0.935    speed_at_goal                12.913  │
╰──────────────────────────────────────────────────────────────────────────────╯

[0;0H╭──────────────────────────────────────────────────────────────────────────────╮
│  PufferLib 3.0   🐡           CPU: 5.3%    GPU:     DRAM: 0.2%        VRAM:  │
│                                            78.3%                      21.3%  │
│                                                                              │
│  Summary          Value    Evaluate   4m 7s  27%    Losses            Value  │
│  Env       puffer_drive      Forwa…      6s   4%    behavior_pred…    0.012  │
│  Params          747.3K      Env         4s   1%    behavior_pred…    0.234  │
│  Steps           135.3M      Copy       31s  21%    policy_loss       0.009  │
│  SPS             196.1K      Misc    3m 25s   0%    value_loss        0.004  │
│  Epoch              258    Train     1m 43s  72%    entropy           4.085  │
│  Uptime         23m 26s      Forwa…     36s  26%    old_approx_kl     0.010  │
│  Remaini…    2h 38m 30s      Learn    1m 0s  42%    approx_kl         0.007  │
│                              Copy        0s   0%    clipfrac          0.072  │
│                              Misc        6s   4%    importance        0.997  │
│                                                     explained_var…    0.981  │
│                                                                              │
│  User Stats                    Value    User Stats                    Value  │
│  n                          1034.333    score                         0.935  │
│  offroad_rate                  0.032    collision_rate                0.016  │
│  episode_length               63.790    episode_return                0.895  │
│  dnf_rate                      0.017    completion_rate               0.935  │
│  lane_alignment_rate           0.563    lane_aligned_steps           20.596  │
│  lane_distance_count          37.305    speed_limit_rate              0.400  │
│  lane_distance_avg             1.025    velocity_reward_total         0.000  │
│  comfort_violations           96.648    offroad_per_agent             0.032  │
│  collisions_per_agent          0.016    goals_sampled_this_ep…        1.000  │
│  goals_reached_this_ep…        0.935    speed_at_goal                12.913  │
╰──────────────────────────────────────────────────────────────────────────────╯

[0;0H╭──────────────────────────────────────────────────────────────────────────────╮
│  PufferLib 3.0  🐡            CPU: 5.4%    GPU:     DRAM: 0.2%        VRAM:  │
│                                            78.5%                      21.3%  │
│                                                                              │
│  Summary          Value    Evaluate   4m 7s  27%    Losses            Value  │
│  Env       puffer_drive      Forwa…      6s   4%    behavior_pred…    0.012  │
│  Params          747.3K      Env         4s   1%    behavior_pred…    0.288  │
│  Steps           135.8M      Copy       31s  21%    policy_loss       0.008  │
│  SPS             196.4K      Misc    3m 25s   0%    value_loss        0.003  │
│  Epoch              259    Train     1m 43s  72%    entropy           4.079  │
│  Uptime         23m 28s      Forwa…     36s  26%    old_approx_kl     0.009  │
│  Remaini…    2h 38m 12s      Learn    1m 0s  42%    approx_kl         0.006  │
│                              Copy        0s   0%    clipfrac          0.065  │
│                              Misc        6s   4%    importance        0.998  │
│                                                     explained_var…    0.982  │
│                                                                              │
│  User Stats                    Value    User Stats                    Value  │
│  n                          1035.000    score                         0.942  │
│  offroad_rate                  0.034    collision_rate                0.017  │
│  episode_length               57.892    episode_return                0.896  │
│  dnf_rate                      0.007    completion_rate               0.942  │
│  lane_alignment_rate           0.550    lane_aligned_steps           20.280  │
│  lane_distance_count          36.034    speed_limit_rate              0.386  │
│  lane_distance_avg             0.961    velocity_reward_total         0.000  │
│  comfort_violations           93.643    offroad_per_agent             0.034  │
│  collisions_per_agent          0.017    goals_sampled_this_ep…        1.000  │
│  goals_reached_this_ep…        0.942    speed_at_goal                12.976  │
╰──────────────────────────────────────────────────────────────────────────────╯

[0;0H╭──────────────────────────────────────────────────────────────────────────────╮
│  PufferLib 3.0 🐡             CPU: 5.3%    GPU:     DRAM: 0.2%        VRAM:  │
│                                            78.0%                      21.3%  │
│                                                                              │
│  Summary          Value    Evaluate   4m 7s  27%    Losses            Value  │
│  Env       puffer_drive      Forwa…      6s   4%    behavior_pred…    0.012  │
│  Params          747.3K      Env         4s   1%    behavior_pred…    0.294  │
│  Steps           136.3M      Copy       31s  21%    policy_loss       0.009  │
│  SPS             195.4K      Misc    3m 25s   0%    value_loss        0.003  │
│  Epoch              260    Train     1m 43s  72%    entropy           4.095  │
│  Uptime         23m 31s      Forwa…     36s  26%    old_approx_kl     0.009  │
│  Remaini…    2h 38m 56s      Learn    1m 0s  42%    approx_kl         0.006  │
│                              Copy        0s   0%    clipfrac          0.061  │
│                              Misc        6s   4%    importance        0.997  │
│                                                     explained_var…    0.978  │
│                                                                              │
│  User Stats                    Value    User Stats                    Value  │
│  n                          1104.333    score                         0.926  │
│  offroad_rate                  0.026    collision_rate                0.030  │
│  episode_length               64.625    episode_return                0.861  │
│  dnf_rate                      0.018    completion_rate               0.926  │
│  lane_alignment_rate           0.557    lane_aligned_steps           20.655  │
│  lane_distance_count          37.512    speed_limit_rate              0.404  │
│  lane_distance_avg             0.945    velocity_reward_total         0.000  │
│  comfort_violations           97.109    offroad_per_agent             0.026  │
│  collisions_per_agent          0.030    goals_sampled_this_ep…        1.000  │
│  goals_reached_this_ep…        0.926    speed_at_goal                12.999  │
╰──────────────────────────────────────────────────────────────────────────────╯

[0;0H╭──────────────────────────────────────────────────────────────────────────────╮
│  PufferLib 3.0          🐡    CPU: 5.2%    GPU:     DRAM: 0.2%        VRAM:  │
│                                            77.8%                      21.3%  │
│                                                                              │
│  Summary          Value    Evaluate   4m 8s  27%    Losses            Value  │
│  Env       puffer_drive      Forwa…      6s   4%    behavior_pred…    0.012  │
│  Params          747.3K      Env         4s   1%    behavior_pred…    0.274  │
│  Steps           136.8M      Copy       32s  21%    policy_loss       0.007  │
│  SPS             196.5K      Misc    3m 25s   0%    value_loss        0.003  │
│  Epoch              261    Train     1m 45s  72%    entropy           4.081  │
│  Uptime         23m 34s      Forwa…     37s  26%    old_approx_kl     0.009  │
│  Remaini…     2h 38m 3s      Learn    1m 1s  42%    approx_kl         0.006  │
│                              Copy        0s   0%    clipfrac          0.063  │
│                              Misc        6s   4%    importance        0.997  │
│                                                     explained_var…    0.983  │
│                                                                              │
│  User Stats                    Value    User Stats                    Value  │
│  n                          1104.333    score                         0.926  │
│  offroad_rate                  0.026    collision_rate                0.030  │
│  episode_length               64.625    episode_return                0.861  │
│  dnf_rate                      0.018    completion_rate               0.926  │
│  lane_alignment_rate           0.557    lane_aligned_steps           20.655  │
│  lane_distance_count          37.512    speed_limit_rate              0.404  │
│  lane_distance_avg             0.945    velocity_reward_total         0.000  │
│  comfort_violations           97.109    offroad_per_agent             0.026  │
│  collisions_per_agent          0.030    goals_sampled_this_ep…        1.000  │
│  goals_reached_this_ep…        0.926    speed_at_goal                12.999  │
╰──────────────────────────────────────────────────────────────────────────────╯

[0;0H╭──────────────────────────────────────────────────────────────────────────────╮
│  PufferLib 3.0         🐡     CPU: 5.4%    GPU:     DRAM: 0.2%        VRAM:  │
│                                            77.6%                      21.3%  │
│                                                                              │
│  Summary          Value    Evaluate   4m 8s  27%    Losses            Value  │
│  Env       puffer_drive      Forwa…      6s   3%    behavior_pred…    0.012  │
│  Params          747.3K      Env         4s   1%    behavior_pred…    0.261  │
│  Steps           137.4M      Copy       32s  21%    policy_loss       0.008  │
│  SPS             196.4K      Misc    3m 25s   0%    value_loss        0.003  │
│  Epoch              262    Train     1m 45s  72%    entropy           4.076  │
│  Uptime         23m 36s      Forwa…     37s  25%    old_approx_kl     0.010  │
│  Remaini…     2h 38m 5s      Learn    1m 1s  42%    approx_kl         0.007  │
│                              Copy        0s   0%    clipfrac          0.069  │
│                              Misc        6s   4%    importance        0.997  │
│                                                     explained_var…    0.981  │
│                                                                              │
│  User Stats                    Value    User Stats                    Value  │
│  n                          1040.188    score                         0.943  │
│  offroad_rate                  0.024    collision_rate                0.021  │
│  episode_length               60.204    episode_return                0.899  │
│  dnf_rate                      0.011    completion_rate               0.943  │
│  lane_alignment_rate           0.571    lane_aligned_steps           20.267  │
│  lane_distance_count          35.670    speed_limit_rate              0.344  │
│  lane_distance_avg             0.917    velocity_reward_total         0.000  │
│  comfort_violations           91.502    offroad_per_agent             0.024  │
│  collisions_per_agent          0.021    goals_sampled_this_ep…        1.000  │
│  goals_reached_this_ep…        0.943    speed_at_goal                12.290  │
╰──────────────────────────────────────────────────────────────────────────────╯

[0;0H╭──────────────────────────────────────────────────────────────────────────────╮
│  PufferLib 3.0        🐡      CPU: 5.3%    GPU:     DRAM: 0.2%        VRAM:  │
│                                            77.5%                      21.3%  │
│                                                                              │
│  Summary          Value    Evaluate   4m 8s  27%    Losses            Value  │
│  Env       puffer_drive      Forwa…      6s   3%    behavior_pred…    0.012  │
│  Params          747.3K      Env         4s   1%    behavior_pred…    0.278  │
│  Steps           137.9M      Copy       32s  21%    policy_loss       0.009  │
│  SPS             196.6K      Misc    3m 25s   0%    value_loss        0.003  │
│  Epoch              263    Train     1m 45s  72%    entropy           4.090  │
│  Uptime         23m 39s      Forwa…     37s  25%    old_approx_kl     0.011  │
│  Remaini…    2h 37m 53s      Learn    1m 1s  42%    approx_kl         0.008  │
│                              Copy        0s   0%    clipfrac          0.089  │
│                              Misc        6s   4%    importance        0.997  │
│                                                     explained_var…    0.982  │
│                                                                              │
│  User Stats                    Value    User Stats                    Value  │
│  n                          1040.188    score                         0.943  │
│  offroad_rate                  0.024    collision_rate                0.021  │
│  episode_length               60.204    episode_return                0.899  │
│  dnf_rate                      0.011    completion_rate               0.943  │
│  lane_alignment_rate           0.571    lane_aligned_steps           20.267  │
│  lane_distance_count          35.670    speed_limit_rate              0.344  │
│  lane_distance_avg             0.917    velocity_reward_total         0.000  │
│  comfort_violations           91.502    offroad_per_agent             0.024  │
│  collisions_per_agent          0.021    goals_sampled_this_ep…        1.000  │
│  goals_reached_this_ep…        0.943    speed_at_goal                12.290  │
╰──────────────────────────────────────────────────────────────────────────────╯

[0;0H╭──────────────────────────────────────────────────────────────────────────────╮
│  PufferLib 3.0       🐡       CPU: 4.9%    GPU:     DRAM: 0.2%        VRAM:  │
│                                            84.6%                      21.3%  │
│                                                                              │
│  Summary          Value    Evaluate   4m 8s  27%    Losses            Value  │
│  Env       puffer_drive      Forwa…      6s   3%    behavior_pred…    0.012  │
│  Params          747.3K      Env         4s   1%    behavior_pred…    0.276  │
│  Steps           138.4M      Copy       32s  21%    policy_loss       0.006  │
│  SPS             195.3K      Misc    3m 25s   0%    value_loss        0.002  │
│  Epoch              264    Train     1m 45s  72%    entropy           4.095  │
│  Uptime         23m 42s      Forwa…     37s  25%    old_approx_kl     0.008  │
│  Remaini…    2h 38m 53s      Learn    1m 1s  42%    approx_kl         0.006  │
│                              Copy        0s   0%    clipfrac          0.062  │
│                              Misc        6s   4%    importance        0.998  │
│                                                     explained_var…    0.986  │
│                                                                              │
│  User Stats                    Value    User Stats                    Value  │
│  n                          1042.625    score                         0.927  │
│  offroad_rate                  0.033    collision_rate                0.018  │
│  episode_length               63.658    episode_return                0.879  │
│  dnf_rate                      0.022    completion_rate               0.927  │
│  lane_alignment_rate           0.554    lane_aligned_steps           20.339  │
│  lane_distance_count          37.067    speed_limit_rate              0.383  │
│  lane_distance_avg             0.980    velocity_reward_total         0.000  │
│  comfort_violations           95.743    offroad_per_agent             0.033  │
│  collisions_per_agent          0.018    goals_sampled_this_ep…        1.000  │
│  goals_reached_this_ep…        0.927    speed_at_goal                12.689  │
╰──────────────────────────────────────────────────────────────────────────────╯

[0;0H╭──────────────────────────────────────────────────────────────────────────────╮
│  PufferLib 3.0      🐡        CPU: 5.1%    GPU:     DRAM: 0.2%        VRAM:  │
│                                            84.5%                      21.3%  │
│                                                                              │
│  Summary          Value    Evaluate   4m 8s  27%    Losses            Value  │
│  Env       puffer_drive      Forwa…      6s   3%    behavior_pred…    0.012  │
│  Params          747.3K      Env         4s   1%    behavior_pred…    0.281  │
│  Steps           138.9M      Copy       32s  21%    policy_loss       0.008  │
│  SPS             195.9K      Misc    3m 25s   0%    value_loss        0.003  │
│  Epoch              265    Train     1m 45s  72%    entropy           4.098  │
│  Uptime         23m 44s      Forwa…     37s  25%    old_approx_kl     0.008  │
│  Remaini…    2h 38m 19s      Learn    1m 1s  42%    approx_kl         0.006  │
│                              Copy        0s   0%    clipfrac          0.056  │
│                              Misc        6s   4%    importance        0.998  │
│                                                     explained_var…    0.982  │
│                                                                              │
│  User Stats                    Value    User Stats                    Value  │
│  n                          1042.000    score                         0.942  │
│  offroad_rate                  0.034    collision_rate                0.009  │
│  episode_length               62.289    episode_return                0.910  │
│  dnf_rate                      0.015    completion_rate               0.942  │
│  lane_alignment_rate           0.512    lane_aligned_steps           20.034  │
│  lane_distance_count          37.484    speed_limit_rate              0.429  │
│  lane_distance_avg             1.021    velocity_reward_total         0.000  │
│  comfort_violations           97.626    offroad_per_agent             0.034  │
│  collisions_per_agent          0.009    goals_sampled_this_ep…        1.000  │
│  goals_reached_this_ep…        0.942    speed_at_goal                13.595  │
╰──────────────────────────────────────────────────────────────────────────────╯

[0;0H╭──────────────────────────────────────────────────────────────────────────────╮
│  PufferLib 3.0     🐡         CPU: 4.9%    GPU:     DRAM: 0.2%        VRAM:  │
│                                            84.2%                      21.3%  │
│                                                                              │
│  Summary          Value    Evaluate   4m 9s  27%    Losses            Value  │
│  Env       puffer_drive      Forwa…      6s   3%    behavior_pred…    0.012  │
│  Params          747.3K      Env         4s   1%    behavior_pred…    0.284  │
│  Steps           139.5M      Copy       32s  21%    policy_loss       0.007  │
│  SPS             196.2K      Misc    3m 25s   0%    value_loss        0.003  │
│  Epoch              266    Train     1m 47s  72%    entropy           4.098  │
│  Uptime         23m 47s      Forwa…     37s  25%    old_approx_kl     0.009  │
│  Remaini…     2h 38m 1s      Learn    1m 2s  42%    approx_kl         0.006  │
│                              Copy        0s   0%    clipfrac          0.065  │
│                              Misc        6s   4%    importance        0.997  │
│                                                     explained_var…    0.982  │
│                                                                              │
│  User Stats                    Value    User Stats                    Value  │
│  n                          1034.538    score                         0.933  │
│  offroad_rate                  0.028    collision_rate                0.019  │
│  episode_length               65.089    episode_return                0.887  │
│  dnf_rate                      0.020    completion_rate               0.933  │
│  lane_alignment_rate           0.558    lane_aligned_steps           20.813  │
│  lane_distance_count          37.862    speed_limit_rate              0.398  │
│  lane_distance_avg             0.969    velocity_reward_total         0.000  │
│  comfort_violations           97.996    offroad_per_agent             0.028  │
│  collisions_per_agent          0.019    goals_sampled_this_ep…        1.000  │
│  goals_reached_this_ep…        0.933    speed_at_goal                13.022  │
╰──────────────────────────────────────────────────────────────────────────────╯

[0;0H╭──────────────────────────────────────────────────────────────────────────────╮
│  PufferLib 3.0    🐡          CPU: 4.8%    GPU:     DRAM: 0.2%        VRAM:  │
│                                            84.7%                      21.3%  │
│                                                                              │
│  Summary          Value    Evaluate   4m 9s  27%    Losses            Value  │
│  Env       puffer_drive      Forwa…      6s   4%    behavior_pred…    0.012  │
│  Params          747.3K      Env         4s   1%    behavior_pred…    0.268  │
│  Steps           140.0M      Copy       32s  21%    policy_loss       0.008  │
│  SPS             196.3K      Misc    3m 25s   0%    value_loss        0.003  │
│  Epoch              267    Train     1m 47s  72%    entropy           4.089  │
│  Uptime         23m 50s      Forwa…     37s  25%    old_approx_kl     0.010  │
│  Remaini…    2h 37m 56s      Learn    1m 2s  42%    approx_kl         0.007  │
│                              Copy        0s   0%    clipfrac          0.066  │
│                              Misc        6s   4%    importance        0.997  │
│                                                     explained_var…    0.982  │
│                                                                              │
│  User Stats                    Value    User Stats                    Value  │
│  n                          1027.667    score                         0.940  │
│  offroad_rate                  0.025    collision_rate                0.016  │
│  episode_length               64.164    episode_return                0.902  │
│  dnf_rate                      0.019    completion_rate               0.940  │
│  lane_alignment_rate           0.554    lane_aligned_steps           20.886  │
│  lane_distance_count          37.802    speed_limit_rate              0.381  │
│  lane_distance_avg             0.979    velocity_reward_total         0.000  │
│  comfort_violations           97.429    offroad_per_agent             0.025  │
│  collisions_per_agent          0.016    goals_sampled_this_ep…        1.000  │
│  goals_reached_this_ep…        0.940    speed_at_goal                12.862  │
╰──────────────────────────────────────────────────────────────────────────────╯

[0;0H╭──────────────────────────────────────────────────────────────────────────────╮
│  PufferLib 3.0   🐡           CPU: 5.1%    GPU:     DRAM: 0.2%        VRAM:  │
│                                            84.5%                      21.3%  │
│                                                                              │
│  Summary          Value    Evaluate   4m 9s  27%    Losses            Value  │
│  Env       puffer_drive      Forwa…      6s   4%    behavior_pred…    0.012  │
│  Params          747.3K      Env         4s   1%    behavior_pred…    0.271  │
│  Steps           140.5M      Copy       32s  21%    policy_loss       0.007  │
│  SPS             196.8K      Misc    3m 25s   0%    value_loss        0.003  │
│  Epoch              268    Train     1m 47s  72%    entropy           4.087  │
│  Uptime         23m 52s      Forwa…     37s  25%    old_approx_kl     0.008  │
│  Remaini…    2h 37m 29s      Learn    1m 2s  42%    approx_kl         0.006  │
│                              Copy        0s   0%    clipfrac          0.052  │
│                              Misc        6s   4%    importance        0.998  │
│                                                     explained_var…    0.983  │
│                                                                              │
│  User Stats                    Value    User Stats                    Value  │
│  n                          1036.077    score                         0.939  │
│  offroad_rate                  0.020    collision_rate                0.024  │
│  episode_length               64.510    episode_return                0.885  │
│  dnf_rate                      0.017    completion_rate               0.939  │
│  lane_alignment_rate           0.559    lane_aligned_steps           21.040  │
│  lane_distance_count          37.806    speed_limit_rate              0.390  │
│  lane_distance_avg             0.933    velocity_reward_total         0.000  │
│  comfort_violations           97.573    offroad_per_agent             0.020  │
│  collisions_per_agent          0.024    goals_sampled_this_ep…        1.000  │
│  goals_reached_this_ep…        0.939    speed_at_goal                12.944  │
╰──────────────────────────────────────────────────────────────────────────────╯

[0;0H╭──────────────────────────────────────────────────────────────────────────────╮
│  PufferLib 3.0  🐡            CPU: 4.9%    GPU:     DRAM: 0.2%        VRAM:  │
│                                            84.8%                      21.3%  │
│                                                                              │
│  Summary          Value    Evaluate   4m 9s  27%    Losses            Value  │
│  Env       puffer_drive      Forwa…      6s   4%    behavior_pred…    0.012  │
│  Params          747.3K      Env         4s   1%    behavior_pred…    0.277  │
│  Steps           141.0M      Copy       32s  21%    policy_loss       0.008  │
│  SPS             196.8K      Misc    3m 25s   0%    value_loss        0.003  │
│  Epoch              269    Train     1m 47s  72%    entropy           4.089  │
│  Uptime         23m 55s      Forwa…     37s  25%    old_approx_kl     0.010  │
│  Remaini…    2h 37m 25s      Learn    1m 2s  42%    approx_kl         0.007  │
│                              Copy        0s   0%    clipfrac          0.064  │
│                              Misc        6s   4%    importance        0.997  │
│                                                     explained_var…    0.982  │
│                                                                              │
│  User Stats                    Value    User Stats                    Value  │
│  n                          1034.333    score                         0.927  │
│  offroad_rate                  0.027    collision_rate                0.025  │
│  episode_length               65.927    episode_return                0.869  │
│  dnf_rate                      0.021    completion_rate               0.927  │
│  lane_alignment_rate           0.543    lane_aligned_steps           20.937  │
│  lane_distance_count          39.253    speed_limit_rate              0.442  │
│  lane_distance_avg             0.972    velocity_reward_total         0.000  │
│  comfort_violations          101.859    offroad_per_agent             0.027  │
│  collisions_per_agent          0.025    goals_sampled_this_ep…        1.000  │
│  goals_reached_this_ep…        0.927    speed_at_goal                13.526  │
╰──────────────────────────────────────────────────────────────────────────────╯

[0;0H╭──────────────────────────────────────────────────────────────────────────────╮
│  PufferLib 3.0 🐡             CPU: 4.9%    GPU:     DRAM: 0.2%        VRAM:  │
│                                            84.8%                      21.3%  │
│                                                                              │
│  Summary          Value    Evaluate   4m 9s  27%    Losses            Value  │
│  Env       puffer_drive      Forwa…      6s   4%    behavior_pred…    0.012  │
│  Params          747.3K      Env         4s   1%    behavior_pred…    0.269  │
│  Steps           141.6M      Copy       32s  21%    policy_loss       0.006  │
│  SPS             196.6K      Misc    3m 25s   0%    value_loss        0.003  │
│  Epoch              270    Train     1m 47s  72%    entropy           4.084  │
│  Uptime         23m 58s      Forwa…     37s  25%    old_approx_kl     0.008  │
│  Remaini…    2h 37m 33s      Learn    1m 2s  42%    approx_kl         0.006  │
│                              Copy        0s   0%    clipfrac          0.060  │
│                              Misc        6s   4%    importance        0.998  │
│                                                     explained_var…    0.984  │
│                                                                              │
│  User Stats                    Value    User Stats                    Value  │
│  n                          1043.800    score                         0.941  │
│  offroad_rate                  0.022    collision_rate                0.019  │
│  episode_length               62.283    episode_return                0.897  │
│  dnf_rate                      0.018    completion_rate               0.941  │
│  lane_alignment_rate           0.566    lane_aligned_steps           20.224  │
│  lane_distance_count          36.573    speed_limit_rate              0.376  │
│  lane_distance_avg             0.973    velocity_reward_total         0.000  │
│  comfort_violations           94.193    offroad_per_agent             0.022  │
│  collisions_per_agent          0.019    goals_sampled_this_ep…        1.000  │
│  goals_reached_this_ep…        0.941    speed_at_goal                12.670  │
╰──────────────────────────────────────────────────────────────────────────────╯

[0;0H╭──────────────────────────────────────────────────────────────────────────────╮
│  PufferLib 3.0          🐡    CPU: 5.1%    GPU:     DRAM: 0.2%        VRAM:  │
│                                            85.0%                      21.3%  │
│                                                                              │
│  Summary          Value    Evaluate   4m 9s  27%    Losses            Value  │
│  Env       puffer_drive      Forwa…      6s   4%    behavior_pred…    0.012  │
│  Params          747.3K      Env         4s   1%    behavior_pred…    0.293  │
│  Steps           142.1M      Copy       33s  21%    policy_loss       0.008  │
│  SPS             196.6K      Misc    3m 25s   0%    value_loss        0.003  │
│  Epoch              271    Train     1m 49s  72%    entropy           4.086  │
│  Uptime          24m 0s      Forwa…     38s  25%    old_approx_kl     0.009  │
│  Remaini…    2h 37m 30s      Learn    1m 3s  42%    approx_kl         0.006  │
│                              Copy        0s   0%    clipfrac          0.060  │
│                              Misc        6s   4%    importance        0.997  │
│                                                     explained_var…    0.980  │
│                                                                              │
│  User Stats                    Value    User Stats                    Value  │
│  n                          1036.333    score                         0.937  │
│  offroad_rate                  0.026    collision_rate                0.022  │
│  episode_length               63.705    episode_return                0.887  │
│  dnf_rate                      0.015    completion_rate               0.937  │
│  lane_alignment_rate           0.560    lane_aligned_steps           20.647  │
│  lane_distance_count          37.701    speed_limit_rate              0.399  │
│  lane_distance_avg             0.914    velocity_reward_total         0.000  │
│  comfort_violations           97.702    offroad_per_agent             0.026  │
│  collisions_per_agent          0.022    goals_sampled_this_ep…        1.000  │
│  goals_reached_this_ep…        0.937    speed_at_goal                12.998  │
╰──────────────────────────────────────────────────────────────────────────────╯

[0;0H╭──────────────────────────────────────────────────────────────────────────────╮
│  PufferLib 3.0         🐡     CPU: 5.0%    GPU:     DRAM: 0.2%        VRAM:  │
│                                            84.7%                      21.3%  │
│                                                                              │
│  Summary          Value    Evaluate   4m 9s  27%    Losses            Value  │
│  Env       puffer_drive      Forwa…      6s   3%    behavior_pred…    0.012  │
│  Params          747.3K      Env         4s   1%    behavior_pred…    0.268  │
│  Steps           142.6M      Copy       33s  22%    policy_loss       0.007  │
│  SPS             196.7K      Misc    3m 25s   0%    value_loss        0.003  │
│  Epoch              272    Train     1m 49s  72%    entropy           4.077  │
│  Uptime          24m 3s      Forwa…     38s  25%    old_approx_kl     0.008  │
│  Remaini…    2h 37m 22s      Learn    1m 3s  42%    approx_kl         0.006  │
│                              Copy        0s   0%    clipfrac          0.052  │
│                              Misc        6s   3%    importance        0.998  │
│                                                     explained_var…    0.984  │
│                                                                              │
│  User Stats                    Value    User Stats                    Value  │
│  n                          1037.889    score                         0.936  │
│  offroad_rate                  0.025    collision_rate                0.020  │
│  episode_length               62.550    episode_return                0.890  │
│  dnf_rate                      0.020    completion_rate               0.936  │
│  lane_alignment_rate           0.564    lane_aligned_steps           20.221  │
│  lane_distance_count          36.449    speed_limit_rate              0.382  │
│  lane_distance_avg             0.973    velocity_reward_total         0.000  │
│  comfort_violations           94.016    offroad_per_agent             0.025  │
│  collisions_per_agent          0.020    goals_sampled_this_ep…        1.000  │
│  goals_reached_this_ep…        0.936    speed_at_goal                12.719  │
╰──────────────────────────────────────────────────────────────────────────────╯

[0;0H╭──────────────────────────────────────────────────────────────────────────────╮
│  PufferLib 3.0        🐡      CPU: 4.8%    GPU:     DRAM: 0.2%        VRAM:  │
│                                            85.0%                      21.3%  │
│                                                                              │
│  Summary          Value    Evaluate   4m 9s  27%    Losses            Value  │
│  Env       puffer_drive      Forwa…      6s   3%    behavior_pred…    0.012  │
│  Params          747.3K      Env         4s   1%    behavior_pred…    0.281  │
│  Steps           143.1M      Copy       33s  22%    policy_loss       0.007  │
│  SPS             195.9K      Misc    3m 25s   0%    value_loss        0.003  │
│  Epoch              273    Train     1m 49s  72%    entropy           4.075  │
│  Uptime          24m 6s      Forwa…     38s  25%    old_approx_kl     0.008  │
│  Remaini…    2h 37m 58s      Learn    1m 3s  42%    approx_kl         0.006  │
│                              Copy        0s   0%    clipfrac          0.049  │
│                              Misc        6s   3%    importance        0.997  │
│                                                     explained_var…    0.983  │
│                                                                              │
│  User Stats                    Value    User Stats                    Value  │
│  n                          1038.857    score                         0.939  │
│  offroad_rate                  0.022    collision_rate                0.019  │
│  episode_length               63.621    episode_return                0.897  │
│  dnf_rate                      0.020    completion_rate               0.939  │
│  lane_alignment_rate           0.556    lane_aligned_steps           20.482  │
│  lane_distance_count          37.451    speed_limit_rate              0.400  │
│  lane_distance_avg             0.965    velocity_reward_total         0.000  │
│  comfort_violations           96.969    offroad_per_agent             0.022  │
│  collisions_per_agent          0.019    goals_sampled_this_ep…        1.000  │
│  goals_reached_this_ep…        0.939    speed_at_goal                13.076  │
╰──────────────────────────────────────────────────────────────────────────────╯

[0;0H╭──────────────────────────────────────────────────────────────────────────────╮
│  PufferLib 3.0       🐡       CPU: 5.1%    GPU:     DRAM: 0.2%        VRAM:  │
│                                            85.0%                      21.3%  │
│                                                                              │
│  Summary          Value    Evaluate   4m 9s  27%    Losses            Value  │
│  Env       puffer_drive      Forwa…      6s   3%    behavior_pred…    0.013  │
│  Params          747.3K      Env         4s   1%    behavior_pred…    0.288  │
│  Steps           143.7M      Copy       33s  22%    policy_loss       0.008  │
│  SPS             196.7K      Misc    3m 25s   0%    value_loss        0.003  │
│  Epoch              274    Train     1m 49s  72%    entropy           4.089  │
│  Uptime          24m 9s      Forwa…     38s  25%    old_approx_kl     0.009  │
│  Remaini…    2h 37m 15s      Learn    1m 3s  42%    approx_kl         0.006  │
│                              Copy        0s   0%    clipfrac          0.054  │
│                              Misc        6s   3%    importance        0.997  │
│                                                     explained_var…    0.981  │
│                                                                              │
│  User Stats                    Value    User Stats                    Value  │
│  n                          1040.444    score                         0.936  │
│  offroad_rate                  0.026    collision_rate                0.020  │
│  episode_length               63.863    episode_return                0.888  │
│  dnf_rate                      0.018    completion_rate               0.936  │
│  lane_alignment_rate           0.555    lane_aligned_steps           20.547  │
│  lane_distance_count          37.381    speed_limit_rate              0.412  │
│  lane_distance_avg             0.971    velocity_reward_total         0.000  │
│  comfort_violations           96.945    offroad_per_agent             0.026  │
│  collisions_per_agent          0.020    goals_sampled_this_ep…        1.000  │
│  goals_reached_this_ep…        0.936    speed_at_goal                13.174  │
╰──────────────────────────────────────────────────────────────────────────────╯

[0;0H╭──────────────────────────────────────────────────────────────────────────────╮
│  PufferLib 3.0      🐡        CPU: 5.0%    GPU:     DRAM: 0.2%        VRAM:  │
│                                            84.7%                      21.3%  │
│                                                                              │
│  Summary          Value    Evaluate   4m 9s  27%    Losses            Value  │
│  Env       puffer_drive      Forwa…      6s   3%    behavior_pred…    0.012  │
│  Params          747.3K      Env         4s   1%    behavior_pred…    0.263  │
│  Steps           144.2M      Copy       33s  22%    policy_loss       0.007  │
│  SPS             196.7K      Misc    3m 25s   0%    value_loss        0.003  │
│  Epoch              275    Train     1m 49s  72%    entropy           4.090  │
│  Uptime         24m 11s      Forwa…     38s  25%    old_approx_kl     0.009  │
│  Remaini…    2h 37m 16s      Learn    1m 3s  42%    approx_kl         0.006  │
│                              Copy        0s   0%    clipfrac          0.052  │
│                              Misc        6s   3%    importance        0.997  │
│                                                     explained_var…    0.980  │
│                                                                              │
│  User Stats                    Value    User Stats                    Value  │
│  n                          1032.857    score                         0.936  │
│  offroad_rate                  0.025    collision_rate                0.019  │
│  episode_length               65.398    episode_return                0.890  │
│  dnf_rate                      0.020    completion_rate               0.936  │
│  lane_alignment_rate           0.547    lane_aligned_steps           20.762  │
│  lane_distance_count          38.167    speed_limit_rate              0.421  │
│  lane_distance_avg             0.955    velocity_reward_total         0.000  │
│  comfort_violations           99.125    offroad_per_agent             0.025  │
│  collisions_per_agent          0.019    goals_sampled_this_ep…        1.000  │
│  goals_reached_this_ep…        0.936    speed_at_goal                13.290  │
╰──────────────────────────────────────────────────────────────────────────────╯

[0;0H╭──────────────────────────────────────────────────────────────────────────────╮
│  PufferLib 3.0     🐡         CPU: 4.9%    GPU:     DRAM: 0.2%        VRAM:  │
│                                            84.8%                      21.3%  │
│                                                                              │
│  Summary          Value    Evaluate  4m 10s  27%    Losses            Value  │
│  Env       puffer_drive      Forwa…      6s   3%    behavior_pred…    0.012  │
│  Params          747.3K      Env         4s   1%    behavior_pred…    0.266  │
│  Steps           144.7M      Copy       33s  22%    policy_loss       0.007  │
│  SPS             194.8K      Misc    3m 25s   0%    value_loss        0.003  │
│  Epoch              276    Train     1m 51s  72%    entropy           4.072  │
│  Uptime         24m 14s      Forwa…     39s  25%    old_approx_kl     0.009  │
│  Remaini…    2h 38m 44s      Learn    1m 4s  42%    approx_kl         0.006  │
│                              Copy        0s   0%    clipfrac          0.047  │
│                              Misc        6s   3%    importance        0.997  │
│                                                     explained_var…    0.981  │
│                                                                              │
│  User Stats                    Value    User Stats                    Value  │
│  n                          1040.556    score                         0.943  │
│  offroad_rate                  0.027    collision_rate                0.017  │
│  episode_length               61.276    episode_return                0.902  │
│  dnf_rate                      0.013    completion_rate               0.943  │
│  lane_alignment_rate           0.564    lane_aligned_steps           19.911  │
│  lane_distance_count          35.877    speed_limit_rate              0.367  │
│  lane_distance_avg             0.937    velocity_reward_total         0.000  │
│  comfort_violations           92.445    offroad_per_agent             0.027  │
│  collisions_per_agent          0.017    goals_sampled_this_ep…        1.000  │
│  goals_reached_this_ep…        0.943    speed_at_goal                12.622  │
╰──────────────────────────────────────────────────────────────────────────────╯

[0;0H╭──────────────────────────────────────────────────────────────────────────────╮
│  PufferLib 3.0    🐡          CPU: 5.2%    GPU:     DRAM: 0.2%        VRAM:  │
│                                            84.8%                      21.3%  │
│                                                                              │
│  Summary          Value    Evaluate  4m 10s  27%    Losses            Value  │
│  Env       puffer_drive      Forwa…      6s   3%    behavior_pred…    0.012  │
│  Params          747.3K      Env         4s   1%    behavior_pred…    0.281  │
│  Steps           145.2M      Copy       33s  21%    policy_loss       0.007  │
│  SPS             195.0K      Misc    3m 25s   0%    value_loss        0.003  │
│  Epoch              277    Train     1m 51s  72%    entropy           4.092  │
│  Uptime         24m 17s      Forwa…     39s  25%    old_approx_kl     0.010  │
│  Remaini…    2h 38m 32s      Learn    1m 4s  42%    approx_kl         0.006  │
│                              Copy        0s   0%    clipfrac          0.053  │
│                              Misc        6s   3%    importance        0.996  │
│                                                     explained_var…    0.983  │
│                                                                              │
│  User Stats                    Value    User Stats                    Value  │
│  n                          1036.000    score                         0.924  │
│  offroad_rate                  0.034    collision_rate                0.020  │
│  episode_length               65.773    episode_return                0.871  │
│  dnf_rate                      0.022    completion_rate               0.924  │
│  lane_alignment_rate           0.544    lane_aligned_steps           20.497  │
│  lane_distance_count          38.095    speed_limit_rate              0.430  │
│  lane_distance_avg             0.979    velocity_reward_total         0.000  │
│  comfort_violations           98.941    offroad_per_agent             0.034  │
│  collisions_per_agent          0.020    goals_sampled_this_ep…        1.000  │
│  goals_reached_this_ep…        0.924    speed_at_goal                13.321  │
╰──────────────────────────────────────────────────────────────────────────────╯

[0;0H╭──────────────────────────────────────────────────────────────────────────────╮
│  PufferLib 3.0   🐡           CPU: 5.0%    GPU:     DRAM: 0.2%        VRAM:  │
│                                            84.0%                      21.3%  │
│                                                                              │
│  Summary          Value    Evaluate  4m 10s  27%    Losses            Value  │
│  Env       puffer_drive      Forwa…      6s   3%    behavior_pred…    0.012  │
│  Params          747.3K      Env         4s   1%    behavior_pred…    0.266  │
│  Steps           145.8M      Copy       33s  21%    policy_loss       0.007  │
│  SPS             194.7K      Misc    3m 25s   0%    value_loss        0.003  │
│  Epoch              278    Train     1m 51s  72%    entropy           4.074  │
│  Uptime         24m 19s      Forwa…     39s  25%    old_approx_kl     0.010  │
│  Remaini…    2h 38m 42s      Learn    1m 4s  42%    approx_kl         0.006  │
│                              Copy        0s   0%    clipfrac          0.051  │
│                              Misc        6s   3%    importance        0.997  │
│                                                     explained_var…    0.980  │
│                                                                              │
│  User Stats                    Value    User Stats                    Value  │
│  n                          1039.111    score                         0.930  │
│  offroad_rate                  0.032    collision_rate                0.020  │
│  episode_length               62.424    episode_return                0.878  │
│  dnf_rate                      0.018    completion_rate               0.930  │
│  lane_alignment_rate           0.570    lane_aligned_steps           20.233  │
│  lane_distance_count          36.354    speed_limit_rate              0.382  │
│  lane_distance_avg             0.974    velocity_reward_total         0.000  │
│  comfort_violations           93.783    offroad_per_agent             0.032  │
│  collisions_per_agent          0.020    goals_sampled_this_ep…        1.000  │
│  goals_reached_this_ep…        0.930    speed_at_goal                12.666  │
╰──────────────────────────────────────────────────────────────────────────────╯

[0;0H╭──────────────────────────────────────────────────────────────────────────────╮
│  PufferLib 3.0  🐡            CPU: 4.8%    GPU:     DRAM: 0.2%        VRAM:  │
│                                            84.5%                      21.3%  │
│                                                                              │
│  Summary          Value    Evaluate  4m 10s  27%    Losses            Value  │
│  Env       puffer_drive      Forwa…      6s   3%    behavior_pred…    0.012  │
│  Params          747.3K      Env         4s   1%    behavior_pred…    0.263  │
│  Steps           146.3M      Copy       33s  21%    policy_loss       0.007  │
│  SPS             195.4K      Misc    3m 25s   0%    value_loss        0.003  │
│  Epoch              279    Train     1m 51s  72%    entropy           4.083  │
│  Uptime         24m 22s      Forwa…     39s  25%    old_approx_kl     0.009  │
│  Remaini…     2h 38m 8s      Learn    1m 4s  42%    approx_kl         0.006  │
│                              Copy        0s   0%    clipfrac          0.047  │
│                              Misc        6s   3%    importance        0.997  │
│                                                     explained_var…    0.981  │
│                                                                              │
│  User Stats                    Value    User Stats                    Value  │
│  n                          1037.571    score                         0.933  │
│  offroad_rate                  0.038    collision_rate                0.017  │
│  episode_length               63.522    episode_return                0.886  │
│  dnf_rate                      0.012    completion_rate               0.933  │
│  lane_alignment_rate           0.563    lane_aligned_steps           20.824  │
│  lane_distance_count          37.405    speed_limit_rate              0.407  │
│  lane_distance_avg             0.916    velocity_reward_total         0.000  │
│  comfort_violations           96.896    offroad_per_agent             0.038  │
│  collisions_per_agent          0.017    goals_sampled_this_ep…        1.000  │
│  goals_reached_this_ep…        0.933    speed_at_goal                13.026  │
╰──────────────────────────────────────────────────────────────────────────────╯

[0;0H╭──────────────────────────────────────────────────────────────────────────────╮
│  PufferLib 3.0 🐡             CPU: 5.2%    GPU:     DRAM: 0.2%        VRAM:  │
│                                            84.3%                      21.3%  │
│                                                                              │
│  Summary          Value    Evaluate  4m 10s  27%    Losses            Value  │
│  Env       puffer_drive      Forwa…      6s   3%    behavior_pred…    0.012  │
│  Params          747.3K      Env         4s   1%    behavior_pred…    0.272  │
│  Steps           146.8M      Copy       33s  21%    policy_loss       0.009  │
│  SPS             195.5K      Misc    3m 25s   0%    value_loss        0.003  │
│  Epoch              280    Train     1m 51s  72%    entropy           4.079  │
│  Uptime         24m 25s      Forwa…     39s  25%    old_approx_kl     0.010  │
│  Remaini…     2h 38m 0s      Learn    1m 4s  42%    approx_kl         0.006  │
│                              Copy        0s   0%    clipfrac          0.048  │
│                              Misc        6s   3%    importance        0.996  │
│                                                     explained_var…    0.977  │
│                                                                              │
│  User Stats                    Value    User Stats                    Value  │
│  n                          1035.000    score                         0.925  │
│  offroad_rate                  0.035    collision_rate                0.020  │
│  episode_length               63.276    episode_return                0.870  │
│  dnf_rate                      0.019    completion_rate               0.925  │
│  lane_alignment_rate           0.564    lane_aligned_steps           20.267  │
│  lane_distance_count          36.226    speed_limit_rate              0.386  │
│  lane_distance_avg             0.971    velocity_reward_total         0.000  │
│  comfort_violations           93.496    offroad_per_agent             0.035  │
│  collisions_per_agent          0.020    goals_sampled_this_ep…        1.000  │
│  goals_reached_this_ep…        0.925    speed_at_goal                12.644  │
╰──────────────────────────────────────────────────────────────────────────────╯

[0;0H╭──────────────────────────────────────────────────────────────────────────────╮
│  PufferLib 3.0          🐡    CPU: 5.0%    GPU:     DRAM: 0.2%        VRAM:  │
│                                            84.7%                      21.3%  │
│                                                                              │
│  Summary          Value    Evaluate  4m 11s  27%    Losses            Value  │
│  Env       puffer_drive      Forwa…      6s   3%    behavior_pred…    0.012  │
│  Params          747.3K      Env         4s   1%    behavior_pred…    0.261  │
│  Steps           147.3M      Copy       34s  21%    policy_loss       0.007  │
│  SPS             196.4K      Misc    3m 25s   0%    value_loss        0.003  │
│  Epoch              281    Train     1m 53s  72%    entropy           4.075  │
│  Uptime         24m 27s      Forwa…     40s  25%    old_approx_kl     0.010  │
│  Remaini…    2h 37m 11s      Learn    1m 5s  42%    approx_kl         0.006  │
│                              Copy        0s   0%    clipfrac          0.049  │
│                              Misc        6s   3%    importance        0.996  │
│                                                     explained_var…    0.979  │
│                                                                              │
│  User Stats                    Value    User Stats                    Value  │
│  n                          1039.000    score                         0.931  │
│  offroad_rate                  0.032    collision_rate                0.016  │
│  episode_length               64.131    episode_return                0.885  │
│  dnf_rate                      0.021    completion_rate               0.931  │
│  lane_alignment_rate           0.552    lane_aligned_steps           20.820  │
│  lane_distance_count          37.544    speed_limit_rate              0.398  │
│  lane_distance_avg             0.956    velocity_reward_total         0.000  │
│  comfort_violations           97.021    offroad_per_agent             0.032  │
│  collisions_per_agent          0.016    goals_sampled_this_ep…        1.000  │
│  goals_reached_this_ep…        0.931    speed_at_goal                12.977  │
╰──────────────────────────────────────────────────────────────────────────────╯

[0;0H╭──────────────────────────────────────────────────────────────────────────────╮
│  PufferLib 3.0         🐡     CPU: 4.9%    GPU:     DRAM: 0.2%        VRAM:  │
│                                            84.2%                      21.3%  │
│                                                                              │
│  Summary          Value    Evaluate  4m 11s  27%    Losses            Value  │
│  Env       puffer_drive      Forwa…      6s   3%    behavior_pred…    0.012  │
│  Params          747.3K      Env         4s   1%    behavior_pred…    0.268  │
│  Steps           147.8M      Copy       34s  22%    policy_loss       0.007  │
│  SPS             188.3K      Misc    3m 25s   0%    value_loss        0.003  │
│  Epoch              282    Train     1m 53s  72%    entropy           4.084  │
│  Uptime         24m 30s      Forwa…     40s  25%    old_approx_kl     0.007  │
│  Remaini…    2h 43m 56s      Learn    1m 5s  42%    approx_kl         0.005  │
│                              Copy        0s   0%    clipfrac          0.042  │
│                              Misc        6s   3%    importance        0.998  │
│                                                     explained_var…    0.985  │
│                                                                              │
│  User Stats                    Value    User Stats                    Value  │
│  n                          1039.200    score                         0.933  │
│  offroad_rate                  0.035    collision_rate                0.019  │
│  episode_length               61.135    episode_return                0.881  │
│  dnf_rate                      0.013    completion_rate               0.933  │
│  lane_alignment_rate           0.560    lane_aligned_steps           20.031  │
│  lane_distance_count          35.761    speed_limit_rate              0.381  │
│  lane_distance_avg             0.938    velocity_reward_total         0.000  │
│  comfort_violations           92.317    offroad_per_agent             0.035  │
│  collisions_per_agent          0.019    goals_sampled_this_ep…        1.000  │
│  goals_reached_this_ep…        0.933    speed_at_goal                12.677  │
╰──────────────────────────────────────────────────────────────────────────────╯

[0;0H╭──────────────────────────────────────────────────────────────────────────────╮
│  PufferLib 3.0        🐡      CPU: 4.9%    GPU:     DRAM: 0.2%        VRAM:  │
│                                            83.5%                      21.3%  │
│                                                                              │
│  Summary          Value    Evaluate  4m 11s  27%    Losses            Value  │
│  Env       puffer_drive      Forwa…      6s   3%    behavior_pred…    0.012  │
│  Params          747.3K      Env         4s   1%    behavior_pred…    0.283  │
│  Steps           148.4M      Copy       34s  22%    policy_loss       0.008  │
│  SPS             189.2K      Misc    3m 25s   0%    value_loss        0.003  │
│  Epoch              283    Train     1m 53s  72%    entropy           4.087  │
│  Uptime         24m 33s      Forwa…     40s  25%    old_approx_kl     0.008  │
│  Remaini…     2h 43m 7s      Learn    1m 5s  42%    approx_kl         0.005  │
│                              Copy        0s   0%    clipfrac          0.046  │
│                              Misc        6s   3%    importance        0.997  │
│                                                     explained_var…    0.982  │
│                                                                              │
│  User Stats                    Value    User Stats                    Value  │
│  n                          1031.500    score                         0.924  │
│  offroad_rate                  0.036    collision_rate                0.017  │
│  episode_length               66.414    episode_return                0.879  │
│  dnf_rate                      0.023    completion_rate               0.924  │
│  lane_alignment_rate           0.543    lane_aligned_steps           20.931  │
│  lane_distance_count          38.352    speed_limit_rate              0.425  │
│  lane_distance_avg             0.956    velocity_reward_total         0.000  │
│  comfort_violations           99.381    offroad_per_agent             0.036  │
│  collisions_per_agent          0.017    goals_sampled_this_ep…        1.000  │
│  goals_reached_this_ep…        0.924    speed_at_goal                13.213  │
╰──────────────────────────────────────────────────────────────────────────────╯

[0;0H╭──────────────────────────────────────────────────────────────────────────────╮
│  PufferLib 3.0       🐡       CPU: 4.9%    GPU:     DRAM: 0.2%        VRAM:  │
│                                            82.8%                      21.3%  │
│                                                                              │
│  Summary          Value    Evaluate  4m 11s  27%    Losses            Value  │
│  Env       puffer_drive      Forwa…      6s   3%    behavior_pred…    0.012  │
│  Params          747.3K      Env         4s   1%    behavior_pred…    0.265  │
│  Steps           148.9M      Copy       34s  22%    policy_loss       0.008  │
│  SPS             188.5K      Misc    3m 25s   0%    value_loss        0.003  │
│  Epoch              284    Train     1m 53s  72%    entropy           4.083  │
│  Uptime         24m 36s      Forwa…     40s  25%    old_approx_kl     0.008  │
│  Remaini…    2h 43m 41s      Learn    1m 5s  42%    approx_kl         0.006  │
│                              Copy        0s   0%    clipfrac          0.047  │
│                              Misc        6s   3%    importance        0.997  │
│                                                     explained_var…    0.984  │
│                                                                              │
│  User Stats                    Value    User Stats                    Value  │
│  n                          1032.900    score                         0.935  │
│  offroad_rate                  0.029    collision_rate                0.018  │
│  episode_length               62.247    episode_return                0.892  │
│  dnf_rate                      0.018    completion_rate               0.935  │
│  lane_alignment_rate           0.560    lane_aligned_steps           20.570  │
│  lane_distance_count          36.454    speed_limit_rate              0.385  │
│  lane_distance_avg             0.972    velocity_reward_total         0.000  │
│  comfort_violations           94.121    offroad_per_agent             0.029  │
│  collisions_per_agent          0.018    goals_sampled_this_ep…        1.000  │
│  goals_reached_this_ep…        0.935    speed_at_goal                12.800  │
╰──────────────────────────────────────────────────────────────────────────────╯

[0;0H╭──────────────────────────────────────────────────────────────────────────────╮
│  PufferLib 3.0      🐡        CPU: 5.2%    GPU:     DRAM: 0.2%        VRAM:  │
│                                            74.5%                      21.3%  │
│                                                                              │
│  Summary          Value    Evaluate  4m 11s  27%    Losses            Value  │
│  Env       puffer_drive      Forwa…      6s   3%    behavior_pred…    0.013  │
│  Params          747.3K      Env         4s   1%    behavior_pred…    0.305  │
│  Steps           149.4M      Copy       34s  22%    policy_loss       0.006  │
│  SPS             121.4K      Misc    3m 25s   0%    value_loss        0.002  │
│  Epoch              285    Train     1m 53s  72%    entropy           4.074  │
│  Uptime         24m 40s      Forwa…     40s  25%    old_approx_kl     0.008  │
│  Remaini…    4h 13m 59s      Learn    1m 5s  42%    approx_kl         0.005  │
│                              Copy        0s   0%    clipfrac          0.049  │
│                              Misc        6s   3%    importance        0.998  │
│                                                     explained_var…    0.983  │
│                                                                              │
│  User Stats                    Value    User Stats                    Value  │
│  n                          1047.333    score                         0.925  │
│  offroad_rate                  0.026    collision_rate                0.027  │
│  episode_length               65.722    episode_return                0.864  │
│  dnf_rate                      0.022    completion_rate               0.925  │
│  lane_alignment_rate           0.561    lane_aligned_steps           20.994  │
│  lane_distance_count          37.962    speed_limit_rate              0.409  │
│  lane_distance_avg             0.940    velocity_reward_total         0.000  │
│  comfort_violations           98.609    offroad_per_agent             0.026  │
│  collisions_per_agent          0.027    goals_sampled_this_ep…        1.000  │
│  goals_reached_this_ep…        0.925    speed_at_goal                13.134  │
╰──────────────────────────────────────────────────────────────────────────────╯

[0;0H╭──────────────────────────────────────────────────────────────────────────────╮
│  PufferLib 3.0     🐡         CPU: 5.1%    GPU:     DRAM: 0.2%        VRAM:  │
│                                            74.0%                      21.3%  │
│                                                                              │
│  Summary          Value    Evaluate  4m 12s  27%    Losses            Value  │
│  Env       puffer_drive      Forwa…      6s   3%    behavior_pred…    0.013  │
│  Params          747.3K      Env         4s   1%    behavior_pred…    0.320  │
│  Steps           149.9M      Copy       35s  22%    policy_loss       0.010  │
│  SPS             187.4K      Misc    3m 25s   0%    value_loss        0.004  │
│  Epoch              286    Train     1m 55s  72%    entropy           4.086  │
│  Uptime         24m 43s      Forwa…     40s  25%    old_approx_kl     0.010  │
│  Remaini…    2h 44m 30s      Learn    1m 6s  42%    approx_kl         0.007  │
│                              Copy        0s   0%    clipfrac          0.062  │
│                              Misc        6s   3%    importance        0.997  │
│                                                     explained_var…    0.974  │
│                                                                              │
│  User Stats                    Value    User Stats                    Value  │
│  n                          1047.333    score                         0.925  │
│  offroad_rate                  0.026    collision_rate                0.027  │
│  episode_length               65.722    episode_return                0.864  │
│  dnf_rate                      0.022    completion_rate               0.925  │
│  lane_alignment_rate           0.561    lane_aligned_steps           20.994  │
│  lane_distance_count          37.962    speed_limit_rate              0.409  │
│  lane_distance_avg             0.940    velocity_reward_total         0.000  │
│  comfort_violations           98.609    offroad_per_agent             0.026  │
│  collisions_per_agent          0.027    goals_sampled_this_ep…        1.000  │
│  goals_reached_this_ep…        0.925    speed_at_goal                13.134  │
╰──────────────────────────────────────────────────────────────────────────────╯

[0;0H╭──────────────────────────────────────────────────────────────────────────────╮
│  PufferLib 3.0    🐡          CPU: 5.5%    GPU:     DRAM: 0.2%        VRAM:  │
│                                            73.3%                      21.3%  │
│                                                                              │
│  Summary          Value    Evaluate  4m 12s  27%    Losses            Value  │
│  Env       puffer_drive      Forwa…      6s   4%    behavior_pred…    0.012  │
│  Params          747.3K      Env         4s   1%    behavior_pred…    0.244  │
│  Steps           150.5M      Copy       35s  22%    policy_loss       0.006  │
│  SPS             187.6K      Misc    3m 25s   0%    value_loss        0.003  │
│  Epoch              287    Train     1m 55s  72%    entropy           4.083  │
│  Uptime         24m 46s      Forwa…     40s  25%    old_approx_kl     0.008  │
│  Remaini…    2h 44m 21s      Learn    1m 6s  41%    approx_kl         0.006  │
│                              Copy        0s   0%    clipfrac          0.049  │
│                              Misc        6s   4%    importance        0.998  │
│                                                     explained_var…    0.987  │
│                                                                              │
│  User Stats                    Value    User Stats                    Value  │
│  n                          1047.333    score                         0.925  │
│  offroad_rate                  0.026    collision_rate                0.027  │
│  episode_length               65.722    episode_return                0.864  │
│  dnf_rate                      0.022    completion_rate               0.925  │
│  lane_alignment_rate           0.561    lane_aligned_steps           20.994  │
│  lane_distance_count          37.962    speed_limit_rate              0.409  │
│  lane_distance_avg             0.940    velocity_reward_total         0.000  │
│  comfort_violations           98.609    offroad_per_agent             0.026  │
│  collisions_per_agent          0.027    goals_sampled_this_ep…        1.000  │
│  goals_reached_this_ep…        0.925    speed_at_goal                13.134  │
╰──────────────────────────────────────────────────────────────────────────────╯

[0;0H╭──────────────────────────────────────────────────────────────────────────────╮
│  PufferLib 3.0   🐡           CPU: 5.3%    GPU:     DRAM: 0.2%        VRAM:  │
│                                            72.8%                      21.3%  │
│                                                                              │
│  Summary          Value    Evaluate  4m 12s  27%    Losses            Value  │
│  Env       puffer_drive      Forwa…      6s   4%    behavior_pred…    0.013  │
│  Params          747.3K      Env         4s   1%    behavior_pred…    0.294  │
│  Steps           151.0M      Copy       35s  22%    policy_loss       0.009  │
│  SPS             188.4K      Misc    3m 25s   0%    value_loss        0.003  │
│  Epoch              288    Train     1m 55s  72%    entropy           4.099  │
│  Uptime         24m 49s      Forwa…     40s  25%    old_approx_kl     0.010  │
│  Remaini…    2h 43m 35s      Learn    1m 6s  41%    approx_kl         0.006  │
│                              Copy        0s   0%    clipfrac          0.058  │
│                              Misc        6s   4%    importance        0.997  │
│                                                     explained_var…    0.978  │
│                                                                              │
│  User Stats                    Value    User Stats                    Value  │
│  n                          1107.625    score                         0.925  │
│  offroad_rate                  0.028    collision_rate                0.022  │
│  episode_length               64.682    episode_return                0.875  │
│  dnf_rate                      0.025    completion_rate               0.925  │
│  lane_alignment_rate           0.550    lane_aligned_steps           20.545  │
│  lane_distance_count          37.800    speed_limit_rate              0.409  │
│  lane_distance_avg             0.970    velocity_reward_total         0.000  │
│  comfort_violations           98.026    offroad_per_agent             0.028  │
│  collisions_per_agent          0.022    goals_sampled_this_ep…        1.000  │
│  goals_reached_this_ep…        0.925    speed_at_goal                12.980  │
╰──────────────────────────────────────────────────────────────────────────────╯

[0;0H╭──────────────────────────────────────────────────────────────────────────────╮
│  PufferLib 3.0  🐡            CPU: 5.2%    GPU:     DRAM: 0.2%        VRAM:  │
│                                            72.6%                      21.3%  │
│                                                                              │
│  Summary          Value    Evaluate  4m 12s  27%    Losses            Value  │
│  Env       puffer_drive      Forwa…      6s   4%    behavior_pred…    0.012  │
│  Params          747.3K      Env         4s   1%    behavior_pred…    0.267  │
│  Steps           151.5M      Copy       35s  22%    policy_loss       0.009  │
│  SPS             187.5K      Misc    3m 25s   0%    value_loss        0.003  │
│  Epoch              289    Train     1m 55s  72%    entropy           4.096  │
│  Uptime         24m 51s      Forwa…     40s  25%    old_approx_kl     0.010  │
│  Remaini…    2h 44m 18s      Learn    1m 6s  41%    approx_kl         0.007  │
│                              Copy        0s   0%    clipfrac          0.061  │
│                              Misc        6s   4%    importance        0.996  │
│                                                     explained_var…    0.980  │
│                                                                              │
│  User Stats                    Value    User Stats                    Value  │
│  n                          1107.625    score                         0.925  │
│  offroad_rate                  0.028    collision_rate                0.022  │
│  episode_length               64.682    episode_return                0.875  │
│  dnf_rate                      0.025    completion_rate               0.925  │
│  lane_alignment_rate           0.550    lane_aligned_steps           20.545  │
│  lane_distance_count          37.800    speed_limit_rate              0.409  │
│  lane_distance_avg             0.970    velocity_reward_total         0.000  │
│  comfort_violations           98.026    offroad_per_agent             0.028  │
│  collisions_per_agent          0.022    goals_sampled_this_ep…        1.000  │
│  goals_reached_this_ep…        0.925    speed_at_goal                12.980  │
╰──────────────────────────────────────────────────────────────────────────────╯

[0;0H╭──────────────────────────────────────────────────────────────────────────────╮
│  PufferLib 3.0 🐡             CPU: 5.1%    GPU:     DRAM: 0.2%        VRAM:  │
│                                            73.2%                      21.3%  │
│                                                                              │
│  Summary          Value    Evaluate  4m 12s  27%    Losses            Value  │
│  Env       puffer_drive      Forwa…      6s   4%    behavior_pred…    0.013  │
│  Params          747.3K      Env         4s   1%    behavior_pred…    0.274  │
│  Steps           152.0M      Copy       35s  22%    policy_loss      -0.001  │
│  SPS             191.3K      Misc    3m 25s   0%    value_loss        0.003  │
│  Epoch              290    Train     1m 55s  72%    entropy           4.084  │
│  Uptime         24m 54s      Forwa…     40s  25%    old_approx_kl     0.009  │
│  Remaini…     2h 41m 2s      Learn    1m 6s  41%    approx_kl         0.007  │
│                              Copy        0s   0%    clipfrac          0.062  │
│                              Misc        6s   4%    importance        0.998  │
│                                                     explained_var…    0.985  │
│                                                                              │
│  User Stats                    Value    User Stats                    Value  │
│  n                          1045.917    score                         0.933  │
│  offroad_rate                  0.033    collision_rate                0.016  │
│  episode_length               58.109    episode_return                0.893  │
│  dnf_rate                      0.017    completion_rate               0.933  │
│  lane_alignment_rate           0.565    lane_aligned_steps           19.688  │
│  lane_distance_count          34.399    speed_limit_rate              0.327  │
│  lane_distance_avg             0.939    velocity_reward_total         0.000  │
│  comfort_violations           88.167    offroad_per_agent             0.033  │
│  collisions_per_agent          0.016    goals_sampled_this_ep…        1.000  │
│  goals_reached_this_ep…        0.933    speed_at_goal                11.670  │
╰──────────────────────────────────────────────────────────────────────────────╯

[0;0H╭──────────────────────────────────────────────────────────────────────────────╮
│  PufferLib 3.0          🐡    CPU: 5.2%    GPU:     DRAM: 0.2%        VRAM:  │
│                                            77.0%                      21.3%  │
│                                                                              │
│  Summary          Value    Evaluate  4m 12s  27%    Losses            Value  │
│  Env       puffer_drive      Forwa…      6s   4%    behavior_pred…    0.013  │
│  Params          747.3K      Env         4s   1%    behavior_pred…    0.297  │
│  Steps           152.6M      Copy       35s  22%    policy_loss       0.004  │
│  SPS             188.0K      Misc    3m 25s   0%    value_loss        0.003  │
│  Epoch              291    Train     1m 57s  72%    entropy           4.098  │
│  Uptime         24m 57s      Forwa…     41s  25%    old_approx_kl     0.010  │
│  Remaini…    2h 43m 48s      Learn    1m 8s  41%    approx_kl         0.007  │
│                              Copy        0s   0%    clipfrac          0.064  │
│                              Misc        6s   4%    importance        0.997  │
│                                                     explained_var…    0.980  │
│                                                                              │
│  User Stats                    Value    User Stats                    Value  │
│  n                          1035.500    score                         0.951  │
│  offroad_rate                  0.023    collision_rate                0.015  │
│  episode_length               60.911    episode_return                0.915  │
│  dnf_rate                      0.011    completion_rate               0.951  │
│  lane_alignment_rate           0.574    lane_aligned_steps           20.435  │
│  lane_distance_count          35.630    speed_limit_rate              0.361  │
│  lane_distance_avg             0.934    velocity_reward_total         0.000  │
│  comfort_violations           91.836    offroad_per_agent             0.023  │
│  collisions_per_agent          0.015    goals_sampled_this_ep…        1.000  │
│  goals_reached_this_ep…        0.951    speed_at_goal                12.518  │
╰──────────────────────────────────────────────────────────────────────────────╯

[0;0H╭──────────────────────────────────────────────────────────────────────────────╮
│  PufferLib 3.0         🐡     CPU: 5.0%    GPU:     DRAM: 0.2%        VRAM:  │
│                                            81.2%                      21.3%  │
│                                                                              │
│  Summary          Value    Evaluate  4m 12s  27%    Losses            Value  │
│  Env       puffer_drive      Forwa…      6s   4%    behavior_pred…    0.012  │
│  Params          747.3K      Env         4s   1%    behavior_pred…    0.266  │
│  Steps           153.1M      Copy       35s  22%    policy_loss       0.004  │
│  SPS             189.0K      Misc    3m 25s   0%    value_loss        0.003  │
│  Epoch              292    Train     1m 57s  72%    entropy           4.081  │
│  Uptime          25m 0s      Forwa…     41s  25%    old_approx_kl     0.008  │
│  Remaini…    2h 42m 51s      Learn    1m 8s  41%    approx_kl         0.006  │
│                              Copy        0s   0%    clipfrac          0.050  │
│                              Misc        6s   4%    importance        0.998  │
│                                                     explained_var…    0.985  │
│                                                                              │
│  User Stats                    Value    User Stats                    Value  │
│  n                          1032.750    score                         0.919  │
│  offroad_rate                  0.034    collision_rate                0.020  │
│  episode_length               62.498    episode_return                0.867  │
│  dnf_rate                      0.027    completion_rate               0.919  │
│  lane_alignment_rate           0.539    lane_aligned_steps           19.864  │
│  lane_distance_count          36.373    speed_limit_rate              0.360  │
│  lane_distance_avg             0.973    velocity_reward_total         0.000  │
│  comfort_violations           93.763    offroad_per_agent             0.034  │
│  collisions_per_agent          0.020    goals_sampled_this_ep…        1.000  │
│  goals_reached_this_ep…        0.919    speed_at_goal                12.185  │
╰──────────────────────────────────────────────────────────────────────────────╯

[0;0H╭──────────────────────────────────────────────────────────────────────────────╮
│  PufferLib 3.0        🐡      CPU: 5.0%    GPU:     DRAM: 0.2%        VRAM:  │
│                                            81.7%                      21.3%  │
│                                                                              │
│  Summary          Value    Evaluate  4m 12s  27%    Losses            Value  │
│  Env       puffer_drive      Forwa…      6s   4%    behavior_pred…    0.013  │
│  Params          747.3K      Env         4s   1%    behavior_pred…    0.262  │
│  Steps           153.6M      Copy       35s  22%    policy_loss       0.007  │
│  SPS             189.0K      Misc    3m 25s   0%    value_loss        0.003  │
│  Epoch              293    Train     1m 57s  72%    entropy           4.078  │
│  Uptime          25m 2s      Forwa…     41s  25%    old_approx_kl     0.010  │
│  Remaini…    2h 42m 49s      Learn    1m 8s  41%    approx_kl         0.007  │
│                              Copy        0s   0%    clipfrac          0.057  │
│                              Misc        6s   4%    importance        0.996  │
│                                                     explained_var…    0.983  │
│                                                                              │
│  User Stats                    Value    User Stats                    Value  │
│  n                          1046.500    score                         0.925  │
│  offroad_rate                  0.034    collision_rate                0.018  │
│  episode_length               64.890    episode_return                0.874  │
│  dnf_rate                      0.024    completion_rate               0.925  │
│  lane_alignment_rate           0.550    lane_aligned_steps           20.321  │
│  lane_distance_count          37.858    speed_limit_rate              0.410  │
│  lane_distance_avg             0.999    velocity_reward_total         0.000  │
│  comfort_violations           98.127    offroad_per_agent             0.034  │
│  collisions_per_agent          0.018    goals_sampled_this_ep…        1.000  │
│  goals_reached_this_ep…        0.925    speed_at_goal                13.062  │
╰──────────────────────────────────────────────────────────────────────────────╯

[0;0H╭──────────────────────────────────────────────────────────────────────────────╮
│  PufferLib 3.0       🐡       CPU: 5.0%    GPU:     DRAM: 0.2%        VRAM:  │
│                                            81.7%                      21.3%  │
│                                                                              │
│  Summary          Value    Evaluate  4m 12s  27%    Losses            Value  │
│  Env       puffer_drive      Forwa…      6s   4%    behavior_pred…    0.013  │
│  Params          747.3K      Env         4s   1%    behavior_pred…    0.282  │
│  Steps           154.1M      Copy       35s  22%    policy_loss       0.007  │
│  SPS             189.0K      Misc    3m 25s   0%    value_loss        0.003  │
│  Epoch              294    Train     1m 57s  72%    entropy           4.095  │
│  Uptime          25m 5s      Forwa…     41s  25%    old_approx_kl     0.009  │
│  Remaini…    2h 42m 44s      Learn    1m 8s  41%    approx_kl         0.006  │
│                              Copy        0s   0%    clipfrac          0.062  │
│                              Misc        6s   4%    importance        0.997  │
│                                                     explained_var…    0.978  │
│                                                                              │
│  User Stats                    Value    User Stats                    Value  │
│  n                          1036.714    score                         0.921  │
│  offroad_rate                  0.034    collision_rate                0.015  │
│  episode_length               63.854    episode_return                0.879  │
│  dnf_rate                      0.031    completion_rate               0.921  │
│  lane_alignment_rate           0.550    lane_aligned_steps           19.734  │
│  lane_distance_count          37.121    speed_limit_rate              0.395  │
│  lane_distance_avg             0.999    velocity_reward_total         0.000  │
│  comfort_violations           96.247    offroad_per_agent             0.034  │
│  collisions_per_agent          0.015    goals_sampled_this_ep…        1.000  │
│  goals_reached_this_ep…        0.921    speed_at_goal                12.815  │
╰──────────────────────────────────────────────────────────────────────────────╯

[0;0H╭──────────────────────────────────────────────────────────────────────────────╮
│  PufferLib 3.0      🐡        CPU: 5.0%    GPU:     DRAM: 0.2%        VRAM:  │
│                                            82.0%                      21.3%  │
│                                                                              │
│  Summary          Value    Evaluate  4m 12s  27%    Losses            Value  │
│  Env       puffer_drive      Forwa…      6s   4%    behavior_pred…    0.012  │
│  Params          747.3K      Env         4s   1%    behavior_pred…    0.285  │
│  Steps           154.7M      Copy       35s  22%    policy_loss       0.006  │
│  SPS             189.0K      Misc    3m 25s   0%    value_loss        0.003  │
│  Epoch              295    Train     1m 57s  72%    entropy           4.077  │
│  Uptime          25m 8s      Forwa…     41s  25%    old_approx_kl     0.008  │
│  Remaini…    2h 42m 44s      Learn    1m 8s  41%    approx_kl         0.005  │
│                              Copy        0s   0%    clipfrac          0.046  │
│                              Misc        6s   4%    importance        0.998  │
│                                                     explained_var…    0.982  │
│                                                                              │
│  User Stats                    Value    User Stats                    Value  │
│  n                          1036.111    score                         0.923  │
│  offroad_rate                  0.036    collision_rate                0.019  │
│  episode_length               65.543    episode_return                0.869  │
│  dnf_rate                      0.022    completion_rate               0.923  │
│  lane_alignment_rate           0.533    lane_aligned_steps           20.191  │
│  lane_distance_count          38.316    speed_limit_rate              0.425  │
│  lane_distance_avg             0.965    velocity_reward_total         0.000  │
│  comfort_violations           99.748    offroad_per_agent             0.036  │
│  collisions_per_agent          0.019    goals_sampled_this_ep…        1.000  │
│  goals_reached_this_ep…        0.923    speed_at_goal                13.290  │
╰──────────────────────────────────────────────────────────────────────────────╯

[0;0H╭──────────────────────────────────────────────────────────────────────────────╮
│  PufferLib 3.0     🐡         CPU: 5.0%    GPU:     DRAM: 0.2%        VRAM:  │
│                                            82.2%                      21.3%  │
│                                                                              │
│  Summary          Value    Evaluate  4m 13s  27%    Losses            Value  │
│  Env       puffer_drive      Forwa…      7s   4%    behavior_pred…    0.013  │
│  Params          747.3K      Env         4s   1%    behavior_pred…    0.272  │
│  Steps           155.2M      Copy       36s  22%    policy_loss       0.007  │
│  SPS             189.7K      Misc    3m 25s   0%    value_loss        0.003  │
│  Epoch              296    Train     1m 59s  72%    entropy           4.085  │
│  Uptime         25m 11s      Forwa…     42s  25%    old_approx_kl     0.009  │
│  Remaini…     2h 42m 3s      Learn    1m 9s  41%    approx_kl         0.007  │
│                              Copy        0s   0%    clipfrac          0.065  │
│                              Misc        6s   4%    importance        0.997  │
│                                                     explained_var…    0.984  │
│                                                                              │
│  User Stats                    Value    User Stats                    Value  │
│  n                          1037.857    score                         0.932  │
│  offroad_rate                  0.025    collision_rate                0.020  │
│  episode_length               61.071    episode_return                0.886  │
│  dnf_rate                      0.023    completion_rate               0.932  │
│  lane_alignment_rate           0.559    lane_aligned_steps           19.677  │
│  lane_distance_count          35.794    speed_limit_rate              0.369  │
│  lane_distance_avg             0.950    velocity_reward_total         0.000  │
│  comfort_violations           92.470    offroad_per_agent             0.025  │
│  collisions_per_agent          0.020    goals_sampled_this_ep…        1.000  │
│  goals_reached_this_ep…        0.932    speed_at_goal                12.471  │
╰──────────────────────────────────────────────────────────────────────────────╯

[0;0H╭──────────────────────────────────────────────────────────────────────────────╮
│  PufferLib 3.0    🐡          CPU: 5.0%    GPU:     DRAM: 0.2%        VRAM:  │
│                                            82.0%                      21.3%  │
│                                                                              │
│  Summary          Value    Evaluate  4m 13s  28%    Losses            Value  │
│  Env       puffer_drive      Forwa…      7s   4%    behavior_pred…    0.012  │
│  Params          747.3K      Env         4s   1%    behavior_pred…    0.283  │
│  Steps           155.7M      Copy       36s  22%    policy_loss       0.008  │
│  SPS             189.7K      Misc    3m 25s   0%    value_loss        0.003  │
│  Epoch              297    Train     1m 59s  71%    entropy           4.085  │
│  Uptime         25m 14s      Forwa…     42s  25%    old_approx_kl     0.009  │
│  Remaini…     2h 42m 0s      Learn    1m 9s  41%    approx_kl         0.006  │
│                              Copy        0s   0%    clipfrac          0.057  │
│                              Misc        6s   4%    importance        0.997  │
│                                                     explained_var…    0.984  │
│                                                                              │
│  User Stats                    Value    User Stats                    Value  │
│  n                          1037.778    score                         0.934  │
│  offroad_rate                  0.025    collision_rate                0.022  │
│  episode_length               65.078    episode_return                0.880  │
│  dnf_rate                      0.019    completion_rate               0.934  │
│  lane_alignment_rate           0.546    lane_aligned_steps           20.053  │
│  lane_distance_count          38.160    speed_limit_rate              0.437  │
│  lane_distance_avg             0.964    velocity_reward_total         0.000  │
│  comfort_violations           99.662    offroad_per_agent             0.025  │
│  collisions_per_agent          0.022    goals_sampled_this_ep…        1.000  │
│  goals_reached_this_ep…        0.934    speed_at_goal                13.623  │
╰──────────────────────────────────────────────────────────────────────────────╯

[0;0H╭──────────────────────────────────────────────────────────────────────────────╮
│  PufferLib 3.0   🐡           CPU: 5.0%    GPU:     DRAM: 0.2%        VRAM:  │
│                                            81.8%                      21.3%  │
│                                                                              │
│  Summary          Value    Evaluate  4m 13s  28%    Losses            Value  │
│  Env       puffer_drive      Forwa…      7s   4%    behavior_pred…    0.013  │
│  Params          747.3K      Env         4s   1%    behavior_pred…    0.273  │
│  Steps           156.2M      Copy       36s  22%    policy_loss       0.006  │
│  SPS             190.5K      Misc    3m 25s   0%    value_loss        0.002  │
│  Epoch              298    Train     1m 59s  71%    entropy           4.088  │
│  Uptime         25m 16s      Forwa…     42s  25%    old_approx_kl     0.008  │
│  Remaini…    2h 41m 18s      Learn    1m 9s  41%    approx_kl         0.006  │
│                              Copy        0s   0%    clipfrac          0.053  │
│                              Misc        6s   4%    importance        0.997  │
│                                                     explained_var…    0.986  │
│                                                                              │
│  User Stats                    Value    User Stats                    Value  │
│  n                          1041.800    score                         0.928  │
│  offroad_rate                  0.024    collision_rate                0.015  │
│  episode_length               60.124    episode_return                0.893  │
│  dnf_rate                      0.033    completion_rate               0.928  │
│  lane_alignment_rate           0.549    lane_aligned_steps           19.316  │
│  lane_distance_count          35.225    speed_limit_rate              0.339  │
│  lane_distance_avg             0.975    velocity_reward_total         0.000  │
│  comfort_violations           90.588    offroad_per_agent             0.024  │
│  collisions_per_agent          0.015    goals_sampled_this_ep…        1.000  │
│  goals_reached_this_ep…        0.928    speed_at_goal                12.052  │
╰──────────────────────────────────────────────────────────────────────────────╯

[0;0H╭──────────────────────────────────────────────────────────────────────────────╮
│  PufferLib 3.0  🐡            CPU: 5.0%    GPU:     DRAM: 0.2%        VRAM:  │
│                                            81.7%                      21.3%  │
│                                                                              │
│  Summary          Value    Evaluate  4m 13s  28%    Losses            Value  │
│  Env       puffer_drive      Forwa…      7s   4%    behavior_pred…    0.012  │
│  Params          747.3K      Env         4s   1%    behavior_pred…    0.264  │
│  Steps           156.8M      Copy       36s  22%    policy_loss       0.008  │
│  SPS             189.9K      Misc    3m 25s   0%    value_loss        0.003  │
│  Epoch              299    Train     1m 59s  71%    entropy           4.093  │
│  Uptime         25m 19s      Forwa…     42s  25%    old_approx_kl     0.008  │
│  Remaini…    2h 41m 44s      Learn    1m 9s  41%    approx_kl         0.006  │
│                              Copy        0s   0%    clipfrac          0.051  │
│                              Misc        6s   4%    importance        0.997  │
│                                                     explained_var…    0.984  │
│                                                                              │
│  User Stats                    Value    User Stats                    Value  │
│  n                          1040.091    score                         0.945  │
│  offroad_rate                  0.023    collision_rate                0.017  │
│  episode_length               63.304    episode_return                0.903  │
│  dnf_rate                      0.014    completion_rate               0.945  │
│  lane_alignment_rate           0.570    lane_aligned_steps           20.189  │
│  lane_distance_count          36.928    speed_limit_rate              0.390  │
│  lane_distance_avg             0.963    velocity_reward_total         0.000  │
│  comfort_violations           95.640    offroad_per_agent             0.023  │
│  collisions_per_agent          0.017    goals_sampled_this_ep…        1.000  │
│  goals_reached_this_ep…        0.945    speed_at_goal                12.938  │
╰──────────────────────────────────────────────────────────────────────────────╯

[0;0H╭──────────────────────────────────────────────────────────────────────────────╮
│  PufferLib 3.0 🐡             CPU: 5.0%    GPU:     DRAM: 0.2%        VRAM:  │
│                                            81.7%                      21.3%  │
│                                                                              │
│  Summary          Value    Evaluate  4m 13s  28%    Losses            Value  │
│  Env       puffer_drive      Forwa…      7s   4%    behavior_pred…    0.013  │
│  Params          747.3K      Env         4s   1%    behavior_pred…    0.286  │
│  Steps           157.3M      Copy       36s  22%    policy_loss       0.007  │
│  SPS             190.0K      Misc    3m 25s   0%    value_loss        0.003  │
│  Epoch              300    Train     1m 59s  71%    entropy           4.093  │
│  Uptime         25m 22s      Forwa…     42s  25%    old_approx_kl     0.009  │
│  Remaini…    2h 41m 36s      Learn    1m 9s  41%    approx_kl         0.006  │
│                              Copy        0s   0%    clipfrac          0.048  │
│                              Misc        6s   4%    importance        0.997  │
│                                                     explained_var…    0.983  │
│                                                                              │
│  User Stats                    Value    User Stats                    Value  │
│  n                          1041.400    score                         0.924  │
│  offroad_rate                  0.023    collision_rate                0.018  │
│  episode_length               61.866    episode_return                0.882  │
│  dnf_rate                      0.035    completion_rate               0.924  │
│  lane_alignment_rate           0.554    lane_aligned_steps           19.648  │
│  lane_distance_count          36.273    speed_limit_rate              0.364  │
│  lane_distance_avg             0.989    velocity_reward_total         0.000  │
│  comfort_violations           93.569    offroad_per_agent             0.023  │
│  collisions_per_agent          0.018    goals_sampled_this_ep…        1.000  │
│  goals_reached_this_ep…        0.924    speed_at_goal                12.321  │
╰──────────────────────────────────────────────────────────────────────────────╯

[0;0H╭──────────────────────────────────────────────────────────────────────────────╮
│  PufferLib 3.0          🐡    CPU: 5.0%    GPU:     DRAM: 0.2%        VRAM:  │
│                                            82.0%                      21.3%  │
│                                                                              │
│  Summary          Value    Evaluate  4m 14s  28%    Losses            Value  │
│  Env       puffer_drive      Forwa…      7s   4%    behavior_pred…    0.012  │
│  Params          747.3K      Env         4s   1%    behavior_pred…    0.272  │
│  Steps           157.8M      Copy       36s  22%    policy_loss       0.006  │
│  SPS             188.7K      Misc    3m 25s   0%    value_loss        0.003  │
│  Epoch              301    Train      2m 1s  71%    entropy           4.084  │
│  Uptime         25m 25s      Forwa…     42s  25%    old_approx_kl     0.009  │
│  Remaini…    2h 42m 43s      Learn   1m 10s  41%    approx_kl         0.006  │
│                              Copy        0s   0%    clipfrac          0.058  │
│                              Misc        7s   4%    importance        0.997  │
│                                                     explained_var…    0.985  │
│                                                                              │
│  User Stats                    Value    User Stats                    Value  │
│  n                          1036.091    score                         0.938  │
│  offroad_rate                  0.021    collision_rate                0.022  │
│  episode_length               64.616    episode_return                0.888  │
│  dnf_rate                      0.020    completion_rate               0.938  │
│  lane_alignment_rate           0.560    lane_aligned_steps           20.252  │
│  lane_distance_count          37.543    speed_limit_rate              0.404  │
│  lane_distance_avg             0.985    velocity_reward_total         0.000  │
│  comfort_violations           97.435    offroad_per_agent             0.021  │
│  collisions_per_agent          0.022    goals_sampled_this_ep…        1.000  │
│  goals_reached_this_ep…        0.938    speed_at_goal                13.158  │
╰──────────────────────────────────────────────────────────────────────────────╯

[0;0H╭──────────────────────────────────────────────────────────────────────────────╮
│  PufferLib 3.0         🐡     CPU: 5.0%    GPU:     DRAM: 0.2%        VRAM:  │
│                                            81.9%                      21.3%  │
│                                                                              │
│  Summary          Value    Evaluate  4m 14s  28%    Losses            Value  │
│  Env       puffer_drive      Forwa…      7s   4%    behavior_pred…    0.013  │
│  Params          747.3K      Env         4s   1%    behavior_pred…    0.272  │
│  Steps           158.3M      Copy       36s  22%    policy_loss       0.007  │
│  SPS             188.9K      Misc    3m 25s   0%    value_loss        0.003  │
│  Epoch              302    Train      2m 1s  71%    entropy           4.085  │
│  Uptime         25m 27s      Forwa…     42s  25%    old_approx_kl     0.009  │
│  Remaini…    2h 42m 28s      Learn   1m 10s  42%    approx_kl         0.006  │
│                              Copy        0s   0%    clipfrac          0.056  │
│                              Misc        7s   4%    importance        0.997  │
│                                                     explained_var…    0.982  │
│                                                                              │
│  User Stats                    Value    User Stats                    Value  │
│  n                          1036.167    score                         0.931  │
│  offroad_rate                  0.023    collision_rate                0.018  │
│  episode_length               61.520    episode_return                0.890  │
│  dnf_rate                      0.028    completion_rate               0.931  │
│  lane_alignment_rate           0.545    lane_aligned_steps           19.825  │
│  lane_distance_count          36.085    speed_limit_rate              0.368  │
│  lane_distance_avg             0.956    velocity_reward_total         0.000  │
│  comfort_violations           93.181    offroad_per_agent             0.023  │
│  collisions_per_agent          0.018    goals_sampled_this_ep…        1.000  │
│  goals_reached_this_ep…        0.931    speed_at_goal                12.369  │
╰──────────────────────────────────────────────────────────────────────────────╯

[0;0H╭──────────────────────────────────────────────────────────────────────────────╮
│  PufferLib 3.0        🐡      CPU: 5.0%    GPU:     DRAM: 0.2%        VRAM:  │
│                                            81.3%                      21.3%  │
│                                                                              │
│  Summary          Value    Evaluate  4m 14s  28%    Losses            Value  │
│  Env       puffer_drive      Forwa…      7s   4%    behavior_pred…    0.012  │
│  Params          747.3K      Env         4s   1%    behavior_pred…    0.277  │
│  Steps           158.9M      Copy       36s  22%    policy_loss       0.007  │
│  SPS             188.8K      Misc    3m 25s   0%    value_loss        0.003  │
│  Epoch              303    Train      2m 1s  71%    entropy           4.083  │
│  Uptime         25m 30s      Forwa…     42s  25%    old_approx_kl     0.010  │
│  Remaini…    2h 42m 29s      Learn   1m 10s  42%    approx_kl         0.007  │
│                              Copy        0s   0%    clipfrac          0.070  │
│                              Misc        7s   4%    importance        0.996  │
│                                                     explained_var…    0.983  │
│                                                                              │
│  User Stats                    Value    User Stats                    Value  │
│  n                          1037.222    score                         0.931  │
│  offroad_rate                  0.027    collision_rate                0.022  │
│  episode_length               64.394    episode_return                0.878  │
│  dnf_rate                      0.021    completion_rate               0.931  │
│  lane_alignment_rate           0.548    lane_aligned_steps           20.409  │
│  lane_distance_count          37.859    speed_limit_rate              0.412  │
│  lane_distance_avg             0.997    velocity_reward_total         0.000  │
│  comfort_violations           98.475    offroad_per_agent             0.027  │
│  collisions_per_agent          0.022    goals_sampled_this_ep…        1.000  │
│  goals_reached_this_ep…        0.931    speed_at_goal                13.185  │
╰──────────────────────────────────────────────────────────────────────────────╯

[0;0H╭──────────────────────────────────────────────────────────────────────────────╮
│  PufferLib 3.0       🐡       CPU: 5.0%    GPU:     DRAM: 0.2%        VRAM:  │
│                                            81.5%                      21.3%  │
│                                                                              │
│  Summary          Value    Evaluate  4m 14s  28%    Losses            Value  │
│  Env       puffer_drive      Forwa…      7s   4%    behavior_pred…    0.012  │
│  Params          747.3K      Env         4s   1%    behavior_pred…    0.280  │
│  Steps           159.4M      Copy       36s  22%    policy_loss       0.008  │
│  SPS             190.0K      Misc    3m 25s   0%    value_loss        0.003  │
│  Epoch              304    Train      2m 1s  71%    entropy           4.088  │
│  Uptime         25m 33s      Forwa…     42s  25%    old_approx_kl     0.009  │
│  Remaini…    2h 41m 25s      Learn   1m 10s  42%    approx_kl         0.007  │
│                              Copy        0s   0%    clipfrac          0.061  │
│                              Misc        7s   4%    importance        0.997  │
│                                                     explained_var…    0.981  │
│                                                                              │
│  User Stats                    Value    User Stats                    Value  │
│  n                          1038.000    score                         0.925  │
│  offroad_rate                  0.019    collision_rate                0.023  │
│  episode_length               62.475    episode_return                0.876  │
│  dnf_rate                      0.033    completion_rate               0.925  │
│  lane_alignment_rate           0.557    lane_aligned_steps           19.606  │
│  lane_distance_count          36.138    speed_limit_rate              0.378  │
│  lane_distance_avg             0.977    velocity_reward_total         0.000  │
│  comfort_violations           93.470    offroad_per_agent             0.019  │
│  collisions_per_agent          0.023    goals_sampled_this_ep…        1.000  │
│  goals_reached_this_ep…        0.925    speed_at_goal                12.495  │
╰──────────────────────────────────────────────────────────────────────────────╯

[0;0H╭──────────────────────────────────────────────────────────────────────────────╮
│  PufferLib 3.0      🐡        CPU: 5.0%    GPU:     DRAM: 0.2%        VRAM:  │
│                                            81.6%                      21.3%  │
│                                                                              │
│  Summary          Value    Evaluate  4m 14s  28%    Losses            Value  │
│  Env       puffer_drive      Forwa…      7s   4%    behavior_pred…    0.013  │
│  Params          747.3K      Env         4s   1%    behavior_pred…    0.275  │
│  Steps           159.9M      Copy       36s  22%    policy_loss       0.006  │
│  SPS             189.4K      Misc    3m 25s   0%    value_loss        0.003  │
│  Epoch              305    Train      2m 1s  71%    entropy           4.083  │
│  Uptime         25m 36s      Forwa…     42s  25%    old_approx_kl     0.009  │
│  Remaini…    2h 41m 52s      Learn   1m 10s  42%    approx_kl         0.006  │
│                              Copy        0s   0%    clipfrac          0.056  │
│                              Misc        7s   4%    importance        0.997  │
│                                                     explained_var…    0.983  │
│                                                                              │
│  User Stats                    Value    User Stats                    Value  │
│  n                          1043.000    score                         0.935  │
│  offroad_rate                  0.022    collision_rate                0.027  │
│  episode_length               63.812    episode_return                0.877  │
│  dnf_rate                      0.017    completion_rate               0.935  │
│  lane_alignment_rate           0.555    lane_aligned_steps           20.043  │
│  lane_distance_count          37.511    speed_limit_rate              0.411  │
│  lane_distance_avg             0.944    velocity_reward_total         0.000  │
│  comfort_violations           97.663    offroad_per_agent             0.022  │
│  collisions_per_agent          0.027    goals_sampled_this_ep…        1.000  │
│  goals_reached_this_ep…        0.935    speed_at_goal                13.175  │
╰──────────────────────────────────────────────────────────────────────────────╯

[0;0H╭──────────────────────────────────────────────────────────────────────────────╮
│  PufferLib 3.0     🐡         CPU: 5.0%    GPU:     DRAM: 0.2%        VRAM:  │
│                                            81.7%                      21.3%  │
│                                                                              │
│  Summary          Value    Evaluate  4m 15s  28%    Losses            Value  │
│  Env       puffer_drive      Forwa…      7s   4%    behavior_pred…    0.012  │
│  Params          747.3K      Env         4s   1%    behavior_pred…    0.286  │
│  Steps           160.4M      Copy       37s  22%    policy_loss       0.007  │
│  SPS             191.4K      Misc    3m 25s   0%    value_loss        0.003  │
│  Epoch              306    Train      2m 2s  71%    entropy           4.082  │
│  Uptime         25m 39s      Forwa…     43s  25%    old_approx_kl     0.009  │
│  Remaini…     2h 40m 9s      Learn   1m 11s  42%    approx_kl         0.006  │
│                              Copy        0s   0%    clipfrac          0.054  │
│                              Misc        7s   4%    importance        0.996  │
│                                                     explained_var…    0.984  │
│                                                                              │
│  User Stats                    Value    User Stats                    Value  │
│  n                          1035.600    score                         0.926  │
│  offroad_rate                  0.016    collision_rate                0.021  │
│  episode_length               62.058    episode_return                0.883  │
│  dnf_rate                      0.037    completion_rate               0.926  │
│  lane_alignment_rate           0.563    lane_aligned_steps           19.377  │
│  lane_distance_count          35.871    speed_limit_rate              0.356  │
│  lane_distance_avg             0.991    velocity_reward_total         0.000  │
│  comfort_violations           92.483    offroad_per_agent             0.016  │
│  collisions_per_agent          0.021    goals_sampled_this_ep…        1.000  │
│  goals_reached_this_ep…        0.926    speed_at_goal                12.275  │
╰──────────────────────────────────────────────────────────────────────────────╯

[0;0H╭──────────────────────────────────────────────────────────────────────────────╮
│  PufferLib 3.0    🐡          CPU: 5.0%    GPU:     DRAM: 0.2%        VRAM:  │
│                                            81.8%                      21.3%  │
│                                                                              │
│  Summary          Value    Evaluate  4m 15s  28%    Losses            Value  │
│  Env       puffer_drive      Forwa…      7s   4%    behavior_pred…    0.012  │
│  Params          747.3K      Env         4s   1%    behavior_pred…    0.274  │
│  Steps           161.0M      Copy       37s  22%    policy_loss       0.005  │
│  SPS             192.7K      Misc    3m 25s   0%    value_loss        0.002  │
│  Epoch              307    Train      2m 2s  71%    entropy           4.073  │
│  Uptime         25m 41s      Forwa…     43s  25%    old_approx_kl     0.008  │
│  Remaini…     2h 39m 1s      Learn   1m 11s  41%    approx_kl         0.006  │
│                              Copy        0s   0%    clipfrac          0.057  │
│                              Misc        7s   3%    importance        0.998  │
│                                                     explained_var…    0.986  │
│                                                                              │
│  User Stats                    Value    User Stats                    Value  │
│  n                          1034.778    score                         0.937  │
│  offroad_rate                  0.021    collision_rate                0.026  │
│  episode_length               62.758    episode_return                0.887  │
│  dnf_rate                      0.016    completion_rate               0.937  │
│  lane_alignment_rate           0.571    lane_aligned_steps           20.070  │
│  lane_distance_count          36.795    speed_limit_rate              0.380  │
│  lane_distance_avg             0.958    velocity_reward_total         0.000  │
│  comfort_violations           95.250    offroad_per_agent             0.021  │
│  collisions_per_agent          0.026    goals_sampled_this_ep…        1.000  │
│  goals_reached_this_ep…        0.937    speed_at_goal                12.842  │
╰──────────────────────────────────────────────────────────────────────────────╯

[0;0H╭──────────────────────────────────────────────────────────────────────────────╮
│  PufferLib 3.0   🐡           CPU: 5.0%    GPU:     DRAM: 0.2%        VRAM:  │
│                                            81.7%                      21.3%  │
│                                                                              │
│  Summary          Value    Evaluate  4m 15s  28%    Losses            Value  │
│  Env       puffer_drive      Forwa…      7s   4%    behavior_pred…    0.012  │
│  Params          747.3K      Env         4s   1%    behavior_pred…    0.282  │
│  Steps           161.5M      Copy       37s  22%    policy_loss       0.007  │
│  SPS             191.9K      Misc    3m 25s   0%    value_loss        0.002  │
│  Epoch              308    Train      2m 2s  71%    entropy           4.086  │
│  Uptime         25m 44s      Forwa…     43s  25%    old_approx_kl     0.008  │
│  Remaini…    2h 39m 43s      Learn   1m 11s  41%    approx_kl         0.006  │
│                              Copy        0s   0%    clipfrac          0.056  │
│                              Misc        7s   3%    importance        0.998  │
│                                                     explained_var…    0.986  │
│                                                                              │
│  User Stats                    Value    User Stats                    Value  │
│  n                          1045.000    score                         0.936  │
│  offroad_rate                  0.019    collision_rate                0.020  │
│  episode_length               62.236    episode_return                0.894  │
│  dnf_rate                      0.026    completion_rate               0.936  │
│  lane_alignment_rate           0.566    lane_aligned_steps           20.306  │
│  lane_distance_count          36.679    speed_limit_rate              0.387  │
│  lane_distance_avg             0.952    velocity_reward_total         0.000  │
│  comfort_violations           94.857    offroad_per_agent             0.019  │
│  collisions_per_agent          0.020    goals_sampled_this_ep…        1.000  │
│  goals_reached_this_ep…        0.936    speed_at_goal                12.851  │
╰──────────────────────────────────────────────────────────────────────────────╯

[0;0H╭──────────────────────────────────────────────────────────────────────────────╮
│  PufferLib 3.0  🐡            CPU: 5.0%    GPU:     DRAM: 0.2%        VRAM:  │
│                                            81.5%                      21.3%  │
│                                                                              │
│  Summary          Value    Evaluate  4m 15s  28%    Losses            Value  │
│  Env       puffer_drive      Forwa…      7s   4%    behavior_pred…    0.012  │
│  Params          747.3K      Env         4s   1%    behavior_pred…    0.268  │
│  Steps           162.0M      Copy       37s  22%    policy_loss       0.007  │
│  SPS             192.7K      Misc    3m 25s   0%    value_loss        0.003  │
│  Epoch              309    Train      2m 2s  71%    entropy           4.076  │
│  Uptime         25m 47s      Forwa…     43s  25%    old_approx_kl     0.009  │
│  Remaini…    2h 38m 58s      Learn   1m 11s  41%    approx_kl         0.006  │
│                              Copy        0s   0%    clipfrac          0.057  │
│                              Misc        7s   3%    importance        0.997  │
│                                                     explained_var…    0.983  │
│                                                                              │
│  User Stats                    Value    User Stats                    Value  │
│  n                          1038.286    score                         0.941  │
│  offroad_rate                  0.021    collision_rate                0.020  │
│  episode_length               64.253    episode_return                0.893  │
│  dnf_rate                      0.018    completion_rate               0.941  │
│  lane_alignment_rate           0.574    lane_aligned_steps           20.822  │
│  lane_distance_count          37.646    speed_limit_rate              0.400  │
│  lane_distance_avg             0.968    velocity_reward_total         0.000  │
│  comfort_violations           97.700    offroad_per_agent             0.021  │
│  collisions_per_agent          0.020    goals_sampled_this_ep…        1.000  │
│  goals_reached_this_ep…        0.941    speed_at_goal                13.283  │
╰──────────────────────────────────────────────────────────────────────────────╯

[0;0H╭──────────────────────────────────────────────────────────────────────────────╮
│  PufferLib 3.0 🐡             CPU: 5.0%    GPU:     DRAM: 0.2%        VRAM:  │
│                                            82.0%                      21.3%  │
│                                                                              │
│  Summary          Value    Evaluate  4m 15s  28%    Losses            Value  │
│  Env       puffer_drive      Forwa…      7s   4%    behavior_pred…    0.012  │
│  Params          747.3K      Env         4s   1%    behavior_pred…    0.274  │
│  Steps           162.5M      Copy       37s  22%    policy_loss       0.007  │
│  SPS             192.2K      Misc    3m 25s   0%    value_loss        0.002  │
│  Epoch              310    Train      2m 2s  71%    entropy           4.085  │
│  Uptime         25m 50s      Forwa…     43s  25%    old_approx_kl     0.010  │
│  Remaini…    2h 39m 17s      Learn   1m 11s  41%    approx_kl         0.007  │
│                              Copy        0s   0%    clipfrac          0.063  │
│                              Misc        7s   3%    importance        0.997  │
│                                                     explained_var…    0.985  │
│                                                                              │
│  User Stats                    Value    User Stats                    Value  │
│  n                          1034.250    score                         0.935  │
│  offroad_rate                  0.017    collision_rate                0.020  │
│  episode_length               61.937    episode_return                0.891  │
│  dnf_rate                      0.029    completion_rate               0.935  │
│  lane_alignment_rate           0.559    lane_aligned_steps           19.901  │
│  lane_distance_count          36.563    speed_limit_rate              0.394  │
│  lane_distance_avg             0.983    velocity_reward_total         0.000  │
│  comfort_violations           94.610    offroad_per_agent             0.017  │
│  collisions_per_agent          0.020    goals_sampled_this_ep…        1.000  │
│  goals_reached_this_ep…        0.935    speed_at_goal                12.927  │
╰──────────────────────────────────────────────────────────────────────────────╯

[0;0H╭──────────────────────────────────────────────────────────────────────────────╮
│  PufferLib 3.0          🐡    CPU: 5.3%    GPU:     DRAM: 0.2%        VRAM:  │
│                                            81.8%                      21.3%  │
│                                                                              │
│  Summary          Value    Evaluate  4m 15s  28%    Losses            Value  │
│  Env       puffer_drive      Forwa…      7s   4%    behavior_pred…    0.012  │
│  Params          747.3K      Env         4s   1%    behavior_pred…    0.281  │
│  Steps           163.1M      Copy       38s  22%    policy_loss       0.007  │
│  SPS             191.9K      Misc    3m 25s   0%    value_loss        0.002  │
│  Epoch              311    Train      2m 4s  71%    entropy           4.099  │
│  Uptime         25m 52s      Forwa…     44s  25%    old_approx_kl     0.008  │
│  Remaini…    2h 39m 30s      Learn   1m 12s  41%    approx_kl         0.006  │
│                              Copy        0s   0%    clipfrac          0.055  │
│                              Misc        7s   3%    importance        0.997  │
│                                                     explained_var…    0.985  │
│                                                                              │
│  User Stats                    Value    User Stats                    Value  │
│  n                          1045.286    score                         0.940  │
│  offroad_rate                  0.024    collision_rate                0.019  │
│  episode_length               64.024    episode_return                0.895  │
│  dnf_rate                      0.017    completion_rate               0.940  │
│  lane_alignment_rate           0.569    lane_aligned_steps           20.743  │
│  lane_distance_count          37.365    speed_limit_rate              0.395  │
│  lane_distance_avg             0.972    velocity_reward_total         0.000  │
│  comfort_violations           96.951    offroad_per_agent             0.024  │
│  collisions_per_agent          0.019    goals_sampled_this_ep…        1.000  │
│  goals_reached_this_ep…        0.940    speed_at_goal                13.144  │
╰──────────────────────────────────────────────────────────────────────────────╯

[0;0H╭──────────────────────────────────────────────────────────────────────────────╮
│  PufferLib 3.0         🐡     CPU: 5.3%    GPU:     DRAM: 0.2%        VRAM:  │
│                                            82.2%                      21.3%  │
│                                                                              │
│  Summary          Value    Evaluate  4m 15s  28%    Losses            Value  │
│  Env       puffer_drive      Forwa…      7s   4%    behavior_pred…    0.012  │
│  Params          747.3K      Env         4s   1%    behavior_pred…    0.278  │
│  Steps           163.6M      Copy       38s  22%    policy_loss       0.005  │
│  SPS             192.7K      Misc    3m 25s   0%    value_loss        0.002  │
│  Epoch              312    Train      2m 4s  71%    entropy           4.094  │
│  Uptime         25m 55s      Forwa…     44s  25%    old_approx_kl     0.007  │
│  Remaini…    2h 38m 52s      Learn   1m 12s  42%    approx_kl         0.005  │
│                              Copy        0s   0%    clipfrac          0.047  │
│                              Misc        7s   3%    importance        0.998  │
│                                                     explained_var…    0.986  │
│                                                                              │
│  User Stats                    Value    User Stats                    Value  │
│  n                          1041.250    score                         0.928  │
│  offroad_rate                  0.022    collision_rate                0.018  │
│  episode_length               64.094    episode_return                0.885  │
│  dnf_rate                      0.031    completion_rate               0.928  │
│  lane_alignment_rate           0.553    lane_aligned_steps           20.357  │
│  lane_distance_count          37.250    speed_limit_rate              0.403  │
│  lane_distance_avg             0.992    velocity_reward_total         0.000  │
│  comfort_violations           96.634    offroad_per_agent             0.022  │
│  collisions_per_agent          0.018    goals_sampled_this_ep…        1.000  │
│  goals_reached_this_ep…        0.928    speed_at_goal                13.044  │
╰──────────────────────────────────────────────────────────────────────────────╯

[0;0H╭──────────────────────────────────────────────────────────────────────────────╮
│  PufferLib 3.0        🐡      CPU: 5.4%    GPU:     DRAM: 0.2%        VRAM:  │
│                                            82.5%                      21.3%  │
│                                                                              │
│  Summary          Value    Evaluate  4m 15s  28%    Losses            Value  │
│  Env       puffer_drive      Forwa…      7s   4%    behavior_pred…    0.012  │
│  Params          747.3K      Env         4s   1%    behavior_pred…    0.273  │
│  Steps           164.1M      Copy       38s  22%    policy_loss       0.006  │
│  SPS             192.7K      Misc    3m 25s   0%    value_loss        0.002  │
│  Epoch              313    Train      2m 4s  71%    entropy           4.085  │
│  Uptime         25m 58s      Forwa…     44s  25%    old_approx_kl     0.008  │
│  Remaini…    2h 38m 45s      Learn   1m 12s  42%    approx_kl         0.005  │
│                              Copy        0s   0%    clipfrac          0.044  │
│                              Misc        7s   3%    importance        0.997  │
│                                                     explained_var…    0.986  │
│                                                                              │
│  User Stats                    Value    User Stats                    Value  │
│  n                          1044.625    score                         0.944  │
│  offroad_rate                  0.022    collision_rate                0.016  │
│  episode_length               62.773    episode_return                0.905  │
│  dnf_rate                      0.017    completion_rate               0.944  │
│  lane_alignment_rate           0.552    lane_aligned_steps           20.396  │
│  lane_distance_count          36.975    speed_limit_rate              0.380  │
│  lane_distance_avg             0.952    velocity_reward_total         0.000  │
│  comfort_violations           95.536    offroad_per_agent             0.022  │
│  collisions_per_agent          0.016    goals_sampled_this_ep…        1.000  │
│  goals_reached_this_ep…        0.944    speed_at_goal                12.840  │
╰──────────────────────────────────────────────────────────────────────────────╯

[0;0H╭──────────────────────────────────────────────────────────────────────────────╮
│  PufferLib 3.0       🐡       CPU: 5.5%    GPU:     DRAM: 0.2%        VRAM:  │
│                                            78.0%                      21.3%  │
│                                                                              │
│  Summary          Value    Evaluate  4m 15s  28%    Losses            Value  │
│  Env       puffer_drive      Forwa…      7s   4%    behavior_pred…    0.013  │
│  Params          747.3K      Env         4s   1%    behavior_pred…    0.378  │
│  Steps           164.6M      Copy       38s  22%    policy_loss       0.008  │
│  SPS             122.0K      Misc    3m 25s   0%    value_loss        0.002  │
│  Epoch              314    Train      2m 4s  71%    entropy           4.079  │
│  Uptime          26m 2s      Forwa…     44s  25%    old_approx_kl     0.008  │
│  Remaini…    4h 10m 39s      Learn   1m 12s  42%    approx_kl         0.006  │
│                              Copy        0s   0%    clipfrac          0.053  │
│                              Misc        7s   3%    importance        0.997  │
│                                                     explained_var…    0.974  │
│                                                                              │
│  User Stats                    Value    User Stats                    Value  │
│  n                          1043.333    score                         0.923  │
│  offroad_rate                  0.017    collision_rate                0.018  │
│  episode_length               60.900    episode_return                0.883  │
│  dnf_rate                      0.042    completion_rate               0.923  │
│  lane_alignment_rate           0.550    lane_aligned_steps           19.860  │
│  lane_distance_count          35.792    speed_limit_rate              0.349  │
│  lane_distance_avg             0.965    velocity_reward_total         0.000  │
│  comfort_violations           92.318    offroad_per_agent             0.017  │
│  collisions_per_agent          0.018    goals_sampled_this_ep…        1.000  │
│  goals_reached_this_ep…        0.923    speed_at_goal                12.320  │
╰──────────────────────────────────────────────────────────────────────────────╯

[0;0H╭──────────────────────────────────────────────────────────────────────────────╮
│  PufferLib 3.0      🐡        CPU: 5.8%    GPU:     DRAM: 0.2%        VRAM:  │
│                                            77.7%                      21.3%  │
│                                                                              │
│  Summary          Value    Evaluate  4m 15s  28%    Losses            Value  │
│  Env       puffer_drive      Forwa…      7s   4%    behavior_pred…    0.012  │
│  Params          747.3K      Env         4s   1%    behavior_pred…    0.229  │
│  Steps           165.2M      Copy       38s  22%    policy_loss       0.006  │
│  SPS             192.8K      Misc    3m 25s   0%    value_loss        0.002  │
│  Epoch              315    Train      2m 4s  71%    entropy           4.090  │
│  Uptime          26m 5s      Forwa…     44s  25%    old_approx_kl     0.008  │
│  Remaini…    2h 38m 38s      Learn   1m 12s  42%    approx_kl         0.006  │
│                              Copy        0s   0%    clipfrac          0.062  │
│                              Misc        7s   3%    importance        0.998  │
│                                                     explained_var…    0.990  │
│                                                                              │
│  User Stats                    Value    User Stats                    Value  │
│  n                          1043.333    score                         0.923  │
│  offroad_rate                  0.017    collision_rate                0.018  │
│  episode_length               60.900    episode_return                0.883  │
│  dnf_rate                      0.042    completion_rate               0.923  │
│  lane_alignment_rate           0.550    lane_aligned_steps           19.860  │
│  lane_distance_count          35.792    speed_limit_rate              0.349  │
│  lane_distance_avg             0.965    velocity_reward_total         0.000  │
│  comfort_violations           92.318    offroad_per_agent             0.017  │
│  collisions_per_agent          0.018    goals_sampled_this_ep…        1.000  │
│  goals_reached_this_ep…        0.923    speed_at_goal                12.320  │
╰──────────────────────────────────────────────────────────────────────────────╯

[0;0H╭──────────────────────────────────────────────────────────────────────────────╮
│  PufferLib 3.0     🐡         CPU: 5.7%    GPU:     DRAM: 0.2%        VRAM:  │
│                                            78.0%                      21.3%  │
│                                                                              │
│  Summary          Value    Evaluate  4m 16s  28%    Losses            Value  │
│  Env       puffer_drive      Forwa…      7s   4%    behavior_pred…    0.012  │
│  Params          747.3K      Env         5s   1%    behavior_pred…    0.280  │
│  Steps           165.7M      Copy       38s  22%    policy_loss       0.008  │
│  SPS             192.9K      Misc    3m 25s   0%    value_loss        0.003  │
│  Epoch              316    Train      2m 6s  71%    entropy           4.089  │
│  Uptime          26m 7s      Forwa…     44s  25%    old_approx_kl     0.009  │
│  Remaini…    2h 38m 31s      Learn   1m 13s  42%    approx_kl         0.006  │
│                              Copy        0s   0%    clipfrac          0.061  │
│                              Misc        7s   3%    importance        0.997  │
│                                                     explained_var…    0.984  │
│                                                                              │
│  User Stats                    Value    User Stats                    Value  │
│  n                          1025.000    score                         0.940  │
│  offroad_rate                  0.038    collision_rate                0.017  │
│  episode_length               58.471    episode_return                0.897  │
│  dnf_rate                      0.006    completion_rate               0.940  │
│  lane_alignment_rate           0.534    lane_aligned_steps           19.441  │
│  lane_distance_count          34.594    speed_limit_rate              0.319  │
│  lane_distance_avg             0.926    velocity_reward_total         0.000  │
│  comfort_violations           89.121    offroad_per_agent             0.038  │
│  collisions_per_agent          0.017    goals_sampled_this_ep…        1.000  │
│  goals_reached_this_ep…        0.940    speed_at_goal                11.896  │
╰──────────────────────────────────────────────────────────────────────────────╯

[0;0H╭──────────────────────────────────────────────────────────────────────────────╮
│  PufferLib 3.0    🐡          CPU: 5.5%    GPU:     DRAM: 0.2%        VRAM:  │
│                                            78.2%                      21.3%  │
│                                                                              │
│  Summary          Value    Evaluate  4m 16s  28%    Losses            Value  │
│  Env       puffer_drive      Forwa…      7s   4%    behavior_pred…    0.013  │
│  Params          747.3K      Env         5s   1%    behavior_pred…    0.294  │
│  Steps           166.2M      Copy       38s  22%    policy_loss       0.011  │
│  SPS             192.6K      Misc    3m 25s   0%    value_loss        0.003  │
│  Epoch              317    Train      2m 6s  71%    entropy           4.097  │
│  Uptime         26m 10s      Forwa…     44s  25%    old_approx_kl     0.011  │
│  Remaini…    2h 38m 41s      Learn   1m 13s  42%    approx_kl         0.007  │
│                              Copy        0s   0%    clipfrac          0.067  │
│                              Misc        7s   3%    importance        0.996  │
│                                                     explained_var…    0.980  │
│                                                                              │
│  User Stats                    Value    User Stats                    Value  │
│  n                          1116.733    score                         0.938  │
│  offroad_rate                  0.021    collision_rate                0.019  │
│  episode_length               65.367    episode_return                0.897  │
│  dnf_rate                      0.022    completion_rate               0.938  │
│  lane_alignment_rate           0.542    lane_aligned_steps           20.853  │
│  lane_distance_count          38.567    speed_limit_rate              0.423  │
│  lane_distance_avg             0.979    velocity_reward_total         0.000  │
│  comfort_violations          100.547    offroad_per_agent             0.021  │
│  collisions_per_agent          0.019    goals_sampled_this_ep…        1.000  │
│  goals_reached_this_ep…        0.938    speed_at_goal                13.442  │
╰──────────────────────────────────────────────────────────────────────────────╯

[0;0H╭──────────────────────────────────────────────────────────────────────────────╮
│  PufferLib 3.0   🐡           CPU: 5.8%    GPU:     DRAM: 0.2%        VRAM:  │
│                                            78.0%                      21.3%  │
│                                                                              │
│  Summary          Value    Evaluate  4m 16s  28%    Losses            Value  │
│  Env       puffer_drive      Forwa…      7s   4%    behavior_pred…    0.012  │
│  Params          747.3K      Env         5s   1%    behavior_pred…    0.264  │
│  Steps           166.7M      Copy       38s  22%    policy_loss       0.007  │
│  SPS             191.5K      Misc    3m 25s   0%    value_loss        0.002  │
│  Epoch              318    Train      2m 6s  71%    entropy           4.086  │
│  Uptime         26m 13s      Forwa…     44s  25%    old_approx_kl     0.010  │
│  Remaini…    2h 39m 31s      Learn   1m 13s  42%    approx_kl         0.007  │
│                              Copy        0s   0%    clipfrac          0.059  │
│                              Misc        7s   3%    importance        0.996  │
│                                                     explained_var…    0.986  │
│                                                                              │
│  User Stats                    Value    User Stats                    Value  │
│  n                          1116.733    score                         0.938  │
│  offroad_rate                  0.021    collision_rate                0.019  │
│  episode_length               65.367    episode_return                0.897  │
│  dnf_rate                      0.022    completion_rate               0.938  │
│  lane_alignment_rate           0.542    lane_aligned_steps           20.853  │
│  lane_distance_count          38.567    speed_limit_rate              0.423  │
│  lane_distance_avg             0.979    velocity_reward_total         0.000  │
│  comfort_violations          100.547    offroad_per_agent             0.021  │
│  collisions_per_agent          0.019    goals_sampled_this_ep…        1.000  │
│  goals_reached_this_ep…        0.938    speed_at_goal                13.442  │
╰──────────────────────────────────────────────────────────────────────────────╯

[0;0H╭──────────────────────────────────────────────────────────────────────────────╮
│  PufferLib 3.0  🐡            CPU: 5.8%    GPU:     DRAM: 0.3%        VRAM:  │
│                                            78.1%                      21.3%  │
│                                                                              │
│  Summary          Value    Evaluate  4m 16s  28%    Losses            Value  │
│  Env       puffer_drive      Forwa…      7s   4%    behavior_pred…    0.013  │
│  Params          747.3K      Env         5s   1%    behavior_pred…    0.273  │
│  Steps           167.2M      Copy       38s  22%    policy_loss       0.001  │
│  SPS             191.8K      Misc    3m 25s   0%    value_loss        0.003  │
│  Epoch              319    Train      2m 6s  71%    entropy           4.094  │
│  Uptime         26m 16s      Forwa…     44s  25%    old_approx_kl     0.010  │
│  Remaini…    2h 39m 13s      Learn   1m 13s  42%    approx_kl         0.007  │
│                              Copy        0s   0%    clipfrac          0.058  │
│                              Misc        7s   3%    importance        0.997  │
│                                                     explained_var…    0.983  │
│                                                                              │
│  User Stats                    Value    User Stats                    Value  │
│  n                          1037.562    score                         0.943  │
│  offroad_rate                  0.030    collision_rate                0.016  │
│  episode_length               59.179    episode_return                0.903  │
│  dnf_rate                      0.011    completion_rate               0.943  │
│  lane_alignment_rate           0.549    lane_aligned_steps           19.916  │
│  lane_distance_count          35.371    speed_limit_rate              0.339  │
│  lane_distance_avg             0.936    velocity_reward_total         0.000  │
│  comfort_violations           90.918    offroad_per_agent             0.030  │
│  collisions_per_agent          0.016    goals_sampled_this_ep…        1.000  │
│  goals_reached_this_ep…        0.943    speed_at_goal                12.100  │
╰──────────────────────────────────────────────────────────────────────────────╯

[0;0H╭──────────────────────────────────────────────────────────────────────────────╮
│  PufferLib 3.0 🐡             CPU: 5.7%    GPU:     DRAM: 0.3%        VRAM:  │
│                                            78.3%                      21.3%  │
│                                                                              │
│  Summary          Value    Evaluate  4m 16s  28%    Losses            Value  │
│  Env       puffer_drive      Forwa…      7s   4%    behavior_pred…    0.012  │
│  Params          747.3K      Env         5s   1%    behavior_pred…    0.285  │
│  Steps           167.8M      Copy       38s  22%    policy_loss       0.004  │
│  SPS             193.0K      Misc    3m 25s   0%    value_loss        0.003  │
│  Epoch              320    Train      2m 6s  71%    entropy           4.084  │
│  Uptime         26m 18s      Forwa…     44s  25%    old_approx_kl     0.010  │
│  Remaini…    2h 38m 11s      Learn   1m 13s  42%    approx_kl         0.006  │
│                              Copy        0s   0%    clipfrac          0.051  │
│                              Misc        7s   3%    importance        0.996  │
│                                                     explained_var…    0.983  │
│                                                                              │
│  User Stats                    Value    User Stats                    Value  │
│  n                          1037.562    score                         0.943  │
│  offroad_rate                  0.030    collision_rate                0.016  │
│  episode_length               59.179    episode_return                0.903  │
│  dnf_rate                      0.011    completion_rate               0.943  │
│  lane_alignment_rate           0.549    lane_aligned_steps           19.916  │
│  lane_distance_count          35.371    speed_limit_rate              0.339  │
│  lane_distance_avg             0.936    velocity_reward_total         0.000  │
│  comfort_violations           90.918    offroad_per_agent             0.030  │
│  collisions_per_agent          0.016    goals_sampled_this_ep…        1.000  │
│  goals_reached_this_ep…        0.943    speed_at_goal                12.100  │
╰──────────────────────────────────────────────────────────────────────────────╯

[0;0H╭──────────────────────────────────────────────────────────────────────────────╮
│  PufferLib 3.0          🐡    CPU: 5.3%    GPU:     DRAM: 0.3%        VRAM:  │
│                                            82.9%                      21.3%  │
│                                                                              │
│  Summary          Value    Evaluate  4m 17s  28%    Losses            Value  │
│  Env       puffer_drive      Forwa…      7s   4%    behavior_pred…    0.012  │
│  Params          747.3K      Env         5s   1%    behavior_pred…    0.253  │
│  Steps           168.3M      Copy       39s  22%    policy_loss       0.003  │
│  SPS             192.7K      Misc    3m 25s   0%    value_loss        0.002  │
│  Epoch              321    Train      2m 8s  71%    entropy           4.078  │
│  Uptime         26m 21s      Forwa…     45s  25%    old_approx_kl     0.008  │
│  Remaini…    2h 38m 23s      Learn   1m 14s  42%    approx_kl         0.005  │
│                              Copy        0s   0%    clipfrac          0.041  │
│                              Misc        7s   3%    importance        0.997  │
│                                                     explained_var…    0.987  │
│                                                                              │
│  User Stats                    Value    User Stats                    Value  │
│  n                          1039.375    score                         0.923  │
│  offroad_rate                  0.036    collision_rate                0.017  │
│  episode_length               63.674    episode_return                0.876  │
│  dnf_rate                      0.023    completion_rate               0.923  │
│  lane_alignment_rate           0.531    lane_aligned_steps           19.989  │
│  lane_distance_count          37.247    speed_limit_rate              0.387  │
│  lane_distance_avg             0.997    velocity_reward_total         0.000  │
│  comfort_violations           96.397    offroad_per_agent             0.036  │
│  collisions_per_agent          0.017    goals_sampled_this_ep…        1.000  │
│  goals_reached_this_ep…        0.923    speed_at_goal                12.577  │
╰──────────────────────────────────────────────────────────────────────────────╯

[0;0H╭──────────────────────────────────────────────────────────────────────────────╮
│  PufferLib 3.0         🐡     CPU: 5.4%    GPU:     DRAM: 0.3%        VRAM:  │
│                                            83.1%                      21.3%  │
│                                                                              │
│  Summary          Value    Evaluate  4m 17s  28%    Losses            Value  │
│  Env       puffer_drive      Forwa…      7s   4%    behavior_pred…    0.013  │
│  Params          747.3K      Env         5s   1%    behavior_pred…    0.280  │
│  Steps           168.8M      Copy       39s  22%    policy_loss       0.006  │
│  SPS             192.6K      Misc    3m 25s   0%    value_loss        0.003  │
│  Epoch              322    Train      2m 8s  71%    entropy           4.074  │
│  Uptime         26m 24s      Forwa…     45s  25%    old_approx_kl     0.008  │
│  Remaini…    2h 38m 28s      Learn   1m 14s  42%    approx_kl         0.005  │
│                              Copy        0s   0%    clipfrac          0.044  │
│                              Misc        7s   3%    importance        0.997  │
│                                                     explained_var…    0.982  │
│                                                                              │
│  User Stats                    Value    User Stats                    Value  │
│  n                          1046.500    score                         0.917  │
│  offroad_rate                  0.036    collision_rate                0.021  │
│  episode_length               63.442    episode_return                0.860  │
│  dnf_rate                      0.026    completion_rate               0.917  │
│  lane_alignment_rate           0.541    lane_aligned_steps           19.005  │
│  lane_distance_count          36.963    speed_limit_rate              0.376  │
│  lane_distance_avg             1.038    velocity_reward_total         0.000  │
│  comfort_violations           95.582    offroad_per_agent             0.036  │
│  collisions_per_agent          0.021    goals_sampled_this_ep…        1.000  │
│  goals_reached_this_ep…        0.917    speed_at_goal                12.408  │
╰──────────────────────────────────────────────────────────────────────────────╯

[0;0H╭──────────────────────────────────────────────────────────────────────────────╮
│  PufferLib 3.0        🐡      CPU: 5.3%    GPU:     DRAM: 0.3%        VRAM:  │
│                                            83.6%                      21.3%  │
│                                                                              │
│  Summary          Value    Evaluate  4m 17s  28%    Losses            Value  │
│  Env       puffer_drive      Forwa…      7s   4%    behavior_pred…    0.012  │
│  Params          747.3K      Env         5s   1%    behavior_pred…    0.274  │
│  Steps           169.3M      Copy       39s  22%    policy_loss       0.006  │
│  SPS             192.8K      Misc    3m 25s   0%    value_loss        0.003  │
│  Epoch              323    Train      2m 8s  71%    entropy           4.069  │
│  Uptime         26m 27s      Forwa…     45s  25%    old_approx_kl     0.009  │
│  Remaini…    2h 38m 17s      Learn   1m 14s  42%    approx_kl         0.005  │
│                              Copy        0s   0%    clipfrac          0.044  │
│                              Misc        7s   3%    importance        0.997  │
│                                                     explained_var…    0.985  │
│                                                                              │
│  User Stats                    Value    User Stats                    Value  │
│  n                          1033.286    score                         0.924  │
│  offroad_rate                  0.033    collision_rate                0.019  │
│  episode_length               65.161    episode_return                0.872  │
│  dnf_rate                      0.024    completion_rate               0.924  │
│  lane_alignment_rate           0.537    lane_aligned_steps           20.103  │
│  lane_distance_count          38.057    speed_limit_rate              0.415  │
│  lane_distance_avg             0.991    velocity_reward_total         0.000  │
│  comfort_violations           99.074    offroad_per_agent             0.033  │
│  collisions_per_agent          0.019    goals_sampled_this_ep…        1.000  │
│  goals_reached_this_ep…        0.924    speed_at_goal                13.081  │
╰──────────────────────────────────────────────────────────────────────────────╯

