map_id,total_reward,num_steps,goal_reached,collision_rate,at_fault_collision_rate,offroad_rate,final_goal_distance,avg_planning_time_ms,total_time_s,mean_speed_mps,score_comfort,score_l_align,score_l_center,r_collision,r_offroad,r_goal,r_jerk_legacy,r_velocity,r_comfort,r_l_align,r_l_center,r_timestep,r_reverse,r_speed_limit,raw_collision,raw_offroad,raw_goal,raw_jerk_legacy,raw_velocity,raw_comfort,raw_l_align,raw_l_center,raw_timestep,raw_reverse,raw_speed_limit
3,-0.27,90,False,0.0%,0.0%,0.0%,0.12,1.0,7.38,6.905,0.9926,0.9556,0.8983,+0.0000,+0.0000,+0.0000,+0.0000,+0.0000,-0.2000,-0.0283,-0.0379,+0.0000,+0.0000,+0.0000,+0.0000,+0.0000,+0.0000,+0.0000,+0.0000,+2.0000,-1.1338,+5.0554,+9.0000,+0.0000,+0.0000
5,0.10,8,True,0.0%,0.0%,0.0%,0.01,0.7,5.35,19.149,0.9583,0.7500,0.8787,+0.0000,+0.0000,+1.0000,+0.0000,+0.0000,-0.1000,+0.0000,-0.0041,+0.0000,+0.0000,-0.8000,+0.0000,+0.0000,+1.0000,+0.0000,+0.0000,+1.0000,+0.0020,+0.5526,+0.8000,+0.0000,+8.0000
6,1.00,1,True,0.0%,0.0%,0.0%,inf,1.1,4.99,0.000,0.6667,1.0000,0.9925,+0.0000,+0.0000,+1.0000,+0.0000,+0.0000,+0.0000,+0.0000,+0.0000,+0.0000,+0.0000,+0.0000,+0.0000,+0.0000,+1.0000,+0.0000,+0.0000,+1.0000,+0.0002,-0.0066,+0.1000,+0.1000,+0.0000
7,-1.22,90,False,0.0%,0.0%,0.0%,0.19,0.8,6.80,8.293,0.9926,0.3222,0.7109,+0.0000,+0.0000,+0.0000,+0.0000,+0.0000,-0.2000,-1.0032,-0.0193,+0.0000,+0.0000,+0.0000,+0.0000,+0.0000,+0.0000,+0.0000,+0.0000,+2.0000,-40.1263,+2.5775,+9.0000,+0.0000,+0.0000
9,-0.03,90,False,0.0%,0.0%,0.0%,0.30,0.7,6.09,0.199,1.0000,1.0000,0.9732,+0.0000,+0.0000,+0.0000,+0.0000,+0.0000,+0.0000,+0.0006,-0.0342,+0.0000,+0.0000,+0.0000,+0.0000,+0.0000,+0.0000,+0.0000,+0.0000,+0.0000,+0.0224,+4.5564,+9.0000,+0.0000,+0.0000
10,-0.01,90,False,0.0%,0.0%,0.0%,0.24,0.7,6.31,7.647,1.0000,0.9889,0.8288,+0.0000,+0.0000,+0.0000,+0.0000,+0.0000,+0.0000,+0.0004,-0.0111,+0.0000,+0.0000,+0.0000,+0.0000,+0.0000,+0.0000,+0.0000,+0.0000,+0.0000,+0.0177,+1.4769,+9.0000,+0.0000,+0.0000
12,0.78,24,True,0.0%,0.0%,0.0%,0.01,0.6,5.03,1.420,0.9722,1.0000,0.7589,+0.0000,+0.0000,+1.0000,+0.0000,+0.0000,-0.2000,+0.0001,-0.0171,+0.0000,+0.0000,+0.0000,+0.0000,+0.0000,+1.0000,+0.0000,+0.0000,+2.0000,+0.0056,+2.2827,+2.4000,+0.0000,+0.0000
13,0.90,1,True,0.0%,0.0%,0.0%,inf,1.1,4.83,0.121,0.6667,1.0000,0.8220,+0.0000,+0.0000,+1.0000,+0.0000,+0.0000,-0.1000,+0.0000,-0.0001,+0.0000,+0.0000,+0.0000,+0.0000,+0.0000,+1.0000,+0.0000,+0.0000,+1.0000,+0.0002,+0.0073,+0.1000,+0.0000,+0.0000
15,-0.22,90,False,0.0%,0.0%,0.0%,0.08,0.5,5.52,4.816,0.9926,1.0000,0.8946,+0.0000,+0.0000,+0.0000,+0.0000,+0.0000,-0.2000,+0.0006,-0.0208,+0.0000,+0.0000,+0.0000,+0.0000,+0.0000,+0.0000,+0.0000,+0.0000,+2.0000,+0.0222,+2.7715,+9.0000,+0.0000,+0.0000
17,1.00,1,True,0.0%,0.0%,0.0%,inf,1.1,5.24,0.000,1.0000,0.0000,0.0000,+0.0000,+0.0000,+1.0000,+0.0000,+0.0000,+0.0000,-0.0025,+0.0000,+0.0000,+0.0000,+0.0000,+0.0000,+0.0000,+1.0000,+0.0000,+0.0000,+0.0000,-0.1003,+0.0000,+0.0000,+0.0000,+0.0000
18,1.00,1,True,0.0%,0.0%,0.0%,inf,1.1,4.89,0.000,1.0000,0.0000,0.0000,+0.0000,+0.0000,+1.0000,+0.0000,+0.0000,+0.0000,-0.0025,+0.0000,+0.0000,+0.0000,+0.0000,+0.0000,+0.0000,+1.0000,+0.0000,+0.0000,+0.0000,-0.1003,+0.0000,+0.0000,+0.0000,+0.0000
21,1.00,1,True,0.0%,0.0%,0.0%,inf,1.1,5.04,0.000,1.0000,0.0000,0.0000,+0.0000,+0.0000,+1.0000,+0.0000,+0.0000,+0.0000,-0.0025,+0.0000,+0.0000,+0.0000,+0.0000,+0.0000,+0.0000,+1.0000,+0.0000,+0.0000,+0.0000,-0.1003,+0.0000,+0.0000,+0.0000,+0.0000
22,1.00,1,True,0.0%,0.0%,0.0%,inf,0.8,5.07,0.000,1.0000,1.0000,0.7904,+0.0000,+0.0000,+1.0000,+0.0000,+0.0000,+0.0000,+0.0000,-0.0007,+0.0000,+0.0000,+0.0000,+0.0000,+0.0000,+1.0000,+0.0000,+0.0000,+0.0000,+0.0002,+0.0886,+0.0000,+0.0000,+0.0000
24,1.00,1,True,0.0%,0.0%,0.0%,inf,1.1,5.22,0.000,1.0000,0.0000,0.0000,+0.0000,+0.0000,+1.0000,+0.0000,+0.0000,+0.0000,-0.0025,+0.0000,+0.0000,+0.0000,+0.0000,+0.0000,+0.0000,+1.0000,+0.0000,+0.0000,+0.0000,-0.1003,+0.0000,+0.0000,+0.0000,+0.0000
27,0.00,1,False,0.0%,0.0%,0.0%,inf,1.1,5.09,0.000,1.0000,0.0000,1.0000,+0.0000,+0.0000,+0.0000,+0.0000,+0.0000,+0.0000,+0.0000,+0.0000,+0.0000,+0.0000,+0.0000,+0.0000,+0.0000,+0.0000,+0.0000,+0.0000,+0.0000,+0.0000,+0.0000,+0.0000,+0.0000,+0.0000
28,-0.33,90,False,0.0%,0.0%,0.0%,0.02,0.6,5.86,12.583,0.9889,1.0000,0.5931,+0.0000,+0.0000,+0.0000,+0.0000,+0.0000,-0.3000,+0.0006,-0.0336,+0.0000,+0.0000,+0.0000,+0.0000,+0.0000,+0.0000,+0.0000,+0.0000,+3.0000,+0.0223,+4.4799,+9.0000,+0.0000,+0.0000
29,0.70,1,True,0.0%,0.0%,0.0%,inf,1.2,5.42,0.666,0.0000,0.0000,0.4984,+0.0000,+0.0000,+1.0000,+0.0000,+0.0000,-0.3000,+0.0000,-0.0011,+0.0000,-0.0008,+0.0000,+0.0000,+0.0000,+1.0000,+0.0000,+0.0000,+3.0000,+0.0001,+0.1485,+0.1000,+0.1000,+0.0000
31,1.00,1,True,0.0%,0.0%,0.0%,inf,1.1,4.99,0.000,1.0000,0.0000,0.0000,+0.0000,+0.0000,+1.0000,+0.0000,+0.0000,+0.0000,-0.0025,+0.0000,+0.0000,+0.0000,+0.0000,+0.0000,+0.0000,+1.0000,+0.0000,+0.0000,+0.0000,-0.1003,+0.0000,+0.0000,+0.0000,+0.0000
32,1.00,1,True,0.0%,0.0%,0.0%,inf,0.9,4.99,0.000,1.0000,0.0000,0.0000,+0.0000,+0.0000,+1.0000,+0.0000,+0.0000,+0.0000,-0.0025,+0.0000,+0.0000,+0.0000,+0.0000,+0.0000,+0.0000,+1.0000,+0.0000,+0.0000,+0.0000,-0.1003,+0.0000,+0.0000,+0.0000,+0.0000
33,0.00,1,False,0.0%,0.0%,0.0%,inf,1.1,4.93,0.000,1.0000,0.0000,1.0000,+0.0000,+0.0000,+0.0000,+0.0000,+0.0000,+0.0000,+0.0000,+0.0000,+0.0000,+0.0000,+0.0000,+0.0000,+0.0000,+0.0000,+0.0000,+0.0000,+0.0000,+0.0000,+0.0000,+0.0000,+0.0000,+0.0000
35,-3.22,35,False,0.0%,0.0%,100.0%,0.37,0.8,5.11,6.958,0.9810,1.0000,0.5854,+0.0000,-3.0000,+0.0000,+0.0000,+0.0000,-0.2000,+0.0002,-0.0207,+0.0000,+0.0000,+0.0000,+0.0000,+1.0000,+0.0000,+0.0000,+0.0000,+2.0000,+0.0077,+2.7643,+3.5000,+0.0000,+0.0000
37,-8.05,90,False,0.0%,0.0%,0.0%,0.08,0.5,5.44,19.683,0.9963,1.0000,0.8788,+0.0000,+0.0000,+0.0000,+0.0000,+0.0000,-0.1000,+0.0006,-0.0474,+0.0000,+0.0000,-7.9000,+0.0000,+0.0000,+0.0000,+0.0000,+0.0000,+1.0000,+0.0225,+6.3192,+9.0000,+0.0000,+79.0000
39,-0.91,90,False,0.0%,0.0%,0.0%,0.23,0.7,6.37,8.793,0.9778,0.5333,0.6226,+0.0000,+0.0000,+0.0000,+0.0000,+0.0000,-0.6000,-0.2553,-0.0536,+0.0000,+0.0000,+0.0000,+0.0000,+0.0000,+0.0000,+0.0000,+0.0000,+6.0000,-10.2132,+7.1486,+9.0000,+0.0000,+0.0000
42,-0.33,90,False,0.0%,0.0%,0.0%,0.06,0.7,6.77,13.305,0.9889,1.0000,0.9672,+0.0000,+0.0000,+0.0000,+0.0000,+0.0000,-0.3000,+0.0006,-0.0305,+0.0000,+0.0000,+0.0000,+0.0000,+0.0000,+0.0000,+0.0000,+0.0000,+3.0000,+0.0224,+4.0607,+9.0000,+0.0000,+0.0000
45,1.00,1,True,0.0%,0.0%,0.0%,inf,1.1,5.32,0.000,1.0000,1.0000,0.9046,+0.0000,+0.0000,+1.0000,+0.0000,+0.0000,+0.0000,+0.0000,-0.0005,+0.0000,+0.0000,+0.0000,+0.0000,+0.0000,+1.0000,+0.0000,+0.0000,+0.0000,+0.0002,+0.0649,+0.0000,+0.0000,+0.0000
46,-4.07,26,False,100.0%,100.0%,0.0%,0.37,0.6,4.70,10.420,1.0000,0.6538,0.8478,-4.0420,+0.0000,+0.0000,+0.0000,+0.0000,+0.0000,-0.0182,-0.0062,+0.0000,+0.0000,+0.0000,+1.0000,+0.0000,+0.0000,+0.0000,+0.0000,+0.0000,-0.7286,+0.8300,+2.6000,+0.0000,+0.0000
48,1.00,1,True,0.0%,0.0%,0.0%,inf,1.0,4.83,0.000,1.0000,0.0000,0.0000,+0.0000,+0.0000,+1.0000,+0.0000,+0.0000,+0.0000,-0.0025,+0.0000,+0.0000,+0.0000,+0.0000,+0.0000,+0.0000,+1.0000,+0.0000,+0.0000,+0.0000,-0.1003,+0.0000,+0.0000,+0.0000,+0.0000
49,1.00,1,True,0.0%,0.0%,0.0%,inf,0.9,4.70,0.000,1.0000,0.0000,0.0000,+0.0000,+0.0000,+1.0000,+0.0000,+0.0000,+0.0000,-0.0025,+0.0000,+0.0000,+0.0000,+0.0000,+0.0000,+0.0000,+1.0000,+0.0000,+0.0000,+0.0000,-0.1003,+0.0000,+0.0000,+0.0000,+0.0000
50,1.00,1,True,0.0%,0.0%,0.0%,inf,1.1,4.74,0.039,1.0000,1.0000,0.9899,+0.0000,+0.0000,+1.0000,+0.0000,+0.0000,+0.0000,+0.0000,-0.0003,+0.0000,-0.0008,+0.0000,+0.0000,+0.0000,+1.0000,+0.0000,+0.0000,+0.0000,+0.0002,+0.0429,+0.1000,+0.1000,+0.0000
53,-0.03,90,False,0.0%,0.0%,0.0%,0.16,0.6,5.83,6.563,1.0000,0.8667,0.6487,+0.0000,+0.0000,+0.0000,+0.0000,+0.0000,+0.0000,-0.0233,-0.0104,+0.0000,+0.0000,+0.0000,+0.0000,+0.0000,+0.0000,+0.0000,+0.0000,+0.0000,-0.9321,+1.3887,+9.0000,+0.0000,+0.0000
54,1.00,1,True,0.0%,0.0%,0.0%,inf,1.1,4.93,0.000,1.0000,0.0000,0.0000,+0.0000,+0.0000,+1.0000,+0.0000,+0.0000,+0.0000,-0.0025,+0.0000,+0.0000,+0.0000,+0.0000,+0.0000,+0.0000,+1.0000,+0.0000,+0.0000,+0.0000,-0.1003,+0.0000,+0.0000,+0.0000,+0.0000
55,-0.04,90,False,0.0%,0.0%,0.0%,0.33,0.5,5.19,3.223,1.0000,0.9444,0.9786,+0.0000,+0.0000,+0.0000,+0.0000,+0.0000,+0.0000,-0.0127,-0.0291,+0.0000,+0.0000,+0.0000,+0.0000,+0.0000,+0.0000,+0.0000,+0.0000,+0.0000,-0.5084,+3.8859,+9.0000,+0.0000,+0.0000
57,-4.87,86,True,0.0%,0.0%,0.0%,0.01,0.6,5.95,15.125,0.9884,0.9535,0.8694,+0.0000,+0.0000,+1.0000,+0.0000,+0.0000,-0.3000,-0.0333,-0.0387,+0.0000,+0.0000,-5.5000,+0.0000,+0.0000,+1.0000,+0.0000,+0.0000,+3.0000,-1.3339,+5.1570,+8.6000,+0.0000,+55.0000
58,0.90,1,True,0.0%,0.0%,0.0%,inf,1.1,4.91,3.499,0.6667,1.0000,0.5053,+0.0000,+0.0000,+1.0000,+0.0000,+0.0000,-0.1000,+0.0000,-0.0003,+0.0000,+0.0000,+0.0000,+0.0000,+0.0000,+1.0000,+0.0000,+0.0000,+1.0000,+0.0002,+0.0439,+0.1000,+0.0000,+0.0000
59,0.00,1,False,0.0%,0.0%,0.0%,inf,1.0,4.93,0.000,1.0000,0.0000,1.0000,+0.0000,+0.0000,+0.0000,+0.0000,+0.0000,+0.0000,+0.0000,+0.0000,+0.0000,+0.0000,+0.0000,+0.0000,+0.0000,+0.0000,+0.0000,+0.0000,+0.0000,+0.0000,+0.0000,+0.0000,+0.0000,+0.0000
66,-0.57,90,False,0.0%,0.0%,0.0%,0.14,0.7,6.62,9.914,0.9815,0.8111,0.6379,+0.0000,+0.0000,+0.0000,+0.0000,+0.0000,-0.5000,-0.0190,-0.0467,+0.0000,+0.0000,+0.0000,+0.0000,+0.0000,+0.0000,+0.0000,+0.0000,+5.0000,-0.7600,+6.2265,+9.0000,+0.0000,+0.0000
68,1.00,1,True,0.0%,0.0%,0.0%,inf,1.1,5.00,0.000,1.0000,1.0000,0.0694,+0.0000,+0.0000,+1.0000,+0.0000,+0.0000,+0.0000,+0.0000,-0.0010,+0.0000,+0.0000,+0.0000,+0.0000,+0.0000,+1.0000,+0.0000,+0.0000,+0.0000,+0.0002,+0.1340,+0.0000,+0.0000,+0.0000
70,0.88,48,True,0.0%,0.0%,0.0%,0.01,0.6,5.66,11.529,0.9931,1.0000,0.8900,+0.0000,+0.0000,+1.0000,+0.0000,+0.0000,-0.1000,+0.0003,-0.0245,+0.0000,+0.0000,+0.0000,+0.0000,+0.0000,+1.0000,+0.0000,+0.0000,+1.0000,+0.0120,+3.2630,+4.8000,+0.0000,+0.0000
71,-4.05,16,False,100.0%,100.0%,0.0%,0.26,0.8,5.46,7.096,0.9583,0.0000,0.8170,-3.7096,+0.0000,+0.0000,+0.0000,+0.0000,-0.2000,-0.1341,-0.0022,+0.0000,+0.0000,+0.0000,+1.0000,+0.0000,+0.0000,+0.0000,+0.0000,+2.0000,-5.3640,+0.2919,+1.6000,+0.0000,+0.0000
73,-0.24,90,False,0.0%,0.0%,0.0%,0.31,0.7,6.04,5.004,0.9926,0.8889,0.9123,+0.0000,+0.0000,+0.0000,+0.0000,+0.0000,-0.2000,-0.0242,-0.0190,+0.0000,+0.0000,+0.0000,+0.0000,+0.0000,+0.0000,+0.0000,+0.0000,+2.0000,-0.9686,+2.5324,+9.0000,+0.0000,+0.0000
74,1.00,1,True,0.0%,0.0%,0.0%,inf,1.2,5.10,0.000,1.0000,0.0000,0.0000,+0.0000,+0.0000,+1.0000,+0.0000,+0.0000,+0.0000,-0.0025,+0.0000,+0.0000,+0.0000,+0.0000,+0.0000,+0.0000,+1.0000,+0.0000,+0.0000,+0.0000,-0.1003,+0.0000,+0.0000,+0.0000,+0.0000
75,-0.02,90,False,0.0%,0.0%,0.0%,0.16,0.5,5.22,8.320,1.0000,0.8222,0.9335,+0.0000,+0.0000,+0.0000,+0.0000,+0.0000,+0.0000,-0.0021,-0.0204,+0.0000,+0.0000,+0.0000,+0.0000,+0.0000,+0.0000,+0.0000,+0.0000,+0.0000,-0.0820,+2.7165,+9.0000,+0.0000,+0.0000
76,-5.12,13,False,100.0%,100.0%,0.0%,0.12,0.7,5.07,15.034,0.9487,0.7692,0.9660,-4.3165,+0.0000,+0.0000,+0.0000,+0.0000,-0.2000,-0.0002,-0.0035,+0.0000,+0.0000,-0.6000,+1.0000,+0.0000,+0.0000,+0.0000,+0.0000,+2.0000,-0.0085,+0.4688,+1.3000,+0.0000,+6.0000
77,0.90,1,True,0.0%,0.0%,0.0%,inf,1.4,5.65,0.916,0.6667,0.0000,0.0000,+0.0000,+0.0000,+1.0000,+0.0000,+0.0000,-0.1000,-0.0048,+0.0000,+0.0000,+0.0000,+0.0000,+0.0000,+0.0000,+1.0000,+0.0000,+0.0000,+1.0000,-0.1919,+0.0000,+0.1000,+0.0000,+0.0000
78,1.00,1,True,0.0%,0.0%,0.0%,inf,0.9,7.27,0.000,1.0000,0.0000,0.0000,+0.0000,+0.0000,+1.0000,+0.0000,+0.0000,+0.0000,-0.0025,+0.0000,+0.0000,+0.0000,+0.0000,+0.0000,+0.0000,+1.0000,+0.0000,+0.0000,+0.0000,-0.1003,+0.0000,+0.0000,+0.0000,+0.0000
79,1.00,1,True,0.0%,0.0%,0.0%,inf,1.2,5.39,0.000,1.0000,0.0000,0.0000,+0.0000,+0.0000,+1.0000,+0.0000,+0.0000,+0.0000,-0.0025,+0.0000,+0.0000,+0.0000,+0.0000,+0.0000,+0.0000,+1.0000,+0.0000,+0.0000,+0.0000,-0.1003,+0.0000,+0.0000,+0.0000,+0.0000
82,-1.36,90,False,0.0%,0.0%,0.0%,0.35,0.9,7.23,8.892,0.9926,0.3111,0.6164,+0.0000,+0.0000,+0.0000,+0.0000,+0.0000,-0.2000,-1.1516,-0.0097,+0.0000,+0.0000,+0.0000,+0.0000,+0.0000,+0.0000,+0.0000,+0.0000,+2.0000,-46.0651,+1.2962,+9.0000,+0.0000,+0.0000
85,0.00,1,False,0.0%,0.0%,0.0%,inf,1.2,5.60,0.000,1.0000,0.0000,1.0000,+0.0000,+0.0000,+0.0000,+0.0000,+0.0000,+0.0000,+0.0000,+0.0000,+0.0000,+0.0000,+0.0000,+0.0000,+0.0000,+0.0000,+0.0000,+0.0000,+0.0000,+0.0000,+0.0000,+0.0000,+0.0000,+0.0000
86,1.00,1,True,0.0%,0.0%,0.0%,inf,1.3,5.41,0.000,1.0000,0.0000,0.0000,+0.0000,+0.0000,+1.0000,+0.0000,+0.0000,+0.0000,-0.0025,+0.0000,+0.0000,+0.0000,+0.0000,+0.0000,+0.0000,+1.0000,+0.0000,+0.0000,+0.0000,-0.1003,+0.0000,+0.0000,+0.0000,+0.0000
88,0.00,1,False,0.0%,0.0%,0.0%,inf,1.2,5.23,0.000,1.0000,0.0000,1.0000,+0.0000,+0.0000,+0.0000,+0.0000,+0.0000,+0.0000,+0.0000,+0.0000,+0.0000,+0.0000,+0.0000,+0.0000,+0.0000,+0.0000,+0.0000,+0.0000,+0.0000,+0.0000,+0.0000,+0.0000,+0.0000,+0.0000
89,1.00,1,True,0.0%,0.0%,0.0%,inf,0.9,4.88,0.000,1.0000,0.0000,0.0000,+0.0000,+0.0000,+1.0000,+0.0000,+0.0000,+0.0000,-0.0025,+0.0000,+0.0000,+0.0000,+0.0000,+0.0000,+0.0000,+1.0000,+0.0000,+0.0000,+0.0000,-0.1003,+0.0000,+0.0000,+0.0000,+0.0000
90,1.00,1,True,0.0%,0.0%,0.0%,inf,1.1,5.06,1.112,1.0000,1.0000,0.7567,+0.0000,+0.0000,+1.0000,+0.0000,+0.0000,+0.0000,+0.0000,-0.0007,+0.0000,+0.0000,+0.0000,+0.0000,+0.0000,+1.0000,+0.0000,+0.0000,+0.0000,+0.0002,+0.0956,+0.1000,+0.0000,+0.0000
93,0.90,1,True,0.0%,0.0%,0.0%,inf,1.2,5.08,2.034,0.6667,1.0000,0.8876,+0.0000,+0.0000,+1.0000,+0.0000,+0.0000,-0.1000,+0.0000,-0.0002,+0.0000,+0.0000,+0.0000,+0.0000,+0.0000,+1.0000,+0.0000,+0.0000,+1.0000,+0.0002,+0.0213,+0.1000,+0.0000,+0.0000
96,1.00,1,True,0.0%,0.0%,0.0%,inf,1.0,5.17,0.000,1.0000,0.0000,0.0000,+0.0000,+0.0000,+1.0000,+0.0000,+0.0000,+0.0000,-0.0025,+0.0000,+0.0000,+0.0000,+0.0000,+0.0000,+0.0000,+1.0000,+0.0000,+0.0000,+0.0000,-0.1003,+0.0000,+0.0000,+0.0000,+0.0000
97,-1.35,90,False,0.0%,0.0%,0.0%,0.36,0.7,5.80,6.313,0.9926,0.1444,0.6879,+0.0000,+0.0000,+0.0000,+0.0000,+0.0000,-0.2000,-1.1496,-0.0006,+0.0000,+0.0000,+0.0000,+0.0000,+0.0000,+0.0000,+0.0000,+0.0000,+2.0000,-45.9852,+0.0795,+9.0000,+0.0000,+0.0000
98,1.00,1,True,0.0%,0.0%,0.0%,inf,0.9,5.02,0.000,1.0000,0.0000,0.0000,+0.0000,+0.0000,+1.0000,+0.0000,+0.0000,+0.0000,-0.0025,+0.0000,+0.0000,+0.0000,+0.0000,+0.0000,+0.0000,+1.0000,+0.0000,+0.0000,+0.0000,-0.1003,+0.0000,+0.0000,+0.0000,+0.0000
100,-0.63,90,False,0.0%,0.0%,0.0%,0.04,0.5,5.47,13.177,0.9778,0.9778,0.7313,+0.0000,+0.0000,+0.0000,+0.0000,+0.0000,-0.6000,+0.0005,-0.0327,+0.0000,+0.0000,+0.0000,+0.0000,+0.0000,+0.0000,+0.0000,+0.0000,+6.0000,+0.0218,+4.3630,+9.0000,+0.0000,+0.0000
101,-0.84,49,True,0.0%,0.0%,0.0%,0.01,0.5,4.83,12.924,0.9864,1.0000,0.6794,+0.0000,+0.0000,+1.0000,+0.0000,+0.0000,-0.2000,+0.0003,-0.0403,+0.0000,+0.0000,-1.6000,+0.0000,+0.0000,+1.0000,+0.0000,+0.0000,+2.0000,+0.0120,+5.3756,+4.9000,+0.0000,+16.0000
105,-0.16,90,False,0.0%,0.0%,0.0%,0.18,0.7,6.11,12.962,0.9963,0.9889,0.7900,+0.0000,+0.0000,+0.0000,+0.0000,+0.0000,-0.1000,+0.0006,-0.0561,+0.0000,+0.0000,+0.0000,+0.0000,+0.0000,+0.0000,+0.0000,+0.0000,+1.0000,+0.0222,+7.4748,+9.0000,+0.0000,+0.0000
107,-8.41,34,False,100.0%,100.0%,0.0%,0.68,0.6,5.20,19.636,1.0000,0.8824,0.5104,-4.9636,+0.0000,+0.0000,+0.0000,+0.0000,+0.0000,-0.0096,-0.0323,+0.0000,+0.0000,-3.4000,+1.0000,+0.0000,+0.0000,+0.0000,+0.0000,+0.0000,-0.3853,+4.3008,+3.4000,+0.0000,+34.0000
108,-0.22,90,False,0.0%,0.0%,0.0%,0.23,0.6,5.27,1.387,0.9926,0.9222,0.8087,+0.0000,+0.0000,+0.0000,+0.0000,+0.0000,-0.2000,-0.0210,-0.0039,+0.0000,+0.0000,+0.0000,+0.0000,+0.0000,+0.0000,+0.0000,+0.0000,+2.0000,-0.8418,+0.5188,+9.0000,+0.0000,+0.0000
110,-0.28,90,False,0.0%,0.0%,0.0%,0.18,0.6,6.40,6.021,0.9926,0.8556,0.7847,+0.0000,+0.0000,+0.0000,+0.0000,+0.0000,-0.2000,-0.0298,-0.0546,+0.0000,+0.0000,+0.0000,+0.0000,+0.0000,+0.0000,+0.0000,+0.0000,+2.0000,-1.1939,+7.2754,+9.0000,+0.0000,+0.0000
114,-0.10,90,False,0.0%,0.0%,0.0%,0.26,0.6,5.42,5.109,1.0000,0.8222,0.8927,+0.0000,+0.0000,+0.0000,+0.0000,+0.0000,+0.0000,-0.0634,-0.0383,+0.0000,+0.0000,+0.0000,+0.0000,+0.0000,+0.0000,+0.0000,+0.0000,+0.0000,-2.5352,+5.1056,+9.0000,+0.0000,+0.0000
115,-0.04,90,False,0.0%,0.0%,0.0%,0.24,0.7,6.20,5.335,1.0000,0.9778,0.9754,+0.0000,+0.0000,+0.0000,+0.0000,+0.0000,+0.0000,-0.0078,-0.0311,+0.0000,+0.0000,+0.0000,+0.0000,+0.0000,+0.0000,+0.0000,+0.0000,+0.0000,-0.3124,+4.1525,+9.0000,+0.0000,+0.0000
118,-0.61,90,False,0.0%,0.0%,0.0%,0.02,0.8,6.32,4.333,0.9926,0.6444,0.3926,+0.0000,+0.0000,+0.0000,+0.0000,+0.0000,-0.2000,-0.3402,-0.0704,+0.0000,+0.0000,+0.0000,+0.0000,+0.0000,+0.0000,+0.0000,+0.0000,+2.0000,-13.6070,+9.3838,+9.0000,+0.0000,+0.0000
119,1.00,1,True,0.0%,0.0%,0.0%,inf,0.9,5.25,0.000,1.0000,0.0000,0.0000,+0.0000,+0.0000,+1.0000,+0.0000,+0.0000,+0.0000,-0.0025,+0.0000,+0.0000,+0.0000,+0.0000,+0.0000,+0.0000,+1.0000,+0.0000,+0.0000,+0.0000,-0.1003,+0.0000,+0.0000,+0.0000,+0.0000
120,-0.28,90,False,0.0%,0.0%,0.0%,0.19,0.6,5.31,7.950,0.9926,1.0000,0.6289,+0.0000,+0.0000,+0.0000,+0.0000,+0.0000,-0.2000,+0.0006,-0.0822,+0.0000,+0.0000,+0.0000,+0.0000,+0.0000,+0.0000,+0.0000,+0.0000,+2.0000,+0.0223,+10.9583,+9.0000,+0.0000,+0.0000
121,-0.01,90,False,0.0%,0.0%,0.0%,0.22,0.5,5.48,0.825,1.0000,1.0000,0.8505,+0.0000,+0.0000,+0.0000,+0.0000,+0.0000,+0.0000,+0.0005,-0.0090,+0.0000,+0.0000,+0.0000,+0.0000,+0.0000,+0.0000,+0.0000,+0.0000,+0.0000,+0.0220,+1.2020,+9.0000,+0.0000,+0.0000
122,0.00,1,False,0.0%,0.0%,0.0%,inf,0.9,5.02,0.000,1.0000,0.0000,1.0000,+0.0000,+0.0000,+0.0000,+0.0000,+0.0000,+0.0000,+0.0000,+0.0000,+0.0000,+0.0000,+0.0000,+0.0000,+0.0000,+0.0000,+0.0000,+0.0000,+0.0000,+0.0000,+0.0000,+0.0000,+0.0000,+0.0000
124,1.00,29,True,0.0%,0.0%,0.0%,0.01,0.6,5.25,7.523,0.9655,1.0000,0.9315,+0.0000,+0.0000,+1.0000,+0.0000,+0.0000,+0.0000,+0.0000,+0.0000,+0.0000,+0.0000,+0.0000,+0.0000,+0.0000,+1.0000,+0.0000,+0.0000,+3.0000,+0.0072,+0.1876,+2.9000,+0.0000,+0.0000
131,-3.32,36,False,0.0%,0.0%,100.0%,0.29,0.6,4.91,5.424,0.9722,0.0000,0.5552,+0.0000,-3.0000,+0.0000,+0.0000,+0.0000,-0.3000,+0.0002,-0.0235,+0.0000,+0.0000,+0.0000,+0.0000,+1.0000,+0.0000,+0.0000,+0.0000,+3.0000,+0.0064,+3.1357,+3.6000,+0.0000,+0.0000
132,0.91,87,True,0.0%,0.0%,0.0%,0.01,0.7,5.66,6.000,1.0000,0.8966,0.8551,+0.0000,+0.0000,+1.0000,+0.0000,+0.0000,+0.0000,-0.0464,-0.0431,+0.0000,+0.0000,+0.0000,+0.0000,+0.0000,+1.0000,+0.0000,+0.0000,+0.0000,-1.8544,+5.7495,+8.7000,+0.0000,+0.0000
134,0.00,1,False,0.0%,0.0%,0.0%,inf,1.0,5.17,0.000,1.0000,0.0000,1.0000,+0.0000,+0.0000,+0.0000,+0.0000,+0.0000,+0.0000,+0.0000,+0.0000,+0.0000,+0.0000,+0.0000,+0.0000,+0.0000,+0.0000,+0.0000,+0.0000,+0.0000,+0.0000,+0.0000,+0.0000,+0.0000,+0.0000
136,0.00,1,False,0.0%,0.0%,0.0%,inf,1.1,4.64,0.000,1.0000,0.0000,1.0000,+0.0000,+0.0000,+0.0000,+0.0000,+0.0000,+0.0000,+0.0000,+0.0000,+0.0000,+0.0000,+0.0000,+0.0000,+0.0000,+0.0000,+0.0000,+0.0000,+0.0000,+0.0000,+0.0000,+0.0000,+0.0000,+0.0000
140,-0.71,90,False,0.0%,0.0%,0.0%,0.13,1.1,7.30,4.869,0.9778,0.6778,0.8719,+0.0000,+0.0000,+0.0000,+0.0000,+0.0000,-0.6000,-0.0790,-0.0292,+0.0000,+0.0000,+0.0000,+0.0000,+0.0000,+0.0000,+0.0000,+0.0000,+6.0000,-3.1602,+3.8904,+9.0000,+0.0000,+0.0000
141,1.00,1,True,0.0%,0.0%,0.0%,inf,1.0,5.32,0.000,1.0000,1.0000,0.7287,+0.0000,+0.0000,+1.0000,+0.0000,+0.0000,+0.0000,+0.0000,+0.0000,+0.0000,+0.0000,+0.0000,+0.0000,+0.0000,+1.0000,+0.0000,+0.0000,+0.0000,+0.0002,-0.0036,+0.0000,+0.0000,+0.0000
142,-0.03,90,False,0.0%,0.0%,0.0%,0.25,0.8,6.10,3.023,1.0000,0.9778,0.9743,+0.0000,+0.0000,+0.0000,+0.0000,+0.0000,+0.0000,-0.0024,-0.0260,+0.0000,+0.0000,+0.0000,+0.0000,+0.0000,+0.0000,+0.0000,+0.0000,+0.0000,-0.0941,+3.4700,+9.0000,+0.0000,+0.0000
143,-0.25,90,False,0.0%,0.0%,0.0%,0.26,0.7,6.91,9.072,0.9926,0.8444,0.7405,+0.0000,+0.0000,+0.0000,+0.0000,+0.0000,-0.2000,-0.0240,-0.0294,+0.0000,+0.0000,+0.0000,+0.0000,+0.0000,+0.0000,+0.0000,+0.0000,+2.0000,-0.9599,+3.9266,+9.0000,+0.0000,+0.0000
148,1.00,1,True,0.0%,0.0%,0.0%,inf,1.1,4.84,0.000,1.0000,1.0000,0.8579,+0.0000,+0.0000,+1.0000,+0.0000,+0.0000,+0.0000,+0.0000,-0.0006,+0.0000,+0.0000,+0.0000,+0.0000,+0.0000,+1.0000,+0.0000,+0.0000,+0.0000,+0.0002,+0.0747,+0.0000,+0.0000,+0.0000
149,-0.11,90,False,0.0%,0.0%,0.0%,0.06,0.9,6.19,11.087,0.9963,1.0000,0.8362,+0.0000,+0.0000,+0.0000,+0.0000,+0.0000,-0.1000,+0.0006,-0.0074,+0.0000,+0.0000,+0.0000,+0.0000,+0.0000,+0.0000,+0.0000,+0.0000,+1.0000,+0.0224,+0.9919,+9.0000,+0.0000,+0.0000
150,-0.87,90,False,0.0%,0.0%,0.0%,0.12,0.6,5.34,9.736,0.9704,1.0000,0.5822,+0.0000,+0.0000,+0.0000,+0.0000,+0.0000,-0.8000,+0.0005,-0.0666,+0.0000,+0.0000,+0.0000,+0.0000,+0.0000,+0.0000,+0.0000,+0.0000,+8.0000,+0.0216,+8.8862,+9.0000,+0.0000,+0.0000
151,1.00,1,True,0.0%,0.0%,0.0%,inf,0.9,5.09,0.000,1.0000,0.0000,0.0000,+0.0000,+0.0000,+1.0000,+0.0000,+0.0000,+0.0000,-0.0025,+0.0000,+0.0000,+0.0000,+0.0000,+0.0000,+0.0000,+1.0000,+0.0000,+0.0000,+0.0000,-0.1003,+0.0000,+0.0000,+0.0000,+0.0000
153,1.00,1,True,0.0%,0.0%,0.0%,inf,1.2,4.88,0.000,1.0000,1.0000,0.9678,+0.0000,+0.0000,+1.0000,+0.0000,+0.0000,+0.0000,+0.0000,-0.0004,+0.0000,+0.0000,+0.0000,+0.0000,+0.0000,+1.0000,+0.0000,+0.0000,+0.0000,+0.0002,+0.0518,+0.0000,+0.0000,+0.0000
155,1.00,1,True,0.0%,0.0%,0.0%,inf,1.0,5.34,0.000,1.0000,0.0000,0.0000,+0.0000,+0.0000,+1.0000,+0.0000,+0.0000,+0.0000,-0.0025,+0.0000,+0.0000,+0.0000,+0.0000,+0.0000,+0.0000,+1.0000,+0.0000,+0.0000,+0.0000,-0.1003,+0.0000,+0.0000,+0.0000,+0.0000
156,-0.27,90,False,0.0%,0.0%,0.0%,0.04,0.7,5.63,8.447,0.9926,0.8000,0.6331,+0.0000,+0.0000,+0.0000,+0.0000,+0.0000,-0.2000,-0.0513,-0.0189,+0.0000,+0.0000,+0.0000,+0.0000,+0.0000,+0.0000,+0.0000,+0.0000,+2.0000,-2.0520,+2.5229,+9.0000,+0.0000,+0.0000
157,0.00,1,False,0.0%,0.0%,0.0%,inf,1.0,5.15,0.000,1.0000,0.0000,1.0000,+0.0000,+0.0000,+0.0000,+0.0000,+0.0000,+0.0000,+0.0000,+0.0000,+0.0000,+0.0000,+0.0000,+0.0000,+0.0000,+0.0000,+0.0000,+0.0000,+0.0000,+0.0000,+0.0000,+0.0000,+0.0000,+0.0000
158,0.90,7,True,0.0%,0.0%,0.0%,0.01,0.6,4.75,12.022,0.9524,1.0000,0.6714,+0.0000,+0.0000,+1.0000,+0.0000,+0.0000,-0.1000,+0.0000,-0.0005,+0.0000,+0.0000,+0.0000,+0.0000,+0.0000,+1.0000,+0.0000,+0.0000,+1.0000,+0.0017,+0.0607,+0.7000,+0.0000,+0.0000
159,0.00,1,False,0.0%,0.0%,0.0%,inf,1.2,5.36,0.000,1.0000,0.0000,1.0000,+0.0000,+0.0000,+0.0000,+0.0000,+0.0000,+0.0000,+0.0000,+0.0000,+0.0000,+0.0000,+0.0000,+0.0000,+0.0000,+0.0000,+0.0000,+0.0000,+0.0000,+0.0000,+0.0000,+0.0000,+0.0000,+0.0000
160,1.00,1,True,0.0%,0.0%,0.0%,inf,1.1,4.95,0.000,1.0000,0.0000,0.0000,+0.0000,+0.0000,+1.0000,+0.0000,+0.0000,+0.0000,-0.0025,+0.0000,+0.0000,+0.0000,+0.0000,+0.0000,+0.0000,+1.0000,+0.0000,+0.0000,+0.0000,-0.1003,+0.0000,+0.0000,+0.0000,+0.0000
161,0.80,3,True,0.0%,0.0%,0.0%,0.01,1.0,4.97,9.527,0.7778,1.0000,0.6942,+0.0000,+0.0000,+1.0000,+0.0000,+0.0000,-0.2000,+0.0000,-0.0001,+0.0000,+0.0000,+0.0000,+0.0000,+0.0000,+1.0000,+0.0000,+0.0000,+2.0000,+0.0007,+0.0114,+0.3000,+0.0000,+0.0000
162,-0.33,90,False,0.0%,0.0%,0.0%,0.13,0.8,6.84,7.727,0.9889,0.9778,0.9652,+0.0000,+0.0000,+0.0000,+0.0000,+0.0000,-0.3000,+0.0004,-0.0348,+0.0000,+0.0000,+0.0000,+0.0000,+0.0000,+0.0000,+0.0000,+0.0000,+3.0000,+0.0175,+4.6408,+9.0000,+0.0000,+0.0000
163,0.79,31,True,0.0%,0.0%,0.0%,0.01,0.9,5.33,6.701,0.9785,1.0000,0.9190,+0.0000,+0.0000,+1.0000,+0.0000,+0.0000,-0.2000,+0.0002,-0.0065,+0.0000,+0.0000,+0.0000,+0.0000,+0.0000,+1.0000,+0.0000,+0.0000,+2.0000,+0.0076,+0.8647,+3.1000,+0.0000,+0.0000
165,1.00,1,True,0.0%,0.0%,0.0%,inf,0.8,5.59,0.000,1.0000,0.0000,0.0000,+0.0000,+0.0000,+1.0000,+0.0000,+0.0000,+0.0000,-0.0025,+0.0000,+0.0000,+0.0000,+0.0000,+0.0000,+0.0000,+1.0000,+0.0000,+0.0000,+0.0000,-0.1003,+0.0000,+0.0000,+0.0000,+0.0000
167,1.00,1,True,0.0%,0.0%,0.0%,inf,1.1,5.06,0.000,1.0000,0.0000,0.0000,+0.0000,+0.0000,+1.0000,+0.0000,+0.0000,+0.0000,-0.0025,+0.0000,+0.0000,+0.0000,+0.0000,+0.0000,+0.0000,+1.0000,+0.0000,+0.0000,+0.0000,-0.1003,+0.0000,+0.0000,+0.0000,+0.0000
168,-2.55,90,False,0.0%,0.0%,0.0%,0.02,0.7,6.42,10.760,0.9074,0.8778,0.7322,+0.0000,+0.0000,+0.0000,+0.0000,+0.0000,-2.5000,+0.0005,-0.0473,+0.0000,+0.0000,+0.0000,+0.0000,+0.0000,+0.0000,+0.0000,+0.0000,+25.0000,+0.0205,+6.3028,+9.0000,+0.0000,+0.0000
172,-3.04,61,False,0.0%,0.0%,100.0%,0.24,0.5,5.62,5.979,1.0000,0.7377,0.6019,+0.0000,-3.0000,+0.0000,+0.0000,+0.0000,+0.0000,-0.0220,-0.0227,+0.0000,+0.0000,+0.0000,+0.0000,+1.0000,+0.0000,+0.0000,+0.0000,+0.0000,-0.8819,+3.0204,+6.1000,+0.0000,+0.0000
173,0.88,53,True,0.0%,0.0%,0.0%,0.01,0.7,5.70,8.302,0.9937,0.8679,0.9132,+0.0000,+0.0000,+1.0000,+0.0000,+0.0000,-0.1000,-0.0102,-0.0146,+0.0000,+0.0000,+0.0000,+0.0000,+0.0000,+1.0000,+0.0000,+0.0000,+1.0000,-0.4073,+1.9529,+5.3000,+0.0000,+0.0000
174,0.78,32,True,0.0%,0.0%,0.0%,0.01,0.8,6.08,10.204,0.9792,1.0000,0.7077,+0.0000,+0.0000,+1.0000,+0.0000,+0.0000,-0.2000,+0.0002,-0.0204,+0.0000,+0.0000,+0.0000,+0.0000,+0.0000,+1.0000,+0.0000,+0.0000,+2.0000,+0.0077,+2.7176,+3.2000,+0.0000,+0.0000
175,-3.32,25,False,0.0%,0.0%,100.0%,0.37,0.6,4.88,6.423,0.9600,0.0000,0.5297,+0.0000,-3.0000,+0.0000,+0.0000,+0.0000,-0.3000,+0.0001,-0.0171,+0.0000,+0.0000,+0.0000,+0.0000,+1.0000,+0.0000,+0.0000,+0.0000,+3.0000,+0.0038,+2.2821,+2.5000,+0.0000,+0.0000
178,-3.26,59,False,0.0%,0.0%,100.0%,0.40,0.6,5.65,9.152,0.9887,0.9492,0.6401,+0.0000,-3.0000,+0.0000,+0.0000,+0.0000,-0.2000,-0.0250,-0.0339,+0.0000,+0.0000,+0.0000,+0.0000,+1.0000,+0.0000,+0.0000,+0.0000,+2.0000,-1.0018,+4.5147,+5.9000,+0.0000,+0.0000
179,-0.34,90,False,0.0%,0.0%,0.0%,0.17,0.9,9.36,12.246,0.9926,0.8000,0.7381,+0.0000,+0.0000,+0.0000,+0.0000,+0.0000,-0.2000,-0.0747,-0.0621,+0.0000,+0.0000,+0.0000,+0.0000,+0.0000,+0.0000,+0.0000,+0.0000,+2.0000,-2.9868,+8.2860,+9.0000,+0.0000,+0.0000
180,0.87,63,True,0.0%,0.0%,0.0%,0.01,0.6,6.89,12.734,0.9947,0.9048,0.7472,+0.0000,+0.0000,+1.0000,+0.0000,+0.0000,-0.1000,-0.0243,-0.0020,+0.0000,+0.0000,+0.0000,+0.0000,+0.0000,+1.0000,+0.0000,+0.0000,+1.0000,-0.9704,+0.2695,+6.3000,+0.0000,+0.0000
181,1.00,1,True,0.0%,0.0%,0.0%,inf,1.1,5.12,0.000,1.0000,1.0000,0.0000,+0.0000,+0.0000,+1.0000,+0.0000,+0.0000,+0.0000,+0.0000,-0.0018,+0.0000,+0.0000,+0.0000,+0.0000,+0.0000,+1.0000,+0.0000,+0.0000,+0.0000,+0.0002,+0.2459,+0.0000,+0.0000,+0.0000
183,1.00,1,True,0.0%,0.0%,0.0%,inf,1.0,5.51,0.000,1.0000,1.0000,0.0000,+0.0000,+0.0000,+1.0000,+0.0000,+0.0000,+0.0000,+0.0000,-0.0017,+0.0000,+0.0000,+0.0000,+0.0000,+0.0000,+1.0000,+0.0000,+0.0000,+0.0000,+0.0002,+0.2298,+0.0000,+0.0000,+0.0000
185,-0.85,90,False,0.0%,0.0%,0.0%,0.10,0.7,5.64,11.664,0.9704,1.0000,0.7564,+0.0000,+0.0000,+0.0000,+0.0000,+0.0000,-0.8000,+0.0006,-0.0545,+0.0000,+0.0000,+0.0000,+0.0000,+0.0000,+0.0000,+0.0000,+0.0000,+8.0000,+0.0221,+7.2699,+9.0000,+0.0000,+0.0000
186,-0.71,28,True,0.0%,0.0%,0.0%,0.02,0.6,6.73,15.371,0.9643,1.0000,0.9251,+0.0000,+0.0000,+1.0000,+0.0000,+0.0000,-0.3000,+0.0002,-0.0122,+0.0000,+0.0000,-1.4000,+0.0000,+0.0000,+1.0000,+0.0000,+0.0000,+3.0000,+0.0069,+1.6220,+2.8000,+0.0000,+14.0000
187,-4.37,24,False,100.0%,100.0%,0.0%,0.38,0.7,5.73,13.698,1.0000,1.0000,0.8350,-4.3698,+0.0000,+0.0000,+0.0000,+0.0000,+0.0000,+0.0001,-0.0038,+0.0000,+0.0000,+0.0000,+1.0000,+0.0000,+0.0000,+0.0000,+0.0000,+0.0000,+0.0059,+0.5047,+2.4000,+0.0000,+0.0000
188,-0.57,90,False,0.0%,0.0%,0.0%,0.06,0.6,6.30,6.437,0.9815,0.8667,0.8497,+0.0000,+0.0000,+0.0000,+0.0000,+0.0000,-0.5000,-0.0679,-0.0070,+0.0000,+0.0000,+0.0000,+0.0000,+0.0000,+0.0000,+0.0000,+0.0000,+5.0000,-2.7151,+0.9295,+9.0000,+0.0000,+0.0000
189,1.00,1,True,0.0%,0.0%,0.0%,inf,2.4,5.73,0.283,1.0000,1.0000,0.9256,+0.0000,+0.0000,+1.0000,+0.0000,+0.0000,+0.0000,+0.0000,-0.0002,+0.0000,+0.0000,+0.0000,+0.0000,+0.0000,+1.0000,+0.0000,+0.0000,+0.0000,+0.0002,+0.0293,+0.1000,+0.0000,+0.0000
191,1.00,1,True,0.0%,0.0%,0.0%,inf,1.1,5.17,0.000,1.0000,0.0000,0.0000,+0.0000,+0.0000,+1.0000,+0.0000,+0.0000,+0.0000,-0.0025,+0.0000,+0.0000,+0.0000,+0.0000,+0.0000,+0.0000,+1.0000,+0.0000,+0.0000,+0.0000,-0.1003,+0.0000,+0.0000,+0.0000,+0.0000
192,-0.02,90,False,0.0%,0.0%,0.0%,0.13,0.6,6.49,9.121,1.0000,0.9111,0.7194,+0.0000,+0.0000,+0.0000,+0.0000,+0.0000,+0.0000,+0.0005,-0.0210,+0.0000,+0.0000,+0.0000,+0.0000,+0.0000,+0.0000,+0.0000,+0.0000,+0.0000,+0.0213,+2.7973,+9.0000,+0.0000,+0.0000
194,1.00,1,True,0.0%,0.0%,0.0%,inf,0.8,4.68,0.000,1.0000,0.0000,0.0000,+0.0000,+0.0000,+1.0000,+0.0000,+0.0000,+0.0000,-0.0025,+0.0000,+0.0000,+0.0000,+0.0000,+0.0000,+0.0000,+1.0000,+0.0000,+0.0000,+0.0000,-0.1003,+0.0000,+0.0000,+0.0000,+0.0000
196,-0.32,90,False,0.0%,0.0%,0.0%,0.26,0.6,6.20,0.095,0.9926,1.0000,0.8674,+0.0000,+0.0000,+0.0000,+0.0000,+0.0000,-0.2000,+0.0006,-0.0491,+0.0000,-0.0675,+0.0000,+0.0000,+0.0000,+0.0000,+0.0000,+0.0000,+2.0000,+0.0225,+6.5407,+9.0000,+9.0000,+0.0000
197,1.00,1,True,0.0%,0.0%,0.0%,inf,0.9,5.37,0.000,1.0000,0.0000,0.0000,+0.0000,+0.0000,+1.0000,+0.0000,+0.0000,+0.0000,-0.0025,+0.0000,+0.0000,+0.0000,+0.0000,+0.0000,+0.0000,+1.0000,+0.0000,+0.0000,+0.0000,-0.1003,+0.0000,+0.0000,+0.0000,+0.0000
199,1.00,1,True,0.0%,0.0%,0.0%,inf,1.0,5.03,0.000,1.0000,1.0000,0.9889,+0.0000,+0.0000,+1.0000,+0.0000,+0.0000,+0.0000,+0.0000,-0.0003,+0.0000,+0.0000,+0.0000,+0.0000,+0.0000,+1.0000,+0.0000,+0.0000,+0.0000,+0.0002,+0.0427,+0.0000,+0.0000,+0.0000
200,-0.24,90,False,0.0%,0.0%,0.0%,0.27,0.6,6.23,0.294,0.9926,1.0000,0.9433,+0.0000,+0.0000,+0.0000,+0.0000,+0.0000,-0.2000,+0.0006,-0.0384,+0.0000,+0.0000,+0.0000,+0.0000,+0.0000,+0.0000,+0.0000,+0.0000,+2.0000,+0.0225,+5.1194,+9.0000,+0.0000,+0.0000
201,-3.56,24,False,100.0%,100.0%,0.0%,0.21,0.6,5.01,3.476,0.9722,1.0000,0.7975,-3.3476,+0.0000,+0.0000,+0.0000,+0.0000,-0.2000,+0.0001,-0.0157,+0.0000,+0.0000,+0.0000,+1.0000,+0.0000,+0.0000,+0.0000,+0.0000,+2.0000,+0.0060,+2.0921,+2.4000,+0.0000,+0.0000
202,-0.03,90,False,0.0%,0.0%,0.0%,0.24,0.7,6.00,0.885,1.0000,1.0000,0.9735,+0.0000,+0.0000,+0.0000,+0.0000,+0.0000,+0.0000,+0.0006,-0.0341,+0.0000,+0.0000,+0.0000,+0.0000,+0.0000,+0.0000,+0.0000,+0.0000,+0.0000,+0.0224,+4.5495,+9.0000,+0.0000,+0.0000
203,1.00,1,True,0.0%,0.0%,0.0%,inf,0.8,4.79,0.000,1.0000,0.0000,0.0000,+0.0000,+0.0000,+1.0000,+0.0000,+0.0000,+0.0000,-0.0025,+0.0000,+0.0000,+0.0000,+0.0000,+0.0000,+0.0000,+1.0000,+0.0000,+0.0000,+0.0000,-0.1003,+0.0000,+0.0000,+0.0000,+0.0000
206,-0.03,90,False,0.0%,0.0%,0.0%,0.31,1.0,6.78,0.370,1.0000,1.0000,0.9652,+0.0000,+0.0000,+0.0000,+0.0000,+0.0000,+0.0000,+0.0006,-0.0353,+0.0000,+0.0000,+0.0000,+0.0000,+0.0000,+0.0000,+0.0000,+0.0000,+0.0000,+0.0222,+4.7073,+9.0000,+0.0000,+0.0000
207,-0.10,90,False,0.0%,0.0%,0.0%,0.09,0.7,6.68,10.356,1.0000,0.9000,0.8763,+0.0000,+0.0000,+0.0000,+0.0000,+0.0000,+0.0000,-0.0574,-0.0436,+0.0000,+0.0000,+0.0000,+0.0000,+0.0000,+0.0000,+0.0000,+0.0000,+0.0000,-2.2955,+5.8097,+9.0000,+0.0000,+0.0000
210,1.00,1,True,0.0%,0.0%,0.0%,inf,0.8,4.80,0.000,1.0000,1.0000,0.9846,+0.0000,+0.0000,+1.0000,+0.0000,+0.0000,+0.0000,+0.0000,-0.0003,+0.0000,+0.0000,+0.0000,+0.0000,+0.0000,+1.0000,+0.0000,+0.0000,+0.0000,+0.0002,+0.0418,+0.0000,+0.0000,+0.0000
212,-0.73,90,False,0.0%,0.0%,0.0%,0.04,0.7,5.94,11.261,0.9741,0.9556,0.8230,+0.0000,+0.0000,+0.0000,+0.0000,+0.0000,-0.7000,-0.0122,-0.0161,+0.0000,+0.0000,+0.0000,+0.0000,+0.0000,+0.0000,+0.0000,+0.0000,+7.0000,-0.4899,+2.1468,+9.0000,+0.0000,+0.0000
213,0.00,1,False,0.0%,0.0%,0.0%,inf,1.0,5.33,0.000,1.0000,0.0000,1.0000,+0.0000,+0.0000,+0.0000,+0.0000,+0.0000,+0.0000,+0.0000,+0.0000,+0.0000,+0.0000,+0.0000,+0.0000,+0.0000,+0.0000,+0.0000,+0.0000,+0.0000,+0.0000,+0.0000,+0.0000,+0.0000,+0.0000
214,1.00,1,True,0.0%,0.0%,0.0%,inf,0.9,4.95,0.000,1.0000,0.0000,0.0000,+0.0000,+0.0000,+1.0000,+0.0000,+0.0000,+0.0000,-0.0025,+0.0000,+0.0000,+0.0000,+0.0000,+0.0000,+0.0000,+1.0000,+0.0000,+0.0000,+0.0000,-0.1003,+0.0000,+0.0000,+0.0000,+0.0000
215,-0.01,90,False,0.0%,0.0%,0.0%,0.35,0.7,6.56,1.419,1.0000,1.0000,0.8298,+0.0000,+0.0000,+0.0000,+0.0000,+0.0000,+0.0000,+0.0006,-0.0060,+0.0000,+0.0000,+0.0000,+0.0000,+0.0000,+0.0000,+0.0000,+0.0000,+0.0000,+0.0223,+0.8022,+9.0000,+0.0000,+0.0000
220,1.00,1,True,0.0%,0.0%,0.0%,inf,0.8,5.51,0.000,1.0000,0.0000,0.0000,+0.0000,+0.0000,+1.0000,+0.0000,+0.0000,+0.0000,-0.0025,+0.0000,+0.0000,+0.0000,+0.0000,+0.0000,+0.0000,+1.0000,+0.0000,+0.0000,+0.0000,-0.1003,+0.0000,+0.0000,+0.0000,+0.0000
222,1.00,1,True,0.0%,0.0%,0.0%,inf,1.0,5.00,0.000,1.0000,0.0000,0.0000,+0.0000,+0.0000,+1.0000,+0.0000,+0.0000,+0.0000,-0.0025,+0.0000,+0.0000,+0.0000,+0.0000,+0.0000,+0.0000,+1.0000,+0.0000,+0.0000,+0.0000,-0.1003,+0.0000,+0.0000,+0.0000,+0.0000
223,-0.31,90,False,0.0%,0.0%,0.0%,0.30,0.7,6.59,2.376,0.9926,0.3889,0.6982,+0.0000,+0.0000,+0.0000,+0.0000,+0.0000,-0.2000,-0.0721,-0.0409,+0.0000,+0.0000,+0.0000,+0.0000,+0.0000,+0.0000,+0.0000,+0.0000,+2.0000,-2.8837,+5.4593,+9.0000,+0.0000,+0.0000
226,-0.39,90,False,0.0%,0.0%,0.0%,0.26,0.6,6.71,4.426,0.9926,0.6444,0.8649,+0.0000,+0.0000,+0.0000,+0.0000,+0.0000,-0.2000,-0.1606,-0.0338,+0.0000,+0.0000,+0.0000,+0.0000,+0.0000,+0.0000,+0.0000,+0.0000,+2.0000,-6.4233,+4.5060,+9.0000,+0.0000,+0.0000
227,-0.28,90,False,0.0%,0.0%,0.0%,0.19,0.6,5.81,6.916,0.9926,0.8444,0.9057,+0.0000,+0.0000,+0.0000,+0.0000,+0.0000,-0.2000,-0.0465,-0.0357,+0.0000,+0.0000,+0.0000,+0.0000,+0.0000,+0.0000,+0.0000,+0.0000,+2.0000,-1.8581,+4.7664,+9.0000,+0.0000,+0.0000
228,0.79,29,True,0.0%,0.0%,0.0%,0.01,0.7,6.17,0.726,0.9770,1.0000,0.9902,+0.0000,+0.0000,+1.0000,+0.0000,+0.0000,-0.2000,+0.0002,-0.0097,+0.0000,+0.0000,+0.0000,+0.0000,+0.0000,+1.0000,+0.0000,+0.0000,+2.0000,+0.0071,+1.2991,+2.9000,+0.0000,+0.0000
231,1.00,1,True,0.0%,0.0%,0.0%,inf,1.0,5.53,0.000,1.0000,1.0000,0.8329,+0.0000,+0.0000,+1.0000,+0.0000,+0.0000,+0.0000,+0.0000,-0.0001,+0.0000,+0.0000,+0.0000,+0.0000,+0.0000,+1.0000,+0.0000,+0.0000,+0.0000,+0.0002,+0.0096,+0.0000,+0.0000,+0.0000
232,1.00,1,True,0.0%,0.0%,0.0%,inf,1.0,5.41,0.000,1.0000,0.0000,0.0000,+0.0000,+0.0000,+1.0000,+0.0000,+0.0000,+0.0000,-0.0025,+0.0000,+0.0000,+0.0000,+0.0000,+0.0000,+0.0000,+1.0000,+0.0000,+0.0000,+0.0000,-0.1003,+0.0000,+0.0000,+0.0000,+0.0000
235,0.78,41,True,0.0%,0.0%,0.0%,0.01,0.7,5.72,1.340,0.9837,0.7805,0.8928,+0.0000,+0.0000,+1.0000,+0.0000,+0.0000,-0.2000,+0.0002,-0.0164,+0.0000,+0.0000,+0.0000,+0.0000,+0.0000,+1.0000,+0.0000,+0.0000,+2.0000,+0.0094,+2.1852,+4.1000,+0.0000,+0.0000
241,-0.34,90,False,0.0%,0.0%,0.0%,0.05,0.6,5.92,12.375,0.9889,0.9889,0.9054,+0.0000,+0.0000,+0.0000,+0.0000,+0.0000,-0.3000,+0.0006,-0.0417,+0.0000,+0.0000,+0.0000,+0.0000,+0.0000,+0.0000,+0.0000,+0.0000,+3.0000,+0.0222,+5.5648,+9.0000,+0.0000,+0.0000
242,-0.26,90,False,0.0%,0.0%,0.0%,0.23,0.7,6.90,3.956,0.9926,0.7444,0.7315,+0.0000,+0.0000,+0.0000,+0.0000,+0.0000,-0.2000,-0.0515,-0.0068,+0.0000,+0.0000,+0.0000,+0.0000,+0.0000,+0.0000,+0.0000,+0.0000,+2.0000,-2.0594,+0.9078,+9.0000,+0.0000,+0.0000
244,1.00,1,True,0.0%,0.0%,0.0%,inf,1.2,5.00,0.000,1.0000,1.0000,0.0000,+0.0000,+0.0000,+1.0000,+0.0000,+0.0000,+0.0000,+0.0000,-0.0017,+0.0000,+0.0000,+0.0000,+0.0000,+0.0000,+1.0000,+0.0000,+0.0000,+0.0000,+0.0002,+0.2226,+0.0000,+0.0000,+0.0000
246,0.00,1,False,0.0%,0.0%,0.0%,inf,0.8,5.30,0.560,1.0000,0.0000,1.0000,+0.0000,+0.0000,+0.0000,+0.0000,+0.0000,+0.0000,+0.0000,+0.0000,+0.0000,+0.0000,+0.0000,+0.0000,+0.0000,+0.0000,+0.0000,+0.0000,+0.0000,+0.0000,+0.0000,+0.0000,+0.0000,+0.0000
248,-0.38,90,False,0.0%,0.0%,0.0%,0.25,0.6,6.01,4.825,0.9926,0.6556,0.7348,+0.0000,+0.0000,+0.0000,+0.0000,+0.0000,-0.2000,-0.1402,-0.0442,+0.0000,+0.0000,+0.0000,+0.0000,+0.0000,+0.0000,+0.0000,+0.0000,+2.0000,-5.6098,+5.8965,+9.0000,+0.0000,+0.0000
253,1.00,1,True,0.0%,0.0%,0.0%,inf,1.0,5.49,0.000,1.0000,0.0000,0.0000,+0.0000,+0.0000,+1.0000,+0.0000,+0.0000,+0.0000,-0.0025,+0.0000,+0.0000,+0.0000,+0.0000,+0.0000,+0.0000,+1.0000,+0.0000,+0.0000,+0.0000,-0.1003,+0.0000,+0.0000,+0.0000,+0.0000
255,0.69,40,True,0.0%,0.0%,0.0%,0.01,0.6,5.21,10.284,0.9750,1.0000,0.9414,+0.0000,+0.0000,+1.0000,+0.0000,+0.0000,-0.3000,+0.0002,-0.0098,+0.0000,+0.0000,+0.0000,+0.0000,+0.0000,+1.0000,+0.0000,+0.0000,+3.0000,+0.0100,+1.3064,+4.0000,+0.0000,+0.0000
257,0.67,47,True,0.0%,0.0%,0.0%,0.01,0.6,5.34,7.608,0.9787,1.0000,0.8487,+0.0000,+0.0000,+1.0000,+0.0000,+0.0000,-0.3000,+0.0003,-0.0254,+0.0000,+0.0000,+0.0000,+0.0000,+0.0000,+1.0000,+0.0000,+0.0000,+3.0000,+0.0116,+3.3885,+4.7000,+0.0000,+0.0000
259,0.73,78,True,0.0%,0.0%,0.0%,0.01,0.6,5.45,7.206,0.9915,0.9872,0.4586,+0.0000,+0.0000,+1.0000,+0.0000,+0.0000,-0.2000,+0.0005,-0.0690,+0.0000,+0.0000,+0.0000,+0.0000,+0.0000,+1.0000,+0.0000,+0.0000,+2.0000,+0.0187,+9.2054,+7.8000,+0.0000,+0.0000
260,0.00,1,False,0.0%,0.0%,0.0%,inf,0.8,4.90,0.000,1.0000,0.0000,1.0000,+0.0000,+0.0000,+0.0000,+0.0000,+0.0000,+0.0000,+0.0000,+0.0000,+0.0000,+0.0000,+0.0000,+0.0000,+0.0000,+0.0000,+0.0000,+0.0000,+0.0000,+0.0000,+0.0000,+0.0000,+0.0000,+0.0000
261,1.00,1,True,0.0%,0.0%,0.0%,inf,1.0,4.84,0.000,1.0000,1.0000,0.9776,+0.0000,+0.0000,+1.0000,+0.0000,+0.0000,+0.0000,+0.0000,-0.0004,+0.0000,+0.0000,+0.0000,+0.0000,+0.0000,+1.0000,+0.0000,+0.0000,+0.0000,+0.0002,+0.0497,+0.0000,+0.0000,+0.0000
262,-0.14,90,False,0.0%,0.0%,0.0%,0.06,0.7,6.09,2.603,1.0000,0.5778,0.7300,+0.0000,+0.0000,+0.0000,+0.0000,+0.0000,+0.0000,-0.1314,-0.0101,+0.0000,+0.0000,+0.0000,+0.0000,+0.0000,+0.0000,+0.0000,+0.0000,+0.0000,-5.2549,+1.3447,+9.0000,+0.0000,+0.0000
263,1.00,1,True,0.0%,0.0%,0.0%,inf,0.8,4.84,0.000,1.0000,0.0000,0.0000,+0.0000,+0.0000,+1.0000,+0.0000,+0.0000,+0.0000,-0.0025,+0.0000,+0.0000,+0.0000,+0.0000,+0.0000,+0.0000,+1.0000,+0.0000,+0.0000,+0.0000,-0.1003,+0.0000,+0.0000,+0.0000,+0.0000
265,1.00,1,True,0.0%,0.0%,0.0%,inf,1.0,5.50,0.000,1.0000,0.0000,0.0000,+0.0000,+0.0000,+1.0000,+0.0000,+0.0000,+0.0000,-0.0025,+0.0000,+0.0000,+0.0000,+0.0000,+0.0000,+0.0000,+1.0000,+0.0000,+0.0000,+0.0000,-0.1003,+0.0000,+0.0000,+0.0000,+0.0000
266,0.00,1,False,0.0%,0.0%,0.0%,inf,0.8,4.96,0.000,1.0000,0.0000,1.0000,+0.0000,+0.0000,+0.0000,+0.0000,+0.0000,+0.0000,+0.0000,+0.0000,+0.0000,+0.0000,+0.0000,+0.0000,+0.0000,+0.0000,+0.0000,+0.0000,+0.0000,+0.0000,+0.0000,+0.0000,+0.0000,+0.0000
267,0.90,84,True,0.0%,0.0%,0.0%,0.01,0.7,5.74,12.064,0.9960,0.9881,0.7621,+0.0000,+0.0000,+1.0000,+0.0000,+0.0000,-0.1000,+0.0005,-0.0004,+0.0000,+0.0000,+0.0000,+0.0000,+0.0000,+1.0000,+0.0000,+0.0000,+1.0000,+0.0209,+0.0585,+8.4000,+0.0000,+0.0000
268,-0.26,90,False,0.0%,0.0%,0.0%,0.08,0.7,6.60,2.959,1.0000,0.3889,0.7936,+0.0000,+0.0000,+0.0000,+0.0000,+0.0000,+0.0000,-0.2507,-0.0137,+0.0000,+0.0000,+0.0000,+0.0000,+0.0000,+0.0000,+0.0000,+0.0000,+0.0000,-10.0295,+1.8254,+9.0000,+0.0000,+0.0000
269,0.78,46,True,0.0%,0.0%,0.0%,0.01,0.6,5.33,4.757,0.9855,1.0000,0.9167,+0.0000,+0.0000,+1.0000,+0.0000,+0.0000,-0.2000,+0.0003,-0.0215,+0.0000,+0.0000,+0.0000,+0.0000,+0.0000,+1.0000,+0.0000,+0.0000,+2.0000,+0.0114,+2.8714,+4.6000,+0.0000,+0.0000
270,1.00,1,True,0.0%,0.0%,0.0%,inf,0.8,4.84,0.000,1.0000,1.0000,0.0000,+0.0000,+0.0000,+1.0000,+0.0000,+0.0000,+0.0000,+0.0000,-0.0013,+0.0000,+0.0000,+0.0000,+0.0000,+0.0000,+1.0000,+0.0000,+0.0000,+0.0000,+0.0002,+0.1717,+0.0000,+0.0000,+0.0000
271,-2.50,64,True,0.0%,0.0%,0.0%,0.01,0.6,4.86,14.161,0.9948,1.0000,0.8052,+0.0000,+0.0000,+1.0000,+0.0000,+0.0000,-0.1000,+0.0004,-0.0018,+0.0000,+0.0000,-3.4000,+0.0000,+0.0000,+1.0000,+0.0000,+0.0000,+1.0000,+0.0160,+0.2333,+6.4000,+0.0000,+34.0000
273,-0.18,90,False,0.0%,0.0%,0.0%,0.06,0.8,7.04,11.610,0.9963,0.9111,0.9098,+0.0000,+0.0000,+0.0000,+0.0000,+0.0000,-0.1000,-0.0651,-0.0161,+0.0000,+0.0000,+0.0000,+0.0000,+0.0000,+0.0000,+0.0000,+0.0000,+1.0000,-2.6032,+2.1436,+9.0000,+0.0000,+0.0000
274,1.00,52,True,0.0%,0.0%,0.0%,0.01,0.8,5.61,0.118,1.0000,1.0000,0.7837,+0.0000,+0.0000,+1.0000,+0.0000,+0.0000,+0.0000,+0.0003,+0.0004,+0.0000,+0.0000,+0.0000,+0.0000,+0.0000,+1.0000,+0.0000,+0.0000,+0.0000,+0.0129,-0.0498,+5.2000,+0.0000,+0.0000
275,-4.04,46,False,100.0%,100.0%,0.0%,0.10,0.7,6.00,9.980,0.9783,1.0000,0.8818,-3.7362,+0.0000,+0.0000,+0.0000,+0.0000,-0.3000,+0.0003,-0.0069,+0.0000,+0.0000,+0.0000,+1.0000,+0.0000,+0.0000,+0.0000,+0.0000,+3.0000,+0.0114,+0.9198,+4.6000,+0.0000,+0.0000
277,-0.02,90,False,0.0%,0.0%,0.0%,0.13,0.6,5.38,4.074,1.0000,1.0000,0.9223,+0.0000,+0.0000,+0.0000,+0.0000,+0.0000,+0.0000,+0.0006,-0.0236,+0.0000,+0.0000,+0.0000,+0.0000,+0.0000,+0.0000,+0.0000,+0.0000,+0.0000,+0.0223,+3.1519,+9.0000,+0.0000,+0.0000
278,-6.64,90,True,0.0%,0.0%,0.0%,0.01,0.6,4.96,15.707,0.9778,0.7667,0.6408,+0.0000,+0.0000,+1.0000,+0.0000,+0.0000,-0.6000,-0.9075,-0.0340,+0.0000,+0.0000,-6.1000,+0.0000,+0.0000,+1.0000,+0.0000,+0.0000,+6.0000,-36.2983,+4.5374,+9.0000,+0.0000,+61.0000
281,1.00,1,True,0.0%,0.0%,0.0%,inf,0.8,4.85,0.000,1.0000,0.0000,0.0000,+0.0000,+0.0000,+1.0000,+0.0000,+0.0000,+0.0000,-0.0025,+0.0000,+0.0000,+0.0000,+0.0000,+0.0000,+0.0000,+1.0000,+0.0000,+0.0000,+0.0000,-0.1003,+0.0000,+0.0000,+0.0000,+0.0000
282,-2.14,90,False,0.0%,0.0%,0.0%,0.01,0.6,5.79,4.635,0.9222,0.4111,0.7886,+0.0000,+0.0000,+0.0000,+0.0000,+0.0000,-2.1000,+0.0004,-0.0341,+0.0000,-0.0030,+0.0000,+0.0000,+0.0000,+0.0000,+0.0000,+0.0000,+21.0000,+0.0172,+4.5448,+9.0000,+0.4000,+0.0000
283,1.00,1,True,0.0%,0.0%,0.0%,inf,0.8,4.99,0.000,1.0000,0.0000,0.0000,+0.0000,+0.0000,+1.0000,+0.0000,+0.0000,+0.0000,-0.0025,+0.0000,+0.0000,+0.0000,+0.0000,+0.0000,+0.0000,+1.0000,+0.0000,+0.0000,+0.0000,-0.1003,+0.0000,+0.0000,+0.0000,+0.0000
285,0.66,45,True,0.0%,0.0%,0.0%,0.01,0.7,5.20,11.526,0.9778,1.0000,0.4952,+0.0000,+0.0000,+1.0000,+0.0000,+0.0000,-0.3000,+0.0003,-0.0449,+0.0000,+0.0000,+0.0000,+0.0000,+0.0000,+1.0000,+0.0000,+0.0000,+3.0000,+0.0110,+5.9901,+4.5000,+0.0000,+0.0000
287,-0.01,90,False,0.0%,0.0%,0.0%,0.08,0.6,5.72,5.335,1.0000,1.0000,0.8671,+0.0000,+0.0000,+0.0000,+0.0000,+0.0000,+0.0000,+0.0006,-0.0114,+0.0000,+0.0000,+0.0000,+0.0000,+0.0000,+0.0000,+0.0000,+0.0000,+0.0000,+0.0224,+1.5190,+9.0000,+0.0000,+0.0000
290,1.00,1,True,0.0%,0.0%,0.0%,inf,0.8,4.73,0.000,1.0000,0.0000,0.0000,+0.0000,+0.0000,+1.0000,+0.0000,+0.0000,+0.0000,-0.0025,+0.0000,+0.0000,+0.0000,+0.0000,+0.0000,+0.0000,+1.0000,+0.0000,+0.0000,+0.0000,-0.1003,+0.0000,+0.0000,+0.0000,+0.0000
291,1.00,1,True,0.0%,0.0%,0.0%,inf,0.8,4.86,0.000,1.0000,0.0000,0.0000,+0.0000,+0.0000,+1.0000,+0.0000,+0.0000,+0.0000,-0.0025,+0.0000,+0.0000,+0.0000,+0.0000,+0.0000,+0.0000,+1.0000,+0.0000,+0.0000,+0.0000,-0.1003,+0.0000,+0.0000,+0.0000,+0.0000
292,-0.24,90,False,0.0%,0.0%,0.0%,0.25,0.8,6.70,5.033,0.9926,0.8556,0.6137,+0.0000,+0.0000,+0.0000,+0.0000,+0.0000,-0.2000,-0.0165,-0.0231,+0.0000,+0.0000,+0.0000,+0.0000,+0.0000,+0.0000,+0.0000,+0.0000,+2.0000,-0.6615,+3.0823,+9.0000,+0.0000,+0.0000
293,1.00,1,True,0.0%,0.0%,0.0%,inf,0.8,4.86,0.000,1.0000,0.0000,0.0000,+0.0000,+0.0000,+1.0000,+0.0000,+0.0000,+0.0000,-0.0025,+0.0000,+0.0000,+0.0000,+0.0000,+0.0000,+0.0000,+1.0000,+0.0000,+0.0000,+0.0000,-0.1003,+0.0000,+0.0000,+0.0000,+0.0000
294,-0.24,90,False,0.0%,0.0%,0.0%,0.18,0.6,5.67,5.602,0.9926,0.9778,0.8851,+0.0000,+0.0000,+0.0000,+0.0000,+0.0000,-0.2000,+0.0005,-0.0454,+0.0000,+0.0000,+0.0000,+0.0000,+0.0000,+0.0000,+0.0000,+0.0000,+2.0000,+0.0220,+6.0588,+9.0000,+0.0000,+0.0000
295,-0.09,90,False,0.0%,0.0%,0.0%,0.26,0.8,6.04,3.906,1.0000,0.8556,0.9377,+0.0000,+0.0000,+0.0000,+0.0000,+0.0000,+0.0000,-0.0666,-0.0204,+0.0000,+0.0000,+0.0000,+0.0000,+0.0000,+0.0000,+0.0000,+0.0000,+0.0000,-2.6628,+2.7144,+9.0000,+0.0000,+0.0000
296,-0.13,90,False,0.0%,0.0%,0.0%,0.21,0.6,5.54,4.641,1.0000,0.6111,0.6925,+0.0000,+0.0000,+0.0000,+0.0000,+0.0000,+0.0000,-0.1049,-0.0293,+0.0000,+0.0000,+0.0000,+0.0000,+0.0000,+0.0000,+0.0000,+0.0000,+0.0000,-4.1952,+3.9099,+9.0000,+0.0000,+0.0000
297,-0.15,90,False,0.0%,0.0%,0.0%,0.09,0.6,5.72,13.094,0.9963,0.9444,0.7707,+0.0000,+0.0000,+0.0000,+0.0000,+0.0000,-0.1000,+0.0005,-0.0554,+0.0000,+0.0000,+0.0000,+0.0000,+0.0000,+0.0000,+0.0000,+0.0000,+1.0000,+0.0216,+7.3850,+9.0000,+0.0000,+0.0000
299,1.00,1,True,0.0%,0.0%,0.0%,inf,0.9,5.11,0.000,1.0000,0.0000,0.0000,+0.0000,+0.0000,+1.0000,+0.0000,+0.0000,+0.0000,-0.0025,+0.0000,+0.0000,+0.0000,+0.0000,+0.0000,+0.0000,+1.0000,+0.0000,+0.0000,+0.0000,-0.1003,+0.0000,+0.0000,+0.0000,+0.0000
301,-7.55,90,False,0.0%,0.0%,0.0%,0.06,0.7,6.04,15.676,0.9704,0.8778,0.6574,+0.0000,+0.0000,+0.0000,+0.0000,+0.0000,-0.8000,-0.0872,-0.0585,+0.0000,+0.0000,-6.6000,+0.0000,+0.0000,+0.0000,+0.0000,+0.0000,+8.0000,-3.4867,+7.7992,+9.0000,+0.0000,+66.0000
302,-0.07,90,False,0.0%,0.0%,0.0%,0.21,0.6,5.88,5.159,1.0000,1.0000,0.7419,+0.0000,+0.0000,+0.0000,+0.0000,+0.0000,+0.0000,+0.0006,-0.0665,+0.0000,+0.0000,+0.0000,+0.0000,+0.0000,+0.0000,+0.0000,+0.0000,+0.0000,+0.0222,+8.8644,+9.0000,+0.0000,+0.0000
305,0.80,16,True,0.0%,0.0%,0.0%,0.01,0.7,5.34,11.704,0.9583,1.0000,0.6794,+0.0000,+0.0000,+1.0000,+0.0000,+0.0000,-0.2000,+0.0001,-0.0008,+0.0000,+0.0000,+0.0000,+0.0000,+0.0000,+1.0000,+0.0000,+0.0000,+2.0000,+0.0040,+0.1115,+1.6000,+0.0000,+0.0000
307,0.75,82,True,0.0%,0.0%,0.0%,0.01,0.6,5.09,7.337,0.9919,0.8780,0.7868,+0.0000,+0.0000,+1.0000,+0.0000,+0.0000,-0.2000,+0.0005,-0.0517,+0.0000,+0.0000,+0.0000,+0.0000,+0.0000,+1.0000,+0.0000,+0.0000,+2.0000,+0.0195,+6.8965,+8.2000,+0.0000,+0.0000
308,1.00,1,True,0.0%,0.0%,0.0%,inf,1.0,5.24,0.000,1.0000,1.0000,0.9284,+0.0000,+0.0000,+1.0000,+0.0000,+0.0000,+0.0000,+0.0000,-0.0002,+0.0000,+0.0000,+0.0000,+0.0000,+0.0000,+1.0000,+0.0000,+0.0000,+0.0000,+0.0002,+0.0299,+0.0000,+0.0000,+0.0000
310,0.90,1,True,0.0%,0.0%,0.0%,inf,0.9,4.84,0.599,0.6667,1.0000,0.7810,+0.0000,+0.0000,+1.0000,+0.0000,+0.0000,-0.1000,+0.0000,-0.0007,+0.0000,+0.0000,+0.0000,+0.0000,+0.0000,+1.0000,+0.0000,+0.0000,+1.0000,+0.0002,+0.0906,+0.1000,+0.0000,+0.0000
311,1.00,1,True,0.0%,0.0%,0.0%,inf,0.8,4.66,0.000,1.0000,1.0000,0.0000,+0.0000,+0.0000,+1.0000,+0.0000,+0.0000,+0.0000,+0.0000,-0.0014,+0.0000,+0.0000,+0.0000,+0.0000,+0.0000,+1.0000,+0.0000,+0.0000,+0.0000,+0.0002,+0.1871,+0.0000,+0.0000,+0.0000
315,-3.23,8,False,100.0%,0.0%,0.0%,0.25,0.6,4.76,0.249,0.9167,1.0000,0.8816,-3.0249,+0.0000,+0.0000,+0.0000,+0.0000,-0.2000,+0.0000,-0.0012,+0.0000,+0.0000,+0.0000,+1.0000,+0.0000,+0.0000,+0.0000,+0.0000,+2.0000,+0.0020,+0.1598,+0.8000,+0.0000,+0.0000
316,0.90,1,True,0.0%,0.0%,0.0%,inf,1.0,4.75,10.150,0.6667,1.0000,0.9734,+0.0000,+0.0000,+1.0000,+0.0000,+0.0000,-0.1000,+0.0000,-0.0004,+0.0000,+0.0000,+0.0000,+0.0000,+0.0000,+1.0000,+0.0000,+0.0000,+1.0000,+0.0002,+0.0506,+0.1000,+0.0000,+0.0000
317,0.99,19,True,0.0%,0.0%,0.0%,0.01,0.6,5.46,1.807,1.0000,1.0000,0.8476,+0.0000,+0.0000,+1.0000,+0.0000,+0.0000,+0.0000,+0.0001,-0.0109,+0.0000,+0.0000,+0.0000,+0.0000,+0.0000,+1.0000,+0.0000,+0.0000,+0.0000,+0.0047,+1.4592,+1.9000,+0.0000,+0.0000
320,-1.54,90,False,0.0%,0.0%,0.0%,0.37,0.9,6.30,7.652,0.9926,0.0222,0.7090,+0.0000,+0.0000,+0.0000,+0.0000,+0.0000,-0.2000,-1.3357,-0.0038,+0.0000,+0.0000,+0.0000,+0.0000,+0.0000,+0.0000,+0.0000,+0.0000,+2.0000,-53.4284,+0.5057,+9.0000,+0.0000,+0.0000
323,1.00,1,True,0.0%,0.0%,0.0%,inf,1.0,5.52,0.069,1.0000,1.0000,0.8470,+0.0000,+0.0000,+1.0000,+0.0000,+0.0000,+0.0000,+0.0000,-0.0006,+0.0000,+0.0000,+0.0000,+0.0000,+0.0000,+1.0000,+0.0000,+0.0000,+0.0000,+0.0002,+0.0769,+0.1000,+0.0000,+0.0000
326,1.00,1,True,0.0%,0.0%,0.0%,inf,1.1,4.74,0.052,1.0000,1.0000,0.8715,+0.0000,+0.0000,+1.0000,+0.0000,+0.0000,+0.0000,+0.0000,-0.0005,+0.0000,+0.0000,+0.0000,+0.0000,+0.0000,+1.0000,+0.0000,+0.0000,+0.0000,+0.0002,+0.0718,+0.1000,+0.0000,+0.0000
327,-0.12,90,False,0.0%,0.0%,0.0%,0.03,0.7,5.24,9.688,0.9963,0.9333,0.7383,+0.0000,+0.0000,+0.0000,+0.0000,+0.0000,-0.1000,-0.0223,-0.0022,+0.0000,+0.0000,+0.0000,+0.0000,+0.0000,+0.0000,+0.0000,+0.0000,+1.0000,-0.8903,+0.2903,+9.0000,+0.0000,+0.0000
329,-0.77,90,False,0.0%,0.0%,0.0%,0.19,1.1,5.67,4.424,0.9926,0.2111,0.6848,+0.0000,+0.0000,+0.0000,+0.0000,+0.0000,-0.2000,-0.5573,-0.0123,+0.0000,+0.0000,+0.0000,+0.0000,+0.0000,+0.0000,+0.0000,+0.0000,+2.0000,-22.2909,+1.6345,+9.0000,+0.0000,+0.0000
330,-0.49,90,False,0.0%,0.0%,0.0%,0.10,1.0,7.80,11.462,0.9926,0.7333,0.7398,+0.0000,+0.0000,+0.0000,+0.0000,+0.0000,-0.2000,-0.2443,-0.0497,+0.0000,+0.0000,+0.0000,+0.0000,+0.0000,+0.0000,+0.0000,+0.0000,+2.0000,-9.7702,+6.6239,+9.0000,+0.0000,+0.0000
331,1.00,1,True,0.0%,0.0%,0.0%,inf,1.0,5.07,0.000,1.0000,1.0000,0.8668,+0.0000,+0.0000,+1.0000,+0.0000,+0.0000,+0.0000,+0.0000,-0.0001,+0.0000,+0.0000,+0.0000,+0.0000,+0.0000,+1.0000,+0.0000,+0.0000,+0.0000,+0.0002,+0.0168,+0.0000,+0.0000,+0.0000
332,1.00,1,True,0.0%,0.0%,0.0%,inf,0.9,4.91,0.000,1.0000,0.0000,0.0000,+0.0000,+0.0000,+1.0000,+0.0000,+0.0000,+0.0000,-0.0025,+0.0000,+0.0000,+0.0000,+0.0000,+0.0000,+0.0000,+1.0000,+0.0000,+0.0000,+0.0000,-0.1003,+0.0000,+0.0000,+0.0000,+0.0000
333,1.00,1,True,0.0%,0.0%,0.0%,inf,1.1,4.74,0.000,1.0000,0.0000,0.0000,+0.0000,+0.0000,+1.0000,+0.0000,+0.0000,+0.0000,-0.0025,+0.0000,+0.0000,+0.0000,+0.0000,+0.0000,+0.0000,+1.0000,+0.0000,+0.0000,+0.0000,-0.1003,+0.0000,+0.0000,+0.0000,+0.0000
334,-7.47,26,False,100.0%,100.0%,0.0%,0.59,1.0,5.24,16.700,0.9744,0.9231,0.9147,-4.6700,+0.0000,+0.0000,+0.0000,+0.0000,-0.2000,+0.0002,-0.0049,+0.0000,+0.0000,-2.6000,+1.0000,+0.0000,+0.0000,+0.0000,+0.0000,+2.0000,+0.0061,+0.6568,+2.6000,+0.0000,+26.0000
336,-0.26,90,False,0.0%,0.0%,0.0%,0.33,1.1,7.22,5.266,0.9926,0.8667,0.9302,+0.0000,+0.0000,+0.0000,+0.0000,+0.0000,-0.2000,-0.0457,-0.0185,+0.0000,+0.0000,+0.0000,+0.0000,+0.0000,+0.0000,+0.0000,+0.0000,+2.0000,-1.8263,+2.4626,+9.0000,+0.0000,+0.0000
338,0.00,1,False,0.0%,0.0%,0.0%,inf,1.0,5.57,0.000,1.0000,0.0000,1.0000,+0.0000,+0.0000,+0.0000,+0.0000,+0.0000,+0.0000,+0.0000,+0.0000,+0.0000,+0.0000,+0.0000,+0.0000,+0.0000,+0.0000,+0.0000,+0.0000,+0.0000,+0.0000,+0.0000,+0.0000,+0.0000,+0.0000
339,-0.05,90,False,0.0%,0.0%,0.0%,0.22,1.1,7.23,6.866,1.0000,0.8222,0.9502,+0.0000,+0.0000,+0.0000,+0.0000,+0.0000,+0.0000,-0.0155,-0.0305,+0.0000,+0.0000,+0.0000,+0.0000,+0.0000,+0.0000,+0.0000,+0.0000,+0.0000,-0.6187,+4.0684,+9.0000,+0.0000,+0.0000
340,0.90,1,True,0.0%,0.0%,0.0%,inf,1.0,4.83,0.000,0.6667,0.0000,0.0000,+0.0000,+0.0000,+1.0000,+0.0000,+0.0000,-0.1000,-0.0028,+0.0000,+0.0000,+0.0000,+0.0000,+0.0000,+0.0000,+1.0000,+0.0000,+0.0000,+1.0000,-0.1136,+0.0000,+0.1000,+0.0000,+0.0000
341,-0.94,90,False,0.0%,0.0%,0.0%,0.02,0.9,6.55,11.873,0.9667,1.0000,0.6854,+0.0000,+0.0000,+0.0000,+0.0000,+0.0000,-0.9000,+0.0005,-0.0423,+0.0000,+0.0000,+0.0000,+0.0000,+0.0000,+0.0000,+0.0000,+0.0000,+9.0000,+0.0215,+5.6398,+9.0000,+0.0000,+0.0000
342,-3.63,26,False,100.0%,100.0%,0.0%,0.39,0.9,5.33,5.952,1.0000,0.8077,0.7246,-3.5952,+0.0000,+0.0000,+0.0000,+0.0000,+0.0000,-0.0301,-0.0002,+0.0000,+0.0000,+0.0000,+1.0000,+0.0000,+0.0000,+0.0000,+0.0000,+0.0000,-1.2031,+0.0254,+2.6000,+0.0000,+0.0000
344,-0.06,90,False,0.0%,0.0%,0.0%,0.34,0.8,5.48,0.054,1.0000,1.0000,0.7701,+0.0000,+0.0000,+0.0000,+0.0000,+0.0000,+0.0000,+0.0006,-0.0627,+0.0000,+0.0000,+0.0000,+0.0000,+0.0000,+0.0000,+0.0000,+0.0000,+0.0000,+0.0224,+8.3535,+9.0000,+0.0000,+0.0000
345,1.00,1,True,0.0%,0.0%,0.0%,inf,1.0,5.28,0.000,1.0000,1.0000,0.6960,+0.0000,+0.0000,+1.0000,+0.0000,+0.0000,+0.0000,+0.0000,-0.0000,+0.0000,+0.0000,+0.0000,+0.0000,+0.0000,+1.0000,+0.0000,+0.0000,+0.0000,+0.0002,+0.0034,+0.0000,+0.0000,+0.0000
346,-0.59,90,False,0.0%,0.0%,0.0%,0.06,1.0,5.79,8.206,0.9815,0.8889,0.7759,+0.0000,+0.0000,+0.0000,+0.0000,+0.0000,-0.5000,-0.0333,-0.0564,+0.0000,+0.0000,+0.0000,+0.0000,+0.0000,+0.0000,+0.0000,+0.0000,+5.0000,-1.3333,+7.5251,+9.0000,+0.0000,+0.0000
349,1.00,1,True,0.0%,0.0%,0.0%,inf,1.1,4.59,0.000,1.0000,1.0000,0.8602,+0.0000,+0.0000,+1.0000,+0.0000,+0.0000,+0.0000,+0.0000,-0.0006,+0.0000,+0.0000,+0.0000,+0.0000,+0.0000,+1.0000,+0.0000,+0.0000,+0.0000,+0.0002,+0.0742,+0.0000,+0.0000,+0.0000
351,-3.75,40,False,100.0%,100.0%,0.0%,0.23,0.6,4.90,5.445,0.9833,1.0000,0.6811,-3.5445,+0.0000,+0.0000,+0.0000,+0.0000,-0.2000,+0.0002,-0.0020,+0.0000,+0.0000,+0.0000,+1.0000,+0.0000,+0.0000,+0.0000,+0.0000,+2.0000,+0.0100,+0.2638,+4.0000,+0.0000,+0.0000
352,0.87,35,True,0.0%,0.0%,0.0%,0.01,0.6,4.94,10.454,0.9905,1.0000,0.5792,+0.0000,+0.0000,+1.0000,+0.0000,+0.0000,-0.1000,+0.0002,-0.0346,+0.0000,+0.0000,+0.0000,+0.0000,+0.0000,+1.0000,+0.0000,+0.0000,+1.0000,+0.0086,+4.6190,+3.5000,+0.0000,+0.0000
355,-0.21,90,False,0.0%,0.0%,0.0%,0.25,1.6,6.85,1.415,0.9926,1.0000,0.7532,+0.0000,+0.0000,+0.0000,+0.0000,+0.0000,-0.2000,+0.0005,-0.0080,+0.0000,+0.0000,+0.0000,+0.0000,+0.0000,+0.0000,+0.0000,+0.0000,+2.0000,+0.0217,+1.0673,+9.0000,+0.0000,+0.0000
358,-3.00,1,False,100.0%,0.0%,0.0%,inf,1.2,4.95,0.000,1.0000,1.0000,0.9686,-3.0000,+0.0000,+0.0000,+0.0000,+0.0000,+0.0000,+0.0000,-0.0004,+0.0000,+0.0000,+0.0000,+1.0000,+0.0000,+0.0000,+0.0000,+0.0000,+0.0000,+0.0002,+0.0516,+0.0000,+0.0000,+0.0000
359,-0.17,90,False,0.0%,0.0%,0.0%,0.06,0.9,6.54,11.182,0.9963,0.9111,0.8078,+0.0000,+0.0000,+0.0000,+0.0000,+0.0000,-0.1000,-0.0640,-0.0092,+0.0000,+0.0000,+0.0000,+0.0000,+0.0000,+0.0000,+0.0000,+0.0000,+1.0000,-2.5582,+1.2200,+9.0000,+0.0000,+0.0000
364,-0.22,90,False,0.0%,0.0%,0.0%,0.03,0.6,5.37,1.125,0.9926,0.9444,0.8838,+0.0000,+0.0000,+0.0000,+0.0000,+0.0000,-0.2000,+0.0005,-0.0241,+0.0000,+0.0000,+0.0000,+0.0000,+0.0000,+0.0000,+0.0000,+0.0000,+2.0000,+0.0203,+3.2172,+9.0000,+0.0000,+0.0000
367,1.00,1,True,0.0%,0.0%,0.0%,inf,0.9,4.74,0.000,1.0000,0.0000,0.0000,+0.0000,+0.0000,+1.0000,+0.0000,+0.0000,+0.0000,-0.0025,+0.0000,+0.0000,+0.0000,+0.0000,+0.0000,+0.0000,+1.0000,+0.0000,+0.0000,+0.0000,-0.1003,+0.0000,+0.0000,+0.0000,+0.0000
368,-1.42,43,True,0.0%,0.0%,0.0%,0.01,0.6,4.83,15.628,0.9922,0.9767,0.8890,+0.0000,+0.0000,+1.0000,+0.0000,+0.0000,-0.1000,+0.0003,-0.0219,+0.0000,+0.0000,-2.3000,+0.0000,+0.0000,+1.0000,+0.0000,+0.0000,+1.0000,+0.0107,+2.9225,+4.3000,+0.0000,+23.0000
369,0.79,8,True,0.0%,0.0%,0.0%,0.01,0.6,4.75,13.675,0.9167,1.0000,0.6905,+0.0000,+0.0000,+1.0000,+0.0000,+0.0000,-0.2000,+0.0000,-0.0066,+0.0000,+0.0000,+0.0000,+0.0000,+0.0000,+1.0000,+0.0000,+0.0000,+2.0000,+0.0020,+0.8736,+0.8000,+0.0000,+0.0000
375,-0.01,90,False,0.0%,0.0%,0.0%,0.25,0.9,6.90,1.868,1.0000,0.4000,0.8404,+0.0000,+0.0000,+0.0000,+0.0000,+0.0000,+0.0000,+0.0005,-0.0090,+0.0000,+0.0000,+0.0000,+0.0000,+0.0000,+0.0000,+0.0000,+0.0000,+0.0000,+0.0220,+1.2001,+9.0000,+0.0000,+0.0000
377,1.00,1,True,0.0%,0.0%,0.0%,inf,1.0,4.99,0.000,1.0000,1.0000,0.4012,+0.0000,+0.0000,+1.0000,+0.0000,+0.0000,+0.0000,+0.0000,-0.0005,+0.0000,+0.0000,+0.0000,+0.0000,+0.0000,+1.0000,+0.0000,+0.0000,+0.0000,+0.0002,+0.0657,+0.0000,+0.0000,+0.0000
380,-0.26,90,False,0.0%,0.0%,0.0%,0.24,1.1,7.00,13.799,0.9926,1.0000,0.5828,+0.0000,+0.0000,+0.0000,+0.0000,+0.0000,-0.2000,+0.0006,-0.0584,+0.0000,+0.0000,+0.0000,+0.0000,+0.0000,+0.0000,+0.0000,+0.0000,+2.0000,+0.0221,+7.7805,+9.0000,+0.0000,+0.0000
381,0.88,23,True,0.0%,0.0%,0.0%,0.01,0.6,4.85,8.007,0.9855,1.0000,0.7379,+0.0000,+0.0000,+1.0000,+0.0000,+0.0000,-0.1000,+0.0001,-0.0172,+0.0000,+0.0000,+0.0000,+0.0000,+0.0000,+1.0000,+0.0000,+0.0000,+1.0000,+0.0057,+2.2874,+2.3000,+0.0000,+0.0000
384,-0.27,90,False,0.0%,0.0%,0.0%,0.04,0.7,5.63,7.858,0.9926,0.9333,0.8640,+0.0000,+0.0000,+0.0000,+0.0000,+0.0000,-0.2000,-0.0315,-0.0341,+0.0000,+0.0000,+0.0000,+0.0000,+0.0000,+0.0000,+0.0000,+0.0000,+2.0000,-1.2587,+4.5448,+9.0000,+0.0000,+0.0000
385,-8.56,31,False,100.0%,100.0%,0.0%,0.64,0.8,5.58,22.395,0.9785,1.0000,0.7419,-5.2395,+0.0000,+0.0000,+0.0000,+0.0000,-0.2000,+0.0002,-0.0229,+0.0000,+0.0000,-3.1000,+1.0000,+0.0000,+0.0000,+0.0000,+0.0000,+2.0000,+0.0077,+3.0536,+3.1000,+0.0000,+31.0000
388,1.00,1,True,0.0%,0.0%,0.0%,inf,1.2,4.85,0.000,1.0000,0.0000,0.0000,+0.0000,+0.0000,+1.0000,+0.0000,+0.0000,+0.0000,-0.0025,+0.0000,+0.0000,+0.0000,+0.0000,+0.0000,+0.0000,+1.0000,+0.0000,+0.0000,+0.0000,-0.1003,+0.0000,+0.0000,+0.0000,+0.0000
390,1.00,1,True,0.0%,0.0%,0.0%,inf,0.9,4.71,0.000,1.0000,0.0000,0.0000,+0.0000,+0.0000,+1.0000,+0.0000,+0.0000,+0.0000,-0.0025,+0.0000,+0.0000,+0.0000,+0.0000,+0.0000,+0.0000,+1.0000,+0.0000,+0.0000,+0.0000,-0.1003,+0.0000,+0.0000,+0.0000,+0.0000
391,1.00,1,True,0.0%,0.0%,0.0%,inf,1.0,4.58,0.000,1.0000,0.0000,0.0000,+0.0000,+0.0000,+1.0000,+0.0000,+0.0000,+0.0000,-0.0025,+0.0000,+0.0000,+0.0000,+0.0000,+0.0000,+0.0000,+1.0000,+0.0000,+0.0000,+0.0000,-0.1003,+0.0000,+0.0000,+0.0000,+0.0000
392,1.00,1,True,0.0%,0.0%,0.0%,inf,1.1,4.76,0.000,1.0000,0.0000,0.0000,+0.0000,+0.0000,+1.0000,+0.0000,+0.0000,+0.0000,-0.0025,+0.0000,+0.0000,+0.0000,+0.0000,+0.0000,+0.0000,+1.0000,+0.0000,+0.0000,+0.0000,-0.1003,+0.0000,+0.0000,+0.0000,+0.0000
393,0.98,37,True,0.0%,0.0%,0.0%,0.01,0.6,5.38,6.746,1.0000,0.9459,0.9030,+0.0000,+0.0000,+1.0000,+0.0000,+0.0000,+0.0000,+0.0002,-0.0172,+0.0000,+0.0000,+0.0000,+0.0000,+0.0000,+1.0000,+0.0000,+0.0000,+0.0000,+0.0088,+2.2928,+3.7000,+0.0000,+0.0000
394,-0.52,46,True,0.0%,0.0%,0.0%,0.01,0.6,4.95,9.025,0.8913,0.9348,0.6315,+0.0000,+0.0000,+1.0000,+0.0000,+0.0000,-1.5000,+0.0003,-0.0174,+0.0000,+0.0000,+0.0000,+0.0000,+0.0000,+1.0000,+0.0000,+0.0000,+15.0000,+0.0106,+2.3180,+4.6000,+0.0000,+0.0000
395,-0.03,90,False,0.0%,0.0%,0.0%,0.27,0.8,6.04,0.196,1.0000,1.0000,0.9933,+0.0000,+0.0000,+0.0000,+0.0000,+0.0000,+0.0000,+0.0006,-0.0294,+0.0000,+0.0000,+0.0000,+0.0000,+0.0000,+0.0000,+0.0000,+0.0000,+0.0000,+0.0224,+3.9236,+9.0000,+0.0000,+0.0000
396,-3.46,19,False,0.0%,0.0%,100.0%,0.28,0.7,4.86,10.143,0.9474,0.0000,0.5798,+0.0000,-3.0000,+0.0000,+0.0000,+0.0000,-0.3000,-0.1496,-0.0076,+0.0000,+0.0000,+0.0000,+0.0000,+1.0000,+0.0000,+0.0000,+0.0000,+3.0000,-5.9857,+1.0118,+1.9000,+0.0000,+0.0000
397,1.00,1,True,0.0%,0.0%,0.0%,inf,1.1,4.88,0.000,1.0000,0.0000,0.0000,+0.0000,+0.0000,+1.0000,+0.0000,+0.0000,+0.0000,-0.0025,+0.0000,+0.0000,+0.0000,+0.0000,+0.0000,+0.0000,+1.0000,+0.0000,+0.0000,+0.0000,-0.1003,+0.0000,+0.0000,+0.0000,+0.0000
399,-0.86,90,False,0.0%,0.0%,0.0%,0.09,0.6,5.97,4.418,0.9704,0.9889,0.7610,+0.0000,+0.0000,+0.0000,+0.0000,+0.0000,-0.8000,+0.0005,-0.0605,+0.0000,+0.0000,+0.0000,+0.0000,+0.0000,+0.0000,+0.0000,+0.0000,+8.0000,+0.0216,+8.0725,+9.0000,+0.0000,+0.0000
400,0.50,28,True,0.0%,0.0%,0.0%,0.01,0.6,4.76,12.550,0.9881,1.0000,0.8941,+0.0000,+0.0000,+1.0000,+0.0000,+0.0000,-0.1000,+0.0002,-0.0048,+0.0000,+0.0000,-0.4000,+0.0000,+0.0000,+1.0000,+0.0000,+0.0000,+1.0000,+0.0070,+0.6341,+2.8000,+0.0000,+4.0000
402,1.00,1,True,0.0%,0.0%,0.0%,inf,1.0,4.61,0.000,1.0000,0.0000,0.0000,+0.0000,+0.0000,+1.0000,+0.0000,+0.0000,+0.0000,-0.0025,+0.0000,+0.0000,+0.0000,+0.0000,+0.0000,+0.0000,+1.0000,+0.0000,+0.0000,+0.0000,-0.1003,+0.0000,+0.0000,+0.0000,+0.0000
406,-0.04,90,False,0.0%,0.0%,0.0%,0.33,0.7,6.60,3.184,1.0000,0.9667,0.9378,+0.0000,+0.0000,+0.0000,+0.0000,+0.0000,+0.0000,+0.0005,-0.0385,+0.0000,+0.0000,+0.0000,+0.0000,+0.0000,+0.0000,+0.0000,+0.0000,+0.0000,+0.0220,+5.1387,+9.0000,+0.0000,+0.0000
407,0.88,30,True,0.0%,0.0%,0.0%,0.01,0.6,4.89,10.473,0.9889,1.0000,0.8680,+0.0000,+0.0000,+1.0000,+0.0000,+0.0000,-0.1000,+0.0002,-0.0157,+0.0000,+0.0000,+0.0000,+0.0000,+0.0000,+1.0000,+0.0000,+0.0000,+1.0000,+0.0074,+2.0970,+3.0000,+0.0000,+0.0000
408,-3.23,27,False,0.0%,0.0%,100.0%,0.43,0.6,4.68,8.032,0.9753,0.9630,0.7570,+0.0000,-3.0000,+0.0000,+0.0000,+0.0000,-0.2000,-0.0224,-0.0063,+0.0000,+0.0000,+0.0000,+0.0000,+1.0000,+0.0000,+0.0000,+0.0000,+2.0000,-0.8970,+0.8444,+2.7000,+0.0000,+0.0000
410,-1.03,46,True,0.0%,0.0%,0.0%,0.01,1.0,6.08,8.836,0.8551,1.0000,0.5536,+0.0000,+0.0000,+1.0000,+0.0000,+0.0000,-2.0000,+0.0002,-0.0287,+0.0000,+0.0000,+0.0000,+0.0000,+0.0000,+1.0000,+0.0000,+0.0000,+20.0000,+0.0100,+3.8239,+4.6000,+0.0000,+0.0000
411,1.00,1,True,0.0%,0.0%,0.0%,inf,0.9,5.01,0.000,1.0000,0.0000,0.0000,+0.0000,+0.0000,+1.0000,+0.0000,+0.0000,+0.0000,-0.0025,+0.0000,+0.0000,+0.0000,+0.0000,+0.0000,+0.0000,+1.0000,+0.0000,+0.0000,+0.0000,-0.1003,+0.0000,+0.0000,+0.0000,+0.0000
412,0.50,3,True,0.0%,0.0%,0.0%,0.02,0.8,4.78,18.379,0.7778,1.0000,0.9914,+0.0000,+0.0000,+1.0000,+0.0000,+0.0000,-0.2000,+0.0000,-0.0011,+0.0000,+0.0000,-0.3000,+0.0000,+0.0000,+1.0000,+0.0000,+0.0000,+2.0000,+0.0007,+0.1404,+0.3000,+0.0000,+3.0000
413,-0.06,90,False,0.0%,0.0%,0.0%,0.16,0.6,5.96,7.775,1.0000,0.9444,0.8473,+0.0000,+0.0000,+0.0000,+0.0000,+0.0000,+0.0000,-0.0109,-0.0506,+0.0000,+0.0000,+0.0000,+0.0000,+0.0000,+0.0000,+0.0000,+0.0000,+0.0000,-0.4375,+6.7523,+9.0000,+0.0000,+0.0000
414,-0.21,90,False,0.0%,0.0%,0.0%,0.29,0.7,5.76,0.062,0.9926,1.0000,0.8802,+0.0000,+0.0000,+0.0000,+0.0000,+0.0000,-0.2000,+0.0006,-0.0133,+0.0000,+0.0000,+0.0000,+0.0000,+0.0000,+0.0000,+0.0000,+0.0000,+2.0000,+0.0221,+1.7726,+9.0000,+0.0000,+0.0000
415,1.00,1,True,0.0%,0.0%,0.0%,inf,0.9,6.04,0.000,1.0000,0.0000,0.0000,+0.0000,+0.0000,+1.0000,+0.0000,+0.0000,+0.0000,-0.0025,+0.0000,+0.0000,+0.0000,+0.0000,+0.0000,+0.0000,+1.0000,+0.0000,+0.0000,+0.0000,-0.1003,+0.0000,+0.0000,+0.0000,+0.0000
416,1.00,1,True,0.0%,0.0%,0.0%,inf,0.8,4.92,0.000,1.0000,0.0000,0.0000,+0.0000,+0.0000,+1.0000,+0.0000,+0.0000,+0.0000,-0.0025,+0.0000,+0.0000,+0.0000,+0.0000,+0.0000,+0.0000,+1.0000,+0.0000,+0.0000,+0.0000,-0.1003,+0.0000,+0.0000,+0.0000,+0.0000
417,0.98,39,True,0.0%,0.0%,0.0%,0.01,0.6,5.01,4.351,1.0000,1.0000,0.8369,+0.0000,+0.0000,+1.0000,+0.0000,+0.0000,+0.0000,+0.0002,-0.0231,+0.0000,+0.0000,+0.0000,+0.0000,+0.0000,+1.0000,+0.0000,+0.0000,+0.0000,+0.0096,+3.0809,+3.9000,+0.0000,+0.0000
418,-5.76,90,False,0.0%,0.0%,0.0%,0.02,0.6,5.32,13.204,0.9704,1.0000,0.6784,+0.0000,+0.0000,+0.0000,+0.0000,+0.0000,-0.8000,+0.0005,-0.0645,+0.0000,+0.0000,-4.9000,+0.0000,+0.0000,+0.0000,+0.0000,+0.0000,+8.0000,+0.0218,+8.5934,+9.0000,+0.0000,+49.0000
423,1.00,1,True,0.0%,0.0%,0.0%,inf,1.0,4.72,0.000,1.0000,0.0000,0.0000,+0.0000,+0.0000,+1.0000,+0.0000,+0.0000,+0.0000,-0.0025,+0.0000,+0.0000,+0.0000,+0.0000,+0.0000,+0.0000,+1.0000,+0.0000,+0.0000,+0.0000,-0.1003,+0.0000,+0.0000,+0.0000,+0.0000
425,1.00,1,True,0.0%,0.0%,0.0%,inf,0.9,5.43,0.000,1.0000,0.0000,0.0000,+0.0000,+0.0000,+1.0000,+0.0000,+0.0000,+0.0000,-0.0025,+0.0000,+0.0000,+0.0000,+0.0000,+0.0000,+0.0000,+1.0000,+0.0000,+0.0000,+0.0000,-0.1003,+0.0000,+0.0000,+0.0000,+0.0000
426,-4.23,42,False,100.0%,100.0%,0.0%,0.31,0.6,4.96,9.814,0.9841,0.8095,0.7176,-3.9814,+0.0000,+0.0000,+0.0000,+0.0000,-0.2000,-0.0136,-0.0303,+0.0000,+0.0000,+0.0000,+1.0000,+0.0000,+0.0000,+0.0000,+0.0000,+2.0000,-0.5439,+4.0461,+4.2000,+0.0000,+0.0000
427,-0.04,90,False,0.0%,0.0%,0.0%,0.20,0.7,6.32,4.708,1.0000,0.7667,0.8364,+0.0000,+0.0000,+0.0000,+0.0000,+0.0000,+0.0000,-0.0350,-0.0024,+0.0000,+0.0000,+0.0000,+0.0000,+0.0000,+0.0000,+0.0000,+0.0000,+0.0000,-1.3995,+0.3163,+9.0000,+0.0000,+0.0000
428,1.00,1,True,0.0%,0.0%,0.0%,inf,0.8,4.91,0.000,0.6667,1.0000,0.9897,+0.0000,+0.0000,+1.0000,+0.0000,+0.0000,+0.0000,+0.0000,+0.0000,+0.0000,+0.0000,+0.0000,+0.0000,+0.0000,+1.0000,+0.0000,+0.0000,+1.0000,+0.0002,-0.0060,+0.1000,+0.0000,+0.0000
429,-1.09,90,False,0.0%,0.0%,0.0%,0.39,0.7,5.96,7.744,1.0000,0.2556,0.7716,+0.0000,+0.0000,+0.0000,+0.0000,+0.0000,+0.0000,-1.0859,-0.0042,+0.0000,+0.0000,+0.0000,+0.0000,+0.0000,+0.0000,+0.0000,+0.0000,+0.0000,-43.4340,+0.5665,+9.0000,+0.0000,+0.0000
430,-0.03,90,False,0.0%,0.0%,0.0%,0.26,0.7,6.63,0.522,1.0000,1.0000,0.9830,+0.0000,+0.0000,+0.0000,+0.0000,+0.0000,+0.0000,+0.0006,-0.0328,+0.0000,+0.0000,+0.0000,+0.0000,+0.0000,+0.0000,+0.0000,+0.0000,+0.0000,+0.0224,+4.3701,+9.0000,+0.0000,+0.0000
431,1.00,1,True,0.0%,0.0%,0.0%,inf,0.8,4.72,0.000,1.0000,0.0000,0.0000,+0.0000,+0.0000,+1.0000,+0.0000,+0.0000,+0.0000,-0.0025,+0.0000,+0.0000,+0.0000,+0.0000,+0.0000,+0.0000,+1.0000,+0.0000,+0.0000,+0.0000,-0.1003,+0.0000,+0.0000,+0.0000,+0.0000
435,1.00,1,True,0.0%,0.0%,0.0%,inf,1.1,4.90,0.000,1.0000,0.0000,0.0000,+0.0000,+0.0000,+1.0000,+0.0000,+0.0000,+0.0000,-0.0025,+0.0000,+0.0000,+0.0000,+0.0000,+0.0000,+0.0000,+1.0000,+0.0000,+0.0000,+0.0000,-0.1003,+0.0000,+0.0000,+0.0000,+0.0000
438,-4.02,7,False,100.0%,100.0%,0.0%,0.51,0.8,5.47,10.144,1.0000,1.0000,0.8092,-4.0144,+0.0000,+0.0000,+0.0000,+0.0000,+0.0000,+0.0000,-0.0044,+0.0000,+0.0000,+0.0000,+1.0000,+0.0000,+0.0000,+0.0000,+0.0000,+0.0000,+0.0017,+0.5933,+0.7000,+0.0000,+0.0000
440,1.00,36,True,0.0%,0.0%,0.0%,0.01,0.9,5.68,3.323,0.9074,0.9444,0.7209,+0.0000,+0.0000,+1.0000,+0.0000,+0.0000,+0.0000,+0.0000,+0.0000,+0.0000,+0.0000,+0.0000,+0.0000,+0.0000,+1.0000,+0.0000,+0.0000,+10.0000,-0.3921,+1.7954,+3.6000,+0.0000,+0.0000
442,0.00,1,False,0.0%,0.0%,0.0%,inf,1.1,5.68,0.000,1.0000,0.0000,1.0000,+0.0000,+0.0000,+0.0000,+0.0000,+0.0000,+0.0000,+0.0000,+0.0000,+0.0000,+0.0000,+0.0000,+0.0000,+0.0000,+0.0000,+0.0000,+0.0000,+0.0000,+0.0000,+0.0000,+0.0000,+0.0000,+0.0000
443,1.00,1,True,0.0%,0.0%,0.0%,inf,0.8,5.07,0.001,1.0000,1.0000,0.8355,+0.0000,+0.0000,+1.0000,+0.0000,+0.0000,+0.0000,+0.0000,-0.0001,+0.0000,-0.0008,+0.0000,+0.0000,+0.0000,+1.0000,+0.0000,+0.0000,+0.0000,+0.0002,+0.0102,+0.1000,+0.1000,+0.0000
444,-4.27,17,False,100.0%,100.0%,0.0%,0.42,0.9,5.68,8.655,0.9608,0.0000,0.8318,-3.8655,+0.0000,+0.0000,+0.0000,+0.0000,-0.2000,-0.2073,-0.0009,+0.0000,+0.0000,+0.0000,+1.0000,+0.0000,+0.0000,+0.0000,+0.0000,+2.0000,-8.2912,+0.1227,+1.7000,+0.0000,+0.0000
447,1.00,1,True,0.0%,0.0%,0.0%,inf,0.9,4.96,0.056,1.0000,1.0000,0.8236,+0.0000,+0.0000,+1.0000,+0.0000,+0.0000,+0.0000,+0.0000,-0.0001,+0.0000,+0.0000,+0.0000,+0.0000,+0.0000,+1.0000,+0.0000,+0.0000,+0.0000,+0.0002,+0.0076,+0.1000,+0.0000,+0.0000
450,-0.07,90,False,0.0%,0.0%,0.0%,0.29,0.8,6.81,7.256,1.0000,0.5333,0.6951,+0.0000,+0.0000,+0.0000,+0.0000,+0.0000,+0.0000,-0.0578,-0.0118,+0.0000,+0.0000,+0.0000,+0.0000,+0.0000,+0.0000,+0.0000,+0.0000,+0.0000,-2.3136,+1.5680,+9.0000,+0.0000,+0.0000
451,0.75,71,True,0.0%,0.0%,0.0%,0.01,0.6,5.99,5.090,0.9906,0.9718,0.7779,+0.0000,+0.0000,+1.0000,+0.0000,+0.0000,-0.2000,+0.0004,-0.0474,+0.0000,+0.0000,+0.0000,+0.0000,+0.0000,+1.0000,+0.0000,+0.0000,+2.0000,+0.0172,+6.3207,+7.1000,+0.0000,+0.0000
453,-0.25,90,False,0.0%,0.0%,0.0%,0.07,0.6,5.61,7.946,0.9926,0.8889,0.8779,+0.0000,+0.0000,+0.0000,+0.0000,+0.0000,-0.2000,-0.0403,-0.0127,+0.0000,+0.0000,+0.0000,+0.0000,+0.0000,+0.0000,+0.0000,+0.0000,+2.0000,-1.6122,+1.6883,+9.0000,+0.0000,+0.0000
454,1.00,1,True,0.0%,0.0%,0.0%,inf,1.0,4.88,0.000,1.0000,0.0000,0.0000,+0.0000,+0.0000,+1.0000,+0.0000,+0.0000,+0.0000,-0.0025,+0.0000,+0.0000,+0.0000,+0.0000,+0.0000,+0.0000,+1.0000,+0.0000,+0.0000,+0.0000,-0.1003,+0.0000,+0.0000,+0.0000,+0.0000
457,-4.32,36,False,100.0%,100.0%,0.0%,0.38,0.6,5.58,11.055,0.9815,0.9722,0.8234,-4.1055,+0.0000,+0.0000,+0.0000,+0.0000,-0.2000,-0.0053,-0.0088,+0.0000,+0.0000,+0.0000,+1.0000,+0.0000,+0.0000,+0.0000,+0.0000,+2.0000,-0.2109,+1.1798,+3.6000,+0.0000,+0.0000
459,1.00,1,True,0.0%,0.0%,0.0%,inf,0.8,4.74,0.000,1.0000,0.0000,0.0000,+0.0000,+0.0000,+1.0000,+0.0000,+0.0000,+0.0000,-0.0025,+0.0000,+0.0000,+0.0000,+0.0000,+0.0000,+0.0000,+1.0000,+0.0000,+0.0000,+0.0000,-0.1003,+0.0000,+0.0000,+0.0000,+0.0000
460,0.00,1,False,0.0%,0.0%,0.0%,inf,1.0,5.00,0.000,1.0000,0.0000,1.0000,+0.0000,+0.0000,+0.0000,+0.0000,+0.0000,+0.0000,+0.0000,+0.0000,+0.0000,+0.0000,+0.0000,+0.0000,+0.0000,+0.0000,+0.0000,+0.0000,+0.0000,+0.0000,+0.0000,+0.0000,+0.0000,+0.0000
461,-0.24,90,False,0.0%,0.0%,0.0%,0.25,0.8,7.09,1.750,0.9926,1.0000,0.9035,+0.0000,+0.0000,+0.0000,+0.0000,+0.0000,-0.2000,+0.0006,-0.0440,+0.0000,+0.0000,+0.0000,+0.0000,+0.0000,+0.0000,+0.0000,+0.0000,+2.0000,+0.0222,+5.8643,+9.0000,+0.0000,+0.0000
465,0.00,1,False,0.0%,0.0%,0.0%,inf,1.0,4.89,0.000,1.0000,0.0000,1.0000,+0.0000,+0.0000,+0.0000,+0.0000,+0.0000,+0.0000,+0.0000,+0.0000,+0.0000,+0.0000,+0.0000,+0.0000,+0.0000,+0.0000,+0.0000,+0.0000,+0.0000,+0.0000,+0.0000,+0.0000,+0.0000,+0.0000
467,0.97,48,True,0.0%,0.0%,0.0%,0.01,0.6,5.09,6.935,1.0000,0.7917,0.7525,+0.0000,+0.0000,+1.0000,+0.0000,+0.0000,+0.0000,+0.0003,-0.0282,+0.0000,+0.0000,+0.0000,+0.0000,+0.0000,+1.0000,+0.0000,+0.0000,+0.0000,+0.0112,+3.7614,+4.8000,+0.0000,+0.0000
469,1.00,1,True,0.0%,0.0%,0.0%,inf,0.8,4.73,0.000,1.0000,0.0000,0.0000,+0.0000,+0.0000,+1.0000,+0.0000,+0.0000,+0.0000,-0.0025,+0.0000,+0.0000,+0.0000,+0.0000,+0.0000,+0.0000,+1.0000,+0.0000,+0.0000,+0.0000,-0.1003,+0.0000,+0.0000,+0.0000,+0.0000
470,-0.85,90,False,0.0%,0.0%,0.0%,0.02,0.8,6.62,9.412,0.9704,0.9889,0.7566,+0.0000,+0.0000,+0.0000,+0.0000,+0.0000,-0.8000,+0.0005,-0.0492,+0.0000,+0.0000,+0.0000,+0.0000,+0.0000,+0.0000,+0.0000,+0.0000,+8.0000,+0.0217,+6.5640,+9.0000,+0.0000,+0.0000
473,-4.49,45,False,100.0%,100.0%,0.0%,0.23,0.7,5.55,12.805,0.9852,1.0000,0.7359,-4.2805,+0.0000,+0.0000,+0.0000,+0.0000,-0.2000,+0.0003,-0.0050,+0.0000,+0.0000,+0.0000,+1.0000,+0.0000,+0.0000,+0.0000,+0.0000,+2.0000,+0.0111,+0.6703,+4.5000,+0.0000,+0.0000
474,-0.01,90,False,0.0%,0.0%,0.0%,0.25,0.9,5.84,10.128,1.0000,0.9556,0.8202,+0.0000,+0.0000,+0.0000,+0.0000,+0.0000,+0.0000,-0.0097,-0.0044,+0.0000,+0.0000,+0.0000,+0.0000,+0.0000,+0.0000,+0.0000,+0.0000,+0.0000,-0.3863,+0.5912,+9.0000,+0.0000,+0.0000
475,-0.05,90,False,0.0%,0.0%,0.0%,0.08,0.6,5.18,1.901,1.0000,1.0000,0.8478,+0.0000,+0.0000,+0.0000,+0.0000,+0.0000,+0.0000,+0.0006,-0.0518,+0.0000,+0.0000,+0.0000,+0.0000,+0.0000,+0.0000,+0.0000,+0.0000,+0.0000,+0.0225,+6.9068,+9.0000,+0.0000,+0.0000
477,0.00,1,False,0.0%,0.0%,0.0%,inf,0.9,5.32,6.842,1.0000,0.0000,1.0000,+0.0000,+0.0000,+0.0000,+0.0000,+0.0000,+0.0000,+0.0000,+0.0000,+0.0000,+0.0000,+0.0000,+0.0000,+0.0000,+0.0000,+0.0000,+0.0000,+0.0000,+0.0000,+0.0000,+0.0000,+0.0000,+0.0000
478,1.00,1,True,0.0%,0.0%,0.0%,inf,0.9,4.85,0.000,1.0000,1.0000,0.7777,+0.0000,+0.0000,+1.0000,+0.0000,+0.0000,+0.0000,+0.0000,+0.0000,+0.0000,+0.0000,+0.0000,+0.0000,+0.0000,+1.0000,+0.0000,+0.0000,+0.0000,+0.0002,-0.0023,+0.0000,+0.0000,+0.0000
479,1.00,1,True,0.0%,0.0%,0.0%,inf,1.2,5.51,0.000,1.0000,1.0000,0.8868,+0.0000,+0.0000,+1.0000,+0.0000,+0.0000,+0.0000,+0.0000,-0.0002,+0.0000,+0.0000,+0.0000,+0.0000,+0.0000,+1.0000,+0.0000,+0.0000,+0.0000,+0.0002,+0.0211,+0.0000,+0.0000,+0.0000
480,1.00,1,True,0.0%,0.0%,0.0%,inf,0.8,5.17,0.000,1.0000,0.0000,0.0000,+0.0000,+0.0000,+1.0000,+0.0000,+0.0000,+0.0000,-0.0025,+0.0000,+0.0000,+0.0000,+0.0000,+0.0000,+0.0000,+1.0000,+0.0000,+0.0000,+0.0000,-0.1003,+0.0000,+0.0000,+0.0000,+0.0000
482,-3.23,44,False,0.0%,0.0%,100.0%,0.27,0.6,5.06,2.920,0.9848,0.9773,0.5476,+0.0000,-3.0000,+0.0000,+0.0000,+0.0000,-0.2000,+0.0002,-0.0302,+0.0000,+0.0000,+0.0000,+0.0000,+1.0000,+0.0000,+0.0000,+0.0000,+2.0000,+0.0094,+4.0281,+4.4000,+0.0000,+0.0000
483,-0.09,90,False,0.0%,0.0%,0.0%,0.06,0.6,5.28,3.737,1.0000,1.0000,0.4475,+0.0000,+0.0000,+0.0000,+0.0000,+0.0000,+0.0000,+0.0005,-0.0941,+0.0000,+0.0000,+0.0000,+0.0000,+0.0000,+0.0000,+0.0000,+0.0000,+0.0000,+0.0213,+12.5520,+9.0000,+0.0000,+0.0000
484,1.00,1,True,0.0%,0.0%,0.0%,inf,0.8,5.85,0.000,1.0000,0.0000,0.0000,+0.0000,+0.0000,+1.0000,+0.0000,+0.0000,+0.0000,-0.0025,+0.0000,+0.0000,+0.0000,+0.0000,+0.0000,+0.0000,+1.0000,+0.0000,+0.0000,+0.0000,-0.1003,+0.0000,+0.0000,+0.0000,+0.0000
488,-0.36,90,False,0.0%,0.0%,0.0%,0.19,0.7,6.53,3.537,0.9926,0.5000,0.7362,+0.0000,+0.0000,+0.0000,+0.0000,+0.0000,-0.2000,-0.1422,-0.0209,+0.0000,+0.0000,+0.0000,+0.0000,+0.0000,+0.0000,+0.0000,+0.0000,+2.0000,-5.6892,+2.7884,+9.0000,+0.0000,+0.0000
489,-0.06,90,False,0.0%,0.0%,0.0%,0.18,0.7,6.41,8.012,1.0000,0.7667,0.6133,+0.0000,+0.0000,+0.0000,+0.0000,+0.0000,+0.0000,-0.0402,-0.0229,+0.0000,+0.0000,+0.0000,+0.0000,+0.0000,+0.0000,+0.0000,+0.0000,+0.0000,-1.6082,+3.0499,+9.0000,+0.0000,+0.0000
490,-0.25,90,False,0.0%,0.0%,0.0%,0.17,0.7,6.12,5.664,0.9926,0.8556,0.8530,+0.0000,+0.0000,+0.0000,+0.0000,+0.0000,-0.2000,-0.0292,-0.0215,+0.0000,+0.0000,+0.0000,+0.0000,+0.0000,+0.0000,+0.0000,+0.0000,+2.0000,-1.1671,+2.8670,+9.0000,+0.0000,+0.0000
491,0.90,1,True,0.0%,0.0%,0.0%,inf,0.8,4.78,0.523,0.6667,0.0000,0.0000,+0.0000,+0.0000,+1.0000,+0.0000,+0.0000,-0.1000,-0.0038,+0.0000,+0.0000,-0.0008,+0.0000,+0.0000,+0.0000,+1.0000,+0.0000,+0.0000,+1.0000,-0.1526,+0.0000,+0.1000,+0.1000,+0.0000
494,-0.10,90,False,0.0%,0.0%,0.0%,0.20,2.5,7.74,6.315,1.0000,0.8444,0.8865,+0.0000,+0.0000,+0.0000,+0.0000,+0.0000,+0.0000,-0.0624,-0.0385,+0.0000,+0.0000,+0.0000,+0.0000,+0.0000,+0.0000,+0.0000,+0.0000,+0.0000,-2.4974,+5.1394,+9.0000,+0.0000,+0.0000
495,1.00,1,True,0.0%,0.0%,0.0%,inf,0.8,4.92,0.000,1.0000,0.0000,0.0000,+0.0000,+0.0000,+1.0000,+0.0000,+0.0000,+0.0000,-0.0025,+0.0000,+0.0000,+0.0000,+0.0000,+0.0000,+0.0000,+1.0000,+0.0000,+0.0000,+0.0000,-0.1003,+0.0000,+0.0000,+0.0000,+0.0000
496,0.29,11,True,0.0%,0.0%,0.0%,0.01,0.7,5.42,14.999,0.9091,1.0000,0.8593,+0.0000,+0.0000,+1.0000,+0.0000,+0.0000,-0.3000,+0.0001,-0.0061,+0.0000,+0.0000,-0.4000,+0.0000,+0.0000,+1.0000,+0.0000,+0.0000,+3.0000,+0.0027,+0.8181,+1.1000,+0.0000,+4.0000
498,0.87,59,True,0.0%,0.0%,0.0%,0.01,0.7,6.10,8.930,0.9944,0.8983,0.9499,+0.0000,+0.0000,+1.0000,+0.0000,+0.0000,-0.1000,-0.0123,-0.0160,+0.0000,+0.0000,+0.0000,+0.0000,+0.0000,+1.0000,+0.0000,+0.0000,+1.0000,-0.4927,+2.1341,+5.9000,+0.0000,+0.0000
499,1.00,1,True,0.0%,0.0%,0.0%,inf,0.9,4.94,0.000,1.0000,1.0000,0.7564,+0.0000,+0.0000,+1.0000,+0.0000,+0.0000,+0.0000,+0.0000,-0.0007,+0.0000,+0.0000,+0.0000,+0.0000,+0.0000,+1.0000,+0.0000,+0.0000,+0.0000,+0.0002,+0.0957,+0.0000,+0.0000,+0.0000
501,0.00,1,False,0.0%,0.0%,0.0%,inf,0.9,4.91,0.000,1.0000,0.0000,1.0000,+0.0000,+0.0000,+0.0000,+0.0000,+0.0000,+0.0000,+0.0000,+0.0000,+0.0000,+0.0000,+0.0000,+0.0000,+0.0000,+0.0000,+0.0000,+0.0000,+0.0000,+0.0000,+0.0000,+0.0000,+0.0000,+0.0000
503,1.00,1,True,0.0%,0.0%,0.0%,inf,1.1,5.23,0.000,1.0000,0.0000,0.0000,+0.0000,+0.0000,+1.0000,+0.0000,+0.0000,+0.0000,-0.0025,+0.0000,+0.0000,+0.0000,+0.0000,+0.0000,+0.0000,+1.0000,+0.0000,+0.0000,+0.0000,-0.1003,+0.0000,+0.0000,+0.0000,+0.0000
504,-6.63,90,False,0.0%,0.0%,0.0%,0.08,0.7,6.80,14.232,0.9815,0.9556,0.7812,+0.0000,+0.0000,+0.0000,+0.0000,+0.0000,-0.5000,-0.0273,-0.0017,+0.0000,+0.0000,-6.1000,+0.0000,+0.0000,+0.0000,+0.0000,+0.0000,+5.0000,-1.0928,+0.2210,+9.0000,+0.0000,+61.0000
506,0.87,54,True,0.0%,0.0%,0.0%,0.01,1.0,4.94,9.458,0.9938,1.0000,0.8431,+0.0000,+0.0000,+1.0000,+0.0000,+0.0000,-0.1000,+0.0003,-0.0313,+0.0000,+0.0000,+0.0000,+0.0000,+0.0000,+1.0000,+0.0000,+0.0000,+1.0000,+0.0134,+4.1784,+5.4000,+0.0000,+0.0000
509,0.46,78,True,0.0%,0.0%,0.0%,0.01,0.6,5.62,7.853,0.9786,0.8974,0.6483,+0.0000,+0.0000,+1.0000,+0.0000,+0.0000,-0.5000,-0.0071,-0.0352,+0.0000,+0.0000,+0.0000,+0.0000,+0.0000,+1.0000,+0.0000,+0.0000,+5.0000,-0.2855,+4.6969,+7.8000,+0.0000,+0.0000
510,-0.32,90,False,0.0%,0.0%,0.0%,0.06,0.7,6.24,12.411,0.9889,0.9222,0.7991,+0.0000,+0.0000,+0.0000,+0.0000,+0.0000,-0.3000,+0.0006,-0.0201,+0.0000,+0.0000,+0.0000,+0.0000,+0.0000,+0.0000,+0.0000,+0.0000,+3.0000,+0.0223,+2.6856,+9.0000,+0.0000,+0.0000
512,0.00,1,False,0.0%,0.0%,0.0%,inf,0.9,5.06,0.000,1.0000,0.0000,1.0000,+0.0000,+0.0000,+0.0000,+0.0000,+0.0000,+0.0000,+0.0000,+0.0000,+0.0000,+0.0000,+0.0000,+0.0000,+0.0000,+0.0000,+0.0000,+0.0000,+0.0000,+0.0000,+0.0000,+0.0000,+0.0000,+0.0000
513,1.00,1,True,0.0%,0.0%,0.0%,inf,1.0,4.79,0.000,1.0000,0.0000,0.0000,+0.0000,+0.0000,+1.0000,+0.0000,+0.0000,+0.0000,-0.0025,+0.0000,+0.0000,+0.0000,+0.0000,+0.0000,+0.0000,+1.0000,+0.0000,+0.0000,+0.0000,-0.1003,+0.0000,+0.0000,+0.0000,+0.0000
515,0.79,27,True,0.0%,0.0%,0.0%,0.01,0.6,5.91,7.725,0.9753,1.0000,0.9636,+0.0000,+0.0000,+1.0000,+0.0000,+0.0000,-0.2000,+0.0002,-0.0076,+0.0000,+0.0000,+0.0000,+0.0000,+0.0000,+1.0000,+0.0000,+0.0000,+2.0000,+0.0067,+1.0083,+2.7000,+0.0000,+0.0000
520,-0.38,90,False,0.0%,0.0%,0.0%,0.24,0.8,6.49,5.128,0.9889,0.8111,0.8491,+0.0000,+0.0000,+0.0000,+0.0000,+0.0000,-0.3000,-0.0336,-0.0489,+0.0000,+0.0000,+0.0000,+0.0000,+0.0000,+0.0000,+0.0000,+0.0000,+3.0000,-1.3440,+6.5181,+9.0000,+0.0000,+0.0000
522,-0.21,90,False,0.0%,0.0%,0.0%,0.37,0.7,5.54,1.353,0.9926,0.3000,0.8343,+0.0000,+0.0000,+0.0000,+0.0000,+0.0000,-0.2000,+0.0006,-0.0067,+0.0000,+0.0000,+0.0000,+0.0000,+0.0000,+0.0000,+0.0000,+0.0000,+2.0000,+0.0224,+0.8910,+9.0000,+0.0000,+0.0000
524,1.00,1,True,0.0%,0.0%,0.0%,inf,1.0,5.26,0.000,1.0000,0.0000,0.0000,+0.0000,+0.0000,+1.0000,+0.0000,+0.0000,+0.0000,-0.0025,+0.0000,+0.0000,+0.0000,+0.0000,+0.0000,+0.0000,+1.0000,+0.0000,+0.0000,+0.0000,-0.1003,+0.0000,+0.0000,+0.0000,+0.0000
525,0.00,1,False,0.0%,0.0%,0.0%,inf,0.9,5.25,0.000,1.0000,0.0000,1.0000,+0.0000,+0.0000,+0.0000,+0.0000,+0.0000,+0.0000,+0.0000,+0.0000,+0.0000,+0.0000,+0.0000,+0.0000,+0.0000,+0.0000,+0.0000,+0.0000,+0.0000,+0.0000,+0.0000,+0.0000,+0.0000,+0.0000
526,-0.02,90,False,0.0%,0.0%,0.0%,0.43,0.6,5.60,3.838,1.0000,0.8778,0.8994,+0.0000,+0.0000,+0.0000,+0.0000,+0.0000,+0.0000,-0.0089,-0.0143,+0.0000,+0.0000,+0.0000,+0.0000,+0.0000,+0.0000,+0.0000,+0.0000,+0.0000,-0.3564,+1.9043,+9.0000,+0.0000,+0.0000
527,-0.10,90,False,0.0%,0.0%,0.0%,0.27,0.8,7.05,7.730,1.0000,0.9333,0.9401,+0.0000,+0.0000,+0.0000,+0.0000,+0.0000,+0.0000,-0.0645,-0.0362,+0.0000,+0.0000,+0.0000,+0.0000,+0.0000,+0.0000,+0.0000,+0.0000,+0.0000,-2.5808,+4.8319,+9.0000,+0.0000,+0.0000
528,-0.04,90,False,0.0%,0.0%,0.0%,0.22,0.8,7.06,5.684,1.0000,0.8556,0.9303,+0.0000,+0.0000,+0.0000,+0.0000,+0.0000,+0.0000,-0.0204,-0.0181,+0.0000,+0.0000,+0.0000,+0.0000,+0.0000,+0.0000,+0.0000,+0.0000,+0.0000,-0.8163,+2.4126,+9.0000,+0.0000,+0.0000
529,1.00,1,True,0.0%,0.0%,0.0%,inf,0.8,4.83,0.038,1.0000,1.0000,0.6485,+0.0000,+0.0000,+1.0000,+0.0000,+0.0000,+0.0000,+0.0000,-0.0001,+0.0000,-0.0008,+0.0000,+0.0000,+0.0000,+1.0000,+0.0000,+0.0000,+0.0000,+0.0002,+0.0136,+0.1000,+0.1000,+0.0000
532,0.90,22,True,0.0%,0.0%,0.0%,0.01,0.6,5.35,6.573,0.9848,1.0000,0.9076,+0.0000,+0.0000,+1.0000,+0.0000,+0.0000,-0.1000,+0.0001,-0.0042,+0.0000,+0.0000,+0.0000,+0.0000,+0.0000,+1.0000,+0.0000,+0.0000,+1.0000,+0.0054,+0.5610,+2.2000,+0.0000,+0.0000
534,0.00,1,False,0.0%,0.0%,0.0%,inf,0.8,5.13,0.000,1.0000,0.0000,1.0000,+0.0000,+0.0000,+0.0000,+0.0000,+0.0000,+0.0000,+0.0000,+0.0000,+0.0000,+0.0000,+0.0000,+0.0000,+0.0000,+0.0000,+0.0000,+0.0000,+0.0000,+0.0000,+0.0000,+0.0000,+0.0000,+0.0000
535,-0.40,90,False,0.0%,0.0%,0.0%,0.20,0.7,5.92,1.204,0.9926,0.4778,0.8624,+0.0000,+0.0000,+0.0000,+0.0000,+0.0000,-0.2000,-0.1792,-0.0176,+0.0000,+0.0000,+0.0000,+0.0000,+0.0000,+0.0000,+0.0000,+0.0000,+2.0000,-7.1680,+2.3529,+9.0000,+0.0000,+0.0000
536,-0.02,90,False,0.0%,0.0%,0.0%,0.20,0.9,7.22,7.105,1.0000,0.9444,0.8912,+0.0000,+0.0000,+0.0000,+0.0000,+0.0000,+0.0000,+0.0005,-0.0165,+0.0000,+0.0000,+0.0000,+0.0000,+0.0000,+0.0000,+0.0000,+0.0000,+0.0000,+0.0213,+2.2053,+9.0000,+0.0000,+0.0000
537,0.00,1,False,0.0%,0.0%,0.0%,inf,1.0,5.76,0.000,1.0000,0.0000,1.0000,+0.0000,+0.0000,+0.0000,+0.0000,+0.0000,+0.0000,+0.0000,+0.0000,+0.0000,+0.0000,+0.0000,+0.0000,+0.0000,+0.0000,+0.0000,+0.0000,+0.0000,+0.0000,+0.0000,+0.0000,+0.0000,+0.0000
539,-3.81,69,False,0.0%,0.0%,100.0%,0.32,0.6,5.48,5.787,0.9855,0.0000,0.5838,+0.0000,-3.0000,+0.0000,+0.0000,+0.0000,-0.3000,-0.4901,-0.0152,+0.0000,+0.0000,+0.0000,+0.0000,+1.0000,+0.0000,+0.0000,+0.0000,+3.0000,-19.6039,+2.0252,+6.9000,+0.0000,+0.0000
540,-0.20,90,False,0.0%,0.0%,0.0%,0.42,0.8,6.98,0.279,0.9926,1.0000,0.6958,+0.0000,+0.0000,+0.0000,+0.0000,+0.0000,-0.2000,+0.0006,-0.0023,+0.0000,+0.0000,+0.0000,+0.0000,+0.0000,+0.0000,+0.0000,+0.0000,+2.0000,+0.0221,+0.3096,+9.0000,+0.0000,+0.0000
544,1.00,1,True,0.0%,0.0%,0.0%,inf,1.2,5.30,0.000,1.0000,1.0000,0.7666,+0.0000,+0.0000,+1.0000,+0.0000,+0.0000,+0.0000,+0.0000,-0.0007,+0.0000,+0.0000,+0.0000,+0.0000,+0.0000,+1.0000,+0.0000,+0.0000,+0.0000,+0.0002,+0.0935,+0.0000,+0.0000,+0.0000
547,-0.05,90,False,0.0%,0.0%,0.0%,0.15,0.9,6.35,6.417,1.0000,0.8556,0.9334,+0.0000,+0.0000,+0.0000,+0.0000,+0.0000,+0.0000,-0.0289,-0.0260,+0.0000,+0.0000,+0.0000,+0.0000,+0.0000,+0.0000,+0.0000,+0.0000,+0.0000,-1.1564,+3.4726,+9.0000,+0.0000,+0.0000
552,1.00,1,True,0.0%,0.0%,0.0%,inf,1.1,4.83,0.000,1.0000,0.0000,0.0000,+0.0000,+0.0000,+1.0000,+0.0000,+0.0000,+0.0000,-0.0025,+0.0000,+0.0000,+0.0000,+0.0000,+0.0000,+0.0000,+1.0000,+0.0000,+0.0000,+0.0000,-0.1003,+0.0000,+0.0000,+0.0000,+0.0000
553,0.00,1,False,0.0%,0.0%,0.0%,inf,0.9,5.56,0.000,1.0000,0.0000,1.0000,+0.0000,+0.0000,+0.0000,+0.0000,+0.0000,+0.0000,+0.0000,+0.0000,+0.0000,+0.0000,+0.0000,+0.0000,+0.0000,+0.0000,+0.0000,+0.0000,+0.0000,+0.0000,+0.0000,+0.0000,+0.0000,+0.0000
554,0.95,55,True,0.0%,0.0%,0.0%,0.01,0.9,7.66,1.117,1.0000,1.0000,0.5823,+0.0000,+0.0000,+1.0000,+0.0000,+0.0000,+0.0000,+0.0003,-0.0542,+0.0000,+0.0000,+0.0000,+0.0000,+0.0000,+1.0000,+0.0000,+0.0000,+0.0000,+0.0136,+7.2250,+5.5000,+0.0000,+0.0000
556,-0.43,90,False,0.0%,0.0%,0.0%,0.35,0.6,5.97,3.034,0.9926,0.5000,0.8317,+0.0000,+0.0000,+0.0000,+0.0000,+0.0000,-0.2000,-0.2081,-0.0203,+0.0000,+0.0000,+0.0000,+0.0000,+0.0000,+0.0000,+0.0000,+0.0000,+2.0000,-8.3247,+2.7066,+9.0000,+0.0000,+0.0000
557,-7.32,90,False,0.0%,0.0%,0.0%,0.06,0.7,6.69,16.869,0.9963,0.7111,0.6603,+0.0000,+0.0000,+0.0000,+0.0000,+0.0000,-0.1000,-0.0739,-0.0434,+0.0000,+0.0000,-7.1000,+0.0000,+0.0000,+0.0000,+0.0000,+0.0000,+1.0000,-2.9562,+5.7865,+9.0000,+0.0000,+71.0000
558,-0.38,90,False,0.0%,0.0%,0.0%,0.30,0.6,5.56,2.432,0.9926,0.4778,0.8158,+0.0000,+0.0000,+0.0000,+0.0000,+0.0000,-0.2000,-0.1619,-0.0159,+0.0000,+0.0000,+0.0000,+0.0000,+0.0000,+0.0000,+0.0000,+0.0000,+2.0000,-6.4775,+2.1203,+9.0000,+0.0000,+0.0000
559,0.80,6,True,0.0%,0.0%,0.0%,0.01,0.7,5.35,3.843,0.8889,1.0000,0.8695,+0.0000,+0.0000,+1.0000,+0.0000,+0.0000,-0.2000,+0.0000,-0.0033,+0.0000,+0.0000,+0.0000,+0.0000,+0.0000,+1.0000,+0.0000,+0.0000,+2.0000,+0.0015,+0.4335,+0.6000,+0.0000,+0.0000
560,0.95,86,True,0.0%,0.0%,0.0%,0.01,0.5,5.00,2.849,1.0000,1.0000,0.7917,+0.0000,+0.0000,+1.0000,+0.0000,+0.0000,+0.0000,+0.0005,-0.0523,+0.0000,+0.0000,+0.0000,+0.0000,+0.0000,+1.0000,+0.0000,+0.0000,+0.0000,+0.0206,+6.9794,+8.6000,+0.0000,+0.0000
561,-0.10,90,False,0.0%,0.0%,0.0%,0.12,1.0,7.34,12.051,1.0000,0.9333,0.5853,+0.0000,+0.0000,+0.0000,+0.0000,+0.0000,+0.0000,-0.0235,-0.0787,+0.0000,+0.0000,+0.0000,+0.0000,+0.0000,+0.0000,+0.0000,+0.0000,+0.0000,-0.9409,+10.4882,+9.0000,+0.0000,+0.0000
562,-0.60,90,False,0.0%,0.0%,0.0%,0.05,0.6,5.46,10.544,0.9778,1.0000,0.8040,+0.0000,+0.0000,+0.0000,+0.0000,+0.0000,-0.6000,+0.0006,-0.0026,+0.0000,+0.0000,+0.0000,+0.0000,+0.0000,+0.0000,+0.0000,+0.0000,+6.0000,+0.0224,+0.3517,+9.0000,+0.0000,+0.0000
564,0.75,69,True,0.0%,0.0%,0.0%,0.01,0.6,5.32,1.106,0.9903,0.9275,0.9546,+0.0000,+0.0000,+1.0000,+0.0000,+0.0000,-0.2000,-0.0256,-0.0220,+0.0000,+0.0000,+0.0000,+0.0000,+0.0000,+1.0000,+0.0000,+0.0000,+2.0000,-1.0239,+2.9386,+6.9000,+0.0000,+0.0000
565,-2.98,64,True,0.0%,0.0%,0.0%,0.01,0.8,4.92,16.479,0.9948,0.8750,0.5949,+0.0000,+0.0000,+1.0000,+0.0000,+0.0000,-0.1000,-0.0219,-0.0589,+0.0000,+0.0000,-3.8000,+0.0000,+0.0000,+1.0000,+0.0000,+0.0000,+1.0000,-0.8771,+7.8585,+6.4000,+0.0000,+38.0000
566,-0.01,90,False,0.0%,0.0%,0.0%,0.07,1.0,6.19,8.387,1.0000,1.0000,0.8310,+0.0000,+0.0000,+0.0000,+0.0000,+0.0000,+0.0000,+0.0006,-0.0133,+0.0000,+0.0000,+0.0000,+0.0000,+0.0000,+0.0000,+0.0000,+0.0000,+0.0000,+0.0223,+1.7785,+9.0000,+0.0000,+0.0000
567,0.70,45,True,0.0%,0.0%,0.0%,0.01,0.9,5.47,9.804,0.9778,1.0000,0.8403,+0.0000,+0.0000,+1.0000,+0.0000,+0.0000,-0.3000,+0.0003,-0.0038,+0.0000,+0.0000,+0.0000,+0.0000,+0.0000,+1.0000,+0.0000,+0.0000,+3.0000,+0.0112,+0.5028,+4.5000,+0.0000,+0.0000
568,0.62,88,True,0.0%,0.0%,0.0%,0.01,0.6,5.76,12.375,0.9886,0.9432,0.8597,+0.0000,+0.0000,+1.0000,+0.0000,+0.0000,-0.3000,-0.0278,-0.0473,+0.0000,+0.0000,+0.0000,+0.0000,+0.0000,+1.0000,+0.0000,+0.0000,+3.0000,-1.1139,+6.3114,+8.8000,+0.0000,+0.0000
571,1.00,1,True,0.0%,0.0%,0.0%,inf,1.1,4.83,0.000,1.0000,1.0000,0.9285,+0.0000,+0.0000,+1.0000,+0.0000,+0.0000,+0.0000,+0.0000,-0.0002,+0.0000,+0.0000,+0.0000,+0.0000,+0.0000,+1.0000,+0.0000,+0.0000,+0.0000,+0.0002,+0.0299,+0.0000,+0.0000,+0.0000
573,-0.11,90,False,0.0%,0.0%,0.0%,0.16,0.9,5.71,0.049,1.0000,1.0000,0.8972,+0.0000,+0.0000,+0.0000,+0.0000,+0.0000,+0.0000,+0.0006,-0.0449,+0.0000,-0.0675,+0.0000,+0.0000,+0.0000,+0.0000,+0.0000,+0.0000,+0.0000,+0.0223,+5.9848,+9.0000,+9.0000,+0.0000
577,-0.02,90,False,0.0%,0.0%,0.0%,0.09,0.6,4.97,2.607,1.0000,1.0000,0.9100,+0.0000,+0.0000,+0.0000,+0.0000,+0.0000,+0.0000,+0.0006,-0.0182,+0.0000,+0.0000,+0.0000,+0.0000,+0.0000,+0.0000,+0.0000,+0.0000,+0.0000,+0.0222,+2.4323,+9.0000,+0.0000,+0.0000
578,0.80,1,True,0.0%,0.0%,0.0%,inf,1.1,4.87,14.254,0.3333,1.0000,0.7815,+0.0000,+0.0000,+1.0000,+0.0000,+0.0000,-0.2000,+0.0000,-0.0007,+0.0000,+0.0000,+0.0000,+0.0000,+0.0000,+1.0000,+0.0000,+0.0000,+2.0000,+0.0002,+0.0905,+0.1000,+0.0000,+0.0000
579,-0.20,90,False,0.0%,0.0%,0.0%,0.13,1.1,7.11,5.027,0.9926,1.0000,0.8119,+0.0000,+0.0000,+0.0000,+0.0000,+0.0000,-0.2000,+0.0006,-0.0034,+0.0000,+0.0000,+0.0000,+0.0000,+0.0000,+0.0000,+0.0000,+0.0000,+2.0000,+0.0224,+0.4571,+9.0000,+0.0000,+0.0000
581,-0.36,90,False,0.0%,0.0%,0.0%,0.34,1.2,6.53,1.654,0.9889,1.0000,0.7600,+0.0000,+0.0000,+0.0000,+0.0000,+0.0000,-0.3000,+0.0005,-0.0639,+0.0000,+0.0000,+0.0000,+0.0000,+0.0000,+0.0000,+0.0000,+0.0000,+3.0000,+0.0215,+8.5214,+9.0000,+0.0000,+0.0000
582,0.00,1,False,0.0%,0.0%,0.0%,inf,1.0,4.93,0.000,1.0000,0.0000,1.0000,+0.0000,+0.0000,+0.0000,+0.0000,+0.0000,+0.0000,+0.0000,+0.0000,+0.0000,+0.0000,+0.0000,+0.0000,+0.0000,+0.0000,+0.0000,+0.0000,+0.0000,+0.0000,+0.0000,+0.0000,+0.0000,+0.0000
585,-0.04,90,False,0.0%,0.0%,0.0%,0.14,1.0,6.41,0.228,1.0000,1.0000,0.9406,+0.0000,+0.0000,+0.0000,+0.0000,+0.0000,+0.0000,+0.0006,-0.0388,+0.0000,+0.0000,+0.0000,+0.0000,+0.0000,+0.0000,+0.0000,+0.0000,+0.0000,+0.0225,+5.1702,+9.0000,+0.0000,+0.0000
587,1.00,1,True,0.0%,0.0%,0.0%,inf,1.1,4.65,0.000,1.0000,0.0000,0.0000,+0.0000,+0.0000,+1.0000,+0.0000,+0.0000,+0.0000,-0.0025,+0.0000,+0.0000,+0.0000,+0.0000,+0.0000,+0.0000,+1.0000,+0.0000,+0.0000,+0.0000,-0.1003,+0.0000,+0.0000,+0.0000,+0.0000
588,1.00,1,True,0.0%,0.0%,0.0%,inf,1.2,4.98,0.000,1.0000,1.0000,0.9921,+0.0000,+0.0000,+1.0000,+0.0000,+0.0000,+0.0000,+0.0000,-0.0003,+0.0000,+0.0000,+0.0000,+0.0000,+0.0000,+1.0000,+0.0000,+0.0000,+0.0000,+0.0002,+0.0433,+0.0000,+0.0000,+0.0000
589,0.78,18,True,0.0%,0.0%,0.0%,0.01,0.6,5.31,8.397,0.9630,1.0000,0.6452,+0.0000,+0.0000,+1.0000,+0.0000,+0.0000,-0.2000,+0.0001,-0.0160,+0.0000,+0.0000,+0.0000,+0.0000,+0.0000,+1.0000,+0.0000,+0.0000,+2.0000,+0.0043,+2.1312,+1.8000,+0.0000,+0.0000
590,-1.36,90,False,0.0%,0.0%,0.0%,0.08,0.8,5.74,10.390,0.9519,0.8111,0.6229,+0.0000,+0.0000,+0.0000,+0.0000,+0.0000,-1.3000,-0.0195,-0.0372,+0.0000,+0.0000,+0.0000,+0.0000,+0.0000,+0.0000,+0.0000,+0.0000,+13.0000,-0.7789,+4.9552,+9.0000,+0.0000,+0.0000
591,0.00,1,False,0.0%,0.0%,0.0%,inf,1.0,4.66,0.000,1.0000,0.0000,1.0000,+0.0000,+0.0000,+0.0000,+0.0000,+0.0000,+0.0000,+0.0000,+0.0000,+0.0000,+0.0000,+0.0000,+0.0000,+0.0000,+0.0000,+0.0000,+0.0000,+0.0000,+0.0000,+0.0000,+0.0000,+0.0000,+0.0000
593,0.00,1,False,0.0%,0.0%,0.0%,inf,1.0,4.73,0.000,1.0000,0.0000,1.0000,+0.0000,+0.0000,+0.0000,+0.0000,+0.0000,+0.0000,+0.0000,+0.0000,+0.0000,+0.0000,+0.0000,+0.0000,+0.0000,+0.0000,+0.0000,+0.0000,+0.0000,+0.0000,+0.0000,+0.0000,+0.0000,+0.0000
594,-3.32,25,False,0.0%,0.0%,100.0%,0.37,0.9,5.02,4.178,0.9600,0.0000,0.4231,+0.0000,-3.0000,+0.0000,+0.0000,+0.0000,-0.3000,+0.0001,-0.0205,+0.0000,+0.0000,+0.0000,+0.0000,+1.0000,+0.0000,+0.0000,+0.0000,+3.0000,+0.0040,+2.7358,+2.5000,+0.0000,+0.0000
596,0.00,1,False,0.0%,0.0%,0.0%,inf,1.1,5.54,0.000,1.0000,0.0000,1.0000,+0.0000,+0.0000,+0.0000,+0.0000,+0.0000,+0.0000,+0.0000,+0.0000,+0.0000,+0.0000,+0.0000,+0.0000,+0.0000,+0.0000,+0.0000,+0.0000,+0.0000,+0.0000,+0.0000,+0.0000,+0.0000,+0.0000
597,-4.32,81,True,0.0%,0.0%,0.0%,0.01,0.7,5.60,15.403,0.9959,1.0000,0.7536,+0.0000,+0.0000,+1.0000,+0.0000,+0.0000,-0.1000,+0.0005,-0.0196,+0.0000,+0.0000,-5.2000,+0.0000,+0.0000,+1.0000,+0.0000,+0.0000,+1.0000,+0.0201,+2.6186,+8.1000,+0.0000,+52.0000
598,-0.15,90,False,0.0%,0.0%,0.0%,0.15,1.0,6.08,6.903,1.0000,0.7667,0.8220,+0.0000,+0.0000,+0.0000,+0.0000,+0.0000,+0.0000,-0.1072,-0.0443,+0.0000,+0.0000,+0.0000,+0.0000,+0.0000,+0.0000,+0.0000,+0.0000,+0.0000,-4.2863,+5.9122,+9.0000,+0.0000,+0.0000
601,1.00,1,True,0.0%,0.0%,0.0%,inf,1.0,4.75,0.000,1.0000,0.0000,0.0000,+0.0000,+0.0000,+1.0000,+0.0000,+0.0000,+0.0000,-0.0025,+0.0000,+0.0000,+0.0000,+0.0000,+0.0000,+0.0000,+1.0000,+0.0000,+0.0000,+0.0000,-0.1003,+0.0000,+0.0000,+0.0000,+0.0000
602,-4.54,73,False,100.0%,100.0%,0.0%,0.11,1.3,5.74,10.973,0.9726,1.0000,0.8218,-3.9086,+0.0000,+0.0000,+0.0000,+0.0000,-0.6000,+0.0004,-0.0272,+0.0000,+0.0000,+0.0000,+1.0000,+0.0000,+0.0000,+0.0000,+0.0000,+6.0000,+0.0179,+3.6225,+7.3000,+0.0000,+0.0000
604,0.90,1,True,0.0%,0.0%,0.0%,inf,1.2,4.80,0.733,0.6667,0.0000,0.0000,+0.0000,+0.0000,+1.0000,+0.0000,+0.0000,-0.1000,-0.0043,+0.0000,+0.0000,+0.0000,+0.0000,+0.0000,+0.0000,+1.0000,+0.0000,+0.0000,+1.0000,-0.1735,+0.0000,+0.1000,+0.0000,+0.0000
607,1.00,1,True,0.0%,0.0%,0.0%,inf,1.1,4.75,0.000,1.0000,0.0000,0.0000,+0.0000,+0.0000,+1.0000,+0.0000,+0.0000,+0.0000,-0.0025,+0.0000,+0.0000,+0.0000,+0.0000,+0.0000,+0.0000,+1.0000,+0.0000,+0.0000,+0.0000,-0.1003,+0.0000,+0.0000,+0.0000,+0.0000
609,-0.42,90,False,0.0%,0.0%,0.0%,0.03,1.0,5.86,10.519,0.9889,0.8333,0.7237,+0.0000,+0.0000,+0.0000,+0.0000,+0.0000,-0.3000,-0.0555,-0.0605,+0.0000,+0.0000,+0.0000,+0.0000,+0.0000,+0.0000,+0.0000,+0.0000,+3.0000,-2.2193,+8.0630,+9.0000,+0.0000,+0.0000
611,-1.90,90,False,0.0%,0.0%,0.0%,0.44,1.0,6.19,8.599,0.9926,0.0889,0.6775,+0.0000,+0.0000,+0.0000,+0.0000,+0.0000,-0.2000,-1.7048,+0.0004,+0.0000,+0.0000,+0.0000,+0.0000,+0.0000,+0.0000,+0.0000,+0.0000,+2.0000,-68.1924,-0.0518,+9.0000,+0.0000,+0.0000
612,-0.41,11,True,0.0%,0.0%,0.0%,0.02,0.7,5.69,29.265,0.9091,1.0000,0.7963,+0.0000,+0.0000,+1.0000,+0.0000,+0.0000,-0.3000,+0.0001,-0.0072,+0.0000,+0.0000,-1.1000,+0.0000,+0.0000,+1.0000,+0.0000,+0.0000,+3.0000,+0.0027,+0.9615,+1.1000,+0.0000,+11.0000
613,-0.01,90,False,0.0%,0.0%,0.0%,0.27,0.6,5.28,0.478,1.0000,1.0000,0.8384,+0.0000,+0.0000,+0.0000,+0.0000,+0.0000,+0.0000,+0.0006,-0.0073,+0.0000,+0.0000,+0.0000,+0.0000,+0.0000,+0.0000,+0.0000,+0.0000,+0.0000,+0.0224,+0.9704,+9.0000,+0.0000,+0.0000
614,-0.29,90,False,0.0%,0.0%,0.0%,0.08,0.5,5.07,0.135,0.9926,1.0000,0.9395,+0.0000,+0.0000,+0.0000,+0.0000,+0.0000,-0.2000,+0.0006,-0.0218,+0.0000,-0.0675,+0.0000,+0.0000,+0.0000,+0.0000,+0.0000,+0.0000,+2.0000,+0.0223,+2.9030,+9.0000,+9.0000,+0.0000
617,1.00,1,True,0.0%,0.0%,0.0%,inf,0.9,4.90,0.000,1.0000,0.0000,0.0000,+0.0000,+0.0000,+1.0000,+0.0000,+0.0000,+0.0000,-0.0025,+0.0000,+0.0000,+0.0000,+0.0000,+0.0000,+0.0000,+1.0000,+0.0000,+0.0000,+0.0000,-0.1003,+0.0000,+0.0000,+0.0000,+0.0000
618,-0.27,90,False,0.0%,0.0%,0.0%,0.22,0.7,6.53,8.999,0.9926,0.9333,0.7877,+0.0000,+0.0000,+0.0000,+0.0000,+0.0000,-0.2000,-0.0184,-0.0545,+0.0000,+0.0000,+0.0000,+0.0000,+0.0000,+0.0000,+0.0000,+0.0000,+2.0000,-0.7351,+7.2622,+9.0000,+0.0000,+0.0000
619,1.00,1,True,0.0%,0.0%,0.0%,inf,1.0,5.28,0.000,1.0000,1.0000,0.8950,+0.0000,+0.0000,+1.0000,+0.0000,+0.0000,+0.0000,+0.0000,-0.0005,+0.0000,+0.0000,+0.0000,+0.0000,+0.0000,+1.0000,+0.0000,+0.0000,+0.0000,+0.0002,+0.0669,+0.0000,+0.0000,+0.0000
620,-0.33,90,False,0.0%,0.0%,0.0%,0.19,1.0,6.33,6.994,0.9926,0.8111,0.7832,+0.0000,+0.0000,+0.0000,+0.0000,+0.0000,-0.2000,-0.0789,-0.0514,+0.0000,+0.0000,+0.0000,+0.0000,+0.0000,+0.0000,+0.0000,+0.0000,+2.0000,-3.1562,+6.8506,+9.0000,+0.0000,+0.0000
621,-0.15,90,False,0.0%,0.0%,0.0%,0.20,0.8,6.13,7.324,1.0000,0.8333,0.8721,+0.0000,+0.0000,+0.0000,+0.0000,+0.0000,+0.0000,-0.1109,-0.0418,+0.0000,+0.0000,+0.0000,+0.0000,+0.0000,+0.0000,+0.0000,+0.0000,+0.0000,-4.4362,+5.5681,+9.0000,+0.0000,+0.0000
622,0.00,1,False,0.0%,0.0%,0.0%,inf,1.2,4.97,0.000,1.0000,0.0000,1.0000,+0.0000,+0.0000,+0.0000,+0.0000,+0.0000,+0.0000,+0.0000,+0.0000,+0.0000,+0.0000,+0.0000,+0.0000,+0.0000,+0.0000,+0.0000,+0.0000,+0.0000,+0.0000,+0.0000,+0.0000,+0.0000,+0.0000
623,1.00,1,True,0.0%,0.0%,0.0%,inf,1.2,5.47,0.000,1.0000,0.0000,0.0000,+0.0000,+0.0000,+1.0000,+0.0000,+0.0000,+0.0000,-0.0025,+0.0000,+0.0000,+0.0000,+0.0000,+0.0000,+0.0000,+1.0000,+0.0000,+0.0000,+0.0000,-0.1003,+0.0000,+0.0000,+0.0000,+0.0000
624,1.00,1,True,0.0%,0.0%,0.0%,inf,1.0,4.67,0.000,1.0000,0.0000,0.0000,+0.0000,+0.0000,+1.0000,+0.0000,+0.0000,+0.0000,-0.0025,+0.0000,+0.0000,+0.0000,+0.0000,+0.0000,+0.0000,+1.0000,+0.0000,+0.0000,+0.0000,-0.1003,+0.0000,+0.0000,+0.0000,+0.0000
625,-3.11,1,False,100.0%,0.0%,0.0%,inf,1.0,4.89,0.136,0.6667,1.0000,0.9950,-3.0136,+0.0000,+0.0000,+0.0000,+0.0000,-0.1000,+0.0000,-0.0003,+0.0000,+0.0000,+0.0000,+1.0000,+0.0000,+0.0000,+0.0000,+0.0000,+1.0000,+0.0002,+0.0461,+0.1000,+0.0000,+0.0000
627,-3.20,10,False,0.0%,0.0%,100.0%,0.40,0.6,4.74,9.301,0.9333,1.0000,0.7867,+0.0000,-3.0000,+0.0000,+0.0000,+0.0000,-0.2000,+0.0001,-0.0019,+0.0000,+0.0000,+0.0000,+0.0000,+1.0000,+0.0000,+0.0000,+0.0000,+2.0000,+0.0023,+0.2598,+1.0000,+0.0000,+0.0000
628,1.00,1,True,0.0%,0.0%,0.0%,inf,0.8,4.84,0.000,1.0000,0.0000,0.0000,+0.0000,+0.0000,+1.0000,+0.0000,+0.0000,+0.0000,-0.0025,+0.0000,+0.0000,+0.0000,+0.0000,+0.0000,+0.0000,+1.0000,+0.0000,+0.0000,+0.0000,-0.1003,+0.0000,+0.0000,+0.0000,+0.0000
631,1.00,1,True,0.0%,0.0%,0.0%,inf,1.1,5.44,0.000,1.0000,0.0000,0.0000,+0.0000,+0.0000,+1.0000,+0.0000,+0.0000,+0.0000,-0.0025,+0.0000,+0.0000,+0.0000,+0.0000,+0.0000,+0.0000,+1.0000,+0.0000,+0.0000,+0.0000,-0.1003,+0.0000,+0.0000,+0.0000,+0.0000
633,1.00,1,True,0.0%,0.0%,0.0%,inf,1.4,4.99,0.000,1.0000,0.0000,0.0000,+0.0000,+0.0000,+1.0000,+0.0000,+0.0000,+0.0000,-0.0025,+0.0000,+0.0000,+0.0000,+0.0000,+0.0000,+0.0000,+1.0000,+0.0000,+0.0000,+0.0000,-0.1003,+0.0000,+0.0000,+0.0000,+0.0000
634,1.00,1,True,0.0%,0.0%,0.0%,inf,0.8,5.15,0.000,1.0000,1.0000,0.6631,+0.0000,+0.0000,+1.0000,+0.0000,+0.0000,+0.0000,+0.0000,-0.0001,+0.0000,+0.0000,+0.0000,+0.0000,+0.0000,+1.0000,+0.0000,+0.0000,+0.0000,+0.0002,+0.0104,+0.0000,+0.0000,+0.0000
635,1.00,1,True,0.0%,0.0%,0.0%,inf,0.8,4.93,0.000,1.0000,0.0000,0.0000,+0.0000,+0.0000,+1.0000,+0.0000,+0.0000,+0.0000,-0.0025,+0.0000,+0.0000,+0.0000,+0.0000,+0.0000,+0.0000,+1.0000,+0.0000,+0.0000,+0.0000,-0.1003,+0.0000,+0.0000,+0.0000,+0.0000
636,0.00,1,False,0.0%,0.0%,0.0%,inf,0.8,5.16,0.000,1.0000,0.0000,1.0000,+0.0000,+0.0000,+0.0000,+0.0000,+0.0000,+0.0000,+0.0000,+0.0000,+0.0000,+0.0000,+0.0000,+0.0000,+0.0000,+0.0000,+0.0000,+0.0000,+0.0000,+0.0000,+0.0000,+0.0000,+0.0000,+0.0000
637,1.00,1,True,0.0%,0.0%,0.0%,inf,1.0,5.50,0.000,1.0000,0.0000,0.0000,+0.0000,+0.0000,+1.0000,+0.0000,+0.0000,+0.0000,-0.0025,+0.0000,+0.0000,+0.0000,+0.0000,+0.0000,+0.0000,+1.0000,+0.0000,+0.0000,+0.0000,-0.1003,+0.0000,+0.0000,+0.0000,+0.0000
641,0.99,22,True,0.0%,0.0%,0.0%,0.01,0.6,5.30,4.224,1.0000,1.0000,0.9394,+0.0000,+0.0000,+1.0000,+0.0000,+0.0000,+0.0000,+0.0001,-0.0095,+0.0000,+0.0000,+0.0000,+0.0000,+0.0000,+1.0000,+0.0000,+0.0000,+0.0000,+0.0055,+1.2694,+2.2000,+0.0000,+0.0000
647,1.00,1,True,0.0%,0.0%,0.0%,inf,0.9,4.81,0.000,1.0000,1.0000,0.0000,+0.0000,+0.0000,+1.0000,+0.0000,+0.0000,+0.0000,+0.0000,-0.0016,+0.0000,+0.0000,+0.0000,+0.0000,+0.0000,+1.0000,+0.0000,+0.0000,+0.0000,+0.0002,+0.2198,+0.0000,+0.0000,+0.0000
648,0.06,77,True,0.0%,0.0%,0.0%,0.01,0.7,5.80,12.301,0.9654,0.9610,0.6760,+0.0000,+0.0000,+1.0000,+0.0000,+0.0000,-0.8000,-0.0095,-0.0309,+0.0000,+0.0000,-0.1000,+0.0000,+0.0000,+1.0000,+0.0000,+0.0000,+8.0000,-0.3813,+4.1251,+7.7000,+0.0000,+1.0000
650,0.79,24,True,0.0%,0.0%,0.0%,0.01,0.6,5.08,5.606,0.9722,1.0000,0.8644,+0.0000,+0.0000,+1.0000,+0.0000,+0.0000,-0.2000,+0.0001,-0.0132,+0.0000,+0.0000,+0.0000,+0.0000,+0.0000,+1.0000,+0.0000,+0.0000,+2.0000,+0.0059,+1.7594,+2.4000,+0.0000,+0.0000
651,-0.11,90,False,0.0%,0.0%,0.0%,0.25,0.7,6.43,0.029,1.0000,1.0000,0.9134,+0.0000,+0.0000,+0.0000,+0.0000,+0.0000,+0.0000,+0.0006,-0.0426,+0.0000,-0.0675,+0.0000,+0.0000,+0.0000,+0.0000,+0.0000,+0.0000,+0.0000,+0.0224,+5.6806,+9.0000,+9.0000,+0.0000
652,1.00,1,True,0.0%,0.0%,0.0%,inf,0.8,4.99,0.000,1.0000,0.0000,0.0000,+0.0000,+0.0000,+1.0000,+0.0000,+0.0000,+0.0000,-0.0025,+0.0000,+0.0000,+0.0000,+0.0000,+0.0000,+0.0000,+1.0000,+0.0000,+0.0000,+0.0000,-0.1003,+0.0000,+0.0000,+0.0000,+0.0000
654,0.80,14,True,0.0%,0.0%,0.0%,0.01,0.6,4.77,0.794,0.9524,1.0000,0.8588,+0.0000,+0.0000,+1.0000,+0.0000,+0.0000,-0.2000,+0.0001,-0.0016,+0.0000,+0.0000,+0.0000,+0.0000,+0.0000,+1.0000,+0.0000,+0.0000,+2.0000,+0.0035,+0.2117,+1.4000,+0.0000,+0.0000
658,1.00,1,True,0.0%,0.0%,0.0%,inf,0.8,5.09,0.017,1.0000,1.0000,0.9637,+0.0000,+0.0000,+1.0000,+0.0000,+0.0000,+0.0000,+0.0000,-0.0004,+0.0000,-0.0008,+0.0000,+0.0000,+0.0000,+1.0000,+0.0000,+0.0000,+0.0000,+0.0002,+0.0526,+0.1000,+0.1000,+0.0000
659,-0.07,90,False,0.0%,0.0%,0.0%,0.10,0.6,5.41,4.994,1.0000,0.9444,0.7170,+0.0000,+0.0000,+0.0000,+0.0000,+0.0000,+0.0000,-0.0075,-0.0667,+0.0000,+0.0000,+0.0000,+0.0000,+0.0000,+0.0000,+0.0000,+0.0000,+0.0000,-0.2995,+8.8984,+9.0000,+0.0000,+0.0000
661,1.00,1,True,0.0%,0.0%,0.0%,inf,1.0,5.49,0.000,1.0000,1.0000,0.9081,+0.0000,+0.0000,+1.0000,+0.0000,+0.0000,+0.0000,+0.0000,-0.0005,+0.0000,+0.0000,+0.0000,+0.0000,+0.0000,+1.0000,+0.0000,+0.0000,+0.0000,+0.0002,+0.0642,+0.0000,+0.0000,+0.0000
663,-3.63,4,False,0.0%,0.0%,100.0%,0.18,0.9,5.14,9.773,0.5000,0.0000,0.0585,+0.0000,-3.0000,+0.0000,+0.0000,+0.0000,-0.6000,-0.0277,-0.0043,+0.0000,+0.0000,+0.0000,+0.0000,+1.0000,+0.0000,+0.0000,+0.0000,+6.0000,-1.1073,+0.5738,+0.4000,+0.0000,+0.0000
665,-0.26,90,False,0.0%,0.0%,0.0%,0.25,0.6,5.45,4.435,0.9926,1.0000,0.7769,+0.0000,+0.0000,+0.0000,+0.0000,+0.0000,-0.2000,+0.0006,-0.0594,+0.0000,+0.0000,+0.0000,+0.0000,+0.0000,+0.0000,+0.0000,+0.0000,+2.0000,+0.0220,+7.9251,+9.0000,+0.0000,+0.0000
666,-0.02,90,False,0.0%,0.0%,0.0%,0.24,0.6,5.36,0.945,1.0000,1.0000,0.5370,+0.0000,+0.0000,+0.0000,+0.0000,+0.0000,+0.0000,+0.0006,-0.0251,+0.0000,+0.0000,+0.0000,+0.0000,+0.0000,+0.0000,+0.0000,+0.0000,+0.0000,+0.0223,+3.3489,+9.0000,+0.0000,+0.0000
667,-3.59,70,True,0.0%,0.0%,0.0%,0.01,0.7,5.58,16.645,0.9857,0.9286,0.7093,+0.0000,+0.0000,+1.0000,+0.0000,+0.0000,-0.3000,-0.0790,-0.0129,+0.0000,+0.0000,-4.2000,+0.0000,+0.0000,+1.0000,+0.0000,+0.0000,+3.0000,-3.1588,+1.7150,+7.0000,+0.0000,+42.0000
671,1.00,1,True,0.0%,0.0%,0.0%,inf,1.1,5.56,0.000,1.0000,0.0000,0.0000,+0.0000,+0.0000,+1.0000,+0.0000,+0.0000,+0.0000,-0.0025,+0.0000,+0.0000,+0.0000,+0.0000,+0.0000,+0.0000,+1.0000,+0.0000,+0.0000,+0.0000,-0.1003,+0.0000,+0.0000,+0.0000,+0.0000
672,0.58,23,True,0.0%,0.0%,0.0%,0.01,0.6,5.01,1.464,0.9420,1.0000,0.8021,+0.0000,+0.0000,+1.0000,+0.0000,+0.0000,-0.4000,+0.0001,-0.0149,+0.0000,-0.0015,+0.0000,+0.0000,+0.0000,+1.0000,+0.0000,+0.0000,+4.0000,+0.0056,+1.9830,+2.3000,+0.2000,+0.0000
674,-0.29,90,False,0.0%,0.0%,0.0%,0.12,0.6,5.00,9.509,0.9926,0.9778,0.6292,+0.0000,+0.0000,+0.0000,+0.0000,+0.0000,-0.2000,-0.0040,-0.0811,+0.0000,+0.0000,+0.0000,+0.0000,+0.0000,+0.0000,+0.0000,+0.0000,+2.0000,-0.1592,+10.8168,+9.0000,+0.0000,+0.0000
677,0.00,1,False,0.0%,0.0%,0.0%,inf,0.8,4.90,0.000,1.0000,0.0000,1.0000,+0.0000,+0.0000,+0.0000,+0.0000,+0.0000,+0.0000,+0.0000,+0.0000,+0.0000,+0.0000,+0.0000,+0.0000,+0.0000,+0.0000,+0.0000,+0.0000,+0.0000,+0.0000,+0.0000,+0.0000,+0.0000,+0.0000
682,-0.41,90,False,0.0%,0.0%,0.0%,0.02,0.7,5.95,12.209,0.9852,1.0000,0.6569,+0.0000,+0.0000,+0.0000,+0.0000,+0.0000,-0.4000,+0.0006,-0.0090,+0.0000,+0.0000,+0.0000,+0.0000,+0.0000,+0.0000,+0.0000,+0.0000,+4.0000,+0.0224,+1.2048,+9.0000,+0.0000,+0.0000
684,0.79,28,True,0.0%,0.0%,0.0%,0.01,0.6,5.21,1.559,0.9762,1.0000,0.9511,+0.0000,+0.0000,+1.0000,+0.0000,+0.0000,-0.2000,+0.0002,-0.0073,+0.0000,+0.0000,+0.0000,+0.0000,+0.0000,+1.0000,+0.0000,+0.0000,+2.0000,+0.0069,+0.9715,+2.8000,+0.0000,+0.0000
686,-0.07,90,False,0.0%,0.0%,0.0%,0.12,0.8,6.38,8.819,1.0000,0.9889,0.6821,+0.0000,+0.0000,+0.0000,+0.0000,+0.0000,+0.0000,+0.0005,-0.0733,+0.0000,+0.0000,+0.0000,+0.0000,+0.0000,+0.0000,+0.0000,+0.0000,+0.0000,+0.0219,+9.7753,+9.0000,+0.0000,+0.0000
688,-1.79,90,False,0.0%,0.0%,0.0%,0.36,0.8,6.79,10.105,0.9926,0.1222,0.6648,+0.0000,+0.0000,+0.0000,+0.0000,+0.0000,-0.2000,-1.5874,-0.0023,+0.0000,+0.0000,+0.0000,+0.0000,+0.0000,+0.0000,+0.0000,+0.0000,+2.0000,-63.4960,+0.3119,+9.0000,+0.0000,+0.0000
689,0.86,30,True,0.0%,0.0%,0.0%,0.01,0.7,5.29,8.096,0.9889,0.6667,0.8304,+0.0000,+0.0000,+1.0000,+0.0000,+0.0000,-0.1000,-0.0285,-0.0139,+0.0000,+0.0000,+0.0000,+0.0000,+0.0000,+1.0000,+0.0000,+0.0000,+1.0000,-1.1414,+1.8573,+3.0000,+0.0000,+0.0000
690,0.00,1,False,0.0%,0.0%,0.0%,inf,0.8,4.84,0.000,1.0000,0.0000,1.0000,+0.0000,+0.0000,+0.0000,+0.0000,+0.0000,+0.0000,+0.0000,+0.0000,+0.0000,+0.0000,+0.0000,+0.0000,+0.0000,+0.0000,+0.0000,+0.0000,+0.0000,+0.0000,+0.0000,+0.0000,+0.0000,+0.0000
692,0.00,1,False,0.0%,0.0%,0.0%,inf,0.9,4.76,0.000,1.0000,0.0000,1.0000,+0.0000,+0.0000,+0.0000,+0.0000,+0.0000,+0.0000,+0.0000,+0.0000,+0.0000,+0.0000,+0.0000,+0.0000,+0.0000,+0.0000,+0.0000,+0.0000,+0.0000,+0.0000,+0.0000,+0.0000,+0.0000,+0.0000
693,0.00,1,False,0.0%,0.0%,0.0%,inf,0.8,4.77,0.000,1.0000,0.0000,1.0000,+0.0000,+0.0000,+0.0000,+0.0000,+0.0000,+0.0000,+0.0000,+0.0000,+0.0000,+0.0000,+0.0000,+0.0000,+0.0000,+0.0000,+0.0000,+0.0000,+0.0000,+0.0000,+0.0000,+0.0000,+0.0000,+0.0000
694,-0.05,90,False,0.0%,0.0%,0.0%,0.25,0.7,5.65,5.366,1.0000,0.9444,0.9108,+0.0000,+0.0000,+0.0000,+0.0000,+0.0000,+0.0000,-0.0239,-0.0276,+0.0000,+0.0000,+0.0000,+0.0000,+0.0000,+0.0000,+0.0000,+0.0000,+0.0000,-0.9562,+3.6779,+9.0000,+0.0000,+0.0000
695,-0.03,90,False,0.0%,0.0%,0.0%,0.08,0.7,6.26,0.348,1.0000,1.0000,0.9937,+0.0000,+0.0000,+0.0000,+0.0000,+0.0000,+0.0000,+0.0006,-0.0311,+0.0000,+0.0000,+0.0000,+0.0000,+0.0000,+0.0000,+0.0000,+0.0000,+0.0000,+0.0223,+4.1449,+9.0000,+0.0000,+0.0000
696,0.69,1,True,0.0%,0.0%,0.0%,inf,0.9,4.91,1.108,0.0000,0.0000,0.0000,+0.0000,+0.0000,+1.0000,+0.0000,+0.0000,-0.3000,-0.0053,+0.0000,+0.0000,+0.0000,+0.0000,+0.0000,+0.0000,+1.0000,+0.0000,+0.0000,+3.0000,-0.2111,+0.0000,+0.1000,+0.0000,+0.0000
700,-0.28,90,False,0.0%,0.0%,0.0%,0.16,0.6,5.67,0.261,1.0000,0.0000,0.9411,+0.0000,+0.0000,+0.0000,+0.0000,+0.0000,+0.0000,-0.2841,+0.0038,+0.0000,+0.0000,+0.0000,+0.0000,+0.0000,+0.0000,+0.0000,+0.0000,+0.0000,-11.3655,-0.5063,+9.0000,+0.0000,+0.0000
701,1.00,1,True,0.0%,0.0%,0.0%,inf,0.8,4.91,0.000,1.0000,1.0000,0.8703,+0.0000,+0.0000,+1.0000,+0.0000,+0.0000,+0.0000,+0.0000,-0.0001,+0.0000,+0.0000,+0.0000,+0.0000,+0.0000,+1.0000,+0.0000,+0.0000,+0.0000,+0.0002,+0.0176,+0.0000,+0.0000,+0.0000
702,0.90,36,True,0.0%,0.0%,0.0%,0.01,0.6,5.57,10.197,0.9907,1.0000,0.8262,+0.0000,+0.0000,+1.0000,+0.0000,+0.0000,-0.1000,+0.0002,-0.0024,+0.0000,+0.0000,+0.0000,+0.0000,+0.0000,+1.0000,+0.0000,+0.0000,+1.0000,+0.0089,+0.3235,+3.6000,+0.0000,+0.0000
703,1.00,1,True,0.0%,0.0%,0.0%,inf,0.9,5.06,0.000,1.0000,0.0000,0.0000,+0.0000,+0.0000,+1.0000,+0.0000,+0.0000,+0.0000,-0.0025,+0.0000,+0.0000,+0.0000,+0.0000,+0.0000,+0.0000,+1.0000,+0.0000,+0.0000,+0.0000,-0.1003,+0.0000,+0.0000,+0.0000,+0.0000
704,1.00,34,True,0.0%,0.0%,0.0%,0.01,0.7,5.56,3.578,0.9020,1.0000,0.9842,+0.0000,+0.0000,+1.0000,+0.0000,+0.0000,+0.0000,+0.0000,+0.0000,+0.0000,+0.0000,+0.0000,+0.0000,+0.0000,+1.0000,+0.0000,+0.0000,+10.0000,+0.0085,-0.1643,+3.4000,+0.0000,+0.0000
706,0.04,81,True,0.0%,0.0%,0.0%,0.01,0.6,5.27,9.850,0.9630,0.7160,0.4492,+0.0000,+0.0000,+1.0000,+0.0000,+0.0000,-0.9000,+0.0005,-0.0601,+0.0000,+0.0000,+0.0000,+0.0000,+0.0000,+1.0000,+0.0000,+0.0000,+9.0000,+0.0183,+8.0135,+8.1000,+0.0000,+0.0000
707,-0.04,90,False,0.0%,0.0%,0.0%,0.13,0.6,6.22,9.898,1.0000,0.9000,0.8754,+0.0000,+0.0000,+0.0000,+0.0000,+0.0000,+0.0000,-0.0299,-0.0114,+0.0000,+0.0000,+0.0000,+0.0000,+0.0000,+0.0000,+0.0000,+0.0000,+0.0000,-1.1947,+1.5217,+9.0000,+0.0000,+0.0000
708,0.68,42,True,0.0%,0.0%,0.0%,0.01,0.6,5.54,7.905,0.9762,1.0000,0.8273,+0.0000,+0.0000,+1.0000,+0.0000,+0.0000,-0.3000,+0.0003,-0.0227,+0.0000,+0.0000,+0.0000,+0.0000,+0.0000,+1.0000,+0.0000,+0.0000,+3.0000,+0.0102,+3.0269,+4.2000,+0.0000,+0.0000
712,-0.12,90,False,0.0%,0.0%,0.0%,0.15,0.8,7.26,12.301,0.9963,0.9444,0.9149,+0.0000,+0.0000,+0.0000,+0.0000,+0.0000,-0.1000,+0.0005,-0.0227,+0.0000,+0.0000,+0.0000,+0.0000,+0.0000,+0.0000,+0.0000,+0.0000,+1.0000,+0.0217,+3.0221,+9.0000,+0.0000,+0.0000
714,-0.03,90,False,0.0%,0.0%,0.0%,0.28,0.8,6.34,6.544,1.0000,0.9556,0.8382,+0.0000,+0.0000,+0.0000,+0.0000,+0.0000,+0.0000,+0.0005,-0.0281,+0.0000,+0.0000,+0.0000,+0.0000,+0.0000,+0.0000,+0.0000,+0.0000,+0.0000,+0.0218,+3.7404,+9.0000,+0.0000,+0.0000
715,-0.00,90,False,0.0%,0.0%,0.0%,0.23,0.8,5.96,0.271,1.0000,0.0000,0.8125,+0.0000,+0.0000,+0.0000,+0.0000,+0.0000,+0.0000,+0.0006,-0.0035,+0.0000,+0.0000,+0.0000,+0.0000,+0.0000,+0.0000,+0.0000,+0.0000,+0.0000,+0.0223,+0.4707,+9.0000,+0.0000,+0.0000
717,-0.59,90,False,0.0%,0.0%,0.0%,0.05,0.6,5.44,12.725,0.9815,1.0000,0.3643,+0.0000,+0.0000,+0.0000,+0.0000,+0.0000,-0.5000,+0.0005,-0.0935,+0.0000,+0.0000,+0.0000,+0.0000,+0.0000,+0.0000,+0.0000,+0.0000,+5.0000,+0.0217,+12.4600,+9.0000,+0.0000,+0.0000
718,-4.24,90,True,0.0%,0.0%,0.0%,0.01,0.6,6.54,14.975,0.9889,1.0000,0.9038,+0.0000,+0.0000,+1.0000,+0.0000,+0.0000,-0.3000,+0.0006,-0.0414,+0.0000,+0.0000,-4.9000,+0.0000,+0.0000,+1.0000,+0.0000,+0.0000,+3.0000,+0.0224,+5.5169,+9.0000,+0.0000,+49.0000
719,0.69,41,True,0.0%,0.0%,0.0%,0.01,0.9,5.00,9.631,0.9756,0.9756,0.8932,+0.0000,+0.0000,+1.0000,+0.0000,+0.0000,-0.3000,+0.0003,-0.0079,+0.0000,+0.0000,+0.0000,+0.0000,+0.0000,+1.0000,+0.0000,+0.0000,+3.0000,+0.0100,+1.0520,+4.1000,+0.0000,+0.0000
720,1.00,1,True,0.0%,0.0%,0.0%,inf,0.8,4.95,0.000,1.0000,0.0000,0.0000,+0.0000,+0.0000,+1.0000,+0.0000,+0.0000,+0.0000,-0.0025,+0.0000,+0.0000,+0.0000,+0.0000,+0.0000,+0.0000,+1.0000,+0.0000,+0.0000,+0.0000,-0.1003,+0.0000,+0.0000,+0.0000,+0.0000
721,-3.20,72,True,0.0%,0.0%,0.0%,0.01,0.6,5.40,13.102,0.9861,1.0000,0.7164,+0.0000,+0.0000,+1.0000,+0.0000,+0.0000,-0.3000,+0.0004,+0.0005,+0.0000,+0.0000,-3.9000,+0.0000,+0.0000,+1.0000,+0.0000,+0.0000,+3.0000,+0.0180,-0.0708,+7.2000,+0.0000,+39.0000
722,1.00,1,True,0.0%,0.0%,0.0%,inf,1.0,5.21,0.000,1.0000,0.0000,0.0000,+0.0000,+0.0000,+1.0000,+0.0000,+0.0000,+0.0000,-0.0025,+0.0000,+0.0000,+0.0000,+0.0000,+0.0000,+0.0000,+1.0000,+0.0000,+0.0000,+0.0000,-0.1003,+0.0000,+0.0000,+0.0000,+0.0000
723,1.00,1,True,0.0%,0.0%,0.0%,inf,1.0,5.20,0.000,1.0000,0.0000,0.0000,+0.0000,+0.0000,+1.0000,+0.0000,+0.0000,+0.0000,-0.0025,+0.0000,+0.0000,+0.0000,+0.0000,+0.0000,+0.0000,+1.0000,+0.0000,+0.0000,+0.0000,-0.1003,+0.0000,+0.0000,+0.0000,+0.0000
725,-0.31,90,False,0.0%,0.0%,0.0%,0.16,0.6,5.30,0.425,0.9926,1.0000,0.9333,+0.0000,+0.0000,+0.0000,+0.0000,+0.0000,-0.2000,+0.0006,-0.0398,+0.0000,-0.0675,+0.0000,+0.0000,+0.0000,+0.0000,+0.0000,+0.0000,+2.0000,+0.0224,+5.3063,+9.0000,+9.0000,+0.0000
726,-3.47,76,True,0.0%,0.0%,0.0%,0.01,0.6,5.22,14.330,0.9868,0.7895,0.6174,+0.0000,+0.0000,+1.0000,+0.0000,+0.0000,-0.3000,-0.0027,-0.0680,+0.0000,+0.0000,-4.1000,+0.0000,+0.0000,+1.0000,+0.0000,+0.0000,+3.0000,-0.1090,+9.0668,+7.6000,+0.0000,+41.0000
727,-3.11,65,True,0.0%,0.0%,0.0%,0.01,0.7,5.97,16.236,0.9846,0.9846,0.7864,+0.0000,+0.0000,+1.0000,+0.0000,+0.0000,-0.3000,-0.0042,-0.0028,+0.0000,+0.0000,-3.8000,+0.0000,+0.0000,+1.0000,+0.0000,+0.0000,+3.0000,-0.1687,+0.3694,+6.5000,+0.0000,+38.0000
728,0.00,1,False,0.0%,0.0%,0.0%,inf,1.1,5.19,0.000,1.0000,0.0000,1.0000,+0.0000,+0.0000,+0.0000,+0.0000,+0.0000,+0.0000,+0.0000,+0.0000,+0.0000,+0.0000,+0.0000,+0.0000,+0.0000,+0.0000,+0.0000,+0.0000,+0.0000,+0.0000,+0.0000,+0.0000,+0.0000,+0.0000
730,-4.14,25,False,100.0%,100.0%,0.0%,0.36,0.7,5.43,8.551,0.9733,0.7600,0.9375,-3.8551,+0.0000,+0.0000,+0.0000,+0.0000,-0.2000,-0.0771,-0.0055,+0.0000,+0.0000,+0.0000,+1.0000,+0.0000,+0.0000,+0.0000,+0.0000,+2.0000,-3.0841,+0.7326,+2.5000,+0.0000,+0.0000
732,-0.29,90,False,0.0%,0.0%,0.0%,0.16,0.6,5.39,4.493,0.9926,0.8667,0.8689,+0.0000,+0.0000,+0.0000,+0.0000,+0.0000,-0.2000,-0.0419,-0.0434,+0.0000,+0.0000,+0.0000,+0.0000,+0.0000,+0.0000,+0.0000,+0.0000,+2.0000,-1.6749,+5.7862,+9.0000,+0.0000,+0.0000
733,0.00,1,False,0.0%,0.0%,0.0%,inf,0.8,4.82,0.000,1.0000,0.0000,1.0000,+0.0000,+0.0000,+0.0000,+0.0000,+0.0000,+0.0000,+0.0000,+0.0000,+0.0000,+0.0000,+0.0000,+0.0000,+0.0000,+0.0000,+0.0000,+0.0000,+0.0000,+0.0000,+0.0000,+0.0000,+0.0000,+0.0000
734,-3.71,4,False,100.0%,100.0%,0.0%,0.35,0.8,4.77,5.064,0.8333,1.0000,0.9216,-3.5064,+0.0000,+0.0000,+0.0000,+0.0000,-0.2000,+0.0000,-0.0009,+0.0000,+0.0000,+0.0000,+1.0000,+0.0000,+0.0000,+0.0000,+0.0000,+2.0000,+0.0010,+0.1139,+0.4000,+0.0000,+0.0000
735,0.79,21,True,0.0%,0.0%,0.0%,0.01,0.6,5.23,4.493,0.9683,1.0000,0.8101,+0.0000,+0.0000,+1.0000,+0.0000,+0.0000,-0.2000,+0.0001,-0.0133,+0.0000,+0.0000,+0.0000,+0.0000,+0.0000,+1.0000,+0.0000,+0.0000,+2.0000,+0.0052,+1.7755,+2.1000,+0.0000,+0.0000
736,-0.06,90,False,0.0%,0.0%,0.0%,0.11,0.7,6.39,11.577,1.0000,0.9556,0.9458,+0.0000,+0.0000,+0.0000,+0.0000,+0.0000,+0.0000,-0.0412,-0.0219,+0.0000,+0.0000,+0.0000,+0.0000,+0.0000,+0.0000,+0.0000,+0.0000,+0.0000,-1.6479,+2.9203,+9.0000,+0.0000,+0.0000
738,1.00,1,True,0.0%,0.0%,0.0%,inf,0.8,4.94,0.000,1.0000,0.0000,0.0000,+0.0000,+0.0000,+1.0000,+0.0000,+0.0000,+0.0000,-0.0025,+0.0000,+0.0000,+0.0000,+0.0000,+0.0000,+0.0000,+1.0000,+0.0000,+0.0000,+0.0000,-0.1003,+0.0000,+0.0000,+0.0000,+0.0000
740,1.00,1,True,0.0%,0.0%,0.0%,inf,0.8,4.81,0.000,1.0000,0.0000,0.0000,+0.0000,+0.0000,+1.0000,+0.0000,+0.0000,+0.0000,-0.0025,+0.0000,+0.0000,+0.0000,+0.0000,+0.0000,+0.0000,+1.0000,+0.0000,+0.0000,+0.0000,-0.1003,+0.0000,+0.0000,+0.0000,+0.0000
742,-0.19,90,False,0.0%,0.0%,0.0%,0.06,0.7,6.89,11.644,0.9963,0.9000,0.9190,+0.0000,+0.0000,+0.0000,+0.0000,+0.0000,-0.1000,-0.0540,-0.0384,+0.0000,+0.0000,+0.0000,+0.0000,+0.0000,+0.0000,+0.0000,+0.0000,+1.0000,-2.1619,+5.1178,+9.0000,+0.0000,+0.0000
743,0.00,1,False,0.0%,0.0%,0.0%,inf,1.0,5.43,0.000,1.0000,0.0000,1.0000,+0.0000,+0.0000,+0.0000,+0.0000,+0.0000,+0.0000,+0.0000,+0.0000,+0.0000,+0.0000,+0.0000,+0.0000,+0.0000,+0.0000,+0.0000,+0.0000,+0.0000,+0.0000,+0.0000,+0.0000,+0.0000,+0.0000
746,0.00,1,False,0.0%,0.0%,0.0%,inf,0.9,5.01,0.000,1.0000,0.0000,1.0000,+0.0000,+0.0000,+0.0000,+0.0000,+0.0000,+0.0000,+0.0000,+0.0000,+0.0000,+0.0000,+0.0000,+0.0000,+0.0000,+0.0000,+0.0000,+0.0000,+0.0000,+0.0000,+0.0000,+0.0000,+0.0000,+0.0000
749,1.00,1,True,0.0%,0.0%,0.0%,inf,0.8,4.93,0.000,1.0000,0.0000,0.0000,+0.0000,+0.0000,+1.0000,+0.0000,+0.0000,+0.0000,-0.0025,+0.0000,+0.0000,+0.0000,+0.0000,+0.0000,+0.0000,+1.0000,+0.0000,+0.0000,+0.0000,-0.1003,+0.0000,+0.0000,+0.0000,+0.0000
750,1.00,1,True,0.0%,0.0%,0.0%,inf,0.8,5.00,0.000,1.0000,1.0000,0.0000,+0.0000,+0.0000,+1.0000,+0.0000,+0.0000,+0.0000,+0.0000,-0.0013,+0.0000,+0.0000,+0.0000,+0.0000,+0.0000,+1.0000,+0.0000,+0.0000,+0.0000,+0.0002,+0.1674,+0.0000,+0.0000,+0.0000
751,-0.15,90,False,0.0%,0.0%,0.0%,0.05,0.8,6.67,12.517,0.9963,0.9778,0.6092,+0.0000,+0.0000,+0.0000,+0.0000,+0.0000,-0.1000,-0.0146,-0.0363,+0.0000,+0.0000,+0.0000,+0.0000,+0.0000,+0.0000,+0.0000,+0.0000,+1.0000,-0.5847,+4.8442,+9.0000,+0.0000,+0.0000
752,-1.80,49,True,0.0%,0.0%,0.0%,0.01,0.6,5.28,15.323,0.9796,1.0000,0.8506,+0.0000,+0.0000,+1.0000,+0.0000,+0.0000,-0.3000,+0.0003,-0.0049,+0.0000,+0.0000,-2.5000,+0.0000,+0.0000,+1.0000,+0.0000,+0.0000,+3.0000,+0.0122,+0.6544,+4.9000,+0.0000,+25.0000
753,1.00,1,True,0.0%,0.0%,0.0%,inf,0.9,5.39,0.000,1.0000,1.0000,0.8968,+0.0000,+0.0000,+1.0000,+0.0000,+0.0000,+0.0000,+0.0000,-0.0005,+0.0000,+0.0000,+0.0000,+0.0000,+0.0000,+1.0000,+0.0000,+0.0000,+0.0000,+0.0002,+0.0666,+0.0000,+0.0000,+0.0000
754,1.00,1,True,0.0%,0.0%,0.0%,inf,0.8,4.87,0.000,1.0000,0.0000,0.0000,+0.0000,+0.0000,+1.0000,+0.0000,+0.0000,+0.0000,-0.0025,+0.0000,+0.0000,+0.0000,+0.0000,+0.0000,+0.0000,+1.0000,+0.0000,+0.0000,+0.0000,-0.1003,+0.0000,+0.0000,+0.0000,+0.0000
757,0.78,84,True,0.0%,0.0%,0.0%,0.01,2.9,6.40,11.969,0.9960,0.8929,0.8024,+0.0000,+0.0000,+1.0000,+0.0000,+0.0000,-0.1000,-0.0698,-0.0499,+0.0000,+0.0000,+0.0000,+0.0000,+0.0000,+1.0000,+0.0000,+0.0000,+1.0000,-2.7935,+6.6553,+8.4000,+0.0000,+0.0000
758,-0.35,90,False,0.0%,0.0%,0.0%,0.10,0.6,5.39,5.983,0.9889,0.9889,0.9679,+0.0000,+0.0000,+0.0000,+0.0000,+0.0000,-0.3000,-0.0140,-0.0345,+0.0000,+0.0000,+0.0000,+0.0000,+0.0000,+0.0000,+0.0000,+0.0000,+3.0000,-0.5594,+4.6046,+9.0000,+0.0000,+0.0000
760,0.63,88,True,0.0%,0.0%,0.0%,0.01,0.6,5.47,6.867,0.9886,1.0000,0.5843,+0.0000,+0.0000,+1.0000,+0.0000,+0.0000,-0.3000,+0.0005,-0.0660,+0.0000,+0.0000,+0.0000,+0.0000,+0.0000,+1.0000,+0.0000,+0.0000,+3.0000,+0.0211,+8.8028,+8.8000,+0.0000,+0.0000
761,-14.13,80,False,100.0%,100.0%,0.0%,0.10,0.6,6.05,21.228,0.9375,0.8375,0.6438,-4.5778,+0.0000,+0.0000,+0.0000,+0.0000,-1.5000,+0.0005,-0.0518,+0.0000,+0.0000,-8.0000,+1.0000,+0.0000,+0.0000,+0.0000,+0.0000,+15.0000,+0.0189,+6.9034,+8.0000,+0.0000,+80.0000
762,-0.66,90,False,0.0%,0.0%,0.0%,0.22,0.8,7.16,9.048,0.9778,0.8667,0.6264,+0.0000,+0.0000,+0.0000,+0.0000,+0.0000,-0.6000,-0.0255,-0.0299,+0.0000,+0.0000,+0.0000,+0.0000,+0.0000,+0.0000,+0.0000,+0.0000,+6.0000,-1.0217,+3.9923,+9.0000,+0.0000,+0.0000
763,-0.35,90,False,0.0%,0.0%,0.0%,0.17,0.8,5.99,4.120,0.9926,0.5778,0.7213,+0.0000,+0.0000,+0.0000,+0.0000,+0.0000,-0.2000,-0.1072,-0.0418,+0.0000,+0.0000,+0.0000,+0.0000,+0.0000,+0.0000,+0.0000,+0.0000,+2.0000,-4.2861,+5.5701,+9.0000,+0.0000,+0.0000
766,1.00,1,True,0.0%,0.0%,0.0%,inf,1.1,5.20,0.000,1.0000,0.0000,0.0000,+0.0000,+0.0000,+1.0000,+0.0000,+0.0000,+0.0000,-0.0003,+0.0000,+0.0000,+0.0000,+0.0000,+0.0000,+0.0000,+1.0000,+0.0000,+0.0000,+0.0000,-0.0112,-0.0003,+0.0000,+0.0000,+0.0000
769,1.00,1,True,0.0%,0.0%,0.0%,inf,0.9,5.30,0.000,1.0000,1.0000,0.9779,+0.0000,+0.0000,+1.0000,+0.0000,+0.0000,+0.0000,+0.0000,-0.0003,+0.0000,+0.0000,+0.0000,+0.0000,+0.0000,+1.0000,+0.0000,+0.0000,+0.0000,+0.0002,+0.0404,+0.0000,+0.0000,+0.0000
770,-4.25,54,False,100.0%,100.0%,0.0%,0.40,0.9,6.31,12.328,1.0000,1.0000,0.7066,-4.2328,+0.0000,+0.0000,+0.0000,+0.0000,+0.0000,+0.0003,-0.0143,+0.0000,+0.0000,+0.0000,+1.0000,+0.0000,+0.0000,+0.0000,+0.0000,+0.0000,+0.0133,+1.9061,+5.4000,+0.0000,+0.0000
771,0.00,1,False,0.0%,0.0%,0.0%,inf,0.9,4.94,0.000,1.0000,0.0000,1.0000,+0.0000,+0.0000,+0.0000,+0.0000,+0.0000,+0.0000,+0.0000,+0.0000,+0.0000,+0.0000,+0.0000,+0.0000,+0.0000,+0.0000,+0.0000,+0.0000,+0.0000,+0.0000,+0.0000,+0.0000,+0.0000,+0.0000
772,-1.45,84,True,0.0%,0.0%,0.0%,0.01,0.8,6.80,9.637,0.9087,0.7738,0.6452,+0.0000,+0.0000,+1.0000,+0.0000,+0.0000,-2.3000,-0.0792,-0.0663,+0.0000,+0.0000,+0.0000,+0.0000,+0.0000,+1.0000,+0.0000,+0.0000,+23.0000,-3.1698,+8.8398,+8.4000,+0.0000,+0.0000
773,1.00,1,True,0.0%,0.0%,0.0%,inf,0.8,4.95,0.000,1.0000,0.0000,0.0000,+0.0000,+0.0000,+1.0000,+0.0000,+0.0000,+0.0000,-0.0025,+0.0000,+0.0000,+0.0000,+0.0000,+0.0000,+0.0000,+1.0000,+0.0000,+0.0000,+0.0000,-0.1003,+0.0000,+0.0000,+0.0000,+0.0000
774,-2.45,90,False,0.0%,0.0%,0.0%,0.11,0.6,5.45,5.038,0.9370,0.2667,0.6291,+0.0000,+0.0000,+0.0000,+0.0000,+0.0000,-1.7000,-0.7267,-0.0204,+0.0000,+0.0000,+0.0000,+0.0000,+0.0000,+0.0000,+0.0000,+0.0000,+17.0000,-29.0667,+2.7197,+9.0000,+0.0000,+0.0000
775,0.00,1,False,0.0%,0.0%,0.0%,inf,1.0,5.12,0.000,1.0000,0.0000,1.0000,+0.0000,+0.0000,+0.0000,+0.0000,+0.0000,+0.0000,+0.0000,+0.0000,+0.0000,+0.0000,+0.0000,+0.0000,+0.0000,+0.0000,+0.0000,+0.0000,+0.0000,+0.0000,+0.0000,+0.0000,+0.0000,+0.0000
776,0.00,1,False,0.0%,0.0%,0.0%,inf,0.9,5.48,0.000,1.0000,0.0000,1.0000,+0.0000,+0.0000,+0.0000,+0.0000,+0.0000,+0.0000,+0.0000,+0.0000,+0.0000,+0.0000,+0.0000,+0.0000,+0.0000,+0.0000,+0.0000,+0.0000,+0.0000,+0.0000,+0.0000,+0.0000,+0.0000,+0.0000
777,-1.55,90,False,0.0%,0.0%,0.0%,0.42,0.7,5.96,8.633,0.9926,0.2222,0.7866,+0.0000,+0.0000,+0.0000,+0.0000,+0.0000,-0.2000,-1.3526,-0.0018,+0.0000,+0.0000,+0.0000,+0.0000,+0.0000,+0.0000,+0.0000,+0.0000,+2.0000,-54.1039,+0.2386,+9.0000,+0.0000,+0.0000
779,-0.25,90,False,0.0%,0.0%,0.0%,0.14,0.6,5.37,1.708,0.9926,0.6111,0.7836,+0.0000,+0.0000,+0.0000,+0.0000,+0.0000,-0.2000,-0.0400,-0.0139,+0.0000,+0.0000,+0.0000,+0.0000,+0.0000,+0.0000,+0.0000,+0.0000,+2.0000,-1.5986,+1.8569,+9.0000,+0.0000,+0.0000
780,1.00,1,True,0.0%,0.0%,0.0%,inf,0.8,4.74,0.000,1.0000,0.0000,0.0000,+0.0000,+0.0000,+1.0000,+0.0000,+0.0000,+0.0000,-0.0025,+0.0000,+0.0000,+0.0000,+0.0000,+0.0000,+0.0000,+1.0000,+0.0000,+0.0000,+0.0000,-0.1003,+0.0000,+0.0000,+0.0000,+0.0000
782,-0.57,90,False,0.0%,0.0%,0.0%,0.24,0.8,6.47,6.310,0.9889,0.5444,0.6435,+0.0000,+0.0000,+0.0000,+0.0000,+0.0000,-0.3000,-0.2417,-0.0313,+0.0000,+0.0000,+0.0000,+0.0000,+0.0000,+0.0000,+0.0000,+0.0000,+3.0000,-9.6670,+4.1700,+9.0000,+0.0000,+0.0000
783,1.00,1,True,0.0%,0.0%,0.0%,inf,1.1,5.39,0.000,1.0000,1.0000,0.9326,+0.0000,+0.0000,+1.0000,+0.0000,+0.0000,+0.0000,+0.0000,-0.0002,+0.0000,+0.0000,+0.0000,+0.0000,+0.0000,+1.0000,+0.0000,+0.0000,+0.0000,+0.0002,+0.0308,+0.0000,+0.0000,+0.0000
787,-0.99,90,False,0.0%,0.0%,0.0%,0.02,0.6,5.17,6.424,0.9667,0.8000,0.4933,+0.0000,+0.0000,+0.0000,+0.0000,+0.0000,-0.9000,-0.0201,-0.0659,+0.0000,+0.0000,+0.0000,+0.0000,+0.0000,+0.0000,+0.0000,+0.0000,+9.0000,-0.8042,+8.7825,+9.0000,+0.0000,+0.0000
788,1.00,1,True,0.0%,0.0%,0.0%,inf,0.9,4.74,0.000,1.0000,0.0000,0.0000,+0.0000,+0.0000,+1.0000,+0.0000,+0.0000,+0.0000,-0.0025,+0.0000,+0.0000,+0.0000,+0.0000,+0.0000,+0.0000,+1.0000,+0.0000,+0.0000,+0.0000,-0.1003,+0.0000,+0.0000,+0.0000,+0.0000
789,-3.24,23,False,0.0%,0.0%,100.0%,0.10,0.6,4.68,5.206,0.9710,0.0435,0.2788,+0.0000,-3.0000,+0.0000,+0.0000,+0.0000,-0.2000,-0.0194,-0.0236,+0.0000,+0.0000,+0.0000,+0.0000,+1.0000,+0.0000,+0.0000,+0.0000,+2.0000,-0.7748,+3.1531,+2.3000,+0.0000,+0.0000
790,-0.04,90,False,0.0%,0.0%,0.0%,0.22,0.9,5.98,5.675,1.0000,0.9889,0.9595,+0.0000,+0.0000,+0.0000,+0.0000,+0.0000,+0.0000,-0.0079,-0.0335,+0.0000,+0.0000,+0.0000,+0.0000,+0.0000,+0.0000,+0.0000,+0.0000,+0.0000,-0.3156,+4.4643,+9.0000,+0.0000,+0.0000
791,-0.23,90,False,0.0%,0.0%,0.0%,0.20,1.0,6.31,1.307,0.9926,1.0000,0.5005,+0.0000,+0.0000,+0.0000,+0.0000,+0.0000,-0.2000,+0.0005,-0.0303,+0.0000,+0.0000,+0.0000,+0.0000,+0.0000,+0.0000,+0.0000,+0.0000,+2.0000,+0.0219,+4.0373,+9.0000,+0.0000,+0.0000
792,1.00,1,True,0.0%,0.0%,0.0%,inf,1.2,5.20,0.000,1.0000,1.0000,0.9885,+0.0000,+0.0000,+1.0000,+0.0000,+0.0000,+0.0000,+0.0000,-0.0004,+0.0000,+0.0000,+0.0000,+0.0000,+0.0000,+1.0000,+0.0000,+0.0000,+0.0000,+0.0002,+0.0474,+0.0000,+0.0000,+0.0000
795,1.00,1,True,0.0%,0.0%,0.0%,inf,1.0,5.23,0.000,1.0000,0.0000,0.0000,+0.0000,+0.0000,+1.0000,+0.0000,+0.0000,+0.0000,-0.0025,+0.0000,+0.0000,+0.0000,+0.0000,+0.0000,+0.0000,+1.0000,+0.0000,+0.0000,+0.0000,-0.1003,+0.0000,+0.0000,+0.0000,+0.0000
798,-0.33,90,False,0.0%,0.0%,0.0%,0.06,0.9,5.53,10.664,0.9889,1.0000,0.9736,+0.0000,+0.0000,+0.0000,+0.0000,+0.0000,-0.3000,+0.0006,-0.0268,+0.0000,+0.0000,+0.0000,+0.0000,+0.0000,+0.0000,+0.0000,+0.0000,+3.0000,+0.0224,+3.5694,+9.0000,+0.0000,+0.0000
800,1.00,1,True,0.0%,0.0%,0.0%,inf,3.2,4.91,0.000,1.0000,0.0000,0.0000,+0.0000,+0.0000,+1.0000,+0.0000,+0.0000,+0.0000,-0.0025,+0.0000,+0.0000,+0.0000,+0.0000,+0.0000,+0.0000,+1.0000,+0.0000,+0.0000,+0.0000,-0.1003,+0.0000,+0.0000,+0.0000,+0.0000
801,1.00,1,True,0.0%,0.0%,0.0%,inf,1.0,4.89,0.000,1.0000,0.0000,0.0000,+0.0000,+0.0000,+1.0000,+0.0000,+0.0000,+0.0000,-0.0025,+0.0000,+0.0000,+0.0000,+0.0000,+0.0000,+0.0000,+1.0000,+0.0000,+0.0000,+0.0000,-0.1003,+0.0000,+0.0000,+0.0000,+0.0000
802,0.87,39,True,0.0%,0.0%,0.0%,0.01,0.7,5.19,9.485,0.9915,0.9231,0.9779,+0.0000,+0.0000,+1.0000,+0.0000,+0.0000,-0.1000,-0.0163,-0.0139,+0.0000,+0.0000,+0.0000,+0.0000,+0.0000,+1.0000,+0.0000,+0.0000,+1.0000,-0.6525,+1.8472,+3.9000,+0.0000,+0.0000
808,0.88,77,True,0.0%,0.0%,0.0%,0.01,0.6,5.42,8.549,0.9957,1.0000,0.9352,+0.0000,+0.0000,+1.0000,+0.0000,+0.0000,-0.1000,+0.0005,-0.0219,+0.0000,+0.0000,+0.0000,+0.0000,+0.0000,+1.0000,+0.0000,+0.0000,+1.0000,+0.0192,+2.9197,+7.7000,+0.0000,+0.0000
810,-0.59,83,True,0.0%,0.0%,0.0%,0.01,0.5,4.74,10.781,0.9398,1.0000,0.3448,+0.0000,+0.0000,+1.0000,+0.0000,+0.0000,-1.5000,+0.0005,-0.0907,+0.0000,+0.0000,+0.0000,+0.0000,+0.0000,+1.0000,+0.0000,+0.0000,+15.0000,+0.0196,+12.0900,+8.3000,+0.0000,+0.0000
811,-0.40,90,False,0.0%,0.0%,0.0%,0.19,1.0,5.75,6.753,0.9926,0.6556,0.6405,+0.0000,+0.0000,+0.0000,+0.0000,+0.0000,-0.2000,-0.1481,-0.0544,+0.0000,+0.0000,+0.0000,+0.0000,+0.0000,+0.0000,+0.0000,+0.0000,+2.0000,-5.9237,+7.2524,+9.0000,+0.0000,+0.0000
812,0.19,9,True,0.0%,0.0%,0.0%,0.01,0.7,5.01,15.757,0.9259,1.0000,0.5584,+0.0000,+0.0000,+1.0000,+0.0000,+0.0000,-0.2000,+0.0001,-0.0092,+0.0000,+0.0000,-0.6000,+0.0000,+0.0000,+1.0000,+0.0000,+0.0000,+2.0000,+0.0022,+1.2261,+0.9000,+0.0000,+6.0000
816,-7.02,90,False,0.0%,0.0%,0.0%,0.12,0.8,5.78,18.368,0.9852,0.9889,0.8876,+0.0000,+0.0000,+0.0000,+0.0000,+0.0000,-0.4000,-0.0015,-0.0140,+0.0000,+0.0000,-6.6000,+0.0000,+0.0000,+0.0000,+0.0000,+0.0000,+4.0000,-0.0608,+1.8673,+9.0000,+0.0000,+66.0000
817,0.80,1,True,0.0%,0.0%,0.0%,inf,1.0,5.15,16.282,0.6667,1.0000,0.8617,+0.0000,+0.0000,+1.0000,+0.0000,+0.0000,-0.1000,+0.0000,-0.0006,+0.0000,+0.0000,-0.1000,+0.0000,+0.0000,+1.0000,+0.0000,+0.0000,+1.0000,+0.0002,+0.0739,+0.1000,+0.0000,+1.0000
818,-3.66,67,False,100.0%,100.0%,0.0%,0.25,1.0,6.10,5.902,1.0000,0.7164,0.8378,-3.5903,+0.0000,+0.0000,+0.0000,+0.0000,+0.0000,-0.0378,-0.0315,+0.0000,+0.0000,+0.0000,+1.0000,+0.0000,+0.0000,+0.0000,+0.0000,+0.0000,-1.5128,+4.1966,+6.7000,+0.0000,+0.0000
820,1.00,1,True,0.0%,0.0%,0.0%,inf,1.0,4.86,0.000,1.0000,0.0000,0.0000,+0.0000,+0.0000,+1.0000,+0.0000,+0.0000,+0.0000,-0.0025,+0.0000,+0.0000,+0.0000,+0.0000,+0.0000,+0.0000,+1.0000,+0.0000,+0.0000,+0.0000,-0.1003,+0.0000,+0.0000,+0.0000,+0.0000
821,1.00,1,True,0.0%,0.0%,0.0%,inf,0.9,4.75,0.000,1.0000,1.0000,0.9924,+0.0000,+0.0000,+1.0000,+0.0000,+0.0000,+0.0000,+0.0000,-0.0003,+0.0000,+0.0000,+0.0000,+0.0000,+0.0000,+1.0000,+0.0000,+0.0000,+0.0000,+0.0002,+0.0434,+0.0000,+0.0000,+0.0000
822,1.00,1,True,0.0%,0.0%,0.0%,inf,1.3,4.81,0.000,1.0000,0.0000,0.5112,+0.0000,+0.0000,+1.0000,+0.0000,+0.0000,+0.0000,+0.0000,+0.0000,+0.0000,+0.0000,+0.0000,+0.0000,+0.0000,+1.0000,+0.0000,+0.0000,+0.0000,+0.0000,-0.0051,+0.0000,+0.0000,+0.0000
823,-0.01,90,False,0.0%,0.0%,0.0%,0.33,1.0,6.74,0.809,1.0000,1.0000,0.7614,+0.0000,+0.0000,+0.0000,+0.0000,+0.0000,+0.0000,+0.0005,-0.0093,+0.0000,+0.0000,+0.0000,+0.0000,+0.0000,+0.0000,+0.0000,+0.0000,+0.0000,+0.0209,+1.2447,+9.0000,+0.0000,+0.0000
824,1.00,1,True,0.0%,0.0%,0.0%,inf,1.0,4.88,0.000,1.0000,0.0000,0.0000,+0.0000,+0.0000,+1.0000,+0.0000,+0.0000,+0.0000,-0.0025,+0.0000,+0.0000,+0.0000,+0.0000,+0.0000,+0.0000,+1.0000,+0.0000,+0.0000,+0.0000,-0.1003,+0.0000,+0.0000,+0.0000,+0.0000
825,-1.38,90,False,0.0%,0.0%,0.0%,0.35,0.8,5.57,7.544,0.9926,0.2000,0.4898,+0.0000,+0.0000,+0.0000,+0.0000,+0.0000,-0.2000,-1.1664,-0.0156,+0.0000,+0.0000,+0.0000,+0.0000,+0.0000,+0.0000,+0.0000,+0.0000,+2.0000,-46.6579,+2.0852,+9.0000,+0.0000,+0.0000
826,-3.23,46,False,0.0%,0.0%,100.0%,0.47,0.9,5.17,13.758,0.9855,1.0000,0.5594,+0.0000,-3.0000,+0.0000,+0.0000,+0.0000,-0.2000,+0.0003,-0.0269,+0.0000,+0.0000,+0.0000,+0.0000,+1.0000,+0.0000,+0.0000,+0.0000,+2.0000,+0.0109,+3.5924,+4.6000,+0.0000,+0.0000
828,-0.43,90,False,0.0%,0.0%,0.0%,0.19,0.6,5.14,2.276,0.9926,0.5111,0.8110,+0.0000,+0.0000,+0.0000,+0.0000,+0.0000,-0.2000,-0.2095,-0.0219,+0.0000,+0.0000,+0.0000,+0.0000,+0.0000,+0.0000,+0.0000,+0.0000,+2.0000,-8.3806,+2.9154,+9.0000,+0.0000,+0.0000
831,-0.23,90,False,0.0%,0.0%,0.0%,0.21,1.1,8.73,8.946,0.9926,0.8333,0.8349,+0.0000,+0.0000,+0.0000,+0.0000,+0.0000,-0.2000,-0.0201,-0.0078,+0.0000,+0.0000,+0.0000,+0.0000,+0.0000,+0.0000,+0.0000,+0.0000,+2.0000,-0.8028,+1.0353,+9.0000,+0.0000,+0.0000
833,0.77,65,True,0.0%,0.0%,0.0%,0.01,0.6,5.13,1.427,0.9897,1.0000,0.9514,+0.0000,+0.0000,+1.0000,+0.0000,+0.0000,-0.2000,+0.0004,-0.0269,+0.0000,+0.0000,+0.0000,+0.0000,+0.0000,+1.0000,+0.0000,+0.0000,+2.0000,+0.0161,+3.5821,+6.5000,+0.0000,+0.0000
834,-0.26,90,False,0.0%,0.0%,0.0%,0.17,3.0,6.53,0.341,0.9926,1.0000,0.8160,+0.0000,+0.0000,+0.0000,+0.0000,+0.0000,-0.2000,+0.0006,-0.0563,+0.0000,+0.0000,+0.0000,+0.0000,+0.0000,+0.0000,+0.0000,+0.0000,+2.0000,+0.0224,+7.5014,+9.0000,+0.0000,+0.0000
835,0.00,1,False,0.0%,0.0%,0.0%,inf,1.0,4.77,0.000,1.0000,0.0000,1.0000,+0.0000,+0.0000,+0.0000,+0.0000,+0.0000,+0.0000,+0.0000,+0.0000,+0.0000,+0.0000,+0.0000,+0.0000,+0.0000,+0.0000,+0.0000,+0.0000,+0.0000,+0.0000,+0.0000,+0.0000,+0.0000,+0.0000
836,-0.07,90,False,0.0%,0.0%,0.0%,0.13,0.6,5.33,7.132,1.0000,1.0000,0.5183,+0.0000,+0.0000,+0.0000,+0.0000,+0.0000,+0.0000,+0.0005,-0.0744,+0.0000,+0.0000,+0.0000,+0.0000,+0.0000,+0.0000,+0.0000,+0.0000,+0.0000,+0.0214,+9.9251,+9.0000,+0.0000,+0.0000
837,1.00,1,True,0.0%,0.0%,0.0%,inf,1.1,5.32,0.000,1.0000,0.0000,0.0000,+0.0000,+0.0000,+1.0000,+0.0000,+0.0000,+0.0000,-0.0025,+0.0000,+0.0000,+0.0000,+0.0000,+0.0000,+0.0000,+1.0000,+0.0000,+0.0000,+0.0000,-0.1003,+0.0000,+0.0000,+0.0000,+0.0000
838,0.00,1,False,0.0%,0.0%,0.0%,inf,1.0,4.91,0.000,1.0000,0.0000,1.0000,+0.0000,+0.0000,+0.0000,+0.0000,+0.0000,+0.0000,+0.0000,+0.0000,+0.0000,+0.0000,+0.0000,+0.0000,+0.0000,+0.0000,+0.0000,+0.0000,+0.0000,+0.0000,+0.0000,+0.0000,+0.0000,+0.0000
840,0.00,1,False,0.0%,0.0%,0.0%,inf,1.0,4.69,0.000,1.0000,0.0000,1.0000,+0.0000,+0.0000,+0.0000,+0.0000,+0.0000,+0.0000,+0.0000,+0.0000,+0.0000,+0.0000,+0.0000,+0.0000,+0.0000,+0.0000,+0.0000,+0.0000,+0.0000,+0.0000,+0.0000,+0.0000,+0.0000,+0.0000
841,0.20,7,True,0.0%,0.0%,0.0%,0.01,1.3,4.83,15.811,0.9048,1.0000,0.9607,+0.0000,+0.0000,+1.0000,+0.0000,+0.0000,-0.2000,+0.0000,-0.0028,+0.0000,+0.0000,-0.6000,+0.0000,+0.0000,+1.0000,+0.0000,+0.0000,+2.0000,+0.0017,+0.3727,+0.7000,+0.0000,+6.0000
843,-4.58,50,False,100.0%,100.0%,0.0%,0.23,0.6,4.81,13.244,0.9800,0.8800,0.6618,-4.2715,+0.0000,+0.0000,+0.0000,+0.0000,-0.3000,+0.0003,-0.0128,+0.0000,+0.0000,+0.0000,+1.0000,+0.0000,+0.0000,+0.0000,+0.0000,+3.0000,+0.0122,+1.7121,+5.0000,+0.0000,+0.0000
846,0.90,1,True,0.0%,0.0%,0.0%,inf,1.4,5.49,0.095,0.6667,1.0000,0.8953,+0.0000,+0.0000,+1.0000,+0.0000,+0.0000,-0.1000,+0.0000,-0.0002,+0.0000,+0.0000,+0.0000,+0.0000,+0.0000,+1.0000,+0.0000,+0.0000,+1.0000,+0.0002,+0.0229,+0.1000,+0.0000,+0.0000
847,1.00,1,True,0.0%,0.0%,0.0%,inf,1.0,5.10,0.000,1.0000,0.0000,0.0000,+0.0000,+0.0000,+1.0000,+0.0000,+0.0000,+0.0000,-0.0025,+0.0000,+0.0000,+0.0000,+0.0000,+0.0000,+0.0000,+1.0000,+0.0000,+0.0000,+0.0000,-0.1003,+0.0000,+0.0000,+0.0000,+0.0000
848,-10.79,58,False,100.0%,100.0%,0.0%,0.22,1.1,6.96,16.734,0.9598,0.8621,0.5186,-4.4510,+0.0000,+0.0000,+0.0000,+0.0000,-0.7000,-0.0069,-0.0284,+0.0000,+0.0000,-5.6000,+1.0000,+0.0000,+0.0000,+0.0000,+0.0000,+7.0000,-0.2778,+3.7813,+5.8000,+0.0000,+56.0000
849,1.00,1,True,0.0%,0.0%,0.0%,inf,1.2,4.69,0.000,1.0000,0.0000,0.0000,+0.0000,+0.0000,+1.0000,+0.0000,+0.0000,+0.0000,-0.0025,+0.0000,+0.0000,+0.0000,+0.0000,+0.0000,+0.0000,+1.0000,+0.0000,+0.0000,+0.0000,-0.1003,+0.0000,+0.0000,+0.0000,+0.0000
850,1.00,1,True,0.0%,0.0%,0.0%,inf,1.2,5.28,0.000,1.0000,0.0000,0.0000,+0.0000,+0.0000,+1.0000,+0.0000,+0.0000,+0.0000,-0.0025,+0.0000,+0.0000,+0.0000,+0.0000,+0.0000,+0.0000,+1.0000,+0.0000,+0.0000,+0.0000,-0.1003,+0.0000,+0.0000,+0.0000,+0.0000
851,-6.40,90,False,0.0%,0.0%,0.0%,0.07,3.1,5.68,18.856,0.9519,0.9111,0.7070,+0.0000,+0.0000,+0.0000,+0.0000,+0.0000,+0.0000,+0.0000,+0.0000,+0.0000,+0.0000,-6.4000,+0.0000,+0.0000,+0.0000,+0.0000,+0.0000,+13.0000,-0.9824,+4.5659,+9.0000,+0.0000,+64.0000
852,-1.14,90,False,0.0%,0.0%,0.0%,0.13,0.7,5.67,10.415,0.9926,0.4889,0.4397,+0.0000,+0.0000,+0.0000,+0.0000,+0.0000,-0.2000,-0.8768,-0.0584,+0.0000,+0.0000,+0.0000,+0.0000,+0.0000,+0.0000,+0.0000,+0.0000,+2.0000,-35.0724,+7.7928,+9.0000,+0.0000,+0.0000
854,0.27,5,True,0.0%,0.0%,0.0%,0.01,0.8,5.03,16.200,0.8667,0.8000,0.9175,+0.0000,+0.0000,+1.0000,+0.0000,+0.0000,-0.2000,-0.0303,-0.0019,+0.0000,+0.0000,-0.5000,+0.0000,+0.0000,+1.0000,+0.0000,+0.0000,+2.0000,-1.2107,+0.2574,+0.5000,+0.0000,+5.0000
855,1.00,1,True,0.0%,0.0%,0.0%,inf,0.8,4.79,0.000,1.0000,0.0000,0.0000,+0.0000,+0.0000,+1.0000,+0.0000,+0.0000,+0.0000,-0.0025,+0.0000,+0.0000,+0.0000,+0.0000,+0.0000,+0.0000,+1.0000,+0.0000,+0.0000,+0.0000,-0.1003,+0.0000,+0.0000,+0.0000,+0.0000
856,1.00,1,True,0.0%,0.0%,0.0%,inf,0.8,4.73,0.000,1.0000,0.0000,0.0000,+0.0000,+0.0000,+1.0000,+0.0000,+0.0000,+0.0000,-0.0025,+0.0000,+0.0000,+0.0000,+0.0000,+0.0000,+0.0000,+1.0000,+0.0000,+0.0000,+0.0000,-0.1003,+0.0000,+0.0000,+0.0000,+0.0000
857,1.00,1,True,0.0%,0.0%,0.0%,inf,0.9,4.82,0.000,1.0000,1.0000,0.9119,+0.0000,+0.0000,+1.0000,+0.0000,+0.0000,+0.0000,+0.0000,-0.0005,+0.0000,+0.0000,+0.0000,+0.0000,+0.0000,+1.0000,+0.0000,+0.0000,+0.0000,+0.0002,+0.0634,+0.0000,+0.0000,+0.0000
859,1.00,1,True,0.0%,0.0%,0.0%,inf,1.2,5.50,0.000,1.0000,0.0000,0.0000,+0.0000,+0.0000,+1.0000,+0.0000,+0.0000,+0.0000,-0.0025,+0.0000,+0.0000,+0.0000,+0.0000,+0.0000,+0.0000,+1.0000,+0.0000,+0.0000,+0.0000,-0.1003,+0.0000,+0.0000,+0.0000,+0.0000
860,-4.00,12,False,100.0%,100.0%,0.0%,0.30,0.6,4.94,6.503,0.9167,0.1667,0.6945,-3.6503,+0.0000,+0.0000,+0.0000,+0.0000,-0.3000,-0.0462,-0.0042,+0.0000,+0.0000,+0.0000,+1.0000,+0.0000,+0.0000,+0.0000,+0.0000,+3.0000,-1.8496,+0.5590,+1.2000,+0.0000,+0.0000
862,0.79,28,True,0.0%,0.0%,0.0%,0.01,0.6,4.77,4.707,0.9762,1.0000,0.9650,+0.0000,+0.0000,+1.0000,+0.0000,+0.0000,-0.2000,+0.0002,-0.0079,+0.0000,+0.0000,+0.0000,+0.0000,+0.0000,+1.0000,+0.0000,+0.0000,+2.0000,+0.0070,+1.0538,+2.8000,+0.0000,+0.0000
865,0.69,43,True,0.0%,0.0%,0.0%,0.01,0.6,5.00,11.007,0.9767,1.0000,0.8119,+0.0000,+0.0000,+1.0000,+0.0000,+0.0000,-0.3000,+0.0003,-0.0149,+0.0000,+0.0000,+0.0000,+0.0000,+0.0000,+1.0000,+0.0000,+0.0000,+3.0000,+0.0106,+1.9930,+4.3000,+0.0000,+0.0000
866,-0.37,90,False,0.0%,0.0%,0.0%,0.13,0.8,5.77,8.494,0.9926,0.7889,0.7423,+0.0000,+0.0000,+0.0000,+0.0000,+0.0000,-0.2000,-0.1438,-0.0272,+0.0000,+0.0000,+0.0000,+0.0000,+0.0000,+0.0000,+0.0000,+0.0000,+2.0000,-5.7529,+3.6207,+9.0000,+0.0000,+0.0000
868,-3.10,90,False,100.0%,100.0%,0.0%,0.13,0.8,6.42,0.084,1.0000,1.0000,0.9887,-3.0084,+0.0000,+0.0000,+0.0000,+0.0000,+0.0000,+0.0006,-0.0288,+0.0000,-0.0675,+0.0000,+1.0000,+0.0000,+0.0000,+0.0000,+0.0000,+0.0000,+0.0225,+3.8358,+9.0000,+9.0000,+0.0000
869,-0.03,90,False,0.0%,0.0%,0.0%,0.09,0.8,6.10,4.350,1.0000,0.9667,0.9411,+0.0000,+0.0000,+0.0000,+0.0000,+0.0000,+0.0000,-0.0071,-0.0262,+0.0000,+0.0000,+0.0000,+0.0000,+0.0000,+0.0000,+0.0000,+0.0000,+0.0000,-0.2850,+3.4978,+9.0000,+0.0000,+0.0000
870,1.00,1,True,0.0%,0.0%,0.0%,inf,1.1,4.92,0.000,1.0000,0.0000,0.0000,+0.0000,+0.0000,+1.0000,+0.0000,+0.0000,+0.0000,-0.0025,+0.0000,+0.0000,+0.0000,+0.0000,+0.0000,+0.0000,+1.0000,+0.0000,+0.0000,+0.0000,-0.1003,+0.0000,+0.0000,+0.0000,+0.0000
873,-0.28,90,False,0.0%,0.0%,0.0%,0.34,0.7,6.84,0.370,0.9926,1.0000,0.8707,+0.0000,+0.0000,+0.0000,+0.0000,+0.0000,-0.2000,+0.0006,-0.0119,+0.0000,-0.0675,+0.0000,+0.0000,+0.0000,+0.0000,+0.0000,+0.0000,+2.0000,+0.0223,+1.5896,+9.0000,+9.0000,+0.0000
875,1.00,1,True,0.0%,0.0%,0.0%,inf,0.8,4.90,0.000,1.0000,1.0000,0.9374,+0.0000,+0.0000,+1.0000,+0.0000,+0.0000,+0.0000,+0.0000,-0.0004,+0.0000,+0.0000,+0.0000,+0.0000,+0.0000,+1.0000,+0.0000,+0.0000,+0.0000,+0.0002,+0.0581,+0.0000,+0.0000,+0.0000
876,-0.14,90,False,0.0%,0.0%,0.0%,0.15,0.8,6.20,14.202,0.9963,1.0000,0.9508,+0.0000,+0.0000,+0.0000,+0.0000,+0.0000,-0.1000,+0.0006,-0.0368,+0.0000,+0.0000,+0.0000,+0.0000,+0.0000,+0.0000,+0.0000,+0.0000,+1.0000,+0.0224,+4.9019,+9.0000,+0.0000,+0.0000
878,0.00,1,False,0.0%,0.0%,0.0%,inf,0.8,4.87,0.577,1.0000,0.0000,1.0000,+0.0000,+0.0000,+0.0000,+0.0000,+0.0000,+0.0000,+0.0000,+0.0000,+0.0000,+0.0000,+0.0000,+0.0000,+0.0000,+0.0000,+0.0000,+0.0000,+0.0000,+0.0000,+0.0000,+0.0000,+0.0000,+0.0000
879,1.00,1,True,0.0%,0.0%,0.0%,inf,1.1,5.49,0.000,1.0000,1.0000,0.8320,+0.0000,+0.0000,+1.0000,+0.0000,+0.0000,+0.0000,+0.0000,-0.0001,+0.0000,+0.0000,+0.0000,+0.0000,+0.0000,+1.0000,+0.0000,+0.0000,+0.0000,+0.0002,+0.0094,+0.0000,+0.0000,+0.0000
884,-0.19,90,False,0.0%,0.0%,0.0%,0.14,0.6,5.46,14.867,0.9963,0.9667,0.5352,+0.0000,+0.0000,+0.0000,+0.0000,+0.0000,-0.1000,+0.0006,-0.0943,+0.0000,+0.0000,+0.0000,+0.0000,+0.0000,+0.0000,+0.0000,+0.0000,+1.0000,+0.0222,+12.5771,+9.0000,+0.0000,+0.0000
886,0.61,84,True,0.0%,0.0%,0.0%,0.01,0.6,5.36,7.461,0.9881,0.8690,0.8491,+0.0000,+0.0000,+1.0000,+0.0000,+0.0000,-0.3000,-0.0472,-0.0418,+0.0000,+0.0000,+0.0000,+0.0000,+0.0000,+1.0000,+0.0000,+0.0000,+3.0000,-1.8896,+5.5763,+8.4000,+0.0000,+0.0000
891,0.00,1,False,0.0%,0.0%,0.0%,inf,0.8,4.74,0.000,1.0000,0.0000,1.0000,+0.0000,+0.0000,+0.0000,+0.0000,+0.0000,+0.0000,+0.0000,+0.0000,+0.0000,+0.0000,+0.0000,+0.0000,+0.0000,+0.0000,+0.0000,+0.0000,+0.0000,+0.0000,+0.0000,+0.0000,+0.0000,+0.0000
894,1.00,1,True,0.0%,0.0%,0.0%,inf,0.8,4.79,0.000,1.0000,0.0000,0.0000,+0.0000,+0.0000,+1.0000,+0.0000,+0.0000,+0.0000,-0.0025,+0.0000,+0.0000,+0.0000,+0.0000,+0.0000,+0.0000,+1.0000,+0.0000,+0.0000,+0.0000,-0.1003,+0.0000,+0.0000,+0.0000,+0.0000
895,-0.64,90,False,0.0%,0.0%,0.0%,0.28,0.6,5.77,1.508,0.9889,0.0000,0.8182,+0.0000,+0.0000,+0.0000,+0.0000,+0.0000,-0.3000,-0.3442,+0.0030,+0.0000,+0.0000,+0.0000,+0.0000,+0.0000,+0.0000,+0.0000,+0.0000,+3.0000,-13.7678,-0.3977,+9.0000,+0.0000,+0.0000
896,1.00,1,True,0.0%,0.0%,0.0%,inf,0.9,5.15,0.000,1.0000,0.0000,0.0000,+0.0000,+0.0000,+1.0000,+0.0000,+0.0000,+0.0000,-0.0025,+0.0000,+0.0000,+0.0000,+0.0000,+0.0000,+0.0000,+1.0000,+0.0000,+0.0000,+0.0000,-0.1003,+0.0000,+0.0000,+0.0000,+0.0000
898,-10.47,90,False,0.0%,0.0%,0.0%,0.19,0.6,5.48,19.806,0.9778,0.7556,0.4996,+0.0000,+0.0000,+0.0000,+0.0000,+0.0000,-0.6000,-0.8229,-0.0456,+0.0000,+0.0000,-9.0000,+0.0000,+0.0000,+0.0000,+0.0000,+0.0000,+6.0000,-32.9145,+6.0767,+9.0000,+0.0000,+90.0000
899,1.00,1,True,0.0%,0.0%,0.0%,inf,0.9,5.06,0.000,1.0000,0.0000,0.0000,+0.0000,+0.0000,+1.0000,+0.0000,+0.0000,+0.0000,-0.0025,+0.0000,+0.0000,+0.0000,+0.0000,+0.0000,+0.0000,+1.0000,+0.0000,+0.0000,+0.0000,-0.1003,+0.0000,+0.0000,+0.0000,+0.0000
900,-0.24,90,False,0.0%,0.0%,0.0%,0.05,0.7,5.34,7.156,0.9926,0.9667,0.9408,+0.0000,+0.0000,+0.0000,+0.0000,+0.0000,-0.2000,-0.0067,-0.0319,+0.0000,+0.0000,+0.0000,+0.0000,+0.0000,+0.0000,+0.0000,+0.0000,+2.0000,-0.2677,+4.2512,+9.0000,+0.0000,+0.0000
903,1.00,1,True,0.0%,0.0%,0.0%,inf,1.0,5.60,0.000,1.0000,0.0000,0.0000,+0.0000,+0.0000,+1.0000,+0.0000,+0.0000,+0.0000,-0.0025,+0.0000,+0.0000,+0.0000,+0.0000,+0.0000,+0.0000,+1.0000,+0.0000,+0.0000,+0.0000,-0.1003,+0.0000,+0.0000,+0.0000,+0.0000
904,0.88,32,True,0.0%,0.0%,0.0%,0.01,0.6,5.69,9.011,0.9896,1.0000,0.8688,+0.0000,+0.0000,+1.0000,+0.0000,+0.0000,-0.1000,+0.0002,-0.0174,+0.0000,+0.0000,+0.0000,+0.0000,+0.0000,+1.0000,+0.0000,+0.0000,+1.0000,+0.0080,+2.3164,+3.2000,+0.0000,+0.0000
905,0.00,1,False,0.0%,0.0%,0.0%,inf,0.8,4.79,0.000,1.0000,0.0000,1.0000,+0.0000,+0.0000,+0.0000,+0.0000,+0.0000,+0.0000,+0.0000,+0.0000,+0.0000,+0.0000,+0.0000,+0.0000,+0.0000,+0.0000,+0.0000,+0.0000,+0.0000,+0.0000,+0.0000,+0.0000,+0.0000,+0.0000
906,-0.23,90,False,0.0%,0.0%,0.0%,0.23,0.7,5.83,0.171,0.9926,1.0000,0.9801,+0.0000,+0.0000,+0.0000,+0.0000,+0.0000,-0.2000,+0.0005,-0.0332,+0.0000,+0.0000,+0.0000,+0.0000,+0.0000,+0.0000,+0.0000,+0.0000,+2.0000,+0.0218,+4.4258,+9.0000,+0.0000,+0.0000
908,-5.02,87,True,0.0%,0.0%,0.0%,0.01,0.8,6.05,15.177,0.9885,0.9770,0.6007,+0.0000,+0.0000,+1.0000,+0.0000,+0.0000,-0.3000,+0.0005,-0.0178,+0.0000,+0.0000,-5.7000,+0.0000,+0.0000,+1.0000,+0.0000,+0.0000,+3.0000,+0.0216,+2.3733,+8.7000,+0.0000,+57.0000
909,-4.02,41,False,100.0%,100.0%,0.0%,0.30,0.7,5.77,6.807,0.9837,0.5610,0.8858,-3.6807,+0.0000,+0.0000,+0.0000,+0.0000,-0.2000,-0.1349,-0.0036,+0.0000,+0.0000,+0.0000,+1.0000,+0.0000,+0.0000,+0.0000,+0.0000,+2.0000,-5.3948,+0.4775,+4.1000,+0.0000,+0.0000
910,1.00,1,True,0.0%,0.0%,0.0%,inf,0.8,5.06,0.000,1.0000,0.0000,0.0000,+0.0000,+0.0000,+1.0000,+0.0000,+0.0000,+0.0000,-0.0025,+0.0000,+0.0000,+0.0000,+0.0000,+0.0000,+0.0000,+1.0000,+0.0000,+0.0000,+0.0000,-0.1003,+0.0000,+0.0000,+0.0000,+0.0000
913,1.00,5,True,0.0%,0.0%,0.0%,0.01,1.0,4.90,3.959,1.0000,1.0000,0.9869,+0.0000,+0.0000,+1.0000,+0.0000,+0.0000,+0.0000,+0.0000,-0.0018,+0.0000,+0.0000,+0.0000,+0.0000,+0.0000,+1.0000,+0.0000,+0.0000,+0.0000,+0.0012,+0.2387,+0.5000,+0.0000,+0.0000
915,0.00,1,False,0.0%,0.0%,0.0%,inf,0.8,4.94,0.000,1.0000,0.0000,1.0000,+0.0000,+0.0000,+0.0000,+0.0000,+0.0000,+0.0000,+0.0000,+0.0000,+0.0000,+0.0000,+0.0000,+0.0000,+0.0000,+0.0000,+0.0000,+0.0000,+0.0000,+0.0000,+0.0000,+0.0000,+0.0000,+0.0000
917,0.00,1,False,0.0%,0.0%,0.0%,inf,0.9,4.97,0.000,1.0000,0.0000,1.0000,+0.0000,+0.0000,+0.0000,+0.0000,+0.0000,+0.0000,+0.0000,+0.0000,+0.0000,+0.0000,+0.0000,+0.0000,+0.0000,+0.0000,+0.0000,+0.0000,+0.0000,+0.0000,+0.0000,+0.0000,+0.0000,+0.0000
918,-3.24,30,False,0.0%,0.0%,100.0%,0.21,0.7,5.55,5.979,0.9778,0.2667,0.6228,+0.0000,-3.0000,+0.0000,+0.0000,+0.0000,-0.2000,-0.0187,-0.0187,+0.0000,+0.0000,+0.0000,+0.0000,+1.0000,+0.0000,+0.0000,+0.0000,+2.0000,-0.7497,+2.4877,+3.0000,+0.0000,+0.0000
920,0.00,1,False,0.0%,0.0%,0.0%,inf,0.9,5.39,0.000,1.0000,0.0000,1.0000,+0.0000,+0.0000,+0.0000,+0.0000,+0.0000,+0.0000,+0.0000,+0.0000,+0.0000,+0.0000,+0.0000,+0.0000,+0.0000,+0.0000,+0.0000,+0.0000,+0.0000,+0.0000,+0.0000,+0.0000,+0.0000,+0.0000
921,-1.82,58,True,0.0%,0.0%,0.0%,0.01,0.6,5.01,12.826,0.9828,0.9138,0.7286,+0.0000,+0.0000,+1.0000,+0.0000,+0.0000,-0.3000,+0.0004,-0.0165,+0.0000,+0.0000,-2.5000,+0.0000,+0.0000,+1.0000,+0.0000,+0.0000,+3.0000,+0.0143,+2.1948,+5.8000,+0.0000,+25.0000
922,0.89,18,True,0.0%,0.0%,0.0%,0.01,0.9,5.73,7.412,0.9815,1.0000,0.9827,+0.0000,+0.0000,+1.0000,+0.0000,+0.0000,-0.1000,+0.0001,-0.0066,+0.0000,+0.0000,+0.0000,+0.0000,+0.0000,+1.0000,+0.0000,+0.0000,+1.0000,+0.0045,+0.8755,+1.8000,+0.0000,+0.0000
923,-0.22,90,False,0.0%,0.0%,0.0%,0.26,2.4,6.27,0.149,0.9926,0.8556,0.9080,+0.0000,+0.0000,+0.0000,+0.0000,+0.0000,-0.2000,-0.0060,-0.0130,+0.0000,+0.0000,+0.0000,+0.0000,+0.0000,+0.0000,+0.0000,+0.0000,+2.0000,-0.2383,+1.7330,+9.0000,+0.0000,+0.0000
926,0.98,37,True,0.0%,0.0%,0.0%,0.01,0.6,5.39,6.359,1.0000,1.0000,0.8964,+0.0000,+0.0000,+1.0000,+0.0000,+0.0000,+0.0000,+0.0002,-0.0172,+0.0000,+0.0000,+0.0000,+0.0000,+0.0000,+1.0000,+0.0000,+0.0000,+0.0000,+0.0091,+2.2977,+3.7000,+0.0000,+0.0000
927,-3.21,17,False,0.0%,0.0%,100.0%,0.05,0.6,5.43,7.079,0.9608,0.7059,0.8843,+0.0000,-3.0000,+0.0000,+0.0000,+0.0000,-0.2000,-0.0017,-0.0070,+0.0000,+0.0000,+0.0000,+0.0000,+1.0000,+0.0000,+0.0000,+0.0000,+2.0000,-0.0700,+0.9395,+1.7000,+0.0000,+0.0000
928,1.00,1,True,0.0%,0.0%,0.0%,inf,0.8,5.32,0.000,1.0000,0.0000,0.0000,+0.0000,+0.0000,+1.0000,+0.0000,+0.0000,+0.0000,-0.0025,+0.0000,+0.0000,+0.0000,+0.0000,+0.0000,+0.0000,+1.0000,+0.0000,+0.0000,+0.0000,-0.1003,+0.0000,+0.0000,+0.0000,+0.0000
929,0.68,60,True,0.0%,0.0%,0.0%,0.01,0.6,5.46,10.006,0.9833,1.0000,0.6845,+0.0000,+0.0000,+1.0000,+0.0000,+0.0000,-0.3000,+0.0004,-0.0167,+0.0000,+0.0000,+0.0000,+0.0000,+0.0000,+1.0000,+0.0000,+0.0000,+3.0000,+0.0147,+2.2212,+6.0000,+0.0000,+0.0000
930,0.80,35,True,0.0%,0.0%,0.0%,0.01,0.8,5.45,2.075,0.9810,1.0000,0.7824,+0.0000,+0.0000,+1.0000,+0.0000,+0.0000,-0.2000,+0.0002,+0.0001,+0.0000,+0.0000,+0.0000,+0.0000,+0.0000,+1.0000,+0.0000,+0.0000,+2.0000,+0.0086,-0.0157,+3.5000,+0.0000,+0.0000
932,-3.41,45,False,0.0%,0.0%,100.0%,0.45,0.7,5.43,5.023,0.9852,0.0222,0.7259,+0.0000,-3.0000,+0.0000,+0.0000,+0.0000,-0.2000,-0.1987,-0.0087,+0.0000,+0.0000,+0.0000,+0.0000,+1.0000,+0.0000,+0.0000,+0.0000,+2.0000,-7.9490,+1.1600,+4.5000,+0.0000,+0.0000
934,0.43,81,True,0.0%,0.0%,0.0%,0.01,0.7,5.93,10.057,0.9835,0.7778,0.5819,+0.0000,+0.0000,+1.0000,+0.0000,+0.0000,-0.4000,-0.1488,-0.0200,+0.0000,+0.0000,+0.0000,+0.0000,+0.0000,+1.0000,+0.0000,+0.0000,+4.0000,-5.9514,+2.6641,+8.1000,+0.0000,+0.0000
936,-0.11,90,False,0.0%,0.0%,0.0%,0.08,0.6,5.27,6.381,1.0000,0.7111,0.7163,+0.0000,+0.0000,+0.0000,+0.0000,+0.0000,+0.0000,-0.1005,-0.0135,+0.0000,+0.0000,+0.0000,+0.0000,+0.0000,+0.0000,+0.0000,+0.0000,+0.0000,-4.0190,+1.7975,+9.0000,+0.0000,+0.0000
940,-0.13,90,False,0.0%,0.0%,0.0%,0.12,0.6,5.40,7.651,1.0000,0.8000,0.5861,+0.0000,+0.0000,+0.0000,+0.0000,+0.0000,+0.0000,-0.0722,-0.0609,+0.0000,+0.0000,+0.0000,+0.0000,+0.0000,+0.0000,+0.0000,+0.0000,+0.0000,-2.8897,+8.1208,+9.0000,+0.0000,+0.0000
943,-7.76,90,False,0.0%,0.0%,0.0%,0.09,0.7,5.95,14.770,0.9889,0.7333,0.7927,+0.0000,+0.0000,+0.0000,+0.0000,+0.0000,-0.3000,+0.0006,-0.0588,+0.0000,+0.0000,-7.4000,+0.0000,+0.0000,+0.0000,+0.0000,+0.0000,+3.0000,+0.0220,+7.8384,+9.0000,+0.0000,+74.0000
946,0.90,1,True,0.0%,0.0%,0.0%,inf,1.0,4.86,0.443,0.6667,1.0000,0.9510,+0.0000,+0.0000,+1.0000,+0.0000,+0.0000,-0.1000,+0.0000,-0.0004,+0.0000,+0.0000,+0.0000,+0.0000,+0.0000,+1.0000,+0.0000,+0.0000,+1.0000,+0.0002,+0.0553,+0.1000,+0.0000,+0.0000
951,0.77,56,True,0.0%,0.0%,0.0%,0.01,0.6,5.98,6.225,0.9881,0.8393,0.9298,+0.0000,+0.0000,+1.0000,+0.0000,+0.0000,-0.2000,-0.0083,-0.0205,+0.0000,+0.0000,+0.0000,+0.0000,+0.0000,+1.0000,+0.0000,+0.0000,+2.0000,-0.3338,+2.7323,+5.6000,+0.0000,+0.0000
953,1.00,1,True,0.0%,0.0%,0.0%,inf,0.8,4.86,0.000,1.0000,0.0000,0.0000,+0.0000,+0.0000,+1.0000,+0.0000,+0.0000,+0.0000,-0.0025,+0.0000,+0.0000,+0.0000,+0.0000,+0.0000,+0.0000,+1.0000,+0.0000,+0.0000,+0.0000,-0.1003,+0.0000,+0.0000,+0.0000,+0.0000
954,-0.24,90,False,0.0%,0.0%,0.0%,0.06,0.6,5.13,7.542,0.9926,0.8000,0.5586,+0.0000,+0.0000,+0.0000,+0.0000,+0.0000,-0.2000,-0.0015,-0.0415,+0.0000,+0.0000,+0.0000,+0.0000,+0.0000,+0.0000,+0.0000,+0.0000,+2.0000,-0.0607,+5.5270,+9.0000,+0.0000,+0.0000
955,1.00,1,True,0.0%,0.0%,0.0%,inf,0.9,4.97,0.010,1.0000,1.0000,0.8481,+0.0000,+0.0000,+1.0000,+0.0000,+0.0000,+0.0000,+0.0000,-0.0006,+0.0000,-0.0008,+0.0000,+0.0000,+0.0000,+1.0000,+0.0000,+0.0000,+0.0000,+0.0002,+0.0767,+0.1000,+0.1000,+0.0000
958,0.68,46,True,0.0%,0.0%,0.0%,0.01,0.8,6.16,10.376,0.9783,0.9783,0.9152,+0.0000,+0.0000,+1.0000,+0.0000,+0.0000,-0.3000,+0.0003,-0.0211,+0.0000,+0.0000,+0.0000,+0.0000,+0.0000,+1.0000,+0.0000,+0.0000,+3.0000,+0.0113,+2.8199,+4.6000,+0.0000,+0.0000
959,1.00,1,True,0.0%,0.0%,0.0%,inf,1.0,5.18,0.000,1.0000,0.0000,0.0000,+0.0000,+0.0000,+1.0000,+0.0000,+0.0000,+0.0000,-0.0025,+0.0000,+0.0000,+0.0000,+0.0000,+0.0000,+0.0000,+1.0000,+0.0000,+0.0000,+0.0000,-0.1003,+0.0000,+0.0000,+0.0000,+0.0000
960,0.20,10,True,0.0%,0.0%,0.0%,0.01,0.6,5.23,15.606,0.9333,1.0000,0.9072,+0.0000,+0.0000,+1.0000,+0.0000,+0.0000,-0.2000,+0.0001,-0.0048,+0.0000,+0.0000,-0.6000,+0.0000,+0.0000,+1.0000,+0.0000,+0.0000,+2.0000,+0.0025,+0.6440,+1.0000,+0.0000,+6.0000
966,-0.30,90,False,0.0%,0.0%,0.0%,0.29,0.6,6.14,4.351,0.9926,0.5889,0.8135,+0.0000,+0.0000,+0.0000,+0.0000,+0.0000,-0.2000,-0.0934,-0.0076,+0.0000,+0.0000,+0.0000,+0.0000,+0.0000,+0.0000,+0.0000,+0.0000,+2.0000,-3.7366,+1.0198,+9.0000,+0.0000,+0.0000
968,1.00,1,True,0.0%,0.0%,0.0%,inf,0.8,4.78,0.000,1.0000,0.0000,0.0000,+0.0000,+0.0000,+1.0000,+0.0000,+0.0000,+0.0000,-0.0025,+0.0000,+0.0000,+0.0000,+0.0000,+0.0000,+0.0000,+1.0000,+0.0000,+0.0000,+0.0000,-0.1003,+0.0000,+0.0000,+0.0000,+0.0000
969,0.67,30,True,0.0%,0.0%,0.0%,0.01,0.8,5.39,9.066,0.9667,1.0000,0.6516,+0.0000,+0.0000,+1.0000,+0.0000,+0.0000,-0.3000,+0.0002,-0.0264,+0.0000,+0.0000,+0.0000,+0.0000,+0.0000,+1.0000,+0.0000,+0.0000,+3.0000,+0.0075,+3.5157,+3.0000,+0.0000,+0.0000
971,1.00,1,True,0.0%,0.0%,0.0%,inf,1.0,5.23,0.000,1.0000,0.0000,0.0000,+0.0000,+0.0000,+1.0000,+0.0000,+0.0000,+0.0000,-0.0025,+0.0000,+0.0000,+0.0000,+0.0000,+0.0000,+0.0000,+1.0000,+0.0000,+0.0000,+0.0000,-0.1003,+0.0000,+0.0000,+0.0000,+0.0000
972,-0.10,90,False,0.0%,0.0%,0.0%,0.13,0.6,5.51,0.242,1.0000,1.0000,0.9935,+0.0000,+0.0000,+0.0000,+0.0000,+0.0000,+0.0000,+0.0006,-0.0295,+0.0000,-0.0675,+0.0000,+0.0000,+0.0000,+0.0000,+0.0000,+0.0000,+0.0000,+0.0224,+3.9277,+9.0000,+9.0000,+0.0000
973,0.00,1,False,0.0%,0.0%,0.0%,inf,0.8,4.60,0.000,1.0000,0.0000,1.0000,+0.0000,+0.0000,+0.0000,+0.0000,+0.0000,+0.0000,+0.0000,+0.0000,+0.0000,+0.0000,+0.0000,+0.0000,+0.0000,+0.0000,+0.0000,+0.0000,+0.0000,+0.0000,+0.0000,+0.0000,+0.0000,+0.0000
974,-0.30,90,False,0.0%,0.0%,0.0%,0.04,0.6,5.39,5.446,0.9926,0.8778,0.4173,+0.0000,+0.0000,+0.0000,+0.0000,+0.0000,-0.2000,-0.0155,-0.0845,+0.0000,+0.0000,+0.0000,+0.0000,+0.0000,+0.0000,+0.0000,+0.0000,+2.0000,-0.6207,+11.2666,+9.0000,+0.0000,+0.0000
975,1.00,1,True,0.0%,0.0%,0.0%,inf,0.9,4.73,0.000,1.0000,0.0000,0.0000,+0.0000,+0.0000,+1.0000,+0.0000,+0.0000,+0.0000,-0.0025,+0.0000,+0.0000,+0.0000,+0.0000,+0.0000,+0.0000,+1.0000,+0.0000,+0.0000,+0.0000,-0.1003,+0.0000,+0.0000,+0.0000,+0.0000
976,1.00,1,True,0.0%,0.0%,0.0%,inf,1.0,5.11,0.000,1.0000,0.0000,0.0000,+0.0000,+0.0000,+1.0000,+0.0000,+0.0000,+0.0000,-0.0025,+0.0000,+0.0000,+0.0000,+0.0000,+0.0000,+0.0000,+1.0000,+0.0000,+0.0000,+0.0000,-0.1003,+0.0000,+0.0000,+0.0000,+0.0000
977,1.00,1,True,0.0%,0.0%,0.0%,inf,0.9,5.47,0.000,1.0000,0.0000,0.0000,+0.0000,+0.0000,+1.0000,+0.0000,+0.0000,+0.0000,-0.0025,+0.0000,+0.0000,+0.0000,+0.0000,+0.0000,+0.0000,+1.0000,+0.0000,+0.0000,+0.0000,-0.1003,+0.0000,+0.0000,+0.0000,+0.0000
979,1.00,1,True,0.0%,0.0%,0.0%,inf,0.8,4.88,0.000,1.0000,1.0000,0.9293,+0.0000,+0.0000,+1.0000,+0.0000,+0.0000,+0.0000,+0.0000,-0.0004,+0.0000,+0.0000,+0.0000,+0.0000,+0.0000,+1.0000,+0.0000,+0.0000,+0.0000,+0.0002,+0.0598,+0.0000,+0.0000,+0.0000
981,-0.80,34,True,0.0%,0.0%,0.0%,0.01,0.6,5.13,15.212,0.9902,1.0000,0.8079,+0.0000,+0.0000,+1.0000,+0.0000,+0.0000,-0.1000,+0.0002,-0.0011,+0.0000,+0.0000,-1.7000,+0.0000,+0.0000,+1.0000,+0.0000,+0.0000,+1.0000,+0.0085,+0.1441,+3.4000,+0.0000,+17.0000
982,1.00,1,True,0.0%,0.0%,0.0%,inf,0.8,4.80,0.000,1.0000,0.0000,0.0000,+0.0000,+0.0000,+1.0000,+0.0000,+0.0000,+0.0000,-0.0025,+0.0000,+0.0000,+0.0000,+0.0000,+0.0000,+0.0000,+1.0000,+0.0000,+0.0000,+0.0000,-0.1003,+0.0000,+0.0000,+0.0000,+0.0000
985,1.00,1,True,0.0%,0.0%,0.0%,inf,0.9,5.60,0.000,1.0000,0.0000,0.0000,+0.0000,+0.0000,+1.0000,+0.0000,+0.0000,+0.0000,-0.0025,+0.0000,+0.0000,+0.0000,+0.0000,+0.0000,+0.0000,+1.0000,+0.0000,+0.0000,+0.0000,-0.1003,+0.0000,+0.0000,+0.0000,+0.0000
986,-3.35,81,False,100.0%,100.0%,0.0%,0.29,0.6,6.04,1.227,0.9918,0.1111,0.5745,-3.1227,+0.0000,+0.0000,+0.0000,+0.0000,-0.2000,-0.0056,-0.0180,+0.0000,+0.0000,+0.0000,+1.0000,+0.0000,+0.0000,+0.0000,+0.0000,+2.0000,-0.2240,+2.4042,+8.1000,+0.0000,+0.0000
987,-0.26,90,False,0.0%,0.0%,0.0%,0.25,0.6,5.23,2.843,0.9926,0.5222,0.7413,+0.0000,+0.0000,+0.0000,+0.0000,+0.0000,-0.2000,-0.0508,-0.0071,+0.0000,+0.0000,+0.0000,+0.0000,+0.0000,+0.0000,+0.0000,+0.0000,+2.0000,-2.0333,+0.9465,+9.0000,+0.0000,+0.0000
988,0.00,1,False,0.0%,0.0%,0.0%,inf,0.8,4.74,0.000,1.0000,0.0000,1.0000,+0.0000,+0.0000,+0.0000,+0.0000,+0.0000,+0.0000,+0.0000,+0.0000,+0.0000,+0.0000,+0.0000,+0.0000,+0.0000,+0.0000,+0.0000,+0.0000,+0.0000,+0.0000,+0.0000,+0.0000,+0.0000,+0.0000
989,-3.03,46,False,0.0%,0.0%,100.0%,0.20,0.8,5.29,1.184,1.0000,1.0000,0.8442,+0.0000,-3.0000,+0.0000,+0.0000,+0.0000,+0.0000,+0.0003,-0.0267,+0.0000,+0.0000,+0.0000,+0.0000,+1.0000,+0.0000,+0.0000,+0.0000,+0.0000,+0.0109,+3.5633,+4.6000,+0.0000,+0.0000
990,-3.81,50,False,100.0%,100.0%,0.0%,0.14,0.6,5.22,7.803,1.0000,1.0000,0.5383,-3.7803,+0.0000,+0.0000,+0.0000,+0.0000,+0.0000,+0.0003,-0.0348,+0.0000,+0.0000,+0.0000,+1.0000,+0.0000,+0.0000,+0.0000,+0.0000,+0.0000,+0.0117,+4.6342,+5.0000,+0.0000,+0.0000
991,1.00,1,True,0.0%,0.0%,0.0%,inf,1.0,4.89,0.000,1.0000,0.0000,0.0000,+0.0000,+0.0000,+1.0000,+0.0000,+0.0000,+0.0000,-0.0025,+0.0000,+0.0000,+0.0000,+0.0000,+0.0000,+0.0000,+1.0000,+0.0000,+0.0000,+0.0000,-0.1003,+0.0000,+0.0000,+0.0000,+0.0000
995,-3.24,74,True,0.0%,0.0%,0.0%,0.01,0.6,6.11,14.359,0.9865,0.9189,0.5130,+0.0000,+0.0000,+1.0000,+0.0000,+0.0000,-0.3000,+0.0004,-0.0439,+0.0000,+0.0000,-3.9000,+0.0000,+0.0000,+1.0000,+0.0000,+0.0000,+3.0000,+0.0176,+5.8597,+7.4000,+0.0000,+39.0000
996,-0.19,90,False,0.0%,0.0%,0.0%,0.03,0.6,5.29,13.902,0.9963,0.8889,0.7422,+0.0000,+0.0000,+0.0000,+0.0000,+0.0000,-0.1000,-0.0255,-0.0630,+0.0000,+0.0000,+0.0000,+0.0000,+0.0000,+0.0000,+0.0000,+0.0000,+1.0000,-1.0211,+8.3959,+9.0000,+0.0000,+0.0000
997,1.00,1,True,0.0%,0.0%,0.0%,inf,0.8,4.88,0.000,1.0000,1.0000,0.9677,+0.0000,+0.0000,+1.0000,+0.0000,+0.0000,+0.0000,+0.0000,-0.0003,+0.0000,+0.0000,+0.0000,+0.0000,+0.0000,+1.0000,+0.0000,+0.0000,+0.0000,+0.0002,+0.0382,+0.0000,+0.0000,+0.0000
998,-0.34,90,False,0.0%,0.0%,0.0%,0.23,0.6,5.56,1.924,0.9926,0.7333,0.8953,+0.0000,+0.0000,+0.0000,+0.0000,+0.0000,-0.2000,-0.1183,-0.0199,+0.0000,+0.0000,+0.0000,+0.0000,+0.0000,+0.0000,+0.0000,+0.0000,+2.0000,-4.7308,+2.6560,+9.0000,+0.0000,+0.0000
999,-0.20,90,False,0.0%,0.0%,0.0%,0.29,0.6,6.01,0.755,0.9926,1.0000,0.7428,+0.0000,+0.0000,+0.0000,+0.0000,+0.0000,-0.2000,+0.0006,+0.0044,+0.0000,+0.0000,+0.0000,+0.0000,+0.0000,+0.0000,+0.0000,+0.0000,+2.0000,+0.0224,-0.5918,+9.0000,+0.0000,+0.0000
