map_id,total_reward,num_steps,goal_reached,collision_rate,at_fault_collision_rate,offroad_rate,final_goal_distance,avg_planning_time_ms,total_time_s,mean_speed_mps,score_comfort,score_l_align,score_l_center,r_collision,r_offroad,r_goal,r_jerk_legacy,r_velocity,r_comfort,r_l_align,r_l_center,r_timestep,r_reverse,r_speed_limit,raw_collision,raw_offroad,raw_goal,raw_jerk_legacy,raw_velocity,raw_comfort,raw_l_align,raw_l_center,raw_timestep,raw_reverse,raw_speed_limit
3,0.00,90,False,0.0%,0.0%,0.0%,0.04,23.3,2.66,8.699,0.9889,1.0000,0.9869,+0.0000,+0.0000,+0.0000,+0.0000,+0.0000,+0.0000,+0.0000,+0.0000,+0.0000,+0.0000,+0.0000,+0.0000,+0.0000,+0.0000,+0.0000,+0.0000,+3.0000,+0.0224,-0.4882,+9.0000,+0.0000,+0.0000
5,0.20,8,True,0.0%,0.0%,0.0%,0.01,12.6,0.44,20.186,0.3333,1.0000,0.6634,+0.0000,+0.0000,+1.0000,+0.0000,+0.0000,+0.0000,+0.0000,+0.0000,+0.0000,+0.0000,-0.8000,+0.0000,+0.0000,+1.0000,+0.0000,+0.0000,+16.0000,+0.0019,+0.5026,+0.8000,+0.0000,+8.0000
6,1.00,1,True,0.0%,0.0%,0.0%,inf,32.4,0.22,0.000,0.6667,1.0000,0.9930,+0.0000,+0.0000,+1.0000,+0.0000,+0.0000,+0.0000,+0.0000,+0.0000,+0.0000,+0.0000,+0.0000,+0.0000,+0.0000,+1.0000,+0.0000,+0.0000,+1.0000,+0.0002,-0.0067,+0.1000,+0.0000,+0.0000
7,-0.80,90,True,0.0%,0.0%,0.0%,0.01,24.6,3.82,12.334,0.9815,0.9889,0.9889,+0.0000,+0.0000,+1.0000,+0.0000,+0.0000,+0.0000,+0.0000,+0.0000,+0.0000,+0.0000,-1.8000,+0.0000,+0.0000,+1.0000,+0.0000,+0.0000,+5.0000,-0.8271,-0.5263,+9.0000,+0.0000,+18.0000
9,-0.98,51,False,100.0%,0.0%,0.0%,0.25,42.0,2.71,2.378,0.9673,1.0000,0.9854,-0.9762,+0.0000,+0.0000,+0.0000,+0.0000,+0.0000,+0.0000,+0.0000,+0.0000,+0.0000,+0.0000,+1.0000,+0.0000,+0.0000,+0.0000,+0.0000,+5.0000,+0.0127,-0.2590,+4.6000,+0.0000,+0.0000
10,0.00,90,False,0.0%,0.0%,0.0%,0.04,29.6,3.98,12.465,0.8519,0.9556,0.9650,+0.0000,+0.0000,+0.0000,+0.0000,+0.0000,+0.0000,+0.0000,+0.0000,+0.0000,+0.0000,+0.0000,+0.0000,+0.0000,+0.0000,+0.0000,+0.0000,+40.0000,-3.1121,-0.1006,+9.0000,+0.0000,+0.0000
12,1.00,14,True,0.0%,0.0%,0.0%,0.01,12.2,0.51,2.383,0.9286,1.0000,0.8127,+0.0000,+0.0000,+1.0000,+0.0000,+0.0000,+0.0000,+0.0000,+0.0000,+0.0000,+0.0000,+0.0000,+0.0000,+0.0000,+1.0000,+0.0000,+0.0000,+3.0000,+0.0033,+0.4450,+1.4000,+0.0000,+0.0000
13,1.00,1,True,0.0%,0.0%,0.0%,inf,35.1,0.27,0.121,0.6667,1.0000,0.8253,+0.0000,+0.0000,+1.0000,+0.0000,+0.0000,+0.0000,+0.0000,+0.0000,+0.0000,+0.0000,+0.0000,+0.0000,+0.0000,+1.0000,+0.0000,+0.0000,+1.0000,+0.0002,+0.0291,+0.1000,+0.0000,+0.0000
15,-0.98,61,False,100.0%,100.0%,0.0%,0.18,34.6,2.55,3.867,0.8962,1.0000,0.9779,-0.9839,+0.0000,+0.0000,+0.0000,+0.0000,+0.0000,+0.0000,+0.0000,+0.0000,+0.0000,+0.0000,+1.0000,+0.0000,+0.0000,+0.0000,+0.0000,+19.0000,+0.0151,-0.2125,+6.1000,+0.0000,+0.0000
17,1.00,1,True,0.0%,0.0%,0.0%,inf,4.7,0.29,0.000,1.0000,0.0000,0.0000,+0.0000,+0.0000,+1.0000,+0.0000,+0.0000,+0.0000,+0.0000,+0.0000,+0.0000,+0.0000,+0.0000,+0.0000,+0.0000,+1.0000,+0.0000,+0.0000,+0.0000,-0.1003,+0.0000,+0.0000,+0.0000,+0.0000
18,1.00,1,True,0.0%,0.0%,0.0%,inf,20.5,0.19,0.000,1.0000,0.0000,0.0000,+0.0000,+0.0000,+1.0000,+0.0000,+0.0000,+0.0000,+0.0000,+0.0000,+0.0000,+0.0000,+0.0000,+0.0000,+0.0000,+1.0000,+0.0000,+0.0000,+0.0000,-0.1003,+0.0000,+0.0000,+0.0000,+0.0000
21,1.00,1,True,0.0%,0.0%,0.0%,inf,9.0,0.30,0.000,1.0000,0.0000,0.0000,+0.0000,+0.0000,+1.0000,+0.0000,+0.0000,+0.0000,+0.0000,+0.0000,+0.0000,+0.0000,+0.0000,+0.0000,+0.0000,+1.0000,+0.0000,+0.0000,+0.0000,-0.1003,+0.0000,+0.0000,+0.0000,+0.0000
22,1.00,1,True,0.0%,0.0%,0.0%,inf,7.0,0.20,0.000,0.6667,0.0000,0.7861,+0.0000,+0.0000,+1.0000,+0.0000,+0.0000,+0.0000,+0.0000,+0.0000,+0.0000,+0.0000,+0.0000,+0.0000,+0.0000,+1.0000,+0.0000,+0.0000,+1.0000,+0.0002,+0.0374,+0.1000,+0.0000,+0.0000
24,1.00,1,True,0.0%,0.0%,0.0%,inf,63.2,0.27,0.000,1.0000,0.0000,0.0000,+0.0000,+0.0000,+1.0000,+0.0000,+0.0000,+0.0000,+0.0000,+0.0000,+0.0000,+0.0000,+0.0000,+0.0000,+0.0000,+1.0000,+0.0000,+0.0000,+0.0000,-0.1003,+0.0000,+0.0000,+0.0000,+0.0000
27,0.00,1,False,0.0%,0.0%,0.0%,inf,6.0,0.19,0.000,1.0000,0.0000,1.0000,+0.0000,+0.0000,+0.0000,+0.0000,+0.0000,+0.0000,+0.0000,+0.0000,+0.0000,+0.0000,+0.0000,+0.0000,+0.0000,+0.0000,+0.0000,+0.0000,+0.0000,+0.0000,+0.0000,+0.0000,+0.0000,+0.0000
28,0.70,86,True,0.0%,0.0%,0.0%,0.01,22.3,2.48,13.454,0.9690,1.0000,0.9945,+0.0000,+0.0000,+1.0000,+0.0000,+0.0000,+0.0000,+0.0000,+0.0000,+0.0000,+0.0000,-0.3000,+0.0000,+0.0000,+1.0000,+0.0000,+0.0000,+8.0000,+0.0215,-0.6076,+8.6000,+0.0000,+3.0000
29,1.00,1,True,0.0%,0.0%,0.0%,inf,42.2,0.31,0.666,0.0000,1.0000,0.5208,+0.0000,+0.0000,+1.0000,+0.0000,+0.0000,+0.0000,+0.0000,+0.0000,+0.0000,+0.0000,+0.0000,+0.0000,+0.0000,+1.0000,+0.0000,+0.0000,+3.0000,+0.0002,+0.0927,+0.1000,+0.0000,+0.0000
31,1.00,1,True,0.0%,0.0%,0.0%,inf,30.7,0.28,0.000,1.0000,0.0000,0.0000,+0.0000,+0.0000,+1.0000,+0.0000,+0.0000,+0.0000,+0.0000,+0.0000,+0.0000,+0.0000,+0.0000,+0.0000,+0.0000,+1.0000,+0.0000,+0.0000,+0.0000,-0.1003,+0.0000,+0.0000,+0.0000,+0.0000
32,1.00,1,True,0.0%,0.0%,0.0%,inf,11.5,0.21,0.000,1.0000,0.0000,0.0000,+0.0000,+0.0000,+1.0000,+0.0000,+0.0000,+0.0000,+0.0000,+0.0000,+0.0000,+0.0000,+0.0000,+0.0000,+0.0000,+1.0000,+0.0000,+0.0000,+0.0000,-0.1003,+0.0000,+0.0000,+0.0000,+0.0000
33,0.00,1,False,0.0%,0.0%,0.0%,inf,11.1,0.17,0.000,1.0000,0.0000,1.0000,+0.0000,+0.0000,+0.0000,+0.0000,+0.0000,+0.0000,+0.0000,+0.0000,+0.0000,+0.0000,+0.0000,+0.0000,+0.0000,+0.0000,+0.0000,+0.0000,+0.0000,+0.0000,+0.0000,+0.0000,+0.0000,+0.0000
35,0.00,90,False,0.0%,0.0%,0.0%,0.01,14.4,1.77,10.388,0.9815,1.0000,0.9628,+0.0000,+0.0000,+0.0000,+0.0000,+0.0000,+0.0000,+0.0000,+0.0000,+0.0000,+0.0000,+0.0000,+0.0000,+0.0000,+0.0000,+0.0000,+0.0000,+5.0000,+0.0222,-0.0324,+9.0000,+0.0000,+0.0000
37,-9.00,90,False,0.0%,0.0%,0.0%,0.02,5.3,0.93,20.787,0.9963,1.0000,0.9993,+0.0000,+0.0000,+0.0000,+0.0000,+0.0000,+0.0000,+0.0000,+0.0000,+0.0000,+0.0000,-9.0000,+0.0000,+0.0000,+0.0000,+0.0000,+0.0000,+1.0000,+0.0225,-0.7277,+9.0000,+0.0000,+90.0000
39,-0.40,90,False,0.0%,0.0%,0.0%,0.12,23.6,3.11,11.263,0.9852,1.0000,0.9861,+0.0000,+0.0000,+0.0000,+0.0000,+0.0000,+0.0000,+0.0000,+0.0000,+0.0000,+0.0000,-0.4000,+0.0000,+0.0000,+0.0000,+0.0000,+0.0000,+4.0000,+0.0224,-0.4743,+9.0000,+0.0000,+4.0000
42,0.20,90,True,0.0%,0.0%,0.0%,0.01,23.0,3.75,14.412,0.9889,1.0000,0.9939,+0.0000,+0.0000,+1.0000,+0.0000,+0.0000,+0.0000,+0.0000,+0.0000,+0.0000,+0.0000,-0.8000,+0.0000,+0.0000,+1.0000,+0.0000,+0.0000,+3.0000,+0.0225,-0.6227,+9.0000,+0.0000,+8.0000
45,1.00,1,True,0.0%,0.0%,0.0%,inf,28.5,0.21,0.000,0.6667,1.0000,0.9049,+0.0000,+0.0000,+1.0000,+0.0000,+0.0000,+0.0000,+0.0000,+0.0000,+0.0000,+0.0000,+0.0000,+0.0000,+0.0000,+1.0000,+0.0000,+0.0000,+1.0000,+0.0002,+0.0122,+0.1000,+0.0000,+0.0000
46,0.00,90,False,0.0%,0.0%,0.0%,0.47,28.1,3.28,5.390,0.8519,0.9111,0.9598,+0.0000,+0.0000,+0.0000,+0.0000,+0.0000,+0.0000,+0.0000,+0.0000,+0.0000,+0.0000,+0.0000,+0.0000,+0.0000,+0.0000,+0.0000,+0.0000,+40.0000,+0.0216,+0.0330,+9.0000,+0.0000,+0.0000
48,1.00,1,True,0.0%,0.0%,0.0%,inf,14.6,0.20,0.000,1.0000,0.0000,0.0000,+0.0000,+0.0000,+1.0000,+0.0000,+0.0000,+0.0000,+0.0000,+0.0000,+0.0000,+0.0000,+0.0000,+0.0000,+0.0000,+1.0000,+0.0000,+0.0000,+0.0000,-0.1003,+0.0000,+0.0000,+0.0000,+0.0000
49,1.00,1,True,0.0%,0.0%,0.0%,inf,16.6,0.26,0.000,1.0000,0.0000,0.0000,+0.0000,+0.0000,+1.0000,+0.0000,+0.0000,+0.0000,+0.0000,+0.0000,+0.0000,+0.0000,+0.0000,+0.0000,+0.0000,+1.0000,+0.0000,+0.0000,+0.0000,-0.1003,+0.0000,+0.0000,+0.0000,+0.0000
50,1.00,1,True,0.0%,0.0%,0.0%,inf,20.2,0.26,0.039,0.6667,1.0000,0.9897,+0.0000,+0.0000,+1.0000,+0.0000,+0.0000,+0.0000,+0.0000,+0.0000,+0.0000,+0.0000,+0.0000,+0.0000,+0.0000,+1.0000,+0.0000,+0.0000,+1.0000,+0.0002,-0.0060,+0.1000,+0.0000,+0.0000
53,0.00,90,False,0.0%,0.0%,0.0%,0.05,19.6,2.67,9.033,0.9889,1.0000,0.9745,+0.0000,+0.0000,+0.0000,+0.0000,+0.0000,+0.0000,+0.0000,+0.0000,+0.0000,+0.0000,+0.0000,+0.0000,+0.0000,+0.0000,+0.0000,+0.0000,+3.0000,+0.0224,-0.2512,+9.0000,+0.0000,+0.0000
54,1.00,1,True,0.0%,0.0%,0.0%,inf,8.8,0.26,0.000,1.0000,0.0000,0.0000,+0.0000,+0.0000,+1.0000,+0.0000,+0.0000,+0.0000,+0.0000,+0.0000,+0.0000,+0.0000,+0.0000,+0.0000,+0.0000,+1.0000,+0.0000,+0.0000,+0.0000,-0.1003,+0.0000,+0.0000,+0.0000,+0.0000
55,-1.10,58,False,100.0%,0.0%,0.0%,0.31,25.9,1.99,5.712,0.9540,1.0000,0.9933,-1.0952,+0.0000,+0.0000,+0.0000,+0.0000,+0.0000,+0.0000,+0.0000,+0.0000,+0.0000,+0.0000,+1.0000,+0.0000,+0.0000,+0.0000,+0.0000,+8.0000,+0.0145,-0.3942,+5.8000,+0.0000,+0.0000
57,-5.70,67,True,0.0%,0.0%,0.0%,0.01,25.5,2.47,19.480,0.9303,1.0000,0.9850,+0.0000,+0.0000,+1.0000,+0.0000,+0.0000,+0.0000,+0.0000,+0.0000,+0.0000,+0.0000,-6.7000,+0.0000,+0.0000,+1.0000,+0.0000,+0.0000,+14.0000,+0.0167,-0.3354,+6.7000,+0.0000,+67.0000
58,1.00,1,True,0.0%,0.0%,0.0%,inf,10.8,0.23,3.499,0.6667,1.0000,0.5269,+0.0000,+0.0000,+1.0000,+0.0000,+0.0000,+0.0000,+0.0000,+0.0000,+0.0000,+0.0000,+0.0000,+0.0000,+0.0000,+1.0000,+0.0000,+0.0000,+1.0000,+0.0002,+0.0914,+0.1000,+0.0000,+0.0000
59,0.00,1,False,0.0%,0.0%,0.0%,inf,8.2,0.19,0.000,1.0000,0.0000,1.0000,+0.0000,+0.0000,+0.0000,+0.0000,+0.0000,+0.0000,+0.0000,+0.0000,+0.0000,+0.0000,+0.0000,+0.0000,+0.0000,+0.0000,+0.0000,+0.0000,+0.0000,+0.0000,+0.0000,+0.0000,+0.0000,+0.0000
66,0.00,90,False,0.0%,0.0%,0.0%,0.08,26.8,3.81,11.139,0.9741,0.9778,0.9835,+0.0000,+0.0000,+0.0000,+0.0000,+0.0000,+0.0000,+0.0000,+0.0000,+0.0000,+0.0000,+0.0000,+0.0000,+0.0000,+0.0000,+0.0000,+0.0000,+7.0000,-0.0472,-0.4313,+9.0000,+0.0000,+0.0000
68,-0.50,1,False,0.0%,0.0%,100.0%,inf,8.4,0.18,0.000,0.6667,0.0000,0.0724,+0.0000,-0.5000,+0.0000,+0.0000,+0.0000,+0.0000,+0.0000,+0.0000,+0.0000,+0.0000,+0.0000,+0.0000,+1.0000,+0.0000,+0.0000,+0.0000,+1.0000,+0.0002,+0.1842,+0.1000,+0.0000,+0.0000
70,1.00,48,True,0.0%,0.0%,0.0%,0.01,9.9,1.06,11.604,0.7292,1.0000,0.9595,+0.0000,+0.0000,+1.0000,+0.0000,+0.0000,+0.0000,+0.0000,+0.0000,+0.0000,+0.0000,+0.0000,+0.0000,+0.0000,+1.0000,+0.0000,+0.0000,+39.0000,+0.0119,+0.0226,+4.8000,+0.0000,+0.0000
71,-0.96,13,False,100.0%,100.0%,0.0%,0.27,44.1,0.92,6.856,0.4103,0.3846,0.7845,-0.9638,+0.0000,+0.0000,+0.0000,+0.0000,+0.0000,+0.0000,+0.0000,+0.0000,+0.0000,+0.0000,+1.0000,+0.0000,+0.0000,+0.0000,+0.0000,+23.0000,-3.9376,+0.2455,+1.3000,+0.0000,+0.0000
73,-1.60,90,False,0.0%,0.0%,0.0%,0.04,29.5,3.96,10.908,0.9963,1.0000,0.9932,+0.0000,+0.0000,+0.0000,+0.0000,+0.0000,+0.0000,+0.0000,+0.0000,+0.0000,+0.0000,-1.6000,+0.0000,+0.0000,+0.0000,+0.0000,+0.0000,+1.0000,+0.0224,-0.6093,+9.0000,+0.0000,+16.0000
74,1.00,1,True,0.0%,0.0%,0.0%,inf,44.7,0.33,0.000,1.0000,0.0000,0.0000,+0.0000,+0.0000,+1.0000,+0.0000,+0.0000,+0.0000,+0.0000,+0.0000,+0.0000,+0.0000,+0.0000,+0.0000,+0.0000,+1.0000,+0.0000,+0.0000,+0.0000,-0.1003,+0.0000,+0.0000,+0.0000,+0.0000
75,0.00,90,False,0.0%,0.0%,0.0%,0.07,14.5,1.79,10.120,0.9852,0.8778,0.9983,+0.0000,+0.0000,+0.0000,+0.0000,+0.0000,+0.0000,+0.0000,+0.0000,+0.0000,+0.0000,+0.0000,+0.0000,+0.0000,+0.0000,+0.0000,+0.0000,+4.0000,+0.0225,-0.7085,+9.0000,+0.0000,+0.0000
76,0.80,30,True,0.0%,0.0%,0.0%,0.01,16.6,0.98,13.734,0.8667,0.6667,0.9980,+0.0000,+0.0000,+1.0000,+0.0000,+0.0000,+0.0000,+0.0000,+0.0000,+0.0000,+0.0000,-0.2000,+0.0000,+0.0000,+1.0000,+0.0000,+0.0000,+12.0000,+0.0075,-0.2343,+3.0000,+0.0000,+2.0000
77,1.00,1,True,0.0%,0.0%,0.0%,inf,24.6,0.18,0.916,0.3333,0.0000,0.0000,+0.0000,+0.0000,+1.0000,+0.0000,+0.0000,+0.0000,+0.0000,+0.0000,+0.0000,+0.0000,+0.0000,+0.0000,+0.0000,+1.0000,+0.0000,+0.0000,+2.0000,-0.1003,+0.0000,+0.1000,+0.0000,+0.0000
78,1.00,1,True,0.0%,0.0%,0.0%,inf,30.7,0.25,0.000,1.0000,0.0000,0.0000,+0.0000,+0.0000,+1.0000,+0.0000,+0.0000,+0.0000,+0.0000,+0.0000,+0.0000,+0.0000,+0.0000,+0.0000,+0.0000,+1.0000,+0.0000,+0.0000,+0.0000,-0.1003,+0.0000,+0.0000,+0.0000,+0.0000
79,1.00,1,True,0.0%,0.0%,0.0%,inf,42.2,0.25,0.000,1.0000,0.0000,0.0000,+0.0000,+0.0000,+1.0000,+0.0000,+0.0000,+0.0000,+0.0000,+0.0000,+0.0000,+0.0000,+0.0000,+0.0000,+0.0000,+1.0000,+0.0000,+0.0000,+0.0000,-0.1003,+0.0000,+0.0000,+0.0000,+0.0000
82,0.00,90,False,0.0%,0.0%,0.0%,0.06,36.0,4.92,8.641,0.8556,0.9556,0.9771,+0.0000,+0.0000,+0.0000,+0.0000,+0.0000,+0.0000,+0.0000,+0.0000,+0.0000,+0.0000,+0.0000,+0.0000,+0.0000,+0.0000,+0.0000,+0.0000,+39.0000,-0.7443,-0.3258,+9.0000,+0.0000,+0.0000
85,0.00,1,False,0.0%,0.0%,0.0%,inf,15.3,0.26,0.000,1.0000,0.0000,1.0000,+0.0000,+0.0000,+0.0000,+0.0000,+0.0000,+0.0000,+0.0000,+0.0000,+0.0000,+0.0000,+0.0000,+0.0000,+0.0000,+0.0000,+0.0000,+0.0000,+0.0000,+0.0000,+0.0000,+0.0000,+0.0000,+0.0000
86,1.00,1,True,0.0%,0.0%,0.0%,inf,22.9,0.18,0.000,1.0000,0.0000,0.0000,+0.0000,+0.0000,+1.0000,+0.0000,+0.0000,+0.0000,+0.0000,+0.0000,+0.0000,+0.0000,+0.0000,+0.0000,+0.0000,+1.0000,+0.0000,+0.0000,+0.0000,-0.1003,+0.0000,+0.0000,+0.0000,+0.0000
88,0.00,1,False,0.0%,0.0%,0.0%,inf,24.9,0.27,0.000,1.0000,0.0000,1.0000,+0.0000,+0.0000,+0.0000,+0.0000,+0.0000,+0.0000,+0.0000,+0.0000,+0.0000,+0.0000,+0.0000,+0.0000,+0.0000,+0.0000,+0.0000,+0.0000,+0.0000,+0.0000,+0.0000,+0.0000,+0.0000,+0.0000
89,1.00,1,True,0.0%,0.0%,0.0%,inf,9.0,0.30,0.000,1.0000,0.0000,0.0000,+0.0000,+0.0000,+1.0000,+0.0000,+0.0000,+0.0000,+0.0000,+0.0000,+0.0000,+0.0000,+0.0000,+0.0000,+0.0000,+1.0000,+0.0000,+0.0000,+0.0000,-0.1003,+0.0000,+0.0000,+0.0000,+0.0000
90,1.00,1,True,0.0%,0.0%,0.0%,inf,10.4,0.20,1.112,0.6667,1.0000,0.7625,+0.0000,+0.0000,+1.0000,+0.0000,+0.0000,+0.0000,+0.0000,+0.0000,+0.0000,+0.0000,+0.0000,+0.0000,+0.0000,+1.0000,+0.0000,+0.0000,+1.0000,+0.0002,+0.0424,+0.1000,+0.0000,+0.0000
93,1.00,1,True,0.0%,0.0%,0.0%,inf,21.5,0.36,2.034,0.6667,1.0000,0.8962,+0.0000,+0.0000,+1.0000,+0.0000,+0.0000,+0.0000,+0.0000,+0.0000,+0.0000,+0.0000,+0.0000,+0.0000,+0.0000,+1.0000,+0.0000,+0.0000,+1.0000,+0.0002,+0.0141,+0.1000,+0.0000,+0.0000
96,1.00,1,True,0.0%,0.0%,0.0%,inf,39.0,0.45,0.000,1.0000,0.0000,0.0000,+0.0000,+0.0000,+1.0000,+0.0000,+0.0000,+0.0000,+0.0000,+0.0000,+0.0000,+0.0000,+0.0000,+0.0000,+0.0000,+1.0000,+0.0000,+0.0000,+0.0000,-0.1003,+0.0000,+0.0000,+0.0000,+0.0000
97,0.00,90,False,0.0%,0.0%,0.0%,0.07,33.7,3.81,8.032,0.9296,0.9444,0.9720,+0.0000,+0.0000,+0.0000,+0.0000,+0.0000,+0.0000,+0.0000,+0.0000,+0.0000,+0.0000,+0.0000,+0.0000,+0.0000,+0.0000,+0.0000,+0.0000,+19.0000,-2.6820,-0.2293,+9.0000,+0.0000,+0.0000
98,1.00,1,True,0.0%,0.0%,0.0%,inf,24.2,0.16,0.000,1.0000,0.0000,0.0000,+0.0000,+0.0000,+1.0000,+0.0000,+0.0000,+0.0000,+0.0000,+0.0000,+0.0000,+0.0000,+0.0000,+0.0000,+0.0000,+1.0000,+0.0000,+0.0000,+0.0000,-0.1003,+0.0000,+0.0000,+0.0000,+0.0000
100,-2.00,85,True,0.0%,0.0%,0.0%,0.01,12.0,1.44,14.682,0.9725,0.9882,0.9833,+0.0000,+0.0000,+1.0000,+0.0000,+0.0000,+0.0000,+0.0000,+0.0000,+0.0000,+0.0000,-3.0000,+0.0000,+0.0000,+1.0000,+0.0000,+0.0000,+7.0000,+0.0211,-0.3973,+8.5000,+0.0000,+30.0000
101,-0.50,46,True,0.0%,0.0%,0.0%,0.01,10.8,0.79,13.914,0.6014,1.0000,0.9384,+0.0000,+0.0000,+1.0000,+0.0000,+0.0000,+0.0000,+0.0000,+0.0000,+0.0000,+0.0000,-1.5000,+0.0000,+0.0000,+1.0000,+0.0000,+0.0000,+55.0000,+0.0113,+0.2190,+4.6000,+0.0000,+15.0000
105,-0.20,90,False,0.0%,0.0%,0.0%,0.17,21.1,2.89,13.199,0.9889,1.0000,0.9941,+0.0000,+0.0000,+0.0000,+0.0000,+0.0000,+0.0000,+0.0000,+0.0000,+0.0000,+0.0000,-0.2000,+0.0000,+0.0000,+0.0000,+0.0000,+0.0000,+3.0000,+0.0225,-0.6279,+9.0000,+0.0000,+2.0000
107,-7.80,90,False,0.0%,0.0%,0.0%,0.25,17.6,2.85,17.211,0.8296,1.0000,0.9369,+0.0000,+0.0000,+0.0000,+0.0000,+0.0000,+0.0000,+0.0000,+0.0000,+0.0000,+0.0000,-7.8000,+0.0000,+0.0000,+0.0000,+0.0000,+0.0000,+46.0000,+0.0223,+0.4735,+7.9000,+0.0000,+78.0000
108,0.00,90,False,0.0%,0.0%,0.0%,0.22,17.7,2.28,1.645,0.9148,0.9556,0.9317,+0.0000,+0.0000,+0.0000,+0.0000,+0.0000,+0.0000,+0.0000,+0.0000,+0.0000,+0.0000,+0.0000,+0.0000,+0.0000,+0.0000,+0.0000,+0.0000,+23.0000,-0.5908,+0.5626,+9.0000,+0.0000,+0.0000
110,0.00,90,False,0.0%,0.0%,0.0%,0.03,23.4,3.09,9.863,0.9444,0.9778,0.9837,+0.0000,+0.0000,+0.0000,+0.0000,+0.0000,+0.0000,+0.0000,+0.0000,+0.0000,+0.0000,+0.0000,+0.0000,+0.0000,+0.0000,+0.0000,+0.0000,+15.0000,-0.3758,-0.4353,+9.0000,+0.0000,+0.0000
114,-1.30,63,False,100.0%,0.0%,0.0%,0.27,34.9,2.74,7.241,0.9630,1.0000,0.9925,-1.3050,+0.0000,+0.0000,+0.0000,+0.0000,+0.0000,+0.0000,+0.0000,+0.0000,+0.0000,+0.0000,+1.0000,+0.0000,+0.0000,+0.0000,+0.0000,+7.0000,+0.0157,-0.4177,+6.3000,+0.0000,+0.0000
115,-1.12,67,False,100.0%,0.0%,0.0%,0.25,29.3,2.79,6.937,0.9751,1.0000,0.9932,-1.1182,+0.0000,+0.0000,+0.0000,+0.0000,+0.0000,+0.0000,+0.0000,+0.0000,+0.0000,+0.0000,+1.0000,+0.0000,+0.0000,+0.0000,+0.0000,+5.0000,+0.0167,-0.4547,+6.7000,+0.0000,+0.0000
118,0.00,90,False,0.0%,0.0%,0.0%,0.28,25.5,3.45,4.931,0.8963,0.9667,0.9624,+0.0000,+0.0000,+0.0000,+0.0000,+0.0000,+0.0000,+0.0000,+0.0000,+0.0000,+0.0000,+0.0000,+0.0000,+0.0000,+0.0000,+0.0000,+0.0000,+28.0000,+0.0219,-0.0154,+9.0000,+0.0000,+0.0000
119,1.00,1,True,0.0%,0.0%,0.0%,inf,7.8,0.18,0.000,1.0000,0.0000,0.0000,+0.0000,+0.0000,+1.0000,+0.0000,+0.0000,+0.0000,+0.0000,+0.0000,+0.0000,+0.0000,+0.0000,+0.0000,+0.0000,+1.0000,+0.0000,+0.0000,+0.0000,-0.1003,+0.0000,+0.0000,+0.0000,+0.0000
120,0.00,90,False,0.0%,0.0%,0.0%,0.13,19.7,2.42,9.196,0.9778,1.0000,0.9872,+0.0000,+0.0000,+0.0000,+0.0000,+0.0000,+0.0000,+0.0000,+0.0000,+0.0000,+0.0000,+0.0000,+0.0000,+0.0000,+0.0000,+0.0000,+0.0000,+6.0000,+0.0224,-0.4941,+9.0000,+0.0000,+0.0000
121,1.00,81,True,0.0%,0.0%,0.0%,0.01,15.8,1.74,6.724,0.8601,0.9012,0.9477,+0.0000,+0.0000,+1.0000,+0.0000,+0.0000,+0.0000,+0.0000,+0.0000,+0.0000,+0.0000,+0.0000,+0.0000,+0.0000,+1.0000,+0.0000,+0.0000,+34.0000,-2.3406,+0.1607,+8.1000,+0.0000,+0.0000
122,0.00,1,False,0.0%,0.0%,0.0%,inf,24.3,0.27,0.000,1.0000,0.0000,1.0000,+0.0000,+0.0000,+0.0000,+0.0000,+0.0000,+0.0000,+0.0000,+0.0000,+0.0000,+0.0000,+0.0000,+0.0000,+0.0000,+0.0000,+0.0000,+0.0000,+0.0000,+0.0000,+0.0000,+0.0000,+0.0000,+0.0000
124,1.00,20,True,0.0%,0.0%,0.0%,0.01,15.8,0.55,10.975,0.9500,1.0000,0.9600,+0.0000,+0.0000,+1.0000,+0.0000,+0.0000,+0.0000,+0.0000,+0.0000,+0.0000,+0.0000,+0.0000,+0.0000,+0.0000,+1.0000,+0.0000,+0.0000,+3.0000,+0.0049,+0.0068,+2.0000,+0.0000,+0.0000
131,0.00,90,False,0.0%,0.0%,0.0%,0.01,10.8,1.66,8.370,0.7852,0.9889,0.8302,+0.0000,+0.0000,+0.0000,+0.0000,+0.0000,+0.0000,+0.0000,+0.0000,+0.0000,+0.0000,+0.0000,+0.0000,+0.0000,+0.0000,+0.0000,+0.0000,+58.0000,+0.0217,+2.4950,+9.0000,+0.0000,+0.0000
132,-1.14,70,False,100.0%,100.0%,0.0%,0.07,43.8,3.83,5.863,0.9714,1.0000,0.9952,-1.1442,+0.0000,+0.0000,+0.0000,+0.0000,+0.0000,+0.0000,+0.0000,+0.0000,+0.0000,+0.0000,+1.0000,+0.0000,+0.0000,+0.0000,+0.0000,+6.0000,+0.0175,-0.5042,+7.0000,+0.0000,+0.0000
134,0.00,1,False,0.0%,0.0%,0.0%,inf,14.9,0.19,0.000,1.0000,0.0000,1.0000,+0.0000,+0.0000,+0.0000,+0.0000,+0.0000,+0.0000,+0.0000,+0.0000,+0.0000,+0.0000,+0.0000,+0.0000,+0.0000,+0.0000,+0.0000,+0.0000,+0.0000,+0.0000,+0.0000,+0.0000,+0.0000,+0.0000
136,0.00,1,False,0.0%,0.0%,0.0%,inf,20.6,0.26,0.000,1.0000,0.0000,1.0000,+0.0000,+0.0000,+0.0000,+0.0000,+0.0000,+0.0000,+0.0000,+0.0000,+0.0000,+0.0000,+0.0000,+0.0000,+0.0000,+0.0000,+0.0000,+0.0000,+0.0000,+0.0000,+0.0000,+0.0000,+0.0000,+0.0000
140,1.00,70,True,0.0%,0.0%,0.0%,0.01,35.1,3.33,9.805,0.9952,1.0000,0.9960,+0.0000,+0.0000,+1.0000,+0.0000,+0.0000,+0.0000,+0.0000,+0.0000,+0.0000,+0.0000,+0.0000,+0.0000,+0.0000,+1.0000,+0.0000,+0.0000,+1.0000,+0.0175,-0.5163,+7.0000,+0.0000,+0.0000
141,1.00,1,True,0.0%,0.0%,0.0%,inf,18.7,0.21,0.000,0.6667,0.0000,0.7250,+0.0000,+0.0000,+1.0000,+0.0000,+0.0000,+0.0000,+0.0000,+0.0000,+0.0000,+0.0000,+0.0000,+0.0000,+0.0000,+1.0000,+0.0000,+0.0000,+1.0000,+0.0002,+0.0503,+0.1000,+0.0000,+0.0000
142,0.00,90,False,0.0%,0.0%,0.0%,0.05,28.5,3.72,7.220,0.9852,1.0000,0.9994,+0.0000,+0.0000,+0.0000,+0.0000,+0.0000,+0.0000,+0.0000,+0.0000,+0.0000,+0.0000,+0.0000,+0.0000,+0.0000,+0.0000,+0.0000,+0.0000,+4.0000,+0.0225,-0.7294,+9.0000,+0.0000,+0.0000
143,-4.80,90,False,0.0%,0.0%,0.0%,0.02,20.9,3.39,14.659,0.8556,0.9111,0.9745,+0.0000,+0.0000,+0.0000,+0.0000,+0.0000,+0.0000,+0.0000,+0.0000,+0.0000,+0.0000,-4.8000,+0.0000,+0.0000,+0.0000,+0.0000,+0.0000,+39.0000,-1.0473,-0.2746,+9.0000,+0.0000,+48.0000
148,1.00,1,True,0.0%,0.0%,0.0%,inf,3.6,0.22,0.000,0.6667,1.0000,0.8593,+0.0000,+0.0000,+1.0000,+0.0000,+0.0000,+0.0000,+0.0000,+0.0000,+0.0000,+0.0000,+0.0000,+0.0000,+0.0000,+1.0000,+0.0000,+0.0000,+1.0000,+0.0002,+0.0219,+0.1000,+0.0000,+0.0000
149,0.00,90,False,0.0%,0.0%,0.0%,0.02,23.9,3.01,12.268,0.9037,1.0000,0.9895,+0.0000,+0.0000,+0.0000,+0.0000,+0.0000,+0.0000,+0.0000,+0.0000,+0.0000,+0.0000,+0.0000,+0.0000,+0.0000,+0.0000,+0.0000,+0.0000,+26.0000,+0.0224,-0.5383,+9.0000,+0.0000,+0.0000
150,-1.74,60,False,100.0%,100.0%,0.0%,0.23,27.0,1.94,11.066,0.9667,1.0000,0.9738,-1.7447,+0.0000,+0.0000,+0.0000,+0.0000,+0.0000,+0.0000,+0.0000,+0.0000,+0.0000,+0.0000,+1.0000,+0.0000,+0.0000,+0.0000,+0.0000,+6.0000,+0.0148,-0.1575,+6.0000,+0.0000,+0.0000
151,1.00,1,True,0.0%,0.0%,0.0%,inf,43.1,0.29,0.000,1.0000,0.0000,0.0000,+0.0000,+0.0000,+1.0000,+0.0000,+0.0000,+0.0000,+0.0000,+0.0000,+0.0000,+0.0000,+0.0000,+0.0000,+0.0000,+1.0000,+0.0000,+0.0000,+0.0000,-0.1003,+0.0000,+0.0000,+0.0000,+0.0000
153,1.00,1,True,0.0%,0.0%,0.0%,inf,15.5,0.18,0.000,0.6667,0.0000,0.9716,+0.0000,+0.0000,+1.0000,+0.0000,+0.0000,+0.0000,+0.0000,+0.0000,+0.0000,+0.0000,+0.0000,+0.0000,+0.0000,+1.0000,+0.0000,+0.0000,+1.0000,+0.0002,-0.0021,+0.1000,+0.0000,+0.0000
155,1.00,1,True,0.0%,0.0%,0.0%,inf,7.3,0.20,0.000,1.0000,0.0000,0.0000,+0.0000,+0.0000,+1.0000,+0.0000,+0.0000,+0.0000,+0.0000,+0.0000,+0.0000,+0.0000,+0.0000,+0.0000,+0.0000,+1.0000,+0.0000,+0.0000,+0.0000,-0.1003,+0.0000,+0.0000,+0.0000,+0.0000
156,1.00,87,True,0.0%,0.0%,0.0%,0.01,18.8,2.44,9.599,0.9770,0.9885,0.9909,+0.0000,+0.0000,+1.0000,+0.0000,+0.0000,+0.0000,+0.0000,+0.0000,+0.0000,+0.0000,+0.0000,+0.0000,+0.0000,+1.0000,+0.0000,+0.0000,+6.0000,-0.4196,-0.5467,+8.7000,+0.0000,+0.0000
157,0.00,1,False,0.0%,0.0%,0.0%,inf,10.8,0.31,0.000,1.0000,0.0000,1.0000,+0.0000,+0.0000,+0.0000,+0.0000,+0.0000,+0.0000,+0.0000,+0.0000,+0.0000,+0.0000,+0.0000,+0.0000,+0.0000,+0.0000,+0.0000,+0.0000,+0.0000,+0.0000,+0.0000,+0.0000,+0.0000,+0.0000
158,1.00,7,True,0.0%,0.0%,0.0%,0.01,19.4,0.38,12.904,0.4762,1.0000,0.8000,+0.0000,+0.0000,+1.0000,+0.0000,+0.0000,+0.0000,+0.0000,+0.0000,+0.0000,+0.0000,+0.0000,+0.0000,+0.0000,+1.0000,+0.0000,+0.0000,+11.0000,+0.0017,+0.2411,+0.7000,+0.0000,+0.0000
159,0.00,1,False,0.0%,0.0%,0.0%,inf,19.1,0.25,0.000,1.0000,0.0000,1.0000,+0.0000,+0.0000,+0.0000,+0.0000,+0.0000,+0.0000,+0.0000,+0.0000,+0.0000,+0.0000,+0.0000,+0.0000,+0.0000,+0.0000,+0.0000,+0.0000,+0.0000,+0.0000,+0.0000,+0.0000,+0.0000,+0.0000
160,1.00,1,True,0.0%,0.0%,0.0%,inf,25.7,0.24,0.000,1.0000,0.0000,0.0000,+0.0000,+0.0000,+1.0000,+0.0000,+0.0000,+0.0000,+0.0000,+0.0000,+0.0000,+0.0000,+0.0000,+0.0000,+0.0000,+1.0000,+0.0000,+0.0000,+0.0000,-0.1003,+0.0000,+0.0000,+0.0000,+0.0000
161,1.00,3,True,0.0%,0.0%,0.0%,0.01,31.1,0.30,9.836,0.3333,1.0000,0.8401,+0.0000,+0.0000,+1.0000,+0.0000,+0.0000,+0.0000,+0.0000,+0.0000,+0.0000,+0.0000,+0.0000,+0.0000,+0.0000,+1.0000,+0.0000,+0.0000,+6.0000,+0.0007,+0.0779,+0.3000,+0.0000,+0.0000
162,-0.00,84,True,0.0%,0.0%,0.0%,0.01,30.0,3.42,11.146,0.9722,1.0000,0.9929,+0.0000,+0.0000,+1.0000,+0.0000,+0.0000,+0.0000,+0.0000,+0.0000,+0.0000,+0.0000,-1.0000,+0.0000,+0.0000,+1.0000,+0.0000,+0.0000,+7.0000,+0.0209,-0.5630,+8.4000,+0.0000,+10.0000
163,1.00,20,True,0.0%,0.0%,0.0%,0.01,11.6,0.52,10.524,0.9667,1.0000,0.9974,+0.0000,+0.0000,+1.0000,+0.0000,+0.0000,+0.0000,+0.0000,+0.0000,+0.0000,+0.0000,+0.0000,+0.0000,+0.0000,+1.0000,+0.0000,+0.0000,+2.0000,+0.0050,-0.1537,+2.0000,+0.0000,+0.0000
165,1.00,1,True,0.0%,0.0%,0.0%,inf,9.8,0.19,0.000,1.0000,0.0000,0.0000,+0.0000,+0.0000,+1.0000,+0.0000,+0.0000,+0.0000,+0.0000,+0.0000,+0.0000,+0.0000,+0.0000,+0.0000,+0.0000,+1.0000,+0.0000,+0.0000,+0.0000,-0.1003,+0.0000,+0.0000,+0.0000,+0.0000
167,1.00,1,True,0.0%,0.0%,0.0%,inf,39.1,0.26,0.000,1.0000,0.0000,0.0000,+0.0000,+0.0000,+1.0000,+0.0000,+0.0000,+0.0000,+0.0000,+0.0000,+0.0000,+0.0000,+0.0000,+0.0000,+0.0000,+1.0000,+0.0000,+0.0000,+0.0000,-0.1003,+0.0000,+0.0000,+0.0000,+0.0000
168,0.00,90,False,0.0%,0.0%,0.0%,0.02,15.3,2.29,10.721,0.6704,0.9778,0.8764,+0.0000,+0.0000,+0.0000,+0.0000,+0.0000,+0.0000,+0.0000,+0.0000,+0.0000,+0.0000,+0.0000,+0.0000,+0.0000,+0.0000,+0.0000,+0.0000,+89.0000,+0.0217,+1.6132,+9.0000,+0.0000,+0.0000
172,0.00,90,False,0.0%,0.0%,0.0%,0.29,11.2,1.54,5.078,0.9852,1.0000,0.9758,+0.0000,+0.0000,+0.0000,+0.0000,+0.0000,+0.0000,+0.0000,+0.0000,+0.0000,+0.0000,+0.0000,+0.0000,+0.0000,+0.0000,+0.0000,+0.0000,+4.0000,+0.0223,-0.2750,+9.0000,+0.0000,+0.0000
173,1.00,48,True,0.0%,0.0%,0.0%,0.01,24.5,1.75,9.252,0.8750,0.9583,0.9640,+0.0000,+0.0000,+1.0000,+0.0000,+0.0000,+0.0000,+0.0000,+0.0000,+0.0000,+0.0000,+0.0000,+0.0000,+0.0000,+1.0000,+0.0000,+0.0000,+18.0000,+0.0119,-0.0236,+4.8000,+0.0000,+0.0000
174,-0.50,21,True,0.0%,0.0%,0.0%,0.01,26.5,1.05,15.465,0.7460,1.0000,0.8492,+0.0000,+0.0000,+1.0000,+0.0000,+0.0000,+0.0000,+0.0000,+0.0000,+0.0000,+0.0000,-1.5000,+0.0000,+0.0000,+1.0000,+0.0000,+0.0000,+16.0000,+0.0051,+0.4949,+2.1000,+0.0000,+15.0000
175,0.00,90,False,0.0%,0.0%,0.0%,0.03,17.0,1.96,9.640,0.8519,0.9556,0.9299,+0.0000,+0.0000,+0.0000,+0.0000,+0.0000,+0.0000,+0.0000,+0.0000,+0.0000,+0.0000,+0.0000,+0.0000,+0.0000,+0.0000,+0.0000,+0.0000,+40.0000,+0.0219,+0.5912,+9.0000,+0.0000,+0.0000
178,-3.70,88,True,0.0%,0.0%,0.0%,0.01,21.1,2.80,14.842,0.9848,1.0000,0.9888,+0.0000,+0.0000,+1.0000,+0.0000,+0.0000,+0.0000,+0.0000,+0.0000,+0.0000,+0.0000,-4.7000,+0.0000,+0.0000,+1.0000,+0.0000,+0.0000,+4.0000,+0.0219,-0.5123,+8.8000,+0.0000,+47.0000
179,-4.00,90,False,0.0%,0.0%,0.0%,0.05,31.0,5.19,14.941,0.9222,0.9111,0.9827,+0.0000,+0.0000,+0.0000,+0.0000,+0.0000,+0.0000,+0.0000,+0.0000,+0.0000,+0.0000,-4.0000,+0.0000,+0.0000,+0.0000,+0.0000,+0.0000,+21.0000,+0.0224,-0.4076,+9.0000,+0.0000,+40.0000
180,1.00,56,True,0.0%,0.0%,0.0%,0.01,15.7,1.44,14.334,0.9583,1.0000,0.9872,+0.0000,+0.0000,+1.0000,+0.0000,+0.0000,+0.0000,+0.0000,+0.0000,+0.0000,+0.0000,+0.0000,+0.0000,+0.0000,+1.0000,+0.0000,+0.0000,+7.0000,+0.0140,-0.3077,+5.6000,+0.0000,+0.0000
181,-0.50,1,False,0.0%,0.0%,100.0%,inf,9.9,0.17,0.000,0.6667,0.0000,0.0000,+0.0000,-0.5000,+0.0000,+0.0000,+0.0000,+0.0000,+0.0000,+0.0000,+0.0000,+0.0000,+0.0000,+0.0000,+1.0000,+0.0000,+0.0000,+0.0000,+1.0000,-0.1153,+0.0000,+0.1000,+0.0000,+0.0000
183,-0.50,1,False,0.0%,0.0%,100.0%,inf,13.8,0.20,0.000,0.6667,0.0000,0.0000,+0.0000,-0.5000,+0.0000,+0.0000,+0.0000,+0.0000,+0.0000,+0.0000,+0.0000,+0.0000,+0.0000,+0.0000,+1.0000,+0.0000,+0.0000,+0.0000,+1.0000,+0.0001,+0.2789,+0.1000,+0.0000,+0.0000
185,0.00,90,False,0.0%,0.0%,0.0%,0.02,22.4,2.80,13.278,0.9926,1.0000,0.9987,+0.0000,+0.0000,+0.0000,+0.0000,+0.0000,+0.0000,+0.0000,+0.0000,+0.0000,+0.0000,+0.0000,+0.0000,+0.0000,+0.0000,+0.0000,+0.0000,+2.0000,+0.0225,-0.7165,+9.0000,+0.0000,+0.0000
186,-1.20,22,True,0.0%,0.0%,0.0%,0.01,12.0,0.58,19.952,0.6667,1.0000,0.9611,+0.0000,+0.0000,+1.0000,+0.0000,+0.0000,+0.0000,+0.0000,+0.0000,+0.0000,+0.0000,-2.2000,+0.0000,+0.0000,+1.0000,+0.0000,+0.0000,+22.0000,+0.0054,+0.0026,+2.2000,+0.0000,+22.0000
187,-1.03,16,False,100.0%,0.0%,0.0%,0.47,20.3,0.79,9.352,0.4583,1.0000,0.6460,-1.0280,+0.0000,+0.0000,+0.0000,+0.0000,+0.0000,+0.0000,+0.0000,+0.0000,+0.0000,+0.0000,+1.0000,+0.0000,+0.0000,+0.0000,+0.0000,+26.0000,+0.0038,+1.0648,+1.6000,+0.0000,+0.0000
188,0.00,90,False,0.0%,0.0%,0.0%,0.29,14.0,1.68,5.108,0.9519,0.9333,0.9715,+0.0000,+0.0000,+0.0000,+0.0000,+0.0000,+0.0000,+0.0000,+0.0000,+0.0000,+0.0000,+0.0000,+0.0000,+0.0000,+0.0000,+0.0000,+0.0000,+13.0000,-0.6795,-0.2076,+9.0000,+0.0000,+0.0000
189,1.00,1,True,0.0%,0.0%,0.0%,inf,7.9,0.18,0.283,0.6667,1.0000,0.9254,+0.0000,+0.0000,+1.0000,+0.0000,+0.0000,+0.0000,+0.0000,+0.0000,+0.0000,+0.0000,+0.0000,+0.0000,+0.0000,+1.0000,+0.0000,+0.0000,+1.0000,+0.0002,+0.0078,+0.1000,+0.0000,+0.0000
191,1.00,1,True,0.0%,0.0%,0.0%,inf,49.5,0.27,0.000,1.0000,0.0000,0.0000,+0.0000,+0.0000,+1.0000,+0.0000,+0.0000,+0.0000,+0.0000,+0.0000,+0.0000,+0.0000,+0.0000,+0.0000,+0.0000,+1.0000,+0.0000,+0.0000,+0.0000,-0.1003,+0.0000,+0.0000,+0.0000,+0.0000
192,-0.30,87,True,0.0%,0.0%,0.0%,0.01,25.4,2.80,12.180,0.9732,1.0000,0.9969,+0.0000,+0.0000,+1.0000,+0.0000,+0.0000,+0.0000,+0.0000,+0.0000,+0.0000,+0.0000,-1.3000,+0.0000,+0.0000,+1.0000,+0.0000,+0.0000,+7.0000,+0.0217,-0.6588,+8.7000,+0.0000,+13.0000
194,1.00,1,True,0.0%,0.0%,0.0%,inf,26.2,0.21,0.000,1.0000,0.0000,0.0000,+0.0000,+0.0000,+1.0000,+0.0000,+0.0000,+0.0000,+0.0000,+0.0000,+0.0000,+0.0000,+0.0000,+0.0000,+0.0000,+1.0000,+0.0000,+0.0000,+0.0000,-0.1003,+0.0000,+0.0000,+0.0000,+0.0000
196,0.00,90,False,0.0%,0.0%,0.0%,0.05,26.7,3.63,4.347,0.9889,1.0000,0.9801,+0.0000,+0.0000,+0.0000,+0.0000,+0.0000,+0.0000,+0.0000,+0.0000,+0.0000,+0.0000,+0.0000,+0.0000,+0.0000,+0.0000,+0.0000,+0.0000,+3.0000,+0.0221,-0.3565,+9.0000,+0.0000,+0.0000
197,1.00,1,True,0.0%,0.0%,0.0%,inf,36.9,0.28,0.000,1.0000,0.0000,0.0000,+0.0000,+0.0000,+1.0000,+0.0000,+0.0000,+0.0000,+0.0000,+0.0000,+0.0000,+0.0000,+0.0000,+0.0000,+0.0000,+1.0000,+0.0000,+0.0000,+0.0000,-0.1003,+0.0000,+0.0000,+0.0000,+0.0000
199,1.00,1,True,0.0%,0.0%,0.0%,inf,12.3,0.19,0.000,0.6667,1.0000,0.9890,+0.0000,+0.0000,+1.0000,+0.0000,+0.0000,+0.0000,+0.0000,+0.0000,+0.0000,+0.0000,+0.0000,+0.0000,+0.0000,+1.0000,+0.0000,+0.0000,+1.0000,+0.0002,-0.0059,+0.1000,+0.0000,+0.0000
200,-0.98,74,False,100.0%,0.0%,0.0%,0.17,33.7,3.35,2.915,0.9505,1.0000,0.9811,-0.9804,+0.0000,+0.0000,+0.0000,+0.0000,+0.0000,+0.0000,+0.0000,+0.0000,+0.0000,+0.0000,+1.0000,+0.0000,+0.0000,+0.0000,+0.0000,+11.0000,+0.0181,-0.3076,+7.4000,+0.0000,+0.0000
201,-0.88,53,False,100.0%,0.0%,0.0%,0.14,33.1,2.29,4.288,0.9308,1.0000,0.9399,-0.8840,+0.0000,+0.0000,+0.0000,+0.0000,+0.0000,+0.0000,+0.0000,+0.0000,+0.0000,+0.0000,+1.0000,+0.0000,+0.0000,+0.0000,+0.0000,+11.0000,+0.0130,+0.2460,+5.3000,+0.0000,+0.0000
202,-0.94,59,False,100.0%,0.0%,0.0%,0.18,43.5,3.29,3.540,0.9718,1.0000,0.9978,-0.9416,+0.0000,+0.0000,+0.0000,+0.0000,+0.0000,+0.0000,+0.0000,+0.0000,+0.0000,+0.0000,+1.0000,+0.0000,+0.0000,+0.0000,+0.0000,+5.0000,+0.0147,-0.4588,+5.9000,+0.0000,+0.0000
203,1.00,1,True,0.0%,0.0%,0.0%,inf,16.1,0.26,0.000,1.0000,0.0000,0.0000,+0.0000,+0.0000,+1.0000,+0.0000,+0.0000,+0.0000,+0.0000,+0.0000,+0.0000,+0.0000,+0.0000,+0.0000,+0.0000,+1.0000,+0.0000,+0.0000,+0.0000,-0.1003,+0.0000,+0.0000,+0.0000,+0.0000
206,0.00,90,False,0.0%,0.0%,0.0%,0.09,36.3,4.86,5.057,0.9926,1.0000,0.9873,+0.0000,+0.0000,+0.0000,+0.0000,+0.0000,+0.0000,+0.0000,+0.0000,+0.0000,+0.0000,+0.0000,+0.0000,+0.0000,+0.0000,+0.0000,+0.0000,+2.0000,+0.0224,-0.4956,+9.0000,+0.0000,+0.0000
207,-2.00,78,True,0.0%,0.0%,0.0%,0.01,26.7,2.91,14.235,0.9915,1.0000,0.9911,+0.0000,+0.0000,+1.0000,+0.0000,+0.0000,+0.0000,+0.0000,+0.0000,+0.0000,+0.0000,-3.0000,+0.0000,+0.0000,+1.0000,+0.0000,+0.0000,+2.0000,+0.0195,-0.4936,+7.8000,+0.0000,+30.0000
210,1.00,1,True,0.0%,0.0%,0.0%,inf,15.6,0.22,0.000,0.6667,0.0000,0.9871,+0.0000,+0.0000,+1.0000,+0.0000,+0.0000,+0.0000,+0.0000,+0.0000,+0.0000,+0.0000,+0.0000,+0.0000,+0.0000,+1.0000,+0.0000,+0.0000,+1.0000,+0.0002,-0.0054,+0.1000,+0.0000,+0.0000
212,0.60,86,True,0.0%,0.0%,0.0%,0.01,22.3,2.83,12.627,0.9380,0.9651,0.9916,+0.0000,+0.0000,+1.0000,+0.0000,+0.0000,+0.0000,+0.0000,+0.0000,+0.0000,+0.0000,-0.4000,+0.0000,+0.0000,+1.0000,+0.0000,+0.0000,+16.0000,-0.2585,-0.5537,+8.6000,+0.0000,+4.0000
213,0.00,1,False,0.0%,0.0%,0.0%,inf,24.0,0.25,0.000,1.0000,0.0000,1.0000,+0.0000,+0.0000,+0.0000,+0.0000,+0.0000,+0.0000,+0.0000,+0.0000,+0.0000,+0.0000,+0.0000,+0.0000,+0.0000,+0.0000,+0.0000,+0.0000,+0.0000,+0.0000,+0.0000,+0.0000,+0.0000,+0.0000
214,1.00,1,True,0.0%,0.0%,0.0%,inf,18.5,0.25,0.000,1.0000,0.0000,0.0000,+0.0000,+0.0000,+1.0000,+0.0000,+0.0000,+0.0000,+0.0000,+0.0000,+0.0000,+0.0000,+0.0000,+0.0000,+0.0000,+1.0000,+0.0000,+0.0000,+0.0000,-0.1003,+0.0000,+0.0000,+0.0000,+0.0000
215,0.00,90,False,0.0%,0.0%,0.0%,0.09,30.1,4.06,7.138,0.9852,1.0000,0.9824,+0.0000,+0.0000,+0.0000,+0.0000,+0.0000,+0.0000,+0.0000,+0.0000,+0.0000,+0.0000,+0.0000,+0.0000,+0.0000,+0.0000,+0.0000,+0.0000,+4.0000,+0.0224,-0.4009,+9.0000,+0.0000,+0.0000
220,1.00,1,True,0.0%,0.0%,0.0%,inf,35.8,0.22,0.000,1.0000,0.0000,0.0000,+0.0000,+0.0000,+1.0000,+0.0000,+0.0000,+0.0000,+0.0000,+0.0000,+0.0000,+0.0000,+0.0000,+0.0000,+0.0000,+1.0000,+0.0000,+0.0000,+0.0000,-0.1003,+0.0000,+0.0000,+0.0000,+0.0000
222,1.00,1,True,0.0%,0.0%,0.0%,inf,20.3,0.25,0.000,1.0000,0.0000,0.0000,+0.0000,+0.0000,+1.0000,+0.0000,+0.0000,+0.0000,+0.0000,+0.0000,+0.0000,+0.0000,+0.0000,+0.0000,+0.0000,+1.0000,+0.0000,+0.0000,+0.0000,-0.1003,+0.0000,+0.0000,+0.0000,+0.0000
223,0.00,90,False,0.0%,0.0%,0.0%,0.05,28.3,3.25,6.913,0.8741,0.9111,0.8948,+0.0000,+0.0000,+0.0000,+0.0000,+0.0000,+0.0000,+0.0000,+0.0000,+0.0000,+0.0000,+0.0000,+0.0000,+0.0000,+0.0000,+0.0000,+0.0000,+34.0000,-1.1649,+1.2103,+9.0000,+0.0000,+0.0000
226,0.00,90,False,0.0%,0.0%,0.0%,0.08,33.9,3.87,8.279,0.9630,1.0000,0.9986,+0.0000,+0.0000,+0.0000,+0.0000,+0.0000,+0.0000,+0.0000,+0.0000,+0.0000,+0.0000,+0.0000,+0.0000,+0.0000,+0.0000,+0.0000,+0.0000,+10.0000,+0.0225,-0.7152,+9.0000,+0.0000,+0.0000
227,0.00,90,False,0.0%,0.0%,0.0%,0.02,14.0,1.73,10.536,0.9926,1.0000,0.9964,+0.0000,+0.0000,+0.0000,+0.0000,+0.0000,+0.0000,+0.0000,+0.0000,+0.0000,+0.0000,+0.0000,+0.0000,+0.0000,+0.0000,+0.0000,+0.0000,+2.0000,+0.0225,-0.6712,+9.0000,+0.0000,+0.0000
228,1.00,17,True,0.0%,0.0%,0.0%,0.01,11.2,0.43,1.240,0.9216,0.9412,0.9687,+0.0000,+0.0000,+1.0000,+0.0000,+0.0000,+0.0000,+0.0000,+0.0000,+0.0000,+0.0000,+0.0000,+0.0000,+0.0000,+1.0000,+0.0000,+0.0000,+4.0000,+0.0040,-0.0252,+1.7000,+0.0000,+0.0000
231,-0.50,1,False,0.0%,0.0%,100.0%,inf,29.7,0.18,0.000,0.6667,0.0000,0.0000,+0.0000,-0.5000,+0.0000,+0.0000,+0.0000,+0.0000,+0.0000,+0.0000,+0.0000,+0.0000,+0.0000,+0.0000,+1.0000,+0.0000,+0.0000,+0.0000,+1.0000,-0.1149,+0.0000,+0.1000,+0.0000,+0.0000
232,1.00,1,True,0.0%,0.0%,0.0%,inf,33.5,0.21,0.000,1.0000,0.0000,0.0000,+0.0000,+0.0000,+1.0000,+0.0000,+0.0000,+0.0000,+0.0000,+0.0000,+0.0000,+0.0000,+0.0000,+0.0000,+0.0000,+1.0000,+0.0000,+0.0000,+0.0000,-0.1003,+0.0000,+0.0000,+0.0000,+0.0000
235,1.00,25,True,0.0%,0.0%,0.0%,0.01,26.9,1.17,2.129,0.9467,0.7600,0.9115,+0.0000,+0.0000,+1.0000,+0.0000,+0.0000,+0.0000,+0.0000,+0.0000,+0.0000,+0.0000,+0.0000,+0.0000,+0.0000,+1.0000,+0.0000,+0.0000,+4.0000,+0.0056,+0.2687,+2.5000,+0.0000,+0.0000
241,-1.07,60,False,100.0%,0.0%,0.0%,0.26,32.9,2.50,11.698,0.8556,1.0000,0.9749,-1.0748,+0.0000,+0.0000,+0.0000,+0.0000,+0.0000,+0.0000,+0.0000,+0.0000,+0.0000,+0.0000,+1.0000,+0.0000,+0.0000,+0.0000,+0.0000,+26.0000,+0.0148,-0.1713,+6.0000,+0.0000,+0.0000
242,0.00,90,False,0.0%,0.0%,0.0%,0.04,26.4,3.55,8.248,0.9556,1.0000,0.9952,+0.0000,+0.0000,+0.0000,+0.0000,+0.0000,+0.0000,+0.0000,+0.0000,+0.0000,+0.0000,+0.0000,+0.0000,+0.0000,+0.0000,+0.0000,+0.0000,+12.0000,+0.0225,-0.6491,+9.0000,+0.0000,+0.0000
244,-0.50,1,False,0.0%,0.0%,100.0%,inf,9.8,0.18,0.000,0.6667,0.0000,0.0000,+0.0000,-0.5000,+0.0000,+0.0000,+0.0000,+0.0000,+0.0000,+0.0000,+0.0000,+0.0000,+0.0000,+0.0000,+1.0000,+0.0000,+0.0000,+0.0000,+1.0000,+0.0001,-0.0005,+0.1000,+0.0000,+0.0000
246,0.00,1,False,0.0%,0.0%,0.0%,inf,5.1,0.27,0.560,1.0000,0.0000,1.0000,+0.0000,+0.0000,+0.0000,+0.0000,+0.0000,+0.0000,+0.0000,+0.0000,+0.0000,+0.0000,+0.0000,+0.0000,+0.0000,+0.0000,+0.0000,+0.0000,+0.0000,+0.0000,+0.0000,+0.0000,+0.0000,+0.0000
248,0.00,90,False,0.0%,0.0%,0.0%,0.06,33.3,3.93,9.027,0.9926,1.0000,0.9979,+0.0000,+0.0000,+0.0000,+0.0000,+0.0000,+0.0000,+0.0000,+0.0000,+0.0000,+0.0000,+0.0000,+0.0000,+0.0000,+0.0000,+0.0000,+0.0000,+2.0000,+0.0225,-0.7007,+9.0000,+0.0000,+0.0000
253,1.00,1,True,0.0%,0.0%,0.0%,inf,12.3,0.23,0.000,1.0000,0.0000,0.0000,+0.0000,+0.0000,+1.0000,+0.0000,+0.0000,+0.0000,+0.0000,+0.0000,+0.0000,+0.0000,+0.0000,+0.0000,+0.0000,+1.0000,+0.0000,+0.0000,+0.0000,-0.1003,+0.0000,+0.0000,+0.0000,+0.0000
255,0.20,30,True,0.0%,0.0%,0.0%,0.01,18.2,0.83,13.870,0.9889,1.0000,0.9960,+0.0000,+0.0000,+1.0000,+0.0000,+0.0000,+0.0000,+0.0000,+0.0000,+0.0000,+0.0000,-0.8000,+0.0000,+0.0000,+1.0000,+0.0000,+0.0000,+1.0000,+0.0075,-0.2215,+3.0000,+0.0000,+8.0000
257,1.00,85,True,0.0%,0.0%,0.0%,0.01,7.6,0.96,4.186,0.8706,1.0000,0.9561,+0.0000,+0.0000,+1.0000,+0.0000,+0.0000,+0.0000,+0.0000,+0.0000,+0.0000,+0.0000,+0.0000,+0.0000,+0.0000,+1.0000,+0.0000,+0.0000,+33.0000,+0.0209,+0.1019,+8.5000,+0.0000,+0.0000
259,-0.61,65,False,100.0%,0.0%,0.0%,0.11,35.2,2.76,5.479,0.8410,1.0000,0.9860,-0.6051,+0.0000,+0.0000,+0.0000,+0.0000,+0.0000,+0.0000,+0.0000,+0.0000,+0.0000,+0.0000,+1.0000,+0.0000,+0.0000,+0.0000,+0.0000,+31.0000,+0.0162,-0.3405,+6.5000,+0.0000,+0.0000
260,0.00,1,False,0.0%,0.0%,0.0%,inf,36.4,0.34,0.000,1.0000,0.0000,1.0000,+0.0000,+0.0000,+0.0000,+0.0000,+0.0000,+0.0000,+0.0000,+0.0000,+0.0000,+0.0000,+0.0000,+0.0000,+0.0000,+0.0000,+0.0000,+0.0000,+0.0000,+0.0000,+0.0000,+0.0000,+0.0000,+0.0000
261,1.00,1,True,0.0%,0.0%,0.0%,inf,20.5,0.22,0.000,0.6667,1.0000,0.9761,+0.0000,+0.0000,+1.0000,+0.0000,+0.0000,+0.0000,+0.0000,+0.0000,+0.0000,+0.0000,+0.0000,+0.0000,+0.0000,+1.0000,+0.0000,+0.0000,+1.0000,+0.0002,-0.0031,+0.1000,+0.0000,+0.0000
262,0.00,90,False,0.0%,0.0%,0.0%,0.02,8.1,1.37,3.920,0.8704,0.8667,0.9017,+0.0000,+0.0000,+0.0000,+0.0000,+0.0000,+0.0000,+0.0000,+0.0000,+0.0000,+0.0000,+0.0000,+0.0000,+0.0000,+0.0000,+0.0000,+0.0000,+35.0000,-3.4290,+0.9191,+9.0000,+0.0000,+0.0000
263,1.00,1,True,0.0%,0.0%,0.0%,inf,34.2,0.24,0.000,1.0000,0.0000,0.0000,+0.0000,+0.0000,+1.0000,+0.0000,+0.0000,+0.0000,+0.0000,+0.0000,+0.0000,+0.0000,+0.0000,+0.0000,+0.0000,+1.0000,+0.0000,+0.0000,+0.0000,-0.1003,+0.0000,+0.0000,+0.0000,+0.0000
265,1.00,1,True,0.0%,0.0%,0.0%,inf,20.9,0.26,0.000,1.0000,0.0000,0.0000,+0.0000,+0.0000,+1.0000,+0.0000,+0.0000,+0.0000,+0.0000,+0.0000,+0.0000,+0.0000,+0.0000,+0.0000,+0.0000,+1.0000,+0.0000,+0.0000,+0.0000,-0.1003,+0.0000,+0.0000,+0.0000,+0.0000
266,0.00,1,False,0.0%,0.0%,0.0%,inf,17.8,0.28,0.000,1.0000,0.0000,1.0000,+0.0000,+0.0000,+0.0000,+0.0000,+0.0000,+0.0000,+0.0000,+0.0000,+0.0000,+0.0000,+0.0000,+0.0000,+0.0000,+0.0000,+0.0000,+0.0000,+0.0000,+0.0000,+0.0000,+0.0000,+0.0000,+0.0000
267,-1.60,68,True,0.0%,0.0%,0.0%,0.01,31.2,2.86,14.949,0.9804,0.9853,0.9906,+0.0000,+0.0000,+1.0000,+0.0000,+0.0000,+0.0000,+0.0000,+0.0000,+0.0000,+0.0000,-2.6000,+0.0000,+0.0000,+1.0000,+0.0000,+0.0000,+4.0000,+0.0169,-0.4228,+6.8000,+0.0000,+26.0000
268,1.00,47,True,0.0%,0.0%,0.0%,0.01,27.4,2.13,4.958,0.8723,0.9574,0.9637,+0.0000,+0.0000,+1.0000,+0.0000,+0.0000,+0.0000,+0.0000,+0.0000,+0.0000,+0.0000,+0.0000,+0.0000,+0.0000,+1.0000,+0.0000,+0.0000,+18.0000,-0.7823,-0.0226,+4.7000,+0.0000,+0.0000
269,1.00,62,True,0.0%,0.0%,0.0%,0.01,14.4,1.27,3.517,0.9086,1.0000,0.9254,+0.0000,+0.0000,+1.0000,+0.0000,+0.0000,+0.0000,+0.0000,+0.0000,+0.0000,+0.0000,+0.0000,+0.0000,+0.0000,+1.0000,+0.0000,+0.0000,+17.0000,+0.0150,+0.4796,+6.2000,+0.0000,+0.0000
270,-0.50,1,False,0.0%,0.0%,100.0%,inf,17.4,0.24,0.000,0.6667,0.0000,0.0000,+0.0000,-0.5000,+0.0000,+0.0000,+0.0000,+0.0000,+0.0000,+0.0000,+0.0000,+0.0000,+0.0000,+0.0000,+1.0000,+0.0000,+0.0000,+0.0000,+1.0000,-0.1150,+0.0000,+0.1000,+0.0000,+0.0000
271,-3.90,49,True,0.0%,0.0%,0.0%,0.01,11.0,0.76,18.605,0.9048,1.0000,0.9803,+0.0000,+0.0000,+1.0000,+0.0000,+0.0000,+0.0000,+0.0000,+0.0000,+0.0000,+0.0000,-4.9000,+0.0000,+0.0000,+1.0000,+0.0000,+0.0000,+14.0000,+0.0122,-0.1972,+4.9000,+0.0000,+49.0000
273,-3.70,73,True,0.0%,0.0%,0.0%,0.01,19.3,2.58,15.912,0.9772,1.0000,0.9930,+0.0000,+0.0000,+1.0000,+0.0000,+0.0000,+0.0000,+0.0000,+0.0000,+0.0000,+0.0000,-4.7000,+0.0000,+0.0000,+1.0000,+0.0000,+0.0000,+5.0000,+0.0182,-0.4915,+7.3000,+0.0000,+47.0000
274,1.00,10,True,0.0%,0.0%,0.0%,0.01,5.0,0.25,0.618,0.9667,1.0000,0.7849,+0.0000,+0.0000,+1.0000,+0.0000,+0.0000,+0.0000,+0.0000,+0.0000,+0.0000,+0.0000,+0.0000,+0.0000,+0.0000,+1.0000,+0.0000,+0.0000,+1.0000,+0.0024,+0.3765,+1.0000,+0.0000,+0.0000
275,0.00,90,False,0.0%,0.0%,0.0%,0.04,22.4,3.31,6.310,0.9852,1.0000,0.9973,+0.0000,+0.0000,+0.0000,+0.0000,+0.0000,+0.0000,+0.0000,+0.0000,+0.0000,+0.0000,+0.0000,+0.0000,+0.0000,+0.0000,+0.0000,+0.0000,+4.0000,+0.0225,-0.6899,+9.0000,+0.0000,+0.0000
277,0.00,90,False,0.0%,0.0%,0.0%,0.06,28.6,2.87,5.678,0.9741,1.0000,0.8821,+0.0000,+0.0000,+0.0000,+0.0000,+0.0000,+0.0000,+0.0000,+0.0000,+0.0000,+0.0000,+0.0000,+0.0000,+0.0000,+0.0000,+0.0000,+0.0000,+7.0000,+0.0216,+1.5145,+9.0000,+0.0000,+0.0000
278,-6.30,73,True,0.0%,0.0%,0.0%,0.01,10.3,1.11,19.259,0.9543,1.0000,0.9754,+0.0000,+0.0000,+1.0000,+0.0000,+0.0000,+0.0000,+0.0000,+0.0000,+0.0000,+0.0000,-7.3000,+0.0000,+0.0000,+1.0000,+0.0000,+0.0000,+10.0000,+0.0181,-0.2192,+7.3000,+0.0000,+73.0000
281,1.00,1,True,0.0%,0.0%,0.0%,inf,39.1,0.23,0.000,1.0000,0.0000,0.0000,+0.0000,+0.0000,+1.0000,+0.0000,+0.0000,+0.0000,+0.0000,+0.0000,+0.0000,+0.0000,+0.0000,+0.0000,+0.0000,+1.0000,+0.0000,+0.0000,+0.0000,-0.1003,+0.0000,+0.0000,+0.0000,+0.0000
282,0.00,90,False,0.0%,0.0%,0.0%,0.08,12.8,1.72,5.889,0.9481,0.8444,0.9983,+0.0000,+0.0000,+0.0000,+0.0000,+0.0000,+0.0000,+0.0000,+0.0000,+0.0000,+0.0000,+0.0000,+0.0000,+0.0000,+0.0000,+0.0000,+0.0000,+14.0000,+0.0225,-0.7084,+9.0000,+0.0000,+0.0000
283,1.00,1,True,0.0%,0.0%,0.0%,inf,62.9,0.27,0.000,1.0000,0.0000,0.0000,+0.0000,+0.0000,+1.0000,+0.0000,+0.0000,+0.0000,+0.0000,+0.0000,+0.0000,+0.0000,+0.0000,+0.0000,+0.0000,+1.0000,+0.0000,+0.0000,+0.0000,-0.1003,+0.0000,+0.0000,+0.0000,+0.0000
285,-1.18,50,False,100.0%,0.0%,0.0%,0.02,22.5,1.46,10.697,0.7733,1.0000,0.9305,-1.1770,+0.0000,+0.0000,+0.0000,+0.0000,+0.0000,+0.0000,+0.0000,+0.0000,+0.0000,+0.0000,+1.0000,+0.0000,+0.0000,+0.0000,+0.0000,+34.0000,+0.0123,+0.3228,+5.0000,+0.0000,+0.0000
287,1.00,76,True,0.0%,0.0%,0.0%,0.01,28.2,2.51,8.189,0.9737,1.0000,0.9931,+0.0000,+0.0000,+1.0000,+0.0000,+0.0000,+0.0000,+0.0000,+0.0000,+0.0000,+0.0000,+0.0000,+0.0000,+0.0000,+1.0000,+0.0000,+0.0000,+6.0000,+0.0190,-0.5130,+7.6000,+0.0000,+0.0000
290,1.00,1,True,0.0%,0.0%,0.0%,inf,22.0,0.23,0.000,1.0000,0.0000,0.0000,+0.0000,+0.0000,+1.0000,+0.0000,+0.0000,+0.0000,+0.0000,+0.0000,+0.0000,+0.0000,+0.0000,+0.0000,+0.0000,+1.0000,+0.0000,+0.0000,+0.0000,-0.1003,+0.0000,+0.0000,+0.0000,+0.0000
291,1.00,1,True,0.0%,0.0%,0.0%,inf,27.9,0.26,0.000,1.0000,0.0000,0.0000,+0.0000,+0.0000,+1.0000,+0.0000,+0.0000,+0.0000,+0.0000,+0.0000,+0.0000,+0.0000,+0.0000,+0.0000,+0.0000,+1.0000,+0.0000,+0.0000,+0.0000,-0.1003,+0.0000,+0.0000,+0.0000,+0.0000
292,0.00,90,False,0.0%,0.0%,0.0%,0.27,16.1,2.76,5.003,0.9000,1.0000,0.9617,+0.0000,+0.0000,+0.0000,+0.0000,+0.0000,+0.0000,+0.0000,+0.0000,+0.0000,+0.0000,+0.0000,+0.0000,+0.0000,+0.0000,+0.0000,+0.0000,+27.0000,+0.0220,+0.0008,+9.0000,+0.0000,+0.0000
293,1.00,1,True,0.0%,0.0%,0.0%,inf,39.0,0.36,0.000,1.0000,0.0000,0.0000,+0.0000,+0.0000,+1.0000,+0.0000,+0.0000,+0.0000,+0.0000,+0.0000,+0.0000,+0.0000,+0.0000,+0.0000,+0.0000,+1.0000,+0.0000,+0.0000,+0.0000,-0.1003,+0.0000,+0.0000,+0.0000,+0.0000
294,1.00,88,True,0.0%,0.0%,0.0%,0.01,19.1,2.29,9.755,0.9773,1.0000,0.9921,+0.0000,+0.0000,+1.0000,+0.0000,+0.0000,+0.0000,+0.0000,+0.0000,+0.0000,+0.0000,+0.0000,+0.0000,+0.0000,+1.0000,+0.0000,+0.0000,+6.0000,+0.0219,-0.5760,+8.8000,+0.0000,+0.0000
295,0.00,90,False,0.0%,0.0%,0.0%,0.07,25.2,2.92,7.898,0.9741,1.0000,0.9880,+0.0000,+0.0000,+0.0000,+0.0000,+0.0000,+0.0000,+0.0000,+0.0000,+0.0000,+0.0000,+0.0000,+0.0000,+0.0000,+0.0000,+0.0000,+0.0000,+7.0000,+0.0224,-0.5086,+9.0000,+0.0000,+0.0000
296,1.00,89,True,0.0%,0.0%,0.0%,0.01,22.4,2.65,7.214,0.8165,0.9326,0.8970,+0.0000,+0.0000,+1.0000,+0.0000,+0.0000,+0.0000,+0.0000,+0.0000,+0.0000,+0.0000,+0.0000,+0.0000,+0.0000,+1.0000,+0.0000,+0.0000,+49.0000,-2.2371,+1.1925,+8.9000,+0.0000,+0.0000
297,0.00,90,False,0.0%,0.0%,0.0%,0.19,26.2,3.01,11.415,0.7963,0.9222,0.9559,+0.0000,+0.0000,+0.0000,+0.0000,+0.0000,+0.0000,+0.0000,+0.0000,+0.0000,+0.0000,+0.0000,+0.0000,+0.0000,+0.0000,+0.0000,+0.0000,+55.0000,-1.7341,-0.0023,+9.0000,+0.0000,+0.0000
299,1.00,1,True,0.0%,0.0%,0.0%,inf,14.1,0.20,0.000,1.0000,0.0000,0.0000,+0.0000,+0.0000,+1.0000,+0.0000,+0.0000,+0.0000,+0.0000,+0.0000,+0.0000,+0.0000,+0.0000,+0.0000,+0.0000,+1.0000,+0.0000,+0.0000,+0.0000,-0.1003,+0.0000,+0.0000,+0.0000,+0.0000
301,-7.70,90,False,0.0%,0.0%,0.0%,0.01,28.7,3.91,16.808,0.9593,0.9889,0.9789,+0.0000,+0.0000,+0.0000,+0.0000,+0.0000,+0.0000,+0.0000,+0.0000,+0.0000,+0.0000,-7.7000,+0.0000,+0.0000,+0.0000,+0.0000,+0.0000,+11.0000,+0.0222,-0.3348,+7.8000,+0.0000,+77.0000
302,0.00,90,False,0.0%,0.0%,0.0%,0.21,23.1,2.69,5.322,0.9852,1.0000,0.9972,+0.0000,+0.0000,+0.0000,+0.0000,+0.0000,+0.0000,+0.0000,+0.0000,+0.0000,+0.0000,+0.0000,+0.0000,+0.0000,+0.0000,+0.0000,+0.0000,+4.0000,+0.0225,-0.6874,+9.0000,+0.0000,+0.0000
305,1.00,14,True,0.0%,0.0%,0.0%,0.01,21.0,0.63,14.040,0.7619,1.0000,0.9217,+0.0000,+0.0000,+1.0000,+0.0000,+0.0000,+0.0000,+0.0000,+0.0000,+0.0000,+0.0000,+0.0000,+0.0000,+0.0000,+1.0000,+0.0000,+0.0000,+10.0000,+0.0034,+0.1191,+1.4000,+0.0000,+0.0000
307,1.00,55,True,0.0%,0.0%,0.0%,0.01,7.7,0.74,11.072,0.9879,0.9636,0.9828,+0.0000,+0.0000,+1.0000,+0.0000,+0.0000,+0.0000,+0.0000,+0.0000,+0.0000,+0.0000,+0.0000,+0.0000,+0.0000,+1.0000,+0.0000,+0.0000,+2.0000,-0.0246,-0.2869,+5.5000,+0.0000,+0.0000
308,1.00,1,True,0.0%,0.0%,0.0%,inf,16.0,0.21,0.000,0.6667,0.0000,0.9343,+0.0000,+0.0000,+1.0000,+0.0000,+0.0000,+0.0000,+0.0000,+0.0000,+0.0000,+0.0000,+0.0000,+0.0000,+0.0000,+1.0000,+0.0000,+0.0000,+1.0000,+0.0001,+0.0059,+0.1000,+0.0000,+0.0000
310,1.00,1,True,0.0%,0.0%,0.0%,inf,56.5,0.33,0.599,0.6667,1.0000,0.7862,+0.0000,+0.0000,+1.0000,+0.0000,+0.0000,+0.0000,+0.0000,+0.0000,+0.0000,+0.0000,+0.0000,+0.0000,+0.0000,+1.0000,+0.0000,+0.0000,+1.0000,+0.0002,+0.0374,+0.1000,+0.0000,+0.0000
311,-0.50,1,False,0.0%,0.0%,100.0%,inf,10.7,0.19,0.000,0.6667,0.0000,0.0000,+0.0000,-0.5000,+0.0000,+0.0000,+0.0000,+0.0000,+0.0000,+0.0000,+0.0000,+0.0000,+0.0000,+0.0000,+1.0000,+0.0000,+0.0000,+0.0000,+1.0000,-0.1153,+0.0000,+0.1000,+0.0000,+0.0000
315,-0.70,57,False,100.0%,0.0%,0.0%,0.22,39.2,2.98,1.270,0.9181,1.0000,0.9107,-0.7038,+0.0000,+0.0000,+0.0000,+0.0000,+0.0000,+0.0000,+0.0000,+0.0000,+0.0000,+0.0000,+1.0000,+0.0000,+0.0000,+0.0000,+0.0000,+14.0000,+0.0138,+0.6239,+5.7000,+0.0000,+0.0000
316,1.00,2,True,0.0%,0.0%,0.0%,0.01,18.3,0.30,9.850,0.3333,1.0000,0.9835,+0.0000,+0.0000,+1.0000,+0.0000,+0.0000,+0.0000,+0.0000,+0.0000,+0.0000,+0.0000,+0.0000,+0.0000,+0.0000,+1.0000,+0.0000,+0.0000,+4.0000,+0.0005,-0.0094,+0.2000,+0.0000,+0.0000
317,1.00,13,True,0.0%,0.0%,0.0%,0.01,16.4,0.41,2.636,0.8718,1.0000,0.9070,+0.0000,+0.0000,+1.0000,+0.0000,+0.0000,+0.0000,+0.0000,+0.0000,+0.0000,+0.0000,+0.0000,+0.0000,+0.0000,+1.0000,+0.0000,+0.0000,+5.0000,+0.0031,+0.1526,+1.3000,+0.0000,+0.0000
320,0.00,90,False,0.0%,0.0%,0.0%,0.42,33.8,4.04,5.169,0.7815,0.9000,0.9495,+0.0000,+0.0000,+0.0000,+0.0000,+0.0000,+0.0000,+0.0000,+0.0000,+0.0000,+0.0000,+0.0000,+0.0000,+0.0000,+0.0000,+0.0000,+0.0000,+59.0000,-0.8601,+0.1551,+9.0000,+0.0000,+0.0000
323,1.00,1,True,0.0%,0.0%,0.0%,inf,24.8,0.32,0.069,0.6667,1.0000,0.8462,+0.0000,+0.0000,+1.0000,+0.0000,+0.0000,+0.0000,+0.0000,+0.0000,+0.0000,+0.0000,+0.0000,+0.0000,+0.0000,+1.0000,+0.0000,+0.0000,+1.0000,+0.0002,+0.0247,+0.1000,+0.0000,+0.0000
326,1.00,1,True,0.0%,0.0%,0.0%,inf,20.6,0.18,0.052,0.6667,0.0000,0.8687,+0.0000,+0.0000,+1.0000,+0.0000,+0.0000,+0.0000,+0.0000,+0.0000,+0.0000,+0.0000,+0.0000,+0.0000,+0.0000,+1.0000,+0.0000,+0.0000,+1.0000,+0.0002,+0.0199,+0.1000,+0.0000,+0.0000
327,-1.80,22,False,100.0%,100.0%,0.0%,0.34,41.4,1.15,11.409,0.8333,1.0000,0.9567,-1.8029,+0.0000,+0.0000,+0.0000,+0.0000,+0.0000,+0.0000,+0.0000,+0.0000,+0.0000,+0.0000,+1.0000,+0.0000,+0.0000,+0.0000,+0.0000,+11.0000,+0.0054,+0.0239,+2.2000,+0.0000,+0.0000
329,1.00,58,True,0.0%,0.0%,0.0%,0.01,13.8,1.31,7.737,0.6782,0.8793,0.9084,+0.0000,+0.0000,+1.0000,+0.0000,+0.0000,+0.0000,+0.0000,+0.0000,+0.0000,+0.0000,+0.0000,+0.0000,+0.0000,+1.0000,+0.0000,+0.0000,+56.0000,-2.6158,+0.5578,+5.8000,+0.0000,+0.0000
330,1.00,86,True,0.0%,0.0%,0.0%,0.01,33.7,4.69,10.934,0.7171,0.7907,0.8780,+0.0000,+0.0000,+1.0000,+0.0000,+0.0000,+0.0000,+0.0000,+0.0000,+0.0000,+0.0000,+0.0000,+0.0000,+0.0000,+1.0000,+0.0000,+0.0000,+73.0000,-10.0480,+0.8712,+8.6000,+0.0000,+0.0000
331,1.00,1,True,0.0%,0.0%,0.0%,inf,24.1,0.19,0.000,0.6667,1.0000,0.8681,+0.0000,+0.0000,+1.0000,+0.0000,+0.0000,+0.0000,+0.0000,+0.0000,+0.0000,+0.0000,+0.0000,+0.0000,+0.0000,+1.0000,+0.0000,+0.0000,+1.0000,+0.0002,+0.0200,+0.1000,+0.0000,+0.0000
332,1.00,1,True,0.0%,0.0%,0.0%,inf,8.5,0.22,0.000,1.0000,0.0000,0.0000,+0.0000,+0.0000,+1.0000,+0.0000,+0.0000,+0.0000,+0.0000,+0.0000,+0.0000,+0.0000,+0.0000,+0.0000,+0.0000,+1.0000,+0.0000,+0.0000,+0.0000,-0.1003,+0.0000,+0.0000,+0.0000,+0.0000
333,1.00,1,True,0.0%,0.0%,0.0%,inf,38.0,0.21,0.000,1.0000,0.0000,0.0000,+0.0000,+0.0000,+1.0000,+0.0000,+0.0000,+0.0000,+0.0000,+0.0000,+0.0000,+0.0000,+0.0000,+0.0000,+0.0000,+1.0000,+0.0000,+0.0000,+0.0000,-0.1003,+0.0000,+0.0000,+0.0000,+0.0000
334,-6.00,90,False,0.0%,0.0%,0.0%,0.09,15.6,2.76,15.693,0.9481,1.0000,0.9950,+0.0000,+0.0000,+0.0000,+0.0000,+0.0000,+0.0000,+0.0000,+0.0000,+0.0000,+0.0000,-6.0000,+0.0000,+0.0000,+0.0000,+0.0000,+0.0000,+14.0000,+0.0225,-0.6454,+9.0000,+0.0000,+60.0000
336,-1.22,47,False,100.0%,0.0%,0.0%,0.41,42.4,2.97,6.698,0.9716,1.0000,0.9963,-1.2207,+0.0000,+0.0000,+0.0000,+0.0000,+0.0000,+0.0000,+0.0000,+0.0000,+0.0000,+0.0000,+1.0000,+0.0000,+0.0000,+0.0000,+0.0000,+4.0000,+0.0117,-0.3499,+4.7000,+0.0000,+0.0000
338,0.00,1,False,0.0%,0.0%,0.0%,inf,24.7,0.31,0.000,1.0000,0.0000,1.0000,+0.0000,+0.0000,+0.0000,+0.0000,+0.0000,+0.0000,+0.0000,+0.0000,+0.0000,+0.0000,+0.0000,+0.0000,+0.0000,+0.0000,+0.0000,+0.0000,+0.0000,+0.0000,+0.0000,+0.0000,+0.0000,+0.0000
339,0.00,90,False,0.0%,0.0%,0.0%,0.01,13.5,3.16,11.746,0.8926,0.8778,0.9914,+0.0000,+0.0000,+0.0000,+0.0000,+0.0000,+0.0000,+0.0000,+0.0000,+0.0000,+0.0000,+0.0000,+0.0000,+0.0000,+0.0000,+0.0000,+0.0000,+29.0000,+0.0224,-0.5758,+9.0000,+0.0000,+0.0000
340,1.00,1,True,0.0%,0.0%,0.0%,inf,10.2,0.29,0.000,1.0000,0.0000,0.0000,+0.0000,+0.0000,+1.0000,+0.0000,+0.0000,+0.0000,+0.0000,+0.0000,+0.0000,+0.0000,+0.0000,+0.0000,+0.0000,+1.0000,+0.0000,+0.0000,+0.0000,-0.1003,+0.0000,+0.0000,+0.0000,+0.0000
341,0.00,90,False,0.0%,0.0%,0.0%,0.05,14.6,2.12,11.709,0.7704,0.9889,0.9299,+0.0000,+0.0000,+0.0000,+0.0000,+0.0000,+0.0000,+0.0000,+0.0000,+0.0000,+0.0000,+0.0000,+0.0000,+0.0000,+0.0000,+0.0000,+0.0000,+62.0000,-0.2043,+0.5869,+9.0000,+0.0000,+0.0000
342,-0.20,90,False,0.0%,0.0%,0.0%,0.05,30.3,3.73,9.524,0.8704,0.9333,0.9566,+0.0000,+0.0000,+0.0000,+0.0000,+0.0000,+0.0000,+0.0000,+0.0000,+0.0000,+0.0000,-0.2000,+0.0000,+0.0000,+0.0000,+0.0000,+0.0000,+35.0000,-3.5700,+0.0581,+9.0000,+0.0000,+2.0000
344,0.00,90,False,0.0%,0.0%,0.0%,0.03,32.2,3.51,6.693,0.9963,1.0000,0.9558,+0.0000,+0.0000,+0.0000,+0.0000,+0.0000,+0.0000,+0.0000,+0.0000,+0.0000,+0.0000,+0.0000,+0.0000,+0.0000,+0.0000,+0.0000,+0.0000,+1.0000,+0.0221,+0.1103,+9.0000,+0.0000,+0.0000
345,1.00,1,True,0.0%,0.0%,0.0%,inf,24.9,0.21,0.000,0.6667,1.0000,0.6945,+0.0000,+0.0000,+1.0000,+0.0000,+0.0000,+0.0000,+0.0000,+0.0000,+0.0000,+0.0000,+0.0000,+0.0000,+0.0000,+1.0000,+0.0000,+0.0000,+1.0000,+0.0002,+0.0566,+0.1000,+0.0000,+0.0000
346,1.00,81,True,0.0%,0.0%,0.0%,0.01,28.2,2.99,10.336,0.9918,1.0000,0.9960,+0.0000,+0.0000,+1.0000,+0.0000,+0.0000,+0.0000,+0.0000,+0.0000,+0.0000,+0.0000,+0.0000,+0.0000,+0.0000,+1.0000,+0.0000,+0.0000,+2.0000,+0.0202,-0.5977,+8.1000,+0.0000,+0.0000
349,1.00,1,True,0.0%,0.0%,0.0%,inf,25.0,0.19,0.000,0.6667,0.0000,0.8623,+0.0000,+0.0000,+1.0000,+0.0000,+0.0000,+0.0000,+0.0000,+0.0000,+0.0000,+0.0000,+0.0000,+0.0000,+0.0000,+1.0000,+0.0000,+0.0000,+1.0000,+0.0002,+0.0213,+0.1000,+0.0000,+0.0000
351,-0.72,82,False,100.0%,0.0%,0.0%,0.18,16.0,1.67,3.842,0.9512,1.0000,0.5362,-0.7152,+0.0000,+0.0000,+0.0000,+0.0000,+0.0000,+0.0000,+0.0000,+0.0000,+0.0000,+0.0000,+1.0000,+0.0000,+0.0000,+0.0000,+0.0000,+12.0000,+0.0203,+7.3370,+8.2000,+0.0000,+0.0000
352,-0.20,25,True,0.0%,0.0%,0.0%,0.01,14.5,0.60,14.743,0.6800,1.0000,0.8266,+0.0000,+0.0000,+1.0000,+0.0000,+0.0000,+0.0000,+0.0000,+0.0000,+0.0000,+0.0000,-1.2000,+0.0000,+0.0000,+1.0000,+0.0000,+0.0000,+24.0000,+0.0060,+0.7170,+2.5000,+0.0000,+12.0000
355,0.00,90,False,0.0%,0.0%,0.0%,0.03,17.9,2.95,6.903,0.9222,0.9778,0.9657,+0.0000,+0.0000,+0.0000,+0.0000,+0.0000,+0.0000,+0.0000,+0.0000,+0.0000,+0.0000,+0.0000,+0.0000,+0.0000,+0.0000,+0.0000,+0.0000,+21.0000,+0.0222,-0.0807,+9.0000,+0.0000,+0.0000
358,1.00,1,True,0.0%,0.0%,0.0%,inf,25.8,0.23,0.000,0.6667,1.0000,0.9687,+0.0000,+0.0000,+1.0000,+0.0000,+0.0000,+0.0000,+0.0000,+0.0000,+0.0000,+0.0000,+0.0000,+0.0000,+0.0000,+1.0000,+0.0000,+0.0000,+1.0000,+0.0002,-0.0015,+0.1000,+0.0000,+0.0000
359,0.00,90,False,0.0%,0.0%,0.0%,0.01,23.2,3.11,12.273,0.9926,1.0000,0.9937,+0.0000,+0.0000,+0.0000,+0.0000,+0.0000,+0.0000,+0.0000,+0.0000,+0.0000,+0.0000,+0.0000,+0.0000,+0.0000,+0.0000,+0.0000,+0.0000,+2.0000,+0.0225,-0.6188,+9.0000,+0.0000,+0.0000
364,1.00,36,True,0.0%,0.0%,0.0%,0.01,11.2,0.75,3.712,0.7963,0.9444,0.7373,+0.0000,+0.0000,+1.0000,+0.0000,+0.0000,+0.0000,+0.0000,+0.0000,+0.0000,+0.0000,+0.0000,+0.0000,+0.0000,+1.0000,+0.0000,+0.0000,+22.0000,+0.0080,+1.7038,+3.6000,+0.0000,+0.0000
367,1.00,1,True,0.0%,0.0%,0.0%,inf,12.2,0.25,0.000,1.0000,0.0000,0.0000,+0.0000,+0.0000,+1.0000,+0.0000,+0.0000,+0.0000,+0.0000,+0.0000,+0.0000,+0.0000,+0.0000,+0.0000,+0.0000,+1.0000,+0.0000,+0.0000,+0.0000,-0.1003,+0.0000,+0.0000,+0.0000,+0.0000
368,-2.20,32,True,0.0%,0.0%,0.0%,0.01,9.7,0.53,21.006,0.9167,0.9688,0.9861,+0.0000,+0.0000,+1.0000,+0.0000,+0.0000,+0.0000,+0.0000,+0.0000,+0.0000,+0.0000,-3.2000,+0.0000,+0.0000,+1.0000,+0.0000,+0.0000,+8.0000,+0.0080,-0.1682,+3.2000,+0.0000,+32.0000
369,1.00,8,True,0.0%,0.0%,0.0%,0.01,2.8,0.20,13.933,0.5000,1.0000,0.8528,+0.0000,+0.0000,+1.0000,+0.0000,+0.0000,+0.0000,+0.0000,+0.0000,+0.0000,+0.0000,+0.0000,+0.0000,+0.0000,+1.0000,+0.0000,+0.0000,+12.0000,+0.0019,+0.1860,+0.8000,+0.0000,+0.0000
375,-0.73,55,False,100.0%,0.0%,0.0%,0.26,33.7,2.88,2.644,0.9273,0.6182,0.9862,-0.7259,+0.0000,+0.0000,+0.0000,+0.0000,+0.0000,+0.0000,+0.0000,+0.0000,+0.0000,+0.0000,+1.0000,+0.0000,+0.0000,+0.0000,+0.0000,+12.0000,+0.0137,-0.2889,+5.5000,+0.0000,+0.0000
377,1.00,1,True,0.0%,0.0%,0.0%,inf,22.7,0.21,0.000,0.6667,1.0000,0.4020,+0.0000,+0.0000,+1.0000,+0.0000,+0.0000,+0.0000,+0.0000,+0.0000,+0.0000,+0.0000,+0.0000,+0.0000,+0.0000,+1.0000,+0.0000,+0.0000,+1.0000,+0.0002,+0.1171,+0.1000,+0.0000,+0.0000
380,-1.21,33,False,100.0%,0.0%,0.0%,0.68,36.1,1.99,11.010,0.7172,1.0000,0.9038,-1.2108,+0.0000,+0.0000,+0.0000,+0.0000,+0.0000,+0.0000,+0.0000,+0.0000,+0.0000,+0.0000,+1.0000,+0.0000,+0.0000,+0.0000,+0.0000,+28.0000,+0.0080,+0.4048,+3.3000,+0.0000,+0.0000
381,1.00,19,True,0.0%,0.0%,0.0%,0.01,8.0,0.35,9.779,0.9298,1.0000,0.9431,+0.0000,+0.0000,+1.0000,+0.0000,+0.0000,+0.0000,+0.0000,+0.0000,+0.0000,+0.0000,+0.0000,+0.0000,+0.0000,+1.0000,+0.0000,+0.0000,+4.0000,+0.0047,+0.0751,+1.9000,+0.0000,+0.0000
384,0.00,90,False,0.0%,0.0%,0.0%,0.03,28.3,3.05,8.075,0.9889,0.9889,0.9907,+0.0000,+0.0000,+0.0000,+0.0000,+0.0000,+0.0000,+0.0000,+0.0000,+0.0000,+0.0000,+0.0000,+0.0000,+0.0000,+0.0000,+0.0000,+0.0000,+3.0000,-0.6566,-0.5747,+9.0000,+0.0000,+0.0000
385,-9.00,90,False,0.0%,0.0%,0.0%,0.18,19.6,2.74,17.790,0.9296,1.0000,0.9996,+0.0000,+0.0000,+0.0000,+0.0000,+0.0000,+0.0000,+0.0000,+0.0000,+0.0000,+0.0000,-9.0000,+0.0000,+0.0000,+0.0000,+0.0000,+0.0000,+19.0000,+0.0225,-0.7347,+9.0000,+0.0000,+90.0000
388,1.00,1,True,0.0%,0.0%,0.0%,inf,6.8,0.24,0.000,0.6667,0.0000,0.0000,+0.0000,+0.0000,+1.0000,+0.0000,+0.0000,+0.0000,+0.0000,+0.0000,+0.0000,+0.0000,+0.0000,+0.0000,+0.0000,+1.0000,+0.0000,+0.0000,+1.0000,-0.1153,+0.0000,+0.1000,+0.0000,+0.0000
390,1.00,1,True,0.0%,0.0%,0.0%,inf,4.7,0.20,0.000,1.0000,0.0000,0.0000,+0.0000,+0.0000,+1.0000,+0.0000,+0.0000,+0.0000,+0.0000,+0.0000,+0.0000,+0.0000,+0.0000,+0.0000,+0.0000,+1.0000,+0.0000,+0.0000,+0.0000,-0.1003,+0.0000,+0.0000,+0.0000,+0.0000
391,1.00,1,True,0.0%,0.0%,0.0%,inf,13.5,0.23,0.000,1.0000,0.0000,0.0000,+0.0000,+0.0000,+1.0000,+0.0000,+0.0000,+0.0000,+0.0000,+0.0000,+0.0000,+0.0000,+0.0000,+0.0000,+0.0000,+1.0000,+0.0000,+0.0000,+0.0000,-0.1003,+0.0000,+0.0000,+0.0000,+0.0000
392,1.00,1,True,0.0%,0.0%,0.0%,inf,5.9,0.18,0.000,1.0000,0.0000,0.0000,+0.0000,+0.0000,+1.0000,+0.0000,+0.0000,+0.0000,+0.0000,+0.0000,+0.0000,+0.0000,+0.0000,+0.0000,+0.0000,+1.0000,+0.0000,+0.0000,+0.0000,-0.1003,+0.0000,+0.0000,+0.0000,+0.0000
393,1.00,45,True,0.0%,0.0%,0.0%,0.01,10.2,0.74,5.559,0.8815,1.0000,0.9840,+0.0000,+0.0000,+1.0000,+0.0000,+0.0000,+0.0000,+0.0000,+0.0000,+0.0000,+0.0000,+0.0000,+0.0000,+0.0000,+1.0000,+0.0000,+0.0000,+16.0000,+0.0112,-0.2160,+4.5000,+0.0000,+0.0000
394,-0.98,33,False,100.0%,0.0%,0.0%,0.09,26.6,1.21,7.312,0.6667,1.0000,0.9504,-0.9837,+0.0000,+0.0000,+0.0000,+0.0000,+0.0000,+0.0000,+0.0000,+0.0000,+0.0000,+0.0000,+1.0000,+0.0000,+0.0000,+0.0000,+0.0000,+33.0000,+0.0080,+0.0800,+3.3000,+0.0000,+0.0000
395,0.00,90,False,0.0%,0.0%,0.0%,0.06,28.3,3.69,4.820,0.9889,1.0000,0.9932,+0.0000,+0.0000,+0.0000,+0.0000,+0.0000,+0.0000,+0.0000,+0.0000,+0.0000,+0.0000,+0.0000,+0.0000,+0.0000,+0.0000,+0.0000,+0.0000,+3.0000,+0.0224,-0.6089,+9.0000,+0.0000,+0.0000
396,0.00,90,False,0.0%,0.0%,0.0%,0.03,21.3,2.64,7.947,0.7667,0.9000,0.9064,+0.0000,+0.0000,+0.0000,+0.0000,+0.0000,+0.0000,+0.0000,+0.0000,+0.0000,+0.0000,+0.0000,+0.0000,+0.0000,+0.0000,+0.0000,+0.0000,+63.0000,-4.5188,+0.5849,+9.0000,+0.0000,+0.0000
397,1.00,1,True,0.0%,0.0%,0.0%,inf,34.1,0.27,0.000,1.0000,0.0000,0.0000,+0.0000,+0.0000,+1.0000,+0.0000,+0.0000,+0.0000,+0.0000,+0.0000,+0.0000,+0.0000,+0.0000,+0.0000,+0.0000,+1.0000,+0.0000,+0.0000,+0.0000,-0.1003,+0.0000,+0.0000,+0.0000,+0.0000
399,1.00,26,True,0.0%,0.0%,0.0%,0.01,12.2,0.59,7.726,0.9231,1.0000,0.9434,+0.0000,+0.0000,+1.0000,+0.0000,+0.0000,+0.0000,+0.0000,+0.0000,+0.0000,+0.0000,+0.0000,+0.0000,+0.0000,+1.0000,+0.0000,+0.0000,+6.0000,+0.0062,+0.1009,+2.6000,+0.0000,+0.0000
400,-1.20,22,True,0.0%,0.0%,0.0%,0.01,13.1,0.54,16.166,0.9242,1.0000,0.9796,+0.0000,+0.0000,+1.0000,+0.0000,+0.0000,+0.0000,+0.0000,+0.0000,+0.0000,+0.0000,-2.2000,+0.0000,+0.0000,+1.0000,+0.0000,+0.0000,+5.0000,+0.0055,-0.0846,+2.2000,+0.0000,+22.0000
402,1.00,1,True,0.0%,0.0%,0.0%,inf,9.3,0.18,0.000,1.0000,0.0000,0.0000,+0.0000,+0.0000,+1.0000,+0.0000,+0.0000,+0.0000,+0.0000,+0.0000,+0.0000,+0.0000,+0.0000,+0.0000,+0.0000,+1.0000,+0.0000,+0.0000,+0.0000,-0.1003,+0.0000,+0.0000,+0.0000,+0.0000
406,0.00,90,False,0.0%,0.0%,0.0%,0.14,27.8,4.11,7.389,0.9926,1.0000,0.9953,+0.0000,+0.0000,+0.0000,+0.0000,+0.0000,+0.0000,+0.0000,+0.0000,+0.0000,+0.0000,+0.0000,+0.0000,+0.0000,+0.0000,+0.0000,+0.0000,+2.0000,+0.0225,-0.6512,+9.0000,+0.0000,+0.0000
407,0.80,22,True,0.0%,0.0%,0.0%,0.01,11.1,0.48,14.518,0.9091,1.0000,0.9892,+0.0000,+0.0000,+1.0000,+0.0000,+0.0000,+0.0000,+0.0000,+0.0000,+0.0000,+0.0000,-0.2000,+0.0000,+0.0000,+1.0000,+0.0000,+0.0000,+6.0000,+0.0055,-0.1303,+2.2000,+0.0000,+2.0000
408,0.00,90,False,0.0%,0.0%,0.0%,0.32,11.3,1.27,6.639,0.7852,1.0000,0.8913,+0.0000,+0.0000,+0.0000,+0.0000,+0.0000,+0.0000,+0.0000,+0.0000,+0.0000,+0.0000,+0.0000,+0.0000,+0.0000,+0.0000,+0.0000,+0.0000,+58.0000,+0.0220,+1.3314,+9.0000,+0.0000,+0.0000
410,0.00,90,False,0.0%,0.0%,0.0%,0.21,22.7,2.88,8.953,0.8963,1.0000,0.9669,+0.0000,+0.0000,+0.0000,+0.0000,+0.0000,+0.0000,+0.0000,+0.0000,+0.0000,+0.0000,+0.0000,+0.0000,+0.0000,+0.0000,+0.0000,+0.0000,+28.0000,+0.0222,-0.1064,+9.0000,+0.0000,+0.0000
411,1.00,1,True,0.0%,0.0%,0.0%,inf,13.3,0.19,0.000,1.0000,0.0000,0.0000,+0.0000,+0.0000,+1.0000,+0.0000,+0.0000,+0.0000,+0.0000,+0.0000,+0.0000,+0.0000,+0.0000,+0.0000,+0.0000,+1.0000,+0.0000,+0.0000,+0.0000,-0.1003,+0.0000,+0.0000,+0.0000,+0.0000
412,0.60,4,True,0.0%,0.0%,0.0%,0.01,20.6,0.34,17.864,0.5833,1.0000,0.9995,+0.0000,+0.0000,+1.0000,+0.0000,+0.0000,+0.0000,+0.0000,+0.0000,+0.0000,+0.0000,-0.4000,+0.0000,+0.0000,+1.0000,+0.0000,+0.0000,+5.0000,+0.0010,-0.0326,+0.4000,+0.0000,+4.0000
413,0.00,90,False,0.0%,0.0%,0.0%,0.08,6.6,0.92,5.740,0.9556,0.9889,0.9843,+0.0000,+0.0000,+0.0000,+0.0000,+0.0000,+0.0000,+0.0000,+0.0000,+0.0000,+0.0000,+0.0000,+0.0000,+0.0000,+0.0000,+0.0000,+0.0000,+12.0000,-0.4334,-0.4458,+9.0000,+0.0000,+0.0000
414,0.00,90,False,0.0%,0.0%,0.0%,0.11,24.7,2.97,4.024,0.9852,0.9667,0.9818,+0.0000,+0.0000,+0.0000,+0.0000,+0.0000,+0.0000,+0.0000,+0.0000,+0.0000,+0.0000,+0.0000,+0.0000,+0.0000,+0.0000,+0.0000,+0.0000,+4.0000,+0.0219,-0.3880,+9.0000,+0.0000,+0.0000
415,1.00,1,True,0.0%,0.0%,0.0%,inf,8.6,0.18,0.000,1.0000,0.0000,0.0000,+0.0000,+0.0000,+1.0000,+0.0000,+0.0000,+0.0000,+0.0000,+0.0000,+0.0000,+0.0000,+0.0000,+0.0000,+0.0000,+1.0000,+0.0000,+0.0000,+0.0000,-0.1003,+0.0000,+0.0000,+0.0000,+0.0000
416,1.00,1,True,0.0%,0.0%,0.0%,inf,26.1,0.28,0.000,1.0000,0.0000,0.0000,+0.0000,+0.0000,+1.0000,+0.0000,+0.0000,+0.0000,+0.0000,+0.0000,+0.0000,+0.0000,+0.0000,+0.0000,+0.0000,+1.0000,+0.0000,+0.0000,+0.0000,-0.1003,+0.0000,+0.0000,+0.0000,+0.0000
417,1.00,40,True,0.0%,0.0%,0.0%,0.01,11.8,0.64,4.283,0.8750,1.0000,0.9726,+0.0000,+0.0000,+1.0000,+0.0000,+0.0000,+0.0000,+0.0000,+0.0000,+0.0000,+0.0000,+0.0000,+0.0000,+0.0000,+1.0000,+0.0000,+0.0000,+15.0000,+0.0099,-0.0928,+4.0000,+0.0000,+0.0000
418,-4.61,59,False,100.0%,0.0%,0.0%,0.20,21.6,1.66,13.937,0.7627,1.0000,0.9740,-1.3051,+0.0000,+0.0000,+0.0000,+0.0000,+0.0000,+0.0000,+0.0000,+0.0000,+0.0000,-3.3000,+1.0000,+0.0000,+0.0000,+0.0000,+0.0000,+42.0000,+0.0146,-0.1564,+5.9000,+0.0000,+33.0000
423,1.00,1,True,0.0%,0.0%,0.0%,inf,17.4,0.33,0.000,1.0000,0.0000,0.0000,+0.0000,+0.0000,+1.0000,+0.0000,+0.0000,+0.0000,+0.0000,+0.0000,+0.0000,+0.0000,+0.0000,+0.0000,+0.0000,+1.0000,+0.0000,+0.0000,+0.0000,-0.1003,+0.0000,+0.0000,+0.0000,+0.0000
425,1.00,1,True,0.0%,0.0%,0.0%,inf,16.6,0.30,0.000,1.0000,0.0000,0.0000,+0.0000,+0.0000,+1.0000,+0.0000,+0.0000,+0.0000,+0.0000,+0.0000,+0.0000,+0.0000,+0.0000,+0.0000,+0.0000,+1.0000,+0.0000,+0.0000,+0.0000,-0.1003,+0.0000,+0.0000,+0.0000,+0.0000
426,0.00,90,False,0.0%,0.0%,0.0%,0.04,21.5,2.47,10.388,0.9704,1.0000,0.9933,+0.0000,+0.0000,+0.0000,+0.0000,+0.0000,+0.0000,+0.0000,+0.0000,+0.0000,+0.0000,+0.0000,+0.0000,+0.0000,+0.0000,+0.0000,+0.0000,+8.0000,+0.0224,-0.6118,+9.0000,+0.0000,+0.0000
427,0.00,90,False,0.0%,0.0%,0.0%,0.07,37.9,4.74,7.492,0.9037,0.9889,0.9669,+0.0000,+0.0000,+0.0000,+0.0000,+0.0000,+0.0000,+0.0000,+0.0000,+0.0000,+0.0000,+0.0000,+0.0000,+0.0000,+0.0000,+0.0000,+0.0000,+26.0000,+0.0222,-0.1026,+9.0000,+0.0000,+0.0000
428,1.00,1,True,0.0%,0.0%,0.0%,inf,30.5,0.34,0.000,0.6667,1.0000,0.9900,+0.0000,+0.0000,+1.0000,+0.0000,+0.0000,+0.0000,+0.0000,+0.0000,+0.0000,+0.0000,+0.0000,+0.0000,+0.0000,+1.0000,+0.0000,+0.0000,+1.0000,+0.0002,-0.0061,+0.1000,+0.0000,+0.0000
429,0.00,90,False,0.0%,0.0%,0.0%,0.04,22.1,2.87,9.656,0.8593,0.9333,0.9766,+0.0000,+0.0000,+0.0000,+0.0000,+0.0000,+0.0000,+0.0000,+0.0000,+0.0000,+0.0000,+0.0000,+0.0000,+0.0000,+0.0000,+0.0000,+0.0000,+38.0000,-2.0666,-0.3226,+9.0000,+0.0000,+0.0000
430,-0.99,73,False,100.0%,0.0%,0.0%,0.14,40.0,3.75,3.810,0.9635,1.0000,0.9928,-0.9919,+0.0000,+0.0000,+0.0000,+0.0000,+0.0000,+0.0000,+0.0000,+0.0000,+0.0000,+0.0000,+1.0000,+0.0000,+0.0000,+0.0000,+0.0000,+8.0000,+0.0182,-0.4876,+7.3000,+0.0000,+0.0000
431,1.00,1,True,0.0%,0.0%,0.0%,inf,23.3,0.27,0.000,1.0000,0.0000,0.0000,+0.0000,+0.0000,+1.0000,+0.0000,+0.0000,+0.0000,+0.0000,+0.0000,+0.0000,+0.0000,+0.0000,+0.0000,+0.0000,+1.0000,+0.0000,+0.0000,+0.0000,-0.1003,+0.0000,+0.0000,+0.0000,+0.0000
435,1.00,1,True,0.0%,0.0%,0.0%,inf,13.8,0.18,0.000,1.0000,0.0000,0.0000,+0.0000,+0.0000,+1.0000,+0.0000,+0.0000,+0.0000,+0.0000,+0.0000,+0.0000,+0.0000,+0.0000,+0.0000,+0.0000,+1.0000,+0.0000,+0.0000,+0.0000,-0.1003,+0.0000,+0.0000,+0.0000,+0.0000
438,-0.50,32,False,0.0%,0.0%,100.0%,0.44,20.3,1.20,6.707,0.6875,0.9688,0.7957,+0.0000,-0.5000,+0.0000,+0.0000,+0.0000,+0.0000,+0.0000,+0.0000,+0.0000,+0.0000,+0.0000,+0.0000,+1.0000,+0.0000,+0.0000,+0.0000,+30.0000,-0.6157,+0.6525,+3.2000,+0.0000,+0.0000
440,-0.78,30,False,100.0%,100.0%,0.0%,0.04,33.8,1.52,1.841,0.9778,0.4000,0.7409,-0.7835,+0.0000,+0.0000,+0.0000,+0.0000,+0.0000,+0.0000,+0.0000,+0.0000,+0.0000,+0.0000,+1.0000,+0.0000,+0.0000,+0.0000,+0.0000,+2.0000,+0.0063,+1.4007,+3.0000,+0.0000,+0.0000
442,0.00,1,False,0.0%,0.0%,0.0%,inf,15.5,0.22,0.000,1.0000,0.0000,1.0000,+0.0000,+0.0000,+0.0000,+0.0000,+0.0000,+0.0000,+0.0000,+0.0000,+0.0000,+0.0000,+0.0000,+0.0000,+0.0000,+0.0000,+0.0000,+0.0000,+0.0000,+0.0000,+0.0000,+0.0000,+0.0000,+0.0000
443,1.00,1,True,0.0%,0.0%,0.0%,inf,9.3,0.17,0.001,0.6667,1.0000,0.8345,+0.0000,+0.0000,+1.0000,+0.0000,+0.0000,+0.0000,+0.0000,+0.0000,+0.0000,+0.0000,+0.0000,+0.0000,+0.0000,+1.0000,+0.0000,+0.0000,+1.0000,+0.0002,+0.0272,+0.1000,+0.0000,+0.0000
444,0.00,90,False,0.0%,0.0%,0.0%,0.13,35.8,4.88,7.830,0.8593,0.8556,0.9613,+0.0000,+0.0000,+0.0000,+0.0000,+0.0000,+0.0000,+0.0000,+0.0000,+0.0000,+0.0000,+0.0000,+0.0000,+0.0000,+0.0000,+0.0000,+0.0000,+38.0000,-6.4029,-0.4913,+9.0000,+0.0000,+0.0000
447,1.00,1,True,0.0%,0.0%,0.0%,inf,17.9,0.20,0.056,0.6667,1.0000,0.8245,+0.0000,+0.0000,+1.0000,+0.0000,+0.0000,+0.0000,+0.0000,+0.0000,+0.0000,+0.0000,+0.0000,+0.0000,+0.0000,+1.0000,+0.0000,+0.0000,+1.0000,+0.0002,+0.0293,+0.1000,+0.0000,+0.0000
450,-2.80,90,False,0.0%,0.0%,0.0%,0.06,22.1,3.48,12.514,0.8407,0.8778,0.9682,+0.0000,+0.0000,+0.0000,+0.0000,+0.0000,+0.0000,+0.0000,+0.0000,+0.0000,+0.0000,-2.8000,+0.0000,+0.0000,+0.0000,+0.0000,+0.0000,+43.0000,+0.0143,-0.1278,+9.0000,+0.0000,+28.0000
451,1.00,49,True,0.0%,0.0%,0.0%,0.01,25.0,1.73,7.500,0.9456,1.0000,0.9587,+0.0000,+0.0000,+1.0000,+0.0000,+0.0000,+0.0000,+0.0000,+0.0000,+0.0000,+0.0000,+0.0000,+0.0000,+0.0000,+1.0000,+0.0000,+0.0000,+8.0000,+0.0121,+0.0311,+4.9000,+0.0000,+0.0000
453,-0.90,88,False,100.0%,0.0%,0.0%,0.08,28.9,3.32,7.963,0.8598,0.9432,0.9400,-0.8980,+0.0000,+0.0000,+0.0000,+0.0000,+0.0000,+0.0000,+0.0000,+0.0000,+0.0000,+0.0000,+1.0000,+0.0000,+0.0000,+0.0000,+0.0000,+37.0000,-2.1885,+0.2506,+8.8000,+0.0000,+0.0000
454,1.00,1,True,0.0%,0.0%,0.0%,inf,8.4,0.18,0.000,1.0000,0.0000,0.0000,+0.0000,+0.0000,+1.0000,+0.0000,+0.0000,+0.0000,+0.0000,+0.0000,+0.0000,+0.0000,+0.0000,+0.0000,+0.0000,+1.0000,+0.0000,+0.0000,+0.0000,-0.1003,+0.0000,+0.0000,+0.0000,+0.0000
457,0.00,90,False,0.0%,0.0%,0.0%,0.03,18.5,2.59,11.941,0.9889,0.9889,0.9943,+0.0000,+0.0000,+0.0000,+0.0000,+0.0000,+0.0000,+0.0000,+0.0000,+0.0000,+0.0000,+0.0000,+0.0000,+0.0000,+0.0000,+0.0000,+0.0000,+3.0000,-0.2007,-0.6363,+9.0000,+0.0000,+0.0000
459,1.00,1,True,0.0%,0.0%,0.0%,inf,9.9,0.15,0.000,1.0000,0.0000,0.0000,+0.0000,+0.0000,+1.0000,+0.0000,+0.0000,+0.0000,+0.0000,+0.0000,+0.0000,+0.0000,+0.0000,+0.0000,+0.0000,+1.0000,+0.0000,+0.0000,+0.0000,-0.1003,+0.0000,+0.0000,+0.0000,+0.0000
460,0.00,1,False,0.0%,0.0%,0.0%,inf,25.3,0.21,0.000,1.0000,0.0000,1.0000,+0.0000,+0.0000,+0.0000,+0.0000,+0.0000,+0.0000,+0.0000,+0.0000,+0.0000,+0.0000,+0.0000,+0.0000,+0.0000,+0.0000,+0.0000,+0.0000,+0.0000,+0.0000,+0.0000,+0.0000,+0.0000,+0.0000
461,1.00,88,True,0.0%,0.0%,0.0%,0.01,34.6,4.61,7.164,0.9886,1.0000,0.9958,+0.0000,+0.0000,+1.0000,+0.0000,+0.0000,+0.0000,+0.0000,+0.0000,+0.0000,+0.0000,+0.0000,+0.0000,+0.0000,+1.0000,+0.0000,+0.0000,+3.0000,+0.0220,-0.6454,+8.8000,+0.0000,+0.0000
465,0.00,1,False,0.0%,0.0%,0.0%,inf,24.3,0.23,0.000,1.0000,0.0000,1.0000,+0.0000,+0.0000,+0.0000,+0.0000,+0.0000,+0.0000,+0.0000,+0.0000,+0.0000,+0.0000,+0.0000,+0.0000,+0.0000,+0.0000,+0.0000,+0.0000,+0.0000,+0.0000,+0.0000,+0.0000,+0.0000,+0.0000
467,1.00,36,True,0.0%,0.0%,0.0%,0.01,13.6,0.78,9.466,0.9815,1.0000,0.9677,+0.0000,+0.0000,+1.0000,+0.0000,+0.0000,+0.0000,+0.0000,+0.0000,+0.0000,+0.0000,+0.0000,+0.0000,+0.0000,+1.0000,+0.0000,+0.0000,+2.0000,+0.0089,-0.0464,+3.6000,+0.0000,+0.0000
469,1.00,1,True,0.0%,0.0%,0.0%,inf,17.1,0.26,0.000,1.0000,0.0000,0.0000,+0.0000,+0.0000,+1.0000,+0.0000,+0.0000,+0.0000,+0.0000,+0.0000,+0.0000,+0.0000,+0.0000,+0.0000,+0.0000,+1.0000,+0.0000,+0.0000,+0.0000,-0.1003,+0.0000,+0.0000,+0.0000,+0.0000
470,-0.40,90,False,0.0%,0.0%,0.0%,0.04,38.0,4.74,9.666,0.8556,1.0000,0.9573,+0.0000,+0.0000,+0.0000,+0.0000,+0.0000,+0.0000,+0.0000,+0.0000,+0.0000,+0.0000,-0.4000,+0.0000,+0.0000,+0.0000,+0.0000,+0.0000,+39.0000,+0.0221,+0.0815,+9.0000,+0.0000,+4.0000
473,-0.50,72,True,0.0%,0.0%,0.0%,0.01,31.4,3.01,14.024,0.9630,1.0000,0.9948,+0.0000,+0.0000,+1.0000,+0.0000,+0.0000,+0.0000,+0.0000,+0.0000,+0.0000,+0.0000,-1.5000,+0.0000,+0.0000,+1.0000,+0.0000,+0.0000,+8.0000,+0.0180,-0.5133,+7.2000,+0.0000,+15.0000
474,-2.10,90,False,0.0%,0.0%,0.0%,0.11,19.4,2.55,13.364,0.9926,1.0000,0.9967,+0.0000,+0.0000,+0.0000,+0.0000,+0.0000,+0.0000,+0.0000,+0.0000,+0.0000,+0.0000,-2.1000,+0.0000,+0.0000,+0.0000,+0.0000,+0.0000,+2.0000,+0.0225,-0.6775,+9.0000,+0.0000,+21.0000
475,-1.00,78,False,100.0%,100.0%,0.0%,0.02,10.5,1.09,3.941,0.9915,1.0000,0.9782,-0.9991,+0.0000,+0.0000,+0.0000,+0.0000,+0.0000,+0.0000,+0.0000,+0.0000,+0.0000,+0.0000,+1.0000,+0.0000,+0.0000,+0.0000,+0.0000,+2.0000,+0.0193,-0.2776,+7.8000,+0.0000,+0.0000
477,0.00,1,False,0.0%,0.0%,0.0%,inf,21.0,0.20,6.842,1.0000,0.0000,1.0000,+0.0000,+0.0000,+0.0000,+0.0000,+0.0000,+0.0000,+0.0000,+0.0000,+0.0000,+0.0000,+0.0000,+0.0000,+0.0000,+0.0000,+0.0000,+0.0000,+0.0000,+0.0000,+0.0000,+0.0000,+0.0000,+0.0000
478,1.00,1,True,0.0%,0.0%,0.0%,inf,15.8,0.22,0.000,0.6667,0.0000,0.7740,+0.0000,+0.0000,+1.0000,+0.0000,+0.0000,+0.0000,+0.0000,+0.0000,+0.0000,+0.0000,+0.0000,+0.0000,+0.0000,+1.0000,+0.0000,+0.0000,+1.0000,+0.0002,+0.0400,+0.1000,+0.0000,+0.0000
479,-0.50,1,False,0.0%,0.0%,100.0%,inf,32.1,0.29,0.000,0.6667,0.0000,0.0000,+0.0000,-0.5000,+0.0000,+0.0000,+0.0000,+0.0000,+0.0000,+0.0000,+0.0000,+0.0000,+0.0000,+0.0000,+1.0000,+0.0000,+0.0000,+0.0000,+1.0000,-0.1151,+0.0000,+0.1000,+0.0000,+0.0000
480,1.00,1,True,0.0%,0.0%,0.0%,inf,7.1,0.19,0.000,1.0000,0.0000,0.0000,+0.0000,+0.0000,+1.0000,+0.0000,+0.0000,+0.0000,+0.0000,+0.0000,+0.0000,+0.0000,+0.0000,+0.0000,+0.0000,+1.0000,+0.0000,+0.0000,+0.0000,-0.1003,+0.0000,+0.0000,+0.0000,+0.0000
482,0.00,90,False,0.0%,0.0%,0.0%,0.25,30.8,3.45,2.117,0.9333,1.0000,0.6986,+0.0000,+0.0000,+0.0000,+0.0000,+0.0000,+0.0000,+0.0000,+0.0000,+0.0000,+0.0000,+0.0000,+0.0000,+0.0000,+0.0000,+0.0000,+0.0000,+18.0000,+0.0214,+5.0012,+9.0000,+0.0000,+0.0000
483,1.00,77,True,0.0%,0.0%,0.0%,0.01,14.6,1.57,5.800,0.9091,1.0000,0.9191,+0.0000,+0.0000,+1.0000,+0.0000,+0.0000,+0.0000,+0.0000,+0.0000,+0.0000,+0.0000,+0.0000,+0.0000,+0.0000,+1.0000,+0.0000,+0.0000,+21.0000,+0.0187,+0.6890,+7.7000,+0.0000,+0.0000
484,1.00,1,True,0.0%,0.0%,0.0%,inf,40.4,0.27,0.000,1.0000,0.0000,0.0000,+0.0000,+0.0000,+1.0000,+0.0000,+0.0000,+0.0000,+0.0000,+0.0000,+0.0000,+0.0000,+0.0000,+0.0000,+0.0000,+1.0000,+0.0000,+0.0000,+0.0000,-0.1003,+0.0000,+0.0000,+0.0000,+0.0000
488,0.00,90,False,0.0%,0.0%,0.0%,0.23,38.4,4.31,4.826,0.9926,0.9667,0.9564,+0.0000,+0.0000,+0.0000,+0.0000,+0.0000,+0.0000,+0.0000,+0.0000,+0.0000,+0.0000,+0.0000,+0.0000,+0.0000,+0.0000,+0.0000,+0.0000,+2.0000,+0.0222,+0.0958,+9.0000,+0.0000,+0.0000
489,0.00,90,False,0.0%,0.0%,0.0%,0.08,34.7,4.26,10.145,0.9667,0.9111,0.9765,+0.0000,+0.0000,+0.0000,+0.0000,+0.0000,+0.0000,+0.0000,+0.0000,+0.0000,+0.0000,+0.0000,+0.0000,+0.0000,+0.0000,+0.0000,+0.0000,+9.0000,-0.5061,-0.5709,+9.0000,+0.0000,+0.0000
490,1.00,89,True,0.0%,0.0%,0.0%,0.01,26.1,3.38,9.335,0.9775,1.0000,0.9930,+0.0000,+0.0000,+1.0000,+0.0000,+0.0000,+0.0000,+0.0000,+0.0000,+0.0000,+0.0000,+0.0000,+0.0000,+0.0000,+1.0000,+0.0000,+0.0000,+6.0000,+0.0222,-0.5995,+8.9000,+0.0000,+0.0000
491,1.00,1,True,0.0%,0.0%,0.0%,inf,38.6,0.21,0.523,0.3333,0.0000,0.0000,+0.0000,+0.0000,+1.0000,+0.0000,+0.0000,+0.0000,+0.0000,+0.0000,+0.0000,+0.0000,+0.0000,+0.0000,+0.0000,+1.0000,+0.0000,+0.0000,+2.0000,-0.1003,+0.0000,+0.1000,+0.0000,+0.0000
494,0.00,90,False,0.0%,0.0%,0.0%,0.04,32.8,4.63,10.067,0.8630,0.9778,0.9578,+0.0000,+0.0000,+0.0000,+0.0000,+0.0000,+0.0000,+0.0000,+0.0000,+0.0000,+0.0000,+0.0000,+0.0000,+0.0000,+0.0000,+0.0000,+0.0000,+37.0000,-1.7310,+0.0464,+9.0000,+0.0000,+0.0000
495,1.00,1,True,0.0%,0.0%,0.0%,inf,42.5,0.31,0.000,1.0000,0.0000,0.0000,+0.0000,+0.0000,+1.0000,+0.0000,+0.0000,+0.0000,+0.0000,+0.0000,+0.0000,+0.0000,+0.0000,+0.0000,+0.0000,+1.0000,+0.0000,+0.0000,+0.0000,-0.1003,+0.0000,+0.0000,+0.0000,+0.0000
496,-0.00,10,True,0.0%,0.0%,0.0%,0.01,15.4,0.43,16.876,0.9333,1.0000,0.9511,+0.0000,+0.0000,+1.0000,+0.0000,+0.0000,+0.0000,+0.0000,+0.0000,+0.0000,+0.0000,-1.0000,+0.0000,+0.0000,+1.0000,+0.0000,+0.0000,+2.0000,+0.0025,+0.0228,+1.0000,+0.0000,+10.0000
498,1.00,45,True,0.0%,0.0%,0.0%,0.01,24.0,1.68,11.691,0.9556,1.0000,0.9898,+0.0000,+0.0000,+1.0000,+0.0000,+0.0000,+0.0000,+0.0000,+0.0000,+0.0000,+0.0000,+0.0000,+0.0000,+0.0000,+1.0000,+0.0000,+0.0000,+6.0000,+0.0112,-0.2723,+4.5000,+0.0000,+0.0000
499,1.00,1,True,0.0%,0.0%,0.0%,inf,21.0,0.31,0.000,1.0000,1.0000,0.7564,+0.0000,+0.0000,+1.0000,+0.0000,+0.0000,+0.0000,+0.0000,+0.0000,+0.0000,+0.0000,+0.0000,+0.0000,+0.0000,+1.0000,+0.0000,+0.0000,+0.0000,+0.0002,+0.0437,+0.0000,+0.0000,+0.0000
501,0.00,1,False,0.0%,0.0%,0.0%,inf,30.6,0.26,0.000,1.0000,0.0000,1.0000,+0.0000,+0.0000,+0.0000,+0.0000,+0.0000,+0.0000,+0.0000,+0.0000,+0.0000,+0.0000,+0.0000,+0.0000,+0.0000,+0.0000,+0.0000,+0.0000,+0.0000,+0.0000,+0.0000,+0.0000,+0.0000,+0.0000
503,1.00,1,True,0.0%,0.0%,0.0%,inf,13.0,0.42,0.000,1.0000,0.0000,0.0000,+0.0000,+0.0000,+1.0000,+0.0000,+0.0000,+0.0000,+0.0000,+0.0000,+0.0000,+0.0000,+0.0000,+0.0000,+0.0000,+1.0000,+0.0000,+0.0000,+0.0000,-0.1003,+0.0000,+0.0000,+0.0000,+0.0000
504,-1.10,90,False,0.0%,0.0%,0.0%,0.10,26.9,3.71,13.843,0.9667,0.9778,0.9926,+0.0000,+0.0000,+0.0000,+0.0000,+0.0000,+0.0000,+0.0000,+0.0000,+0.0000,+0.0000,-1.1000,+0.0000,+0.0000,+0.0000,+0.0000,+0.0000,+9.0000,-0.7479,-0.6009,+9.0000,+0.0000,+11.0000
506,0.70,41,True,0.0%,0.0%,0.0%,0.01,24.3,1.37,12.587,0.9187,1.0000,0.9785,+0.0000,+0.0000,+1.0000,+0.0000,+0.0000,+0.0000,+0.0000,+0.0000,+0.0000,+0.0000,-0.3000,+0.0000,+0.0000,+1.0000,+0.0000,+0.0000,+10.0000,+0.0102,-0.1479,+4.1000,+0.0000,+3.0000
509,1.00,62,True,0.0%,0.0%,0.0%,0.01,39.7,3.11,9.871,0.9462,1.0000,0.9953,+0.0000,+0.0000,+1.0000,+0.0000,+0.0000,+0.0000,+0.0000,+0.0000,+0.0000,+0.0000,+0.0000,+0.0000,+0.0000,+1.0000,+0.0000,+0.0000,+10.0000,+0.0154,-0.4481,+6.2000,+0.0000,+0.0000
510,0.00,90,False,0.0%,0.0%,0.0%,0.01,32.5,3.84,13.360,0.9778,0.9333,0.9907,+0.0000,+0.0000,+0.0000,+0.0000,+0.0000,+0.0000,+0.0000,+0.0000,+0.0000,+0.0000,+0.0000,+0.0000,+0.0000,+0.0000,+0.0000,+0.0000,+6.0000,+0.0224,-0.5623,+9.0000,+0.0000,+0.0000
512,0.00,1,False,0.0%,0.0%,0.0%,inf,10.3,0.34,0.000,1.0000,0.0000,1.0000,+0.0000,+0.0000,+0.0000,+0.0000,+0.0000,+0.0000,+0.0000,+0.0000,+0.0000,+0.0000,+0.0000,+0.0000,+0.0000,+0.0000,+0.0000,+0.0000,+0.0000,+0.0000,+0.0000,+0.0000,+0.0000,+0.0000
513,1.00,1,True,0.0%,0.0%,0.0%,inf,30.3,0.20,0.000,1.0000,0.0000,0.0000,+0.0000,+0.0000,+1.0000,+0.0000,+0.0000,+0.0000,+0.0000,+0.0000,+0.0000,+0.0000,+0.0000,+0.0000,+0.0000,+1.0000,+0.0000,+0.0000,+0.0000,-0.1003,+0.0000,+0.0000,+0.0000,+0.0000
515,1.00,28,True,0.0%,0.0%,0.0%,0.01,27.1,1.34,7.424,0.8452,1.0000,0.9868,+0.0000,+0.0000,+1.0000,+0.0000,+0.0000,+0.0000,+0.0000,+0.0000,+0.0000,+0.0000,+0.0000,+0.0000,+0.0000,+1.0000,+0.0000,+0.0000,+13.0000,+0.0070,-0.1511,+2.8000,+0.0000,+0.0000
520,-0.20,88,True,0.0%,0.0%,0.0%,0.01,31.7,3.83,10.546,0.9886,0.9318,0.9908,+0.0000,+0.0000,+1.0000,+0.0000,+0.0000,+0.0000,+0.0000,+0.0000,+0.0000,+0.0000,-1.2000,+0.0000,+0.0000,+1.0000,+0.0000,+0.0000,+3.0000,+0.0219,-0.5509,+8.8000,+0.0000,+12.0000
522,0.00,90,False,0.0%,0.0%,0.0%,0.13,35.4,3.87,6.652,0.9889,0.6000,0.9796,+0.0000,+0.0000,+0.0000,+0.0000,+0.0000,+0.0000,+0.0000,+0.0000,+0.0000,+0.0000,+0.0000,+0.0000,+0.0000,+0.0000,+0.0000,+0.0000,+3.0000,+0.0222,-0.3484,+9.0000,+0.0000,+0.0000
524,1.00,1,True,0.0%,0.0%,0.0%,inf,15.9,0.22,0.000,1.0000,0.0000,0.0000,+0.0000,+0.0000,+1.0000,+0.0000,+0.0000,+0.0000,+0.0000,+0.0000,+0.0000,+0.0000,+0.0000,+0.0000,+0.0000,+1.0000,+0.0000,+0.0000,+0.0000,-0.1003,+0.0000,+0.0000,+0.0000,+0.0000
525,0.00,1,False,0.0%,0.0%,0.0%,inf,23.3,0.33,0.000,1.0000,0.0000,1.0000,+0.0000,+0.0000,+0.0000,+0.0000,+0.0000,+0.0000,+0.0000,+0.0000,+0.0000,+0.0000,+0.0000,+0.0000,+0.0000,+0.0000,+0.0000,+0.0000,+0.0000,+0.0000,+0.0000,+0.0000,+0.0000,+0.0000
526,-1.27,52,False,100.0%,0.0%,0.0%,0.41,22.9,1.76,7.229,0.9615,1.0000,0.9839,-1.2697,+0.0000,+0.0000,+0.0000,+0.0000,+0.0000,+0.0000,+0.0000,+0.0000,+0.0000,+0.0000,+1.0000,+0.0000,+0.0000,+0.0000,+0.0000,+6.0000,+0.0129,-0.2488,+5.2000,+0.0000,+0.0000
527,-1.90,90,False,0.0%,0.0%,0.0%,0.04,29.5,4.43,12.620,0.9778,1.0000,0.9967,+0.0000,+0.0000,+0.0000,+0.0000,+0.0000,+0.0000,+0.0000,+0.0000,+0.0000,+0.0000,-1.9000,+0.0000,+0.0000,+0.0000,+0.0000,+0.0000,+6.0000,+0.0225,-0.6779,+9.0000,+0.0000,+19.0000
528,0.00,90,False,0.0%,0.0%,0.0%,0.02,39.2,4.85,10.487,0.8074,0.9556,0.9403,+0.0000,+0.0000,+0.0000,+0.0000,+0.0000,+0.0000,+0.0000,+0.0000,+0.0000,+0.0000,+0.0000,+0.0000,+0.0000,+0.0000,+0.0000,+0.0000,+52.0000,-0.3146,+0.3816,+9.0000,+0.0000,+0.0000
529,1.00,1,True,0.0%,0.0%,0.0%,inf,10.5,0.15,0.038,0.6667,1.0000,0.6493,+0.0000,+0.0000,+1.0000,+0.0000,+0.0000,+0.0000,+0.0000,+0.0000,+0.0000,+0.0000,+0.0000,+0.0000,+0.0000,+1.0000,+0.0000,+0.0000,+1.0000,+0.0002,+0.0661,+0.1000,+0.0000,+0.0000
532,1.00,16,True,0.0%,0.0%,0.0%,0.01,6.4,0.35,9.151,0.9375,1.0000,0.9804,+0.0000,+0.0000,+1.0000,+0.0000,+0.0000,+0.0000,+0.0000,+0.0000,+0.0000,+0.0000,+0.0000,+0.0000,+0.0000,+1.0000,+0.0000,+0.0000,+3.0000,+0.0040,-0.0641,+1.6000,+0.0000,+0.0000
534,0.00,1,False,0.0%,0.0%,0.0%,inf,14.9,0.22,0.000,1.0000,0.0000,1.0000,+0.0000,+0.0000,+0.0000,+0.0000,+0.0000,+0.0000,+0.0000,+0.0000,+0.0000,+0.0000,+0.0000,+0.0000,+0.0000,+0.0000,+0.0000,+0.0000,+0.0000,+0.0000,+0.0000,+0.0000,+0.0000,+0.0000
535,-0.81,61,False,100.0%,0.0%,0.0%,0.16,19.9,1.94,2.814,0.9180,0.3770,0.8193,-0.8139,+0.0000,+0.0000,+0.0000,+0.0000,+0.0000,+0.0000,+0.0000,+0.0000,+0.0000,+0.0000,+1.0000,+0.0000,+0.0000,+0.0000,+0.0000,+15.0000,-8.1500,+0.5888,+6.1000,+0.0000,+0.0000
536,-1.25,84,False,100.0%,0.0%,0.0%,0.17,34.7,4.48,8.412,0.9643,0.9643,0.9844,-1.2487,+0.0000,+0.0000,+0.0000,+0.0000,+0.0000,+0.0000,+0.0000,+0.0000,+0.0000,+0.0000,+1.0000,+0.0000,+0.0000,+0.0000,+0.0000,+9.0000,+0.0203,-0.4159,+8.4000,+0.0000,+0.0000
537,0.00,1,False,0.0%,0.0%,0.0%,inf,4.9,0.21,0.000,1.0000,0.0000,1.0000,+0.0000,+0.0000,+0.0000,+0.0000,+0.0000,+0.0000,+0.0000,+0.0000,+0.0000,+0.0000,+0.0000,+0.0000,+0.0000,+0.0000,+0.0000,+0.0000,+0.0000,+0.0000,+0.0000,+0.0000,+0.0000,+0.0000
539,0.00,90,False,0.0%,0.0%,0.0%,0.04,19.4,2.68,9.601,0.8074,0.9111,0.9314,+0.0000,+0.0000,+0.0000,+0.0000,+0.0000,+0.0000,+0.0000,+0.0000,+0.0000,+0.0000,+0.0000,+0.0000,+0.0000,+0.0000,+0.0000,+0.0000,+52.0000,+0.0214,+0.5737,+9.0000,+0.0000,+0.0000
540,0.00,90,False,0.0%,0.0%,0.0%,0.11,33.0,4.38,6.914,0.9593,0.9000,0.9300,+0.0000,+0.0000,+0.0000,+0.0000,+0.0000,+0.0000,+0.0000,+0.0000,+0.0000,+0.0000,+0.0000,+0.0000,+0.0000,+0.0000,+0.0000,+0.0000,+11.0000,+0.0220,+0.6011,+9.0000,+0.0000,+0.0000
544,1.00,1,True,0.0%,0.0%,0.0%,inf,38.6,0.21,0.000,0.6667,0.0000,0.7708,+0.0000,+0.0000,+1.0000,+0.0000,+0.0000,+0.0000,+0.0000,+0.0000,+0.0000,+0.0000,+0.0000,+0.0000,+0.0000,+1.0000,+0.0000,+0.0000,+1.0000,+0.0002,+0.0406,+0.1000,+0.0000,+0.0000
547,0.40,77,True,0.0%,0.0%,0.0%,0.01,31.7,3.44,11.189,0.9827,1.0000,0.9956,+0.0000,+0.0000,+1.0000,+0.0000,+0.0000,+0.0000,+0.0000,+0.0000,+0.0000,+0.0000,-0.6000,+0.0000,+0.0000,+1.0000,+0.0000,+0.0000,+4.0000,+0.0192,-0.5612,+7.7000,+0.0000,+6.0000
552,1.00,1,True,0.0%,0.0%,0.0%,inf,46.7,0.23,0.000,1.0000,0.0000,0.0000,+0.0000,+0.0000,+1.0000,+0.0000,+0.0000,+0.0000,+0.0000,+0.0000,+0.0000,+0.0000,+0.0000,+0.0000,+0.0000,+1.0000,+0.0000,+0.0000,+0.0000,-0.1003,+0.0000,+0.0000,+0.0000,+0.0000
553,0.00,1,False,0.0%,0.0%,0.0%,inf,25.1,0.40,0.000,1.0000,0.0000,1.0000,+0.0000,+0.0000,+0.0000,+0.0000,+0.0000,+0.0000,+0.0000,+0.0000,+0.0000,+0.0000,+0.0000,+0.0000,+0.0000,+0.0000,+0.0000,+0.0000,+0.0000,+0.0000,+0.0000,+0.0000,+0.0000,+0.0000
554,1.00,61,True,0.0%,0.0%,0.0%,0.01,41.4,4.64,1.048,0.9071,0.9836,0.8057,+0.0000,+0.0000,+1.0000,+0.0000,+0.0000,+0.0000,+0.0000,+0.0000,+0.0000,+0.0000,+0.0000,+0.0000,+0.0000,+1.0000,+0.0000,+0.0000,+17.0000,+0.0141,+2.0198,+6.1000,+0.0000,+0.0000
556,-0.80,90,False,0.0%,0.0%,0.0%,0.05,18.3,2.25,9.593,0.9963,0.9889,0.9861,+0.0000,+0.0000,+0.0000,+0.0000,+0.0000,+0.0000,+0.0000,+0.0000,+0.0000,+0.0000,-0.8000,+0.0000,+0.0000,+0.0000,+0.0000,+0.0000,+1.0000,+0.0222,-0.4723,+9.0000,+0.0000,+8.0000
557,-8.70,90,False,0.0%,0.0%,0.0%,0.05,27.3,4.07,17.403,0.7815,0.8333,0.9649,+0.0000,+0.0000,+0.0000,+0.0000,+0.0000,+0.0000,+0.0000,+0.0000,+0.0000,+0.0000,-8.7000,+0.0000,+0.0000,+0.0000,+0.0000,+0.0000,+59.0000,+0.0222,-0.0634,+9.0000,+0.0000,+87.0000
558,0.00,90,False,0.0%,0.0%,0.0%,0.35,16.3,2.14,4.010,0.9778,0.9222,0.9389,+0.0000,+0.0000,+0.0000,+0.0000,+0.0000,+0.0000,+0.0000,+0.0000,+0.0000,+0.0000,+0.0000,+0.0000,+0.0000,+0.0000,+0.0000,+0.0000,+6.0000,-0.0531,+0.3227,+9.0000,+0.0000,+0.0000
559,1.00,5,True,0.0%,0.0%,0.0%,0.01,18.0,0.37,4.057,0.9333,1.0000,0.8869,+0.0000,+0.0000,+1.0000,+0.0000,+0.0000,+0.0000,+0.0000,+0.0000,+0.0000,+0.0000,+0.0000,+0.0000,+0.0000,+1.0000,+0.0000,+0.0000,+1.0000,+0.0012,+0.0802,+0.5000,+0.0000,+0.0000
560,1.00,74,True,0.0%,0.0%,0.0%,0.01,22.1,1.84,3.210,0.9279,1.0000,0.9829,+0.0000,+0.0000,+1.0000,+0.0000,+0.0000,+0.0000,+0.0000,+0.0000,+0.0000,+0.0000,+0.0000,+0.0000,+0.0000,+1.0000,+0.0000,+0.0000,+16.0000,+0.0184,-0.3366,+7.4000,+0.0000,+0.0000
561,-0.70,90,False,0.0%,0.0%,0.0%,0.06,27.9,4.40,13.490,0.9889,1.0000,0.9951,+0.0000,+0.0000,+0.0000,+0.0000,+0.0000,+0.0000,+0.0000,+0.0000,+0.0000,+0.0000,-0.7000,+0.0000,+0.0000,+0.0000,+0.0000,+0.0000,+3.0000,+0.0225,-0.6471,+9.0000,+0.0000,+7.0000
562,0.00,90,False,0.0%,0.0%,0.0%,0.08,10.4,1.34,9.874,0.9741,1.0000,0.9907,+0.0000,+0.0000,+0.0000,+0.0000,+0.0000,+0.0000,+0.0000,+0.0000,+0.0000,+0.0000,+0.0000,+0.0000,+0.0000,+0.0000,+0.0000,+0.0000,+7.0000,+0.0224,-0.5619,+9.0000,+0.0000,+0.0000
564,1.00,27,True,0.0%,0.0%,0.0%,0.01,4.2,0.38,2.921,0.9383,1.0000,0.9825,+0.0000,+0.0000,+1.0000,+0.0000,+0.0000,+0.0000,+0.0000,+0.0000,+0.0000,+0.0000,+0.0000,+0.0000,+0.0000,+1.0000,+0.0000,+0.0000,+5.0000,+0.0066,-0.1207,+2.7000,+0.0000,+0.0000
565,-4.10,51,True,0.0%,0.0%,0.0%,0.01,8.4,0.71,20.621,0.9150,1.0000,0.9921,+0.0000,+0.0000,+1.0000,+0.0000,+0.0000,+0.0000,+0.0000,+0.0000,+0.0000,+0.0000,-5.1000,+0.0000,+0.0000,+1.0000,+0.0000,+0.0000,+13.0000,+0.0127,-0.3336,+5.1000,+0.0000,+51.0000
566,0.00,90,False,0.0%,0.0%,0.0%,0.02,38.2,4.52,9.860,0.9630,1.0000,0.9909,+0.0000,+0.0000,+0.0000,+0.0000,+0.0000,+0.0000,+0.0000,+0.0000,+0.0000,+0.0000,+0.0000,+0.0000,+0.0000,+0.0000,+0.0000,+0.0000,+10.0000,+0.0224,-0.5655,+9.0000,+0.0000,+0.0000
567,0.80,35,True,0.0%,0.0%,0.0%,0.01,20.9,1.28,12.755,0.9714,1.0000,0.9757,+0.0000,+0.0000,+1.0000,+0.0000,+0.0000,+0.0000,+0.0000,+0.0000,+0.0000,+0.0000,-0.2000,+0.0000,+0.0000,+1.0000,+0.0000,+0.0000,+3.0000,+0.0087,-0.1059,+3.5000,+0.0000,+2.0000
568,-4.30,65,True,0.0%,0.0%,0.0%,0.01,25.9,2.08,16.839,0.9846,1.0000,0.9979,+0.0000,+0.0000,+1.0000,+0.0000,+0.0000,+0.0000,+0.0000,+0.0000,+0.0000,+0.0000,-5.3000,+0.0000,+0.0000,+1.0000,+0.0000,+0.0000,+3.0000,+0.0162,-0.5069,+6.5000,+0.0000,+53.0000
571,1.00,1,True,0.0%,0.0%,0.0%,inf,24.7,0.18,0.000,0.6667,0.0000,0.9321,+0.0000,+0.0000,+1.0000,+0.0000,+0.0000,+0.0000,+0.0000,+0.0000,+0.0000,+0.0000,+0.0000,+0.0000,+0.0000,+1.0000,+0.0000,+0.0000,+1.0000,+0.0002,+0.0064,+0.1000,+0.0000,+0.0000
573,1.00,64,True,0.0%,0.0%,0.0%,0.01,22.3,1.93,4.717,0.9896,1.0000,0.9752,+0.0000,+0.0000,+1.0000,+0.0000,+0.0000,+0.0000,+0.0000,+0.0000,+0.0000,+0.0000,+0.0000,+0.0000,+0.0000,+1.0000,+0.0000,+0.0000,+2.0000,+0.0158,-0.1865,+6.4000,+0.0000,+0.0000
577,1.00,79,True,0.0%,0.0%,0.0%,0.01,10.9,1.13,5.074,0.9030,1.0000,0.8785,+0.0000,+0.0000,+1.0000,+0.0000,+0.0000,+0.0000,+0.0000,+0.0000,+0.0000,+0.0000,+0.0000,+0.0000,+0.0000,+1.0000,+0.0000,+0.0000,+23.0000,+0.0191,+1.3934,+7.9000,+0.0000,+0.0000
578,1.00,1,True,0.0%,0.0%,0.0%,inf,43.9,0.27,14.254,0.0000,1.0000,0.8167,+0.0000,+0.0000,+1.0000,+0.0000,+0.0000,+0.0000,+0.0000,+0.0000,+0.0000,+0.0000,+0.0000,+0.0000,+0.0000,+1.0000,+0.0000,+0.0000,+3.0000,+0.0002,+0.0309,+0.1000,+0.0000,+0.0000
579,0.00,90,False,0.0%,0.0%,0.0%,0.02,45.9,5.63,7.340,0.9926,1.0000,0.9851,+0.0000,+0.0000,+0.0000,+0.0000,+0.0000,+0.0000,+0.0000,+0.0000,+0.0000,+0.0000,+0.0000,+0.0000,+0.0000,+0.0000,+0.0000,+0.0000,+2.0000,+0.0224,-0.4533,+9.0000,+0.0000,+0.0000
581,0.00,90,False,0.0%,0.0%,0.0%,0.12,24.0,2.84,6.646,0.9852,1.0000,0.9885,+0.0000,+0.0000,+0.0000,+0.0000,+0.0000,+0.0000,+0.0000,+0.0000,+0.0000,+0.0000,+0.0000,+0.0000,+0.0000,+0.0000,+0.0000,+0.0000,+4.0000,+0.0224,-0.5180,+9.0000,+0.0000,+0.0000
582,0.00,1,False,0.0%,0.0%,0.0%,inf,37.0,0.22,0.000,1.0000,0.0000,1.0000,+0.0000,+0.0000,+0.0000,+0.0000,+0.0000,+0.0000,+0.0000,+0.0000,+0.0000,+0.0000,+0.0000,+0.0000,+0.0000,+0.0000,+0.0000,+0.0000,+0.0000,+0.0000,+0.0000,+0.0000,+0.0000,+0.0000
585,-0.78,69,False,100.0%,100.0%,0.0%,0.11,28.3,2.90,1.177,0.9517,1.0000,0.9525,-0.7834,+0.0000,+0.0000,+0.0000,+0.0000,+0.0000,+0.0000,+0.0000,+0.0000,+0.0000,+0.0000,+1.0000,+0.0000,+0.0000,+0.0000,+0.0000,+10.0000,+0.0172,+0.1379,+5.2000,+0.0000,+0.0000
587,1.00,1,True,0.0%,0.0%,0.0%,inf,42.6,0.26,0.000,1.0000,0.0000,0.0000,+0.0000,+0.0000,+1.0000,+0.0000,+0.0000,+0.0000,+0.0000,+0.0000,+0.0000,+0.0000,+0.0000,+0.0000,+0.0000,+1.0000,+0.0000,+0.0000,+0.0000,-0.1003,+0.0000,+0.0000,+0.0000,+0.0000
588,1.00,1,True,0.0%,0.0%,0.0%,inf,19.2,0.18,0.000,0.6667,0.0000,0.9976,+0.0000,+0.0000,+1.0000,+0.0000,+0.0000,+0.0000,+0.0000,+0.0000,+0.0000,+0.0000,+0.0000,+0.0000,+0.0000,+1.0000,+0.0000,+0.0000,+1.0000,+0.0001,-0.0077,+0.1000,+0.0000,+0.0000
589,1.00,16,True,0.0%,0.0%,0.0%,0.01,13.9,0.52,9.595,0.7083,1.0000,0.9282,+0.0000,+0.0000,+1.0000,+0.0000,+0.0000,+0.0000,+0.0000,+0.0000,+0.0000,+0.0000,+0.0000,+0.0000,+0.0000,+1.0000,+0.0000,+0.0000,+14.0000,+0.0039,+0.1153,+1.6000,+0.0000,+0.0000
590,-1.24,5,False,100.0%,0.0%,0.0%,0.52,18.8,0.51,9.166,0.1333,1.0000,0.9075,-1.2366,+0.0000,+0.0000,+0.0000,+0.0000,+0.0000,+0.0000,+0.0000,+0.0000,+0.0000,+0.0000,+1.0000,+0.0000,+0.0000,+0.0000,+0.0000,+13.0000,+0.0011,+0.0581,+0.5000,+0.0000,+0.0000
591,0.00,1,False,0.0%,0.0%,0.0%,inf,25.9,0.21,0.000,1.0000,0.0000,1.0000,+0.0000,+0.0000,+0.0000,+0.0000,+0.0000,+0.0000,+0.0000,+0.0000,+0.0000,+0.0000,+0.0000,+0.0000,+0.0000,+0.0000,+0.0000,+0.0000,+0.0000,+0.0000,+0.0000,+0.0000,+0.0000,+0.0000
593,0.00,1,False,0.0%,0.0%,0.0%,inf,10.7,0.25,0.000,1.0000,0.0000,1.0000,+0.0000,+0.0000,+0.0000,+0.0000,+0.0000,+0.0000,+0.0000,+0.0000,+0.0000,+0.0000,+0.0000,+0.0000,+0.0000,+0.0000,+0.0000,+0.0000,+0.0000,+0.0000,+0.0000,+0.0000,+0.0000,+0.0000
594,-1.18,51,False,100.0%,100.0%,0.0%,0.25,16.4,1.38,6.664,0.8889,0.9608,0.8785,-1.1802,+0.0000,+0.0000,+0.0000,+0.0000,+0.0000,+0.0000,+0.0000,+0.0000,+0.0000,+0.0000,+1.0000,+0.0000,+0.0000,+0.0000,+0.0000,+17.0000,+0.0123,+0.8970,+5.1000,+0.0000,+0.0000
596,0.00,1,False,0.0%,0.0%,0.0%,inf,22.1,0.20,0.000,1.0000,0.0000,1.0000,+0.0000,+0.0000,+0.0000,+0.0000,+0.0000,+0.0000,+0.0000,+0.0000,+0.0000,+0.0000,+0.0000,+0.0000,+0.0000,+0.0000,+0.0000,+0.0000,+0.0000,+0.0000,+0.0000,+0.0000,+0.0000,+0.0000
597,-5.40,64,True,0.0%,0.0%,0.0%,0.01,8.8,1.34,19.507,0.9531,1.0000,0.9945,+0.0000,+0.0000,+1.0000,+0.0000,+0.0000,+0.0000,+0.0000,+0.0000,+0.0000,+0.0000,-6.4000,+0.0000,+0.0000,+1.0000,+0.0000,+0.0000,+9.0000,+0.0160,-0.4519,+6.4000,+0.0000,+64.0000
598,0.00,90,False,0.0%,0.0%,0.0%,0.35,20.4,2.78,5.202,0.8852,1.0000,0.9693,+0.0000,+0.0000,+0.0000,+0.0000,+0.0000,+0.0000,+0.0000,+0.0000,+0.0000,+0.0000,+0.0000,+0.0000,+0.0000,+0.0000,+0.0000,+0.0000,+31.0000,+0.0221,-0.1453,+9.0000,+0.0000,+0.0000
601,1.00,1,True,0.0%,0.0%,0.0%,inf,12.1,0.18,0.000,1.0000,0.0000,0.0000,+0.0000,+0.0000,+1.0000,+0.0000,+0.0000,+0.0000,+0.0000,+0.0000,+0.0000,+0.0000,+0.0000,+0.0000,+0.0000,+1.0000,+0.0000,+0.0000,+0.0000,-0.1003,+0.0000,+0.0000,+0.0000,+0.0000
602,1.00,86,True,0.0%,0.0%,0.0%,0.01,19.0,2.42,11.736,0.8721,1.0000,0.9485,+0.0000,+0.0000,+1.0000,+0.0000,+0.0000,+0.0000,+0.0000,+0.0000,+0.0000,+0.0000,+0.0000,+0.0000,+0.0000,+1.0000,+0.0000,+0.0000,+33.0000,+0.0212,+0.2377,+8.6000,+0.0000,+0.0000
604,1.00,1,True,0.0%,0.0%,0.0%,inf,25.0,0.16,0.733,0.3333,0.0000,0.0000,+0.0000,+0.0000,+1.0000,+0.0000,+0.0000,+0.0000,+0.0000,+0.0000,+0.0000,+0.0000,+0.0000,+0.0000,+0.0000,+1.0000,+0.0000,+0.0000,+2.0000,-0.1003,+0.0000,+0.1000,+0.0000,+0.0000
607,1.00,1,True,0.0%,0.0%,0.0%,inf,32.6,0.19,0.000,1.0000,0.0000,0.0000,+0.0000,+0.0000,+1.0000,+0.0000,+0.0000,+0.0000,+0.0000,+0.0000,+0.0000,+0.0000,+0.0000,+0.0000,+0.0000,+1.0000,+0.0000,+0.0000,+0.0000,-0.1003,+0.0000,+0.0000,+0.0000,+0.0000
609,1.00,87,True,0.0%,0.0%,0.0%,0.01,35.9,3.87,11.485,0.9617,0.9540,0.9815,+0.0000,+0.0000,+1.0000,+0.0000,+0.0000,+0.0000,+0.0000,+0.0000,+0.0000,+0.0000,+0.0000,+0.0000,+0.0000,+1.0000,+0.0000,+0.0000,+10.0000,-0.7347,-0.4097,+8.7000,+0.0000,+0.0000
611,-0.40,76,True,0.0%,0.0%,0.0%,0.01,26.1,2.78,12.105,0.7982,0.9474,0.9586,+0.0000,+0.0000,+1.0000,+0.0000,+0.0000,+0.0000,+0.0000,+0.0000,+0.0000,+0.0000,-1.4000,+0.0000,+0.0000,+1.0000,+0.0000,+0.0000,+46.0000,-1.1683,+0.0424,+7.6000,+0.0000,+14.0000
612,-0.20,12,True,0.0%,0.0%,0.0%,0.01,11.5,0.47,27.848,0.3333,1.0000,0.8963,+0.0000,+0.0000,+1.0000,+0.0000,+0.0000,+0.0000,+0.0000,+0.0000,+0.0000,+0.0000,-1.2000,+0.0000,+0.0000,+1.0000,+0.0000,+0.0000,+24.0000,+0.0029,+0.1674,+1.2000,+0.0000,+12.0000
613,0.00,90,False,0.0%,0.0%,0.0%,0.09,10.0,1.34,4.396,0.9852,1.0000,0.9743,+0.0000,+0.0000,+0.0000,+0.0000,+0.0000,+0.0000,+0.0000,+0.0000,+0.0000,+0.0000,+0.0000,+0.0000,+0.0000,+0.0000,+0.0000,+0.0000,+4.0000,+0.0221,-0.2455,+9.0000,+0.0000,+0.0000
614,-0.50,1,False,0.0%,0.0%,100.0%,inf,10.3,0.18,0.135,1.0000,0.0000,0.3598,+0.0000,-0.5000,+0.0000,+0.0000,+0.0000,+0.0000,+0.0000,+0.0000,+0.0000,+0.0000,+0.0000,+0.0000,+1.0000,+0.0000,+0.0000,+0.0000,+0.0000,-0.0887,-0.0023,+0.1000,+0.0000,+0.0000
617,1.00,1,True,0.0%,0.0%,0.0%,inf,11.4,0.19,0.000,1.0000,0.0000,0.0000,+0.0000,+0.0000,+1.0000,+0.0000,+0.0000,+0.0000,+0.0000,+0.0000,+0.0000,+0.0000,+0.0000,+0.0000,+0.0000,+1.0000,+0.0000,+0.0000,+0.0000,-0.1003,+0.0000,+0.0000,+0.0000,+0.0000
618,-1.39,72,False,100.0%,0.0%,0.0%,0.31,31.3,3.39,8.800,0.9491,1.0000,0.9938,-1.3949,+0.0000,+0.0000,+0.0000,+0.0000,+0.0000,+0.0000,+0.0000,+0.0000,+0.0000,+0.0000,+1.0000,+0.0000,+0.0000,+0.0000,+0.0000,+11.0000,+0.0180,-0.4967,+7.2000,+0.0000,+0.0000
619,1.00,1,True,0.0%,0.0%,0.0%,inf,8.7,0.20,0.000,0.6667,1.0000,0.8936,+0.0000,+0.0000,+1.0000,+0.0000,+0.0000,+0.0000,+0.0000,+0.0000,+0.0000,+0.0000,+0.0000,+0.0000,+0.0000,+1.0000,+0.0000,+0.0000,+1.0000,+0.0002,+0.0146,+0.1000,+0.0000,+0.0000
620,-0.20,90,False,0.0%,0.0%,0.0%,0.01,26.0,3.72,10.917,0.9815,0.9444,0.9841,+0.0000,+0.0000,+0.0000,+0.0000,+0.0000,+0.0000,+0.0000,+0.0000,+0.0000,+0.0000,-0.2000,+0.0000,+0.0000,+0.0000,+0.0000,+0.0000,+5.0000,-0.7319,-0.4508,+9.0000,+0.0000,+2.0000
621,0.30,90,True,0.0%,0.0%,0.0%,0.01,22.2,3.17,11.522,0.9741,1.0000,0.9901,+0.0000,+0.0000,+1.0000,+0.0000,+0.0000,+0.0000,+0.0000,+0.0000,+0.0000,+0.0000,-0.7000,+0.0000,+0.0000,+1.0000,+0.0000,+0.0000,+7.0000,+0.0224,-0.5512,+9.0000,+0.0000,+7.0000
622,0.00,1,False,0.0%,0.0%,0.0%,inf,17.5,0.21,0.000,1.0000,0.0000,1.0000,+0.0000,+0.0000,+0.0000,+0.0000,+0.0000,+0.0000,+0.0000,+0.0000,+0.0000,+0.0000,+0.0000,+0.0000,+0.0000,+0.0000,+0.0000,+0.0000,+0.0000,+0.0000,+0.0000,+0.0000,+0.0000,+0.0000
623,1.00,1,True,0.0%,0.0%,0.0%,inf,11.6,0.14,0.000,1.0000,0.0000,0.0000,+0.0000,+0.0000,+1.0000,+0.0000,+0.0000,+0.0000,+0.0000,+0.0000,+0.0000,+0.0000,+0.0000,+0.0000,+0.0000,+1.0000,+0.0000,+0.0000,+0.0000,-0.1003,+0.0000,+0.0000,+0.0000,+0.0000
624,1.00,1,True,0.0%,0.0%,0.0%,inf,8.5,0.22,0.000,1.0000,0.0000,0.0000,+0.0000,+0.0000,+1.0000,+0.0000,+0.0000,+0.0000,+0.0000,+0.0000,+0.0000,+0.0000,+0.0000,+0.0000,+0.0000,+1.0000,+0.0000,+0.0000,+0.0000,-0.1003,+0.0000,+0.0000,+0.0000,+0.0000
625,0.00,90,False,0.0%,0.0%,0.0%,0.02,30.0,3.85,0.022,0.9889,1.0000,0.9946,+0.0000,+0.0000,+0.0000,+0.0000,+0.0000,+0.0000,+0.0000,+0.0000,+0.0000,+0.0000,+0.0000,+0.0000,+0.0000,+0.0000,+0.0000,+0.0000,+3.0000,+0.0225,-0.6367,+1.0000,+0.0000,+0.0000
627,-0.90,47,False,100.0%,0.0%,0.0%,0.31,34.3,2.00,6.519,0.7589,1.0000,0.8881,-0.9012,+0.0000,+0.0000,+0.0000,+0.0000,+0.0000,+0.0000,+0.0000,+0.0000,+0.0000,+0.0000,+1.0000,+0.0000,+0.0000,+0.0000,+0.0000,+34.0000,+0.0114,+0.7321,+4.7000,+0.0000,+0.0000
628,1.00,1,True,0.0%,0.0%,0.0%,inf,21.0,0.26,0.000,1.0000,0.0000,0.0000,+0.0000,+0.0000,+1.0000,+0.0000,+0.0000,+0.0000,+0.0000,+0.0000,+0.0000,+0.0000,+0.0000,+0.0000,+0.0000,+1.0000,+0.0000,+0.0000,+0.0000,-0.1003,+0.0000,+0.0000,+0.0000,+0.0000
631,1.00,1,True,0.0%,0.0%,0.0%,inf,19.6,0.28,0.000,1.0000,0.0000,0.0000,+0.0000,+0.0000,+1.0000,+0.0000,+0.0000,+0.0000,+0.0000,+0.0000,+0.0000,+0.0000,+0.0000,+0.0000,+0.0000,+1.0000,+0.0000,+0.0000,+0.0000,-0.1003,+0.0000,+0.0000,+0.0000,+0.0000
633,1.00,1,True,0.0%,0.0%,0.0%,inf,13.0,0.25,0.000,1.0000,0.0000,0.0000,+0.0000,+0.0000,+1.0000,+0.0000,+0.0000,+0.0000,+0.0000,+0.0000,+0.0000,+0.0000,+0.0000,+0.0000,+0.0000,+1.0000,+0.0000,+0.0000,+0.0000,-0.1003,+0.0000,+0.0000,+0.0000,+0.0000
634,1.00,1,True,0.0%,0.0%,0.0%,inf,19.7,0.21,0.000,0.6667,0.0000,0.6606,+0.0000,+0.0000,+1.0000,+0.0000,+0.0000,+0.0000,+0.0000,+0.0000,+0.0000,+0.0000,+0.0000,+0.0000,+0.0000,+1.0000,+0.0000,+0.0000,+1.0000,+0.0002,+0.0637,+0.1000,+0.0000,+0.0000
635,1.00,1,True,0.0%,0.0%,0.0%,inf,39.0,0.26,0.000,1.0000,0.0000,0.0000,+0.0000,+0.0000,+1.0000,+0.0000,+0.0000,+0.0000,+0.0000,+0.0000,+0.0000,+0.0000,+0.0000,+0.0000,+0.0000,+1.0000,+0.0000,+0.0000,+0.0000,-0.1003,+0.0000,+0.0000,+0.0000,+0.0000
636,0.00,1,False,0.0%,0.0%,0.0%,inf,10.3,0.17,0.000,1.0000,0.0000,1.0000,+0.0000,+0.0000,+0.0000,+0.0000,+0.0000,+0.0000,+0.0000,+0.0000,+0.0000,+0.0000,+0.0000,+0.0000,+0.0000,+0.0000,+0.0000,+0.0000,+0.0000,+0.0000,+0.0000,+0.0000,+0.0000,+0.0000
637,1.00,1,True,0.0%,0.0%,0.0%,inf,10.5,0.24,0.000,1.0000,0.0000,0.0000,+0.0000,+0.0000,+1.0000,+0.0000,+0.0000,+0.0000,+0.0000,+0.0000,+0.0000,+0.0000,+0.0000,+0.0000,+0.0000,+1.0000,+0.0000,+0.0000,+0.0000,-0.1003,+0.0000,+0.0000,+0.0000,+0.0000
641,1.00,24,True,0.0%,0.0%,0.0%,0.01,11.4,0.52,3.948,0.9722,1.0000,0.9814,+0.0000,+0.0000,+1.0000,+0.0000,+0.0000,+0.0000,+0.0000,+0.0000,+0.0000,+0.0000,+0.0000,+0.0000,+0.0000,+1.0000,+0.0000,+0.0000,+2.0000,+0.0060,-0.1013,+2.4000,+0.0000,+0.0000
647,-0.50,1,False,0.0%,0.0%,100.0%,inf,7.8,0.19,0.000,0.6667,0.0000,0.0000,+0.0000,-0.5000,+0.0000,+0.0000,+0.0000,+0.0000,+0.0000,+0.0000,+0.0000,+0.0000,+0.0000,+0.0000,+1.0000,+0.0000,+0.0000,+0.0000,+1.0000,+0.0001,+0.2690,+0.1000,+0.0000,+0.0000
648,-2.80,90,False,0.0%,0.0%,0.0%,0.11,8.8,1.64,13.084,0.8815,1.0000,0.9842,+0.0000,+0.0000,+0.0000,+0.0000,+0.0000,+0.0000,+0.0000,+0.0000,+0.0000,+0.0000,-2.8000,+0.0000,+0.0000,+0.0000,+0.0000,+0.0000,+32.0000,+0.0224,-0.4376,+9.0000,+0.0000,+28.0000
650,1.00,30,True,0.0%,0.0%,0.0%,0.01,24.3,1.05,4.652,0.9000,1.0000,0.9817,+0.0000,+0.0000,+1.0000,+0.0000,+0.0000,+0.0000,+0.0000,+0.0000,+0.0000,+0.0000,+0.0000,+0.0000,+0.0000,+1.0000,+0.0000,+0.0000,+9.0000,+0.0074,-0.1290,+3.0000,+0.0000,+0.0000
651,-0.77,40,False,100.0%,0.0%,0.0%,0.24,39.0,2.12,0.698,0.9917,1.0000,0.9180,-0.7725,+0.0000,+0.0000,+0.0000,+0.0000,+0.0000,+0.0000,+0.0000,+0.0000,+0.0000,+0.0000,+1.0000,+0.0000,+0.0000,+0.0000,+0.0000,+1.0000,+0.0099,+0.3758,+2.5000,+0.0000,+0.0000
652,1.00,1,True,0.0%,0.0%,0.0%,inf,36.0,0.26,0.000,1.0000,0.0000,0.0000,+0.0000,+0.0000,+1.0000,+0.0000,+0.0000,+0.0000,+0.0000,+0.0000,+0.0000,+0.0000,+0.0000,+0.0000,+0.0000,+1.0000,+0.0000,+0.0000,+0.0000,-0.1003,+0.0000,+0.0000,+0.0000,+0.0000
654,1.00,12,True,0.0%,0.0%,0.0%,0.01,38.0,0.73,0.891,0.9722,1.0000,0.8673,+0.0000,+0.0000,+1.0000,+0.0000,+0.0000,+0.0000,+0.0000,+0.0000,+0.0000,+0.0000,+0.0000,+0.0000,+0.0000,+1.0000,+0.0000,+0.0000,+1.0000,+0.0029,+0.2425,+1.2000,+0.0000,+0.0000
658,1.00,1,True,0.0%,0.0%,0.0%,inf,15.2,0.20,0.017,0.6667,1.0000,0.9656,+0.0000,+0.0000,+1.0000,+0.0000,+0.0000,+0.0000,+0.0000,+0.0000,+0.0000,+0.0000,+0.0000,+0.0000,+0.0000,+1.0000,+0.0000,+0.0000,+1.0000,+0.0002,-0.0008,+0.1000,+0.0000,+0.0000
659,-0.88,22,False,100.0%,100.0%,0.0%,0.28,38.8,1.16,4.260,0.8788,1.0000,0.8147,-0.8817,+0.0000,+0.0000,+0.0000,+0.0000,+0.0000,+0.0000,+0.0000,+0.0000,+0.0000,+0.0000,+1.0000,+0.0000,+0.0000,+0.0000,+0.0000,+8.0000,+0.0051,+0.6850,+2.2000,+0.0000,+0.0000
661,1.00,1,True,0.0%,0.0%,0.0%,inf,19.5,0.34,0.000,0.6667,0.0000,0.9104,+0.0000,+0.0000,+1.0000,+0.0000,+0.0000,+0.0000,+0.0000,+0.0000,+0.0000,+0.0000,+0.0000,+0.0000,+0.0000,+1.0000,+0.0000,+0.0000,+1.0000,+0.0002,+0.0110,+0.1000,+0.0000,+0.0000
663,1.00,32,True,0.0%,0.0%,0.0%,0.01,45.4,1.98,11.867,0.8854,0.9062,0.8895,+0.0000,+0.0000,+1.0000,+0.0000,+0.0000,+0.0000,+0.0000,+0.0000,+0.0000,+0.0000,+0.0000,+0.0000,+0.0000,+1.0000,+0.0000,+0.0000,+11.0000,+0.0077,+0.4810,+3.2000,+0.0000,+0.0000
665,1.00,89,True,0.0%,0.0%,0.0%,0.01,28.1,3.02,9.812,0.9888,1.0000,0.9913,+0.0000,+0.0000,+1.0000,+0.0000,+0.0000,+0.0000,+0.0000,+0.0000,+0.0000,+0.0000,+0.0000,+0.0000,+0.0000,+1.0000,+0.0000,+0.0000,+3.0000,+0.0222,-0.5665,+8.9000,+0.0000,+0.0000
666,-0.93,57,False,100.0%,0.0%,0.0%,0.19,44.7,2.95,3.474,0.9766,1.0000,0.8712,-0.9335,+0.0000,+0.0000,+0.0000,+0.0000,+0.0000,+0.0000,+0.0000,+0.0000,+0.0000,+0.0000,+1.0000,+0.0000,+0.0000,+0.0000,+0.0000,+4.0000,+0.0136,+1.0879,+5.7000,+0.0000,+0.0000
667,-4.60,56,True,0.0%,0.0%,0.0%,0.01,23.6,1.88,20.820,0.9107,1.0000,0.9944,+0.0000,+0.0000,+1.0000,+0.0000,+0.0000,+0.0000,+0.0000,+0.0000,+0.0000,+0.0000,-5.6000,+0.0000,+0.0000,+1.0000,+0.0000,+0.0000,+15.0000,+0.0140,-0.3944,+5.6000,+0.0000,+56.0000
671,1.00,1,True,0.0%,0.0%,0.0%,inf,18.3,0.18,0.000,1.0000,0.0000,0.0000,+0.0000,+0.0000,+1.0000,+0.0000,+0.0000,+0.0000,+0.0000,+0.0000,+0.0000,+0.0000,+0.0000,+0.0000,+0.0000,+1.0000,+0.0000,+0.0000,+0.0000,-0.1003,+0.0000,+0.0000,+0.0000,+0.0000
672,-0.50,1,False,0.0%,0.0%,100.0%,inf,22.2,0.25,0.092,0.6667,0.0000,0.0000,+0.0000,-0.5000,+0.0000,+0.0000,+0.0000,+0.0000,+0.0000,+0.0000,+0.0000,+0.0000,+0.0000,+0.0000,+1.0000,+0.0000,+0.0000,+0.0000,+1.0000,-0.1153,+0.0000,+0.1000,+0.0000,+0.0000
674,-2.60,75,True,0.0%,0.0%,0.0%,0.01,13.9,1.45,14.483,0.9467,0.9333,0.5134,+0.0000,+0.0000,+1.0000,+0.0000,+0.0000,+0.0000,+0.0000,+0.0000,+0.0000,+0.0000,-3.6000,+0.0000,+0.0000,+1.0000,+0.0000,+0.0000,+12.0000,-0.9468,+6.9222,+7.5000,+0.0000,+36.0000
677,0.00,1,False,0.0%,0.0%,0.0%,inf,23.0,0.30,0.000,1.0000,0.0000,1.0000,+0.0000,+0.0000,+0.0000,+0.0000,+0.0000,+0.0000,+0.0000,+0.0000,+0.0000,+0.0000,+0.0000,+0.0000,+0.0000,+0.0000,+0.0000,+0.0000,+0.0000,+0.0000,+0.0000,+0.0000,+0.0000,+0.0000
682,-3.90,90,False,0.0%,0.0%,0.0%,0.02,29.1,3.96,12.606,0.8111,1.0000,0.9659,+0.0000,+0.0000,+0.0000,+0.0000,+0.0000,+0.0000,+0.0000,+0.0000,+0.0000,+0.0000,-3.9000,+0.0000,+0.0000,+0.0000,+0.0000,+0.0000,+51.0000,+0.0223,-0.0815,+9.0000,+0.0000,+39.0000
684,1.00,16,True,0.0%,0.0%,0.0%,0.01,28.0,0.79,2.684,0.9792,1.0000,0.9922,+0.0000,+0.0000,+1.0000,+0.0000,+0.0000,+0.0000,+0.0000,+0.0000,+0.0000,+0.0000,+0.0000,+0.0000,+0.0000,+1.0000,+0.0000,+0.0000,+1.0000,+0.0040,-0.1050,+1.6000,+0.0000,+0.0000
686,-2.00,74,True,0.0%,0.0%,0.0%,0.01,45.1,4.45,13.865,0.9955,1.0000,0.9963,+0.0000,+0.0000,+1.0000,+0.0000,+0.0000,+0.0000,+0.0000,+0.0000,+0.0000,+0.0000,-3.0000,+0.0000,+0.0000,+1.0000,+0.0000,+0.0000,+1.0000,+0.0185,-0.5505,+7.4000,+0.0000,+30.0000
688,1.00,71,True,0.0%,0.0%,0.0%,0.01,27.8,2.77,8.084,0.8545,0.9437,0.9797,+0.0000,+0.0000,+1.0000,+0.0000,+0.0000,+0.0000,+0.0000,+0.0000,+0.0000,+0.0000,+0.0000,+0.0000,+0.0000,+1.0000,+0.0000,+0.0000,+31.0000,-1.6922,-0.2973,+7.1000,+0.0000,+0.0000
689,1.00,22,True,0.0%,0.0%,0.0%,0.01,28.6,1.15,11.190,0.8939,0.9545,0.9524,+0.0000,+0.0000,+1.0000,+0.0000,+0.0000,+0.0000,+0.0000,+0.0000,+0.0000,+0.0000,+0.0000,+0.0000,+0.0000,+1.0000,+0.0000,+0.0000,+7.0000,-0.7846,+0.0302,+2.2000,+0.0000,+0.0000
690,0.00,1,False,0.0%,0.0%,0.0%,inf,17.4,0.21,0.000,1.0000,0.0000,1.0000,+0.0000,+0.0000,+0.0000,+0.0000,+0.0000,+0.0000,+0.0000,+0.0000,+0.0000,+0.0000,+0.0000,+0.0000,+0.0000,+0.0000,+0.0000,+0.0000,+0.0000,+0.0000,+0.0000,+0.0000,+0.0000,+0.0000
692,0.00,1,False,0.0%,0.0%,0.0%,inf,20.3,0.22,0.000,1.0000,0.0000,1.0000,+0.0000,+0.0000,+0.0000,+0.0000,+0.0000,+0.0000,+0.0000,+0.0000,+0.0000,+0.0000,+0.0000,+0.0000,+0.0000,+0.0000,+0.0000,+0.0000,+0.0000,+0.0000,+0.0000,+0.0000,+0.0000,+0.0000
693,0.00,1,False,0.0%,0.0%,0.0%,inf,16.3,0.25,0.000,1.0000,0.0000,1.0000,+0.0000,+0.0000,+0.0000,+0.0000,+0.0000,+0.0000,+0.0000,+0.0000,+0.0000,+0.0000,+0.0000,+0.0000,+0.0000,+0.0000,+0.0000,+0.0000,+0.0000,+0.0000,+0.0000,+0.0000,+0.0000,+0.0000
694,-0.80,90,False,0.0%,0.0%,0.0%,0.04,22.5,2.68,9.992,0.9296,0.9889,0.9704,+0.0000,+0.0000,+0.0000,+0.0000,+0.0000,+0.0000,+0.0000,+0.0000,+0.0000,+0.0000,-0.8000,+0.0000,+0.0000,+0.0000,+0.0000,+0.0000,+19.0000,+0.0223,-0.1702,+9.0000,+0.0000,+8.0000
695,1.00,77,True,0.0%,0.0%,0.0%,0.01,56.3,5.06,2.316,0.9351,1.0000,0.9597,+0.0000,+0.0000,+1.0000,+0.0000,+0.0000,+0.0000,+0.0000,+0.0000,+0.0000,+0.0000,+0.0000,+0.0000,+0.0000,+1.0000,+0.0000,+0.0000,+15.0000,+0.0185,+0.0339,+7.7000,+0.0000,+0.0000
696,1.00,1,True,0.0%,0.0%,0.0%,inf,20.0,0.18,1.108,0.0000,0.0000,0.0000,+0.0000,+0.0000,+1.0000,+0.0000,+0.0000,+0.0000,+0.0000,+0.0000,+0.0000,+0.0000,+0.0000,+0.0000,+0.0000,+1.0000,+0.0000,+0.0000,+3.0000,-0.1003,+0.0000,+0.1000,+0.0000,+0.0000
700,1.00,65,True,0.0%,0.0%,0.0%,0.01,31.7,2.53,4.959,0.9949,0.6923,0.9803,+0.0000,+0.0000,+1.0000,+0.0000,+0.0000,+0.0000,+0.0000,+0.0000,+0.0000,+0.0000,+0.0000,+0.0000,+0.0000,+1.0000,+0.0000,+0.0000,+1.0000,-5.6492,-0.4183,+6.5000,+0.0000,+0.0000
701,1.00,1,True,0.0%,0.0%,0.0%,inf,24.2,0.36,0.000,0.6667,0.0000,0.8727,+0.0000,+0.0000,+1.0000,+0.0000,+0.0000,+0.0000,+0.0000,+0.0000,+0.0000,+0.0000,+0.0000,+0.0000,+0.0000,+1.0000,+0.0000,+0.0000,+1.0000,+0.0002,+0.0191,+0.1000,+0.0000,+0.0000
702,0.50,27,True,0.0%,0.0%,0.0%,0.01,14.0,0.71,13.702,0.9506,1.0000,0.9877,+0.0000,+0.0000,+1.0000,+0.0000,+0.0000,+0.0000,+0.0000,+0.0000,+0.0000,+0.0000,-0.5000,+0.0000,+0.0000,+1.0000,+0.0000,+0.0000,+4.0000,+0.0067,-0.1510,+2.7000,+0.0000,+5.0000
703,1.00,1,True,0.0%,0.0%,0.0%,inf,42.6,0.29,0.000,1.0000,0.0000,0.0000,+0.0000,+0.0000,+1.0000,+0.0000,+0.0000,+0.0000,+0.0000,+0.0000,+0.0000,+0.0000,+0.0000,+0.0000,+0.0000,+1.0000,+0.0000,+0.0000,+0.0000,-0.1003,+0.0000,+0.0000,+0.0000,+0.0000
704,0.00,90,False,0.0%,0.0%,0.0%,0.02,21.5,2.85,1.198,0.9667,0.9778,0.9535,+0.0000,+0.0000,+0.0000,+0.0000,+0.0000,+0.0000,+0.0000,+0.0000,+0.0000,+0.0000,+0.0000,+0.0000,+0.0000,+0.0000,+0.0000,+0.0000,+9.0000,+0.0219,+0.1603,+9.0000,+0.0000,+0.0000
706,0.00,90,False,0.0%,0.0%,0.0%,0.01,11.0,1.44,8.929,0.8333,0.9000,0.9649,+0.0000,+0.0000,+0.0000,+0.0000,+0.0000,+0.0000,+0.0000,+0.0000,+0.0000,+0.0000,+0.0000,+0.0000,+0.0000,+0.0000,+0.0000,+0.0000,+45.0000,+0.0222,-0.0658,+9.0000,+0.0000,+0.0000
707,0.00,90,False,0.0%,0.0%,0.0%,0.07,18.9,2.83,11.181,0.9889,1.0000,0.9872,+0.0000,+0.0000,+0.0000,+0.0000,+0.0000,+0.0000,+0.0000,+0.0000,+0.0000,+0.0000,+0.0000,+0.0000,+0.0000,+0.0000,+0.0000,+0.0000,+3.0000,+0.0224,-0.4953,+9.0000,+0.0000,+0.0000
708,1.00,34,True,0.0%,0.0%,0.0%,0.01,38.5,1.57,9.717,0.8627,1.0000,0.8988,+0.0000,+0.0000,+1.0000,+0.0000,+0.0000,+0.0000,+0.0000,+0.0000,+0.0000,+0.0000,+0.0000,+0.0000,+0.0000,+1.0000,+0.0000,+0.0000,+14.0000,+0.0081,+0.4561,+3.4000,+0.0000,+0.0000
712,-3.70,90,False,0.0%,0.0%,0.0%,0.06,33.3,4.92,14.436,0.9815,1.0000,0.9968,+0.0000,+0.0000,+0.0000,+0.0000,+0.0000,+0.0000,+0.0000,+0.0000,+0.0000,+0.0000,-3.7000,+0.0000,+0.0000,+0.0000,+0.0000,+0.0000,+5.0000,+0.0225,-0.6790,+9.0000,+0.0000,+37.0000
714,0.00,90,False,0.0%,0.0%,0.0%,0.13,23.7,3.18,9.901,0.9741,1.0000,0.9761,+0.0000,+0.0000,+0.0000,+0.0000,+0.0000,+0.0000,+0.0000,+0.0000,+0.0000,+0.0000,+0.0000,+0.0000,+0.0000,+0.0000,+0.0000,+0.0000,+7.0000,+0.0223,-0.2787,+9.0000,+0.0000,+0.0000
715,0.00,90,False,0.0%,0.0%,0.0%,0.07,32.9,3.66,3.754,0.9889,0.4111,0.9714,+0.0000,+0.0000,+0.0000,+0.0000,+0.0000,+0.0000,+0.0000,+0.0000,+0.0000,+0.0000,+0.0000,+0.0000,+0.0000,+0.0000,+0.0000,+0.0000,+3.0000,+0.0219,-0.1894,+9.0000,+0.0000,+0.0000
717,-5.58,90,False,100.0%,0.0%,0.0%,0.03,9.9,1.27,14.209,0.8593,1.0000,0.9757,-1.2795,+0.0000,+0.0000,+0.0000,+0.0000,+0.0000,+0.0000,+0.0000,+0.0000,+0.0000,-4.3000,+1.0000,+0.0000,+0.0000,+0.0000,+0.0000,+38.0000,+0.0224,-0.2762,+9.0000,+0.0000,+43.0000
718,-5.30,81,True,0.0%,0.0%,0.0%,0.01,12.3,1.64,16.663,0.8395,1.0000,0.9902,+0.0000,+0.0000,+1.0000,+0.0000,+0.0000,+0.0000,+0.0000,+0.0000,+0.0000,+0.0000,-6.3000,+0.0000,+0.0000,+1.0000,+0.0000,+0.0000,+39.0000,+0.0202,-0.4969,+8.1000,+0.0000,+63.0000
719,1.00,32,True,0.0%,0.0%,0.0%,0.01,18.8,0.87,12.387,0.9583,1.0000,0.9616,+0.0000,+0.0000,+1.0000,+0.0000,+0.0000,+0.0000,+0.0000,+0.0000,+0.0000,+0.0000,+0.0000,+0.0000,+0.0000,+1.0000,+0.0000,+0.0000,+4.0000,+0.0079,-0.0005,+3.2000,+0.0000,+0.0000
720,1.00,1,True,0.0%,0.0%,0.0%,inf,17.3,0.23,0.000,1.0000,0.0000,0.0000,+0.0000,+0.0000,+1.0000,+0.0000,+0.0000,+0.0000,+0.0000,+0.0000,+0.0000,+0.0000,+0.0000,+0.0000,+0.0000,+1.0000,+0.0000,+0.0000,+0.0000,-0.1003,+0.0000,+0.0000,+0.0000,+0.0000
721,-4.40,54,True,0.0%,0.0%,0.0%,0.01,13.0,1.12,17.562,0.9321,1.0000,0.9748,+0.0000,+0.0000,+1.0000,+0.0000,+0.0000,+0.0000,+0.0000,+0.0000,+0.0000,+0.0000,-5.4000,+0.0000,+0.0000,+1.0000,+0.0000,+0.0000,+11.0000,+0.0134,-0.1547,+5.4000,+0.0000,+54.0000
722,1.00,1,True,0.0%,0.0%,0.0%,inf,24.9,0.22,0.000,1.0000,0.0000,0.0000,+0.0000,+0.0000,+1.0000,+0.0000,+0.0000,+0.0000,+0.0000,+0.0000,+0.0000,+0.0000,+0.0000,+0.0000,+0.0000,+1.0000,+0.0000,+0.0000,+0.0000,-0.1003,+0.0000,+0.0000,+0.0000,+0.0000
723,1.00,1,True,0.0%,0.0%,0.0%,inf,21.1,0.26,0.000,1.0000,0.0000,0.0000,+0.0000,+0.0000,+1.0000,+0.0000,+0.0000,+0.0000,+0.0000,+0.0000,+0.0000,+0.0000,+0.0000,+0.0000,+0.0000,+1.0000,+0.0000,+0.0000,+0.0000,-0.1003,+0.0000,+0.0000,+0.0000,+0.0000
725,0.00,90,False,0.0%,0.0%,0.0%,0.03,16.1,1.87,2.961,0.9556,0.4444,0.7511,+0.0000,+0.0000,+0.0000,+0.0000,+0.0000,+0.0000,+0.0000,+0.0000,+0.0000,+0.0000,+0.0000,+0.0000,+0.0000,+0.0000,+0.0000,+0.0000,+12.0000,-3.3789,+2.5206,+9.0000,+0.0000,+0.0000
726,-4.40,54,True,0.0%,0.0%,0.0%,0.01,11.5,0.92,20.059,0.9691,0.8148,0.9963,+0.0000,+0.0000,+1.0000,+0.0000,+0.0000,+0.0000,+0.0000,+0.0000,+0.0000,+0.0000,-5.4000,+0.0000,+0.0000,+1.0000,+0.0000,+0.0000,+5.0000,+0.0135,-0.4015,+5.4000,+0.0000,+54.0000
727,-4.20,52,True,0.0%,0.0%,0.0%,0.01,8.7,1.09,20.320,0.9359,1.0000,0.9930,+0.0000,+0.0000,+1.0000,+0.0000,+0.0000,+0.0000,+0.0000,+0.0000,+0.0000,+0.0000,-5.2000,+0.0000,+0.0000,+1.0000,+0.0000,+0.0000,+10.0000,+0.0130,-0.3507,+5.2000,+0.0000,+52.0000
728,0.00,1,False,0.0%,0.0%,0.0%,inf,24.3,0.35,0.000,1.0000,0.0000,1.0000,+0.0000,+0.0000,+0.0000,+0.0000,+0.0000,+0.0000,+0.0000,+0.0000,+0.0000,+0.0000,+0.0000,+0.0000,+0.0000,+0.0000,+0.0000,+0.0000,+0.0000,+0.0000,+0.0000,+0.0000,+0.0000,+0.0000
730,0.00,90,False,0.0%,0.0%,0.0%,0.10,31.6,3.84,8.017,0.8148,0.9111,0.9299,+0.0000,+0.0000,+0.0000,+0.0000,+0.0000,+0.0000,+0.0000,+0.0000,+0.0000,+0.0000,+0.0000,+0.0000,+0.0000,+0.0000,+0.0000,+0.0000,+50.0000,-1.3240,+0.5061,+9.0000,+0.0000,+0.0000
732,1.00,73,True,0.0%,0.0%,0.0%,0.01,22.5,2.11,9.691,0.9954,1.0000,0.9891,+0.0000,+0.0000,+1.0000,+0.0000,+0.0000,+0.0000,+0.0000,+0.0000,+0.0000,+0.0000,+0.0000,+0.0000,+0.0000,+1.0000,+0.0000,+0.0000,+1.0000,+0.0182,-0.4309,+7.3000,+0.0000,+0.0000
733,0.00,1,False,0.0%,0.0%,0.0%,inf,10.1,0.22,0.000,1.0000,0.0000,1.0000,+0.0000,+0.0000,+0.0000,+0.0000,+0.0000,+0.0000,+0.0000,+0.0000,+0.0000,+0.0000,+0.0000,+0.0000,+0.0000,+0.0000,+0.0000,+0.0000,+0.0000,+0.0000,+0.0000,+0.0000,+0.0000,+0.0000
734,-0.85,47,False,100.0%,0.0%,0.0%,0.29,41.7,3.02,3.095,0.8156,1.0000,0.8804,-0.8488,+0.0000,+0.0000,+0.0000,+0.0000,+0.0000,+0.0000,+0.0000,+0.0000,+0.0000,+0.0000,+1.0000,+0.0000,+0.0000,+0.0000,+0.0000,+26.0000,+0.0111,+0.8158,+4.7000,+0.0000,+0.0000
735,1.00,27,True,0.0%,0.0%,0.0%,0.01,21.5,0.79,3.560,0.9012,1.0000,0.9464,+0.0000,+0.0000,+1.0000,+0.0000,+0.0000,+0.0000,+0.0000,+0.0000,+0.0000,+0.0000,+0.0000,+0.0000,+0.0000,+1.0000,+0.0000,+0.0000,+8.0000,+0.0066,+0.0889,+2.7000,+0.0000,+0.0000
736,-0.90,90,True,0.0%,0.0%,0.0%,0.01,27.1,3.30,13.882,0.9889,0.9667,0.9941,+0.0000,+0.0000,+1.0000,+0.0000,+0.0000,+0.0000,+0.0000,+0.0000,+0.0000,+0.0000,-1.9000,+0.0000,+0.0000,+1.0000,+0.0000,+0.0000,+3.0000,-1.6793,-0.6517,+9.0000,+0.0000,+19.0000
738,1.00,1,True,0.0%,0.0%,0.0%,inf,40.5,0.27,0.000,1.0000,0.0000,0.0000,+0.0000,+0.0000,+1.0000,+0.0000,+0.0000,+0.0000,+0.0000,+0.0000,+0.0000,+0.0000,+0.0000,+0.0000,+0.0000,+1.0000,+0.0000,+0.0000,+0.0000,-0.1003,+0.0000,+0.0000,+0.0000,+0.0000
740,1.00,1,True,0.0%,0.0%,0.0%,inf,22.6,0.24,0.000,1.0000,0.0000,0.0000,+0.0000,+0.0000,+1.0000,+0.0000,+0.0000,+0.0000,+0.0000,+0.0000,+0.0000,+0.0000,+0.0000,+0.0000,+0.0000,+1.0000,+0.0000,+0.0000,+0.0000,-0.1003,+0.0000,+0.0000,+0.0000,+0.0000
742,-1.05,15,False,100.0%,100.0%,0.0%,0.53,41.4,1.16,8.054,0.5333,1.0000,0.7169,-1.0538,+0.0000,+0.0000,+0.0000,+0.0000,+0.0000,+0.0000,+0.0000,+0.0000,+0.0000,+0.0000,+1.0000,+0.0000,+0.0000,+0.0000,+0.0000,+21.0000,+0.0035,+0.7755,+1.5000,+0.0000,+0.0000
743,0.00,1,False,0.0%,0.0%,0.0%,inf,7.7,0.22,0.000,1.0000,0.0000,1.0000,+0.0000,+0.0000,+0.0000,+0.0000,+0.0000,+0.0000,+0.0000,+0.0000,+0.0000,+0.0000,+0.0000,+0.0000,+0.0000,+0.0000,+0.0000,+0.0000,+0.0000,+0.0000,+0.0000,+0.0000,+0.0000,+0.0000
746,0.00,1,False,0.0%,0.0%,0.0%,inf,19.1,0.28,0.000,1.0000,0.0000,1.0000,+0.0000,+0.0000,+0.0000,+0.0000,+0.0000,+0.0000,+0.0000,+0.0000,+0.0000,+0.0000,+0.0000,+0.0000,+0.0000,+0.0000,+0.0000,+0.0000,+0.0000,+0.0000,+0.0000,+0.0000,+0.0000,+0.0000
749,1.00,1,True,0.0%,0.0%,0.0%,inf,30.2,0.24,0.000,1.0000,0.0000,0.0000,+0.0000,+0.0000,+1.0000,+0.0000,+0.0000,+0.0000,+0.0000,+0.0000,+0.0000,+0.0000,+0.0000,+0.0000,+0.0000,+1.0000,+0.0000,+0.0000,+0.0000,-0.1003,+0.0000,+0.0000,+0.0000,+0.0000
750,-0.50,1,False,0.0%,0.0%,100.0%,inf,10.5,0.25,0.000,0.6667,0.0000,0.0000,+0.0000,-0.5000,+0.0000,+0.0000,+0.0000,+0.0000,+0.0000,+0.0000,+0.0000,+0.0000,+0.0000,+0.0000,+1.0000,+0.0000,+0.0000,+0.0000,+1.0000,+0.0002,+0.2254,+0.1000,+0.0000,+0.0000
751,-1.45,70,False,100.0%,0.0%,0.0%,0.18,25.3,2.84,12.325,0.9000,1.0000,0.9847,-1.4481,+0.0000,+0.0000,+0.0000,+0.0000,+0.0000,+0.0000,+0.0000,+0.0000,+0.0000,+0.0000,+1.0000,+0.0000,+0.0000,+0.0000,+0.0000,+21.0000,+0.0174,-0.3473,+7.0000,+0.0000,+0.0000
752,-2.60,36,True,0.0%,0.0%,0.0%,0.01,11.4,0.81,20.915,0.8889,1.0000,0.9863,+0.0000,+0.0000,+1.0000,+0.0000,+0.0000,+0.0000,+0.0000,+0.0000,+0.0000,+0.0000,-3.6000,+0.0000,+0.0000,+1.0000,+0.0000,+0.0000,+12.0000,+0.0090,-0.1908,+3.6000,+0.0000,+36.0000
753,1.00,1,True,0.0%,0.0%,0.0%,inf,26.3,0.22,0.000,1.0000,1.0000,0.8968,+0.0000,+0.0000,+1.0000,+0.0000,+0.0000,+0.0000,+0.0000,+0.0000,+0.0000,+0.0000,+0.0000,+0.0000,+0.0000,+1.0000,+0.0000,+0.0000,+0.0000,+0.0003,+0.0139,+0.0000,+0.0000,+0.0000
754,1.00,1,True,0.0%,0.0%,0.0%,inf,29.7,0.28,0.000,1.0000,0.0000,0.0000,+0.0000,+0.0000,+1.0000,+0.0000,+0.0000,+0.0000,+0.0000,+0.0000,+0.0000,+0.0000,+0.0000,+0.0000,+0.0000,+1.0000,+0.0000,+0.0000,+0.0000,-0.1003,+0.0000,+0.0000,+0.0000,+0.0000
757,1.00,72,True,0.0%,0.0%,0.0%,0.01,29.8,2.98,13.985,0.9769,0.9722,0.9945,+0.0000,+0.0000,+1.0000,+0.0000,+0.0000,+0.0000,+0.0000,+0.0000,+0.0000,+0.0000,+0.0000,+0.0000,+0.0000,+1.0000,+0.0000,+0.0000,+5.0000,-1.2374,-0.5187,+7.2000,+0.0000,+0.0000
758,0.00,90,False,0.0%,0.0%,0.0%,0.06,18.4,2.16,6.782,0.9852,1.0000,0.9887,+0.0000,+0.0000,+0.0000,+0.0000,+0.0000,+0.0000,+0.0000,+0.0000,+0.0000,+0.0000,+0.0000,+0.0000,+0.0000,+0.0000,+0.0000,+0.0000,+4.0000,+0.0224,-0.5238,+9.0000,+0.0000,+0.0000
760,1.00,88,True,0.0%,0.0%,0.0%,0.01,11.9,1.43,6.928,0.9659,1.0000,0.9706,+0.0000,+0.0000,+1.0000,+0.0000,+0.0000,+0.0000,+0.0000,+0.0000,+0.0000,+0.0000,+0.0000,+0.0000,+0.0000,+1.0000,+0.0000,+0.0000,+9.0000,+0.0218,-0.1690,+8.8000,+0.0000,+0.0000
761,-7.60,90,False,0.0%,0.0%,0.0%,0.16,10.6,1.98,17.318,0.8852,1.0000,0.8933,+0.0000,+0.0000,+0.0000,+0.0000,+0.0000,+0.0000,+0.0000,+0.0000,+0.0000,+0.0000,-7.6000,+0.0000,+0.0000,+0.0000,+0.0000,+0.0000,+31.0000,+0.0222,+1.2923,+7.7000,+0.0000,+76.0000
762,-1.40,90,False,0.0%,0.0%,0.0%,0.11,20.1,3.69,11.449,0.9704,1.0000,0.9802,+0.0000,+0.0000,+0.0000,+0.0000,+0.0000,+0.0000,+0.0000,+0.0000,+0.0000,+0.0000,-1.4000,+0.0000,+0.0000,+0.0000,+0.0000,+0.0000,+8.0000,+0.0223,-0.3600,+9.0000,+0.0000,+14.0000
763,0.00,90,False,0.0%,0.0%,0.0%,0.18,30.9,3.55,4.934,0.9926,1.0000,0.9832,+0.0000,+0.0000,+0.0000,+0.0000,+0.0000,+0.0000,+0.0000,+0.0000,+0.0000,+0.0000,+0.0000,+0.0000,+0.0000,+0.0000,+0.0000,+0.0000,+2.0000,+0.0224,-0.4180,+9.0000,+0.0000,+0.0000
766,1.00,1,True,0.0%,0.0%,0.0%,inf,10.6,0.16,0.000,1.0000,0.0000,0.0000,+0.0000,+0.0000,+1.0000,+0.0000,+0.0000,+0.0000,+0.0000,+0.0000,+0.0000,+0.0000,+0.0000,+0.0000,+0.0000,+1.0000,+0.0000,+0.0000,+0.0000,-0.0112,-0.0002,+0.0000,+0.0000,+0.0000
769,1.00,1,True,0.0%,0.0%,0.0%,inf,8.9,0.20,0.000,0.6667,1.0000,0.9797,+0.0000,+0.0000,+1.0000,+0.0000,+0.0000,+0.0000,+0.0000,+0.0000,+0.0000,+0.0000,+0.0000,+0.0000,+0.0000,+1.0000,+0.0000,+0.0000,+1.0000,+0.0002,-0.0039,+0.1000,+0.0000,+0.0000
770,-7.10,90,False,0.0%,0.0%,0.0%,0.01,43.6,5.49,16.114,0.8370,0.9333,0.9488,+0.0000,+0.0000,+0.0000,+0.0000,+0.0000,+0.0000,+0.0000,+0.0000,+0.0000,+0.0000,-7.1000,+0.0000,+0.0000,+0.0000,+0.0000,+0.0000,+44.0000,-1.3152,+0.0239,+9.0000,+0.0000,+71.0000
771,0.00,1,False,0.0%,0.0%,0.0%,inf,14.4,0.29,0.000,1.0000,0.0000,1.0000,+0.0000,+0.0000,+0.0000,+0.0000,+0.0000,+0.0000,+0.0000,+0.0000,+0.0000,+0.0000,+0.0000,+0.0000,+0.0000,+0.0000,+0.0000,+0.0000,+0.0000,+0.0000,+0.0000,+0.0000,+0.0000,+0.0000
772,1.00,76,True,0.0%,0.0%,0.0%,0.01,21.7,2.39,10.534,0.9737,0.9868,0.9809,+0.0000,+0.0000,+1.0000,+0.0000,+0.0000,+0.0000,+0.0000,+0.0000,+0.0000,+0.0000,+0.0000,+0.0000,+0.0000,+1.0000,+0.0000,+0.0000,+6.0000,+0.0140,-0.3140,+7.6000,+0.0000,+0.0000
773,1.00,1,True,0.0%,0.0%,0.0%,inf,29.4,0.21,0.000,1.0000,0.0000,0.0000,+0.0000,+0.0000,+1.0000,+0.0000,+0.0000,+0.0000,+0.0000,+0.0000,+0.0000,+0.0000,+0.0000,+0.0000,+0.0000,+1.0000,+0.0000,+0.0000,+0.0000,-0.1003,+0.0000,+0.0000,+0.0000,+0.0000
774,0.00,90,False,0.0%,0.0%,0.0%,0.12,24.1,2.74,5.157,0.9444,0.9778,0.9664,+0.0000,+0.0000,+0.0000,+0.0000,+0.0000,+0.0000,+0.0000,+0.0000,+0.0000,+0.0000,+0.0000,+0.0000,+0.0000,+0.0000,+0.0000,+0.0000,+15.0000,+0.0222,-0.0941,+9.0000,+0.0000,+0.0000
775,0.00,1,False,0.0%,0.0%,0.0%,inf,10.9,0.20,0.000,1.0000,0.0000,1.0000,+0.0000,+0.0000,+0.0000,+0.0000,+0.0000,+0.0000,+0.0000,+0.0000,+0.0000,+0.0000,+0.0000,+0.0000,+0.0000,+0.0000,+0.0000,+0.0000,+0.0000,+0.0000,+0.0000,+0.0000,+0.0000,+0.0000
776,0.00,1,False,0.0%,0.0%,0.0%,inf,11.7,0.20,0.000,1.0000,0.0000,1.0000,+0.0000,+0.0000,+0.0000,+0.0000,+0.0000,+0.0000,+0.0000,+0.0000,+0.0000,+0.0000,+0.0000,+0.0000,+0.0000,+0.0000,+0.0000,+0.0000,+0.0000,+0.0000,+0.0000,+0.0000,+0.0000,+0.0000
777,1.00,90,True,0.0%,0.0%,0.0%,0.01,18.2,2.60,10.553,0.7704,0.9222,0.9059,+0.0000,+0.0000,+1.0000,+0.0000,+0.0000,+0.0000,+0.0000,+0.0000,+0.0000,+0.0000,+0.0000,+0.0000,+0.0000,+1.0000,+0.0000,+0.0000,+62.0000,-1.3907,+0.9367,+9.0000,+0.0000,+0.0000
779,1.00,64,True,0.0%,0.0%,0.0%,0.01,8.7,0.86,6.404,0.9948,1.0000,0.9824,+0.0000,+0.0000,+1.0000,+0.0000,+0.0000,+0.0000,+0.0000,+0.0000,+0.0000,+0.0000,+0.0000,+0.0000,+0.0000,+1.0000,+0.0000,+0.0000,+1.0000,+0.0158,-0.2853,+6.4000,+0.0000,+0.0000
780,1.00,1,True,0.0%,0.0%,0.0%,inf,9.2,0.30,0.000,1.0000,0.0000,0.0000,+0.0000,+0.0000,+1.0000,+0.0000,+0.0000,+0.0000,+0.0000,+0.0000,+0.0000,+0.0000,+0.0000,+0.0000,+0.0000,+1.0000,+0.0000,+0.0000,+0.0000,-0.1003,+0.0000,+0.0000,+0.0000,+0.0000
782,-1.04,48,False,100.0%,0.0%,0.0%,0.20,24.4,1.73,7.089,0.8958,0.9583,0.9437,-1.0405,+0.0000,+0.0000,+0.0000,+0.0000,+0.0000,+0.0000,+0.0000,+0.0000,+0.0000,+0.0000,+1.0000,+0.0000,+0.0000,+0.0000,+0.0000,+15.0000,-0.5772,+0.1734,+4.8000,+0.0000,+0.0000
783,1.00,1,True,0.0%,0.0%,0.0%,inf,38.3,0.28,0.000,0.6667,1.0000,0.9328,+0.0000,+0.0000,+1.0000,+0.0000,+0.0000,+0.0000,+0.0000,+0.0000,+0.0000,+0.0000,+0.0000,+0.0000,+0.0000,+1.0000,+0.0000,+0.0000,+1.0000,+0.0002,+0.0062,+0.1000,+0.0000,+0.0000
787,1.00,73,True,0.0%,0.0%,0.0%,0.01,23.3,2.06,7.108,0.9498,1.0000,0.9769,+0.0000,+0.0000,+1.0000,+0.0000,+0.0000,+0.0000,+0.0000,+0.0000,+0.0000,+0.0000,+0.0000,+0.0000,+0.0000,+1.0000,+0.0000,+0.0000,+11.0000,+0.0181,-0.2390,+7.3000,+0.0000,+0.0000
788,1.00,1,True,0.0%,0.0%,0.0%,inf,9.1,0.19,0.000,1.0000,0.0000,0.0000,+0.0000,+0.0000,+1.0000,+0.0000,+0.0000,+0.0000,+0.0000,+0.0000,+0.0000,+0.0000,+0.0000,+0.0000,+0.0000,+1.0000,+0.0000,+0.0000,+0.0000,-0.1003,+0.0000,+0.0000,+0.0000,+0.0000
789,0.00,90,False,0.0%,0.0%,0.0%,0.13,10.5,1.32,5.018,0.9667,0.8667,0.8743,+0.0000,+0.0000,+0.0000,+0.0000,+0.0000,+0.0000,+0.0000,+0.0000,+0.0000,+0.0000,+0.0000,+0.0000,+0.0000,+0.0000,+0.0000,+0.0000,+9.0000,-0.6738,+1.2436,+9.0000,+0.0000,+0.0000
790,-0.20,90,False,0.0%,0.0%,0.0%,0.03,24.4,3.04,9.761,0.9926,1.0000,0.9930,+0.0000,+0.0000,+0.0000,+0.0000,+0.0000,+0.0000,+0.0000,+0.0000,+0.0000,+0.0000,-0.2000,+0.0000,+0.0000,+0.0000,+0.0000,+0.0000,+2.0000,+0.0225,-0.6054,+9.0000,+0.0000,+2.0000
791,-0.97,90,False,100.0%,0.0%,0.0%,0.28,27.9,3.55,4.183,0.9519,0.9111,0.8476,-0.9719,+0.0000,+0.0000,+0.0000,+0.0000,+0.0000,+0.0000,+0.0000,+0.0000,+0.0000,+0.0000,+1.0000,+0.0000,+0.0000,+0.0000,+0.0000,+13.0000,-2.3572,+2.1374,+9.0000,+0.0000,+0.0000
792,1.00,1,True,0.0%,0.0%,0.0%,inf,7.1,0.23,0.000,0.6667,1.0000,0.9898,+0.0000,+0.0000,+1.0000,+0.0000,+0.0000,+0.0000,+0.0000,+0.0000,+0.0000,+0.0000,+0.0000,+0.0000,+0.0000,+1.0000,+0.0000,+0.0000,+1.0000,+0.0002,-0.0060,+0.1000,+0.0000,+0.0000
795,1.00,1,True,0.0%,0.0%,0.0%,inf,25.9,0.23,0.000,1.0000,0.0000,0.0000,+0.0000,+0.0000,+1.0000,+0.0000,+0.0000,+0.0000,+0.0000,+0.0000,+0.0000,+0.0000,+0.0000,+0.0000,+0.0000,+1.0000,+0.0000,+0.0000,+0.0000,-0.1003,+0.0000,+0.0000,+0.0000,+0.0000
798,0.00,90,False,0.0%,0.0%,0.0%,0.45,15.0,1.83,5.583,0.8148,1.0000,0.9853,+0.0000,+0.0000,+0.0000,+0.0000,+0.0000,+0.0000,+0.0000,+0.0000,+0.0000,+0.0000,+0.0000,+0.0000,+0.0000,+0.0000,+0.0000,+0.0000,+50.0000,+0.0221,-0.4565,+9.0000,+0.0000,+0.0000
800,1.00,1,True,0.0%,0.0%,0.0%,inf,20.1,0.24,0.000,1.0000,0.0000,0.0000,+0.0000,+0.0000,+1.0000,+0.0000,+0.0000,+0.0000,+0.0000,+0.0000,+0.0000,+0.0000,+0.0000,+0.0000,+0.0000,+1.0000,+0.0000,+0.0000,+0.0000,-0.1003,+0.0000,+0.0000,+0.0000,+0.0000
801,1.00,1,True,0.0%,0.0%,0.0%,inf,21.4,0.24,0.000,1.0000,0.0000,0.0000,+0.0000,+0.0000,+1.0000,+0.0000,+0.0000,+0.0000,+0.0000,+0.0000,+0.0000,+0.0000,+0.0000,+0.0000,+0.0000,+1.0000,+0.0000,+0.0000,+0.0000,-0.1003,+0.0000,+0.0000,+0.0000,+0.0000
802,0.90,28,True,0.0%,0.0%,0.0%,0.01,28.2,1.05,13.305,0.9881,0.9286,0.9929,+0.0000,+0.0000,+1.0000,+0.0000,+0.0000,+0.0000,+0.0000,+0.0000,+0.0000,+0.0000,-0.1000,+0.0000,+0.0000,+1.0000,+0.0000,+0.0000,+1.0000,-0.6550,-0.1882,+2.8000,+0.0000,+1.0000
808,1.00,67,True,0.0%,0.0%,0.0%,0.01,11.6,1.04,9.834,0.9900,1.0000,0.9944,+0.0000,+0.0000,+1.0000,+0.0000,+0.0000,+0.0000,+0.0000,+0.0000,+0.0000,+0.0000,+0.0000,+0.0000,+0.0000,+1.0000,+0.0000,+0.0000,+2.0000,+0.0167,-0.4717,+6.7000,+0.0000,+0.0000
810,-2.40,57,True,0.0%,0.0%,0.0%,0.01,6.5,0.59,15.458,0.9415,1.0000,0.9774,+0.0000,+0.0000,+1.0000,+0.0000,+0.0000,+0.0000,+0.0000,+0.0000,+0.0000,+0.0000,-3.4000,+0.0000,+0.0000,+1.0000,+0.0000,+0.0000,+10.0000,+0.0141,-0.1931,+5.7000,+0.0000,+34.0000
811,-0.94,33,False,100.0%,0.0%,0.0%,0.22,30.2,1.39,5.150,0.8788,1.0000,0.6246,-0.9351,+0.0000,+0.0000,+0.0000,+0.0000,+0.0000,+0.0000,+0.0000,+0.0000,+0.0000,+0.0000,+1.0000,+0.0000,+0.0000,+0.0000,+0.0000,+12.0000,+0.0079,+2.3409,+3.3000,+0.0000,+0.0000
812,0.10,9,True,0.0%,0.0%,0.0%,0.01,25.3,0.54,16.326,0.5556,1.0000,0.7774,+0.0000,+0.0000,+1.0000,+0.0000,+0.0000,+0.0000,+0.0000,+0.0000,+0.0000,+0.0000,-0.9000,+0.0000,+0.0000,+1.0000,+0.0000,+0.0000,+12.0000,+0.0021,+0.3503,+0.9000,+0.0000,+9.0000
816,-7.40,90,False,0.0%,0.0%,0.0%,0.19,12.0,1.64,16.933,0.9593,1.0000,0.9894,+0.0000,+0.0000,+0.0000,+0.0000,+0.0000,+0.0000,+0.0000,+0.0000,+0.0000,+0.0000,-7.4000,+0.0000,+0.0000,+0.0000,+0.0000,+0.0000,+11.0000,+0.0225,-0.5370,+7.5000,+0.0000,+74.0000
817,0.90,1,True,0.0%,0.0%,0.0%,inf,32.6,0.22,16.282,0.3333,1.0000,0.8270,+0.0000,+0.0000,+1.0000,+0.0000,+0.0000,+0.0000,+0.0000,+0.0000,+0.0000,+0.0000,-0.1000,+0.0000,+0.0000,+1.0000,+0.0000,+0.0000,+2.0000,+0.0002,+0.0288,+0.1000,+0.0000,+1.0000
818,0.00,90,False,0.0%,0.0%,0.0%,0.09,28.2,3.82,7.814,0.9815,0.9889,0.9990,+0.0000,+0.0000,+0.0000,+0.0000,+0.0000,+0.0000,+0.0000,+0.0000,+0.0000,+0.0000,+0.0000,+0.0000,+0.0000,+0.0000,+0.0000,+0.0000,+5.0000,+0.0225,-0.7231,+9.0000,+0.0000,+0.0000
820,1.00,1,True,0.0%,0.0%,0.0%,inf,20.3,0.18,0.000,1.0000,0.0000,0.0000,+0.0000,+0.0000,+1.0000,+0.0000,+0.0000,+0.0000,+0.0000,+0.0000,+0.0000,+0.0000,+0.0000,+0.0000,+0.0000,+1.0000,+0.0000,+0.0000,+0.0000,-0.1003,+0.0000,+0.0000,+0.0000,+0.0000
821,1.00,1,True,0.0%,0.0%,0.0%,inf,25.5,0.22,0.000,0.6667,1.0000,0.9942,+0.0000,+0.0000,+1.0000,+0.0000,+0.0000,+0.0000,+0.0000,+0.0000,+0.0000,+0.0000,+0.0000,+0.0000,+0.0000,+1.0000,+0.0000,+0.0000,+1.0000,+0.0002,-0.0070,+0.1000,+0.0000,+0.0000
822,1.00,1,True,0.0%,0.0%,0.0%,inf,22.1,0.19,0.000,1.0000,0.0000,0.5112,+0.0000,+0.0000,+1.0000,+0.0000,+0.0000,+0.0000,+0.0000,+0.0000,+0.0000,+0.0000,+0.0000,+0.0000,+0.0000,+1.0000,+0.0000,+0.0000,+0.0000,+0.0000,-0.0031,+0.0000,+0.0000,+0.0000
823,-1.71,87,False,100.0%,100.0%,0.0%,0.11,36.5,4.10,5.940,0.9923,1.0000,0.9856,-1.7077,+0.0000,+0.0000,+0.0000,+0.0000,+0.0000,+0.0000,+0.0000,+0.0000,+0.0000,+0.0000,+1.0000,+0.0000,+0.0000,+0.0000,+0.0000,+2.0000,+0.0216,-0.4469,+8.7000,+0.0000,+0.0000
824,1.00,1,True,0.0%,0.0%,0.0%,inf,29.6,0.35,0.000,1.0000,0.0000,0.0000,+0.0000,+0.0000,+1.0000,+0.0000,+0.0000,+0.0000,+0.0000,+0.0000,+0.0000,+0.0000,+0.0000,+0.0000,+0.0000,+1.0000,+0.0000,+0.0000,+0.0000,-0.1003,+0.0000,+0.0000,+0.0000,+0.0000
825,0.00,90,False,0.0%,0.0%,0.0%,0.02,25.7,2.95,7.611,0.8704,0.9667,0.9604,+0.0000,+0.0000,+0.0000,+0.0000,+0.0000,+0.0000,+0.0000,+0.0000,+0.0000,+0.0000,+0.0000,+0.0000,+0.0000,+0.0000,+0.0000,+0.0000,+35.0000,+0.0221,+0.0266,+9.0000,+0.0000,+0.0000
826,0.00,90,False,0.0%,0.0%,0.0%,0.24,15.5,2.15,12.131,0.9444,1.0000,0.9926,+0.0000,+0.0000,+0.0000,+0.0000,+0.0000,+0.0000,+0.0000,+0.0000,+0.0000,+0.0000,+0.0000,+0.0000,+0.0000,+0.0000,+0.0000,+0.0000,+15.0000,+0.0225,-0.5982,+9.0000,+0.0000,+0.0000
828,1.00,73,True,0.0%,0.0%,0.0%,0.01,17.6,1.63,7.535,0.9589,0.9863,0.9727,+0.0000,+0.0000,+1.0000,+0.0000,+0.0000,+0.0000,+0.0000,+0.0000,+0.0000,+0.0000,+0.0000,+0.0000,+0.0000,+1.0000,+0.0000,+0.0000,+9.0000,-0.2597,-0.1797,+7.3000,+0.0000,+0.0000
831,-4.20,90,False,0.0%,0.0%,0.0%,0.02,28.4,4.67,13.641,0.8593,0.9111,0.9732,+0.0000,+0.0000,+0.0000,+0.0000,+0.0000,+0.0000,+0.0000,+0.0000,+0.0000,+0.0000,-4.2000,+0.0000,+0.0000,+0.0000,+0.0000,+0.0000,+38.0000,+0.0223,-0.2237,+9.0000,+0.0000,+42.0000
833,1.00,63,True,0.0%,0.0%,0.0%,0.01,12.7,1.08,1.447,0.9524,1.0000,0.9604,+0.0000,+0.0000,+1.0000,+0.0000,+0.0000,+0.0000,+0.0000,+0.0000,+0.0000,+0.0000,+0.0000,+0.0000,+0.0000,+1.0000,+0.0000,+0.0000,+9.0000,+0.0156,+0.0193,+6.3000,+0.0000,+0.0000
834,0.00,90,False,0.0%,0.0%,0.0%,0.04,33.3,4.18,4.105,0.9000,0.9778,0.9311,+0.0000,+0.0000,+0.0000,+0.0000,+0.0000,+0.0000,+0.0000,+0.0000,+0.0000,+0.0000,+0.0000,+0.0000,+0.0000,+0.0000,+0.0000,+0.0000,+27.0000,+0.0214,+0.5893,+9.0000,+0.0000,+0.0000
835,0.00,1,False,0.0%,0.0%,0.0%,inf,14.1,0.22,0.000,1.0000,0.0000,1.0000,+0.0000,+0.0000,+0.0000,+0.0000,+0.0000,+0.0000,+0.0000,+0.0000,+0.0000,+0.0000,+0.0000,+0.0000,+0.0000,+0.0000,+0.0000,+0.0000,+0.0000,+0.0000,+0.0000,+0.0000,+0.0000,+0.0000
836,0.00,90,False,0.0%,0.0%,0.0%,0.04,25.3,2.71,9.187,0.9704,1.0000,0.9624,+0.0000,+0.0000,+0.0000,+0.0000,+0.0000,+0.0000,+0.0000,+0.0000,+0.0000,+0.0000,+0.0000,+0.0000,+0.0000,+0.0000,+0.0000,+0.0000,+8.0000,+0.0222,-0.0248,+9.0000,+0.0000,+0.0000
837,1.00,1,True,0.0%,0.0%,0.0%,inf,17.9,0.22,0.000,1.0000,0.0000,0.0000,+0.0000,+0.0000,+1.0000,+0.0000,+0.0000,+0.0000,+0.0000,+0.0000,+0.0000,+0.0000,+0.0000,+0.0000,+0.0000,+1.0000,+0.0000,+0.0000,+0.0000,-0.1003,+0.0000,+0.0000,+0.0000,+0.0000
838,0.00,1,False,0.0%,0.0%,0.0%,inf,8.1,0.30,0.000,1.0000,0.0000,1.0000,+0.0000,+0.0000,+0.0000,+0.0000,+0.0000,+0.0000,+0.0000,+0.0000,+0.0000,+0.0000,+0.0000,+0.0000,+0.0000,+0.0000,+0.0000,+0.0000,+0.0000,+0.0000,+0.0000,+0.0000,+0.0000,+0.0000
840,0.00,1,False,0.0%,0.0%,0.0%,inf,10.0,0.20,0.000,1.0000,0.0000,1.0000,+0.0000,+0.0000,+0.0000,+0.0000,+0.0000,+0.0000,+0.0000,+0.0000,+0.0000,+0.0000,+0.0000,+0.0000,+0.0000,+0.0000,+0.0000,+0.0000,+0.0000,+0.0000,+0.0000,+0.0000,+0.0000,+0.0000
841,0.30,7,True,0.0%,0.0%,0.0%,0.01,28.6,0.50,16.132,0.4762,1.0000,0.9679,+0.0000,+0.0000,+1.0000,+0.0000,+0.0000,+0.0000,+0.0000,+0.0000,+0.0000,+0.0000,-0.7000,+0.0000,+0.0000,+1.0000,+0.0000,+0.0000,+11.0000,+0.0017,-0.0092,+0.7000,+0.0000,+7.0000
843,-0.99,14,False,100.0%,0.0%,0.0%,0.50,20.8,0.53,9.368,0.4286,0.3571,0.7246,-0.9935,+0.0000,+0.0000,+0.0000,+0.0000,+0.0000,+0.0000,+0.0000,+0.0000,+0.0000,+0.0000,+1.0000,+0.0000,+0.0000,+0.0000,+0.0000,+24.0000,+0.0033,+0.7011,+1.4000,+0.0000,+0.0000
846,1.00,1,True,0.0%,0.0%,0.0%,inf,9.8,0.20,0.095,0.6667,0.0000,0.8917,+0.0000,+0.0000,+1.0000,+0.0000,+0.0000,+0.0000,+0.0000,+0.0000,+0.0000,+0.0000,+0.0000,+0.0000,+0.0000,+1.0000,+0.0000,+0.0000,+1.0000,+0.0002,+0.0150,+0.1000,+0.0000,+0.0000
847,1.00,1,True,0.0%,0.0%,0.0%,inf,12.1,0.31,0.000,1.0000,0.0000,0.0000,+0.0000,+0.0000,+1.0000,+0.0000,+0.0000,+0.0000,+0.0000,+0.0000,+0.0000,+0.0000,+0.0000,+0.0000,+0.0000,+1.0000,+0.0000,+0.0000,+0.0000,-0.1003,+0.0000,+0.0000,+0.0000,+0.0000
848,-2.00,90,False,0.0%,0.0%,0.0%,0.29,22.1,4.36,9.629,0.6815,0.9444,0.9461,+0.0000,+0.0000,+0.0000,+0.0000,+0.0000,+0.0000,+0.0000,+0.0000,+0.0000,+0.0000,-2.0000,+0.0000,+0.0000,+0.0000,+0.0000,+0.0000,+86.0000,-0.3005,+0.2883,+9.0000,+0.0000,+20.0000
849,1.00,1,True,0.0%,0.0%,0.0%,inf,15.5,0.26,0.000,1.0000,0.0000,0.0000,+0.0000,+0.0000,+1.0000,+0.0000,+0.0000,+0.0000,+0.0000,+0.0000,+0.0000,+0.0000,+0.0000,+0.0000,+0.0000,+1.0000,+0.0000,+0.0000,+0.0000,-0.1003,+0.0000,+0.0000,+0.0000,+0.0000
850,1.00,1,True,0.0%,0.0%,0.0%,inf,36.7,0.26,0.000,1.0000,0.0000,0.0000,+0.0000,+0.0000,+1.0000,+0.0000,+0.0000,+0.0000,+0.0000,+0.0000,+0.0000,+0.0000,+0.0000,+0.0000,+0.0000,+1.0000,+0.0000,+0.0000,+0.0000,-0.1003,+0.0000,+0.0000,+0.0000,+0.0000
851,-7.50,90,False,0.0%,0.0%,0.0%,0.12,9.8,1.60,17.815,0.8889,0.7889,0.8494,+0.0000,+0.0000,+0.0000,+0.0000,+0.0000,+0.0000,+0.0000,+0.0000,+0.0000,+0.0000,-7.5000,+0.0000,+0.0000,+0.0000,+0.0000,+0.0000,+30.0000,-16.6256,+0.7116,+8.7000,+0.0000,+75.0000
852,0.00,90,False,0.0%,0.0%,0.0%,0.06,23.2,2.94,11.920,0.9630,1.0000,0.9832,+0.0000,+0.0000,+0.0000,+0.0000,+0.0000,+0.0000,+0.0000,+0.0000,+0.0000,+0.0000,+0.0000,+0.0000,+0.0000,+0.0000,+0.0000,+0.0000,+10.0000,+0.0224,-0.4176,+9.0000,+0.0000,+0.0000
854,0.50,5,True,0.0%,0.0%,0.0%,0.01,14.1,0.37,16.578,0.4667,1.0000,0.9731,+0.0000,+0.0000,+1.0000,+0.0000,+0.0000,+0.0000,+0.0000,+0.0000,+0.0000,+0.0000,-0.5000,+0.0000,+0.0000,+1.0000,+0.0000,+0.0000,+8.0000,+0.0012,-0.0122,+0.5000,+0.0000,+5.0000
855,1.00,1,True,0.0%,0.0%,0.0%,inf,15.7,0.21,0.000,1.0000,0.0000,0.0000,+0.0000,+0.0000,+1.0000,+0.0000,+0.0000,+0.0000,+0.0000,+0.0000,+0.0000,+0.0000,+0.0000,+0.0000,+0.0000,+1.0000,+0.0000,+0.0000,+0.0000,-0.1003,+0.0000,+0.0000,+0.0000,+0.0000
856,1.00,1,True,0.0%,0.0%,0.0%,inf,34.7,0.23,0.000,1.0000,0.0000,0.0000,+0.0000,+0.0000,+1.0000,+0.0000,+0.0000,+0.0000,+0.0000,+0.0000,+0.0000,+0.0000,+0.0000,+0.0000,+0.0000,+1.0000,+0.0000,+0.0000,+0.0000,-0.1003,+0.0000,+0.0000,+0.0000,+0.0000
857,1.00,1,True,0.0%,0.0%,0.0%,inf,60.0,0.41,0.000,0.6667,1.0000,0.9103,+0.0000,+0.0000,+1.0000,+0.0000,+0.0000,+0.0000,+0.0000,+0.0000,+0.0000,+0.0000,+0.0000,+0.0000,+0.0000,+1.0000,+0.0000,+0.0000,+1.0000,+0.0002,+0.0111,+0.1000,+0.0000,+0.0000
859,1.00,1,True,0.0%,0.0%,0.0%,inf,19.0,0.31,0.000,1.0000,0.0000,0.0000,+0.0000,+0.0000,+1.0000,+0.0000,+0.0000,+0.0000,+0.0000,+0.0000,+0.0000,+0.0000,+0.0000,+0.0000,+0.0000,+1.0000,+0.0000,+0.0000,+0.0000,-0.1003,+0.0000,+0.0000,+0.0000,+0.0000
860,1.00,89,True,0.0%,0.0%,0.0%,0.01,25.5,2.94,7.739,0.8277,0.9326,0.9307,+0.0000,+0.0000,+1.0000,+0.0000,+0.0000,+0.0000,+0.0000,+0.0000,+0.0000,+0.0000,+0.0000,+0.0000,+0.0000,+1.0000,+0.0000,+0.0000,+46.0000,-2.8451,+0.2709,+8.9000,+0.0000,+0.0000
862,1.00,46,True,0.0%,0.0%,0.0%,0.01,37.5,2.03,2.834,0.8623,1.0000,0.8815,+0.0000,+0.0000,+1.0000,+0.0000,+0.0000,+0.0000,+0.0000,+0.0000,+0.0000,+0.0000,+0.0000,+0.0000,+0.0000,+1.0000,+0.0000,+0.0000,+19.0000,+0.0111,+0.7894,+4.6000,+0.0000,+0.0000
865,-0.60,32,True,0.0%,0.0%,0.0%,0.01,17.7,0.96,14.837,0.9271,1.0000,0.9664,+0.0000,+0.0000,+1.0000,+0.0000,+0.0000,+0.0000,+0.0000,+0.0000,+0.0000,+0.0000,-1.6000,+0.0000,+0.0000,+1.0000,+0.0000,+0.0000,+7.0000,+0.0079,-0.0335,+3.2000,+0.0000,+16.0000
866,-0.89,67,False,100.0%,0.0%,0.0%,0.09,31.7,2.82,6.117,0.8905,1.0000,0.7325,-0.8871,+0.0000,+0.0000,+0.0000,+0.0000,+0.0000,+0.0000,+0.0000,+0.0000,+0.0000,+0.0000,+1.0000,+0.0000,+0.0000,+0.0000,+0.0000,+22.0000,+0.0164,+3.2286,+6.7000,+0.0000,+0.0000
868,0.00,90,False,0.0%,0.0%,0.0%,0.02,35.0,4.26,3.954,0.8333,0.9000,0.9382,+0.0000,+0.0000,+0.0000,+0.0000,+0.0000,+0.0000,+0.0000,+0.0000,+0.0000,+0.0000,+0.0000,+0.0000,+0.0000,+0.0000,+0.0000,+0.0000,+45.0000,-2.7299,+0.4063,+9.0000,+0.0000,+0.0000
869,1.00,74,True,0.0%,0.0%,0.0%,0.01,28.2,2.88,7.476,0.9550,0.8784,0.9856,+0.0000,+0.0000,+1.0000,+0.0000,+0.0000,+0.0000,+0.0000,+0.0000,+0.0000,+0.0000,+0.0000,+0.0000,+0.0000,+1.0000,+0.0000,+0.0000,+10.0000,+0.0184,-0.3812,+7.4000,+0.0000,+0.0000
870,1.00,1,True,0.0%,0.0%,0.0%,inf,35.0,0.23,0.000,1.0000,0.0000,0.0000,+0.0000,+0.0000,+1.0000,+0.0000,+0.0000,+0.0000,+0.0000,+0.0000,+0.0000,+0.0000,+0.0000,+0.0000,+0.0000,+1.0000,+0.0000,+0.0000,+0.0000,-0.1003,+0.0000,+0.0000,+0.0000,+0.0000
873,0.00,90,False,0.0%,0.0%,0.0%,0.02,23.8,2.83,6.638,0.9481,0.9889,0.9670,+0.0000,+0.0000,+0.0000,+0.0000,+0.0000,+0.0000,+0.0000,+0.0000,+0.0000,+0.0000,+0.0000,+0.0000,+0.0000,+0.0000,+0.0000,+0.0000,+14.0000,-0.0880,-0.1270,+9.0000,+0.0000,+0.0000
875,1.00,1,True,0.0%,0.0%,0.0%,inf,18.2,0.27,0.000,0.6667,0.0000,0.9389,+0.0000,+0.0000,+1.0000,+0.0000,+0.0000,+0.0000,+0.0000,+0.0000,+0.0000,+0.0000,+0.0000,+0.0000,+0.0000,+1.0000,+0.0000,+0.0000,+1.0000,+0.0002,+0.0049,+0.1000,+0.0000,+0.0000
876,-5.80,90,False,0.0%,0.0%,0.0%,0.09,21.7,2.96,15.604,0.9519,1.0000,0.9890,+0.0000,+0.0000,+0.0000,+0.0000,+0.0000,+0.0000,+0.0000,+0.0000,+0.0000,+0.0000,-5.8000,+0.0000,+0.0000,+0.0000,+0.0000,+0.0000,+13.0000,+0.0225,-0.5294,+9.0000,+0.0000,+58.0000
878,0.00,1,False,0.0%,0.0%,0.0%,inf,16.1,0.21,0.577,1.0000,0.0000,1.0000,+0.0000,+0.0000,+0.0000,+0.0000,+0.0000,+0.0000,+0.0000,+0.0000,+0.0000,+0.0000,+0.0000,+0.0000,+0.0000,+0.0000,+0.0000,+0.0000,+0.0000,+0.0000,+0.0000,+0.0000,+0.0000,+0.0000
879,1.00,1,True,0.0%,0.0%,0.0%,inf,26.9,0.36,0.000,0.6667,0.0000,0.8295,+0.0000,+0.0000,+1.0000,+0.0000,+0.0000,+0.0000,+0.0000,+0.0000,+0.0000,+0.0000,+0.0000,+0.0000,+0.0000,+1.0000,+0.0000,+0.0000,+1.0000,+0.0002,+0.0282,+0.1000,+0.0000,+0.0000
884,-7.10,90,False,0.0%,0.0%,0.0%,0.12,8.1,1.12,15.444,0.9444,1.0000,0.9861,+0.0000,+0.0000,+0.0000,+0.0000,+0.0000,+0.0000,+0.0000,+0.0000,+0.0000,+0.0000,-7.1000,+0.0000,+0.0000,+0.0000,+0.0000,+0.0000,+15.0000,+0.0224,-0.4737,+9.0000,+0.0000,+71.0000
886,0.70,55,True,0.0%,0.0%,0.0%,0.01,16.7,1.32,11.382,0.9879,0.9818,0.9857,+0.0000,+0.0000,+1.0000,+0.0000,+0.0000,+0.0000,+0.0000,+0.0000,+0.0000,+0.0000,-0.3000,+0.0000,+0.0000,+1.0000,+0.0000,+0.0000,+2.0000,-0.3233,-0.2856,+5.5000,+0.0000,+3.0000
891,0.00,1,False,0.0%,0.0%,0.0%,inf,11.6,0.23,0.000,1.0000,0.0000,1.0000,+0.0000,+0.0000,+0.0000,+0.0000,+0.0000,+0.0000,+0.0000,+0.0000,+0.0000,+0.0000,+0.0000,+0.0000,+0.0000,+0.0000,+0.0000,+0.0000,+0.0000,+0.0000,+0.0000,+0.0000,+0.0000,+0.0000
894,1.00,1,True,0.0%,0.0%,0.0%,inf,34.9,0.34,0.000,1.0000,0.0000,0.0000,+0.0000,+0.0000,+1.0000,+0.0000,+0.0000,+0.0000,+0.0000,+0.0000,+0.0000,+0.0000,+0.0000,+0.0000,+0.0000,+1.0000,+0.0000,+0.0000,+0.0000,-0.1003,+0.0000,+0.0000,+0.0000,+0.0000
895,1.00,75,True,0.0%,0.0%,0.0%,0.01,7.9,0.99,6.892,0.8667,0.7733,0.9217,+0.0000,+0.0000,+1.0000,+0.0000,+0.0000,+0.0000,+0.0000,+0.0000,+0.0000,+0.0000,+0.0000,+0.0000,+0.0000,+1.0000,+0.0000,+0.0000,+30.0000,-1.1770,-0.0328,+7.5000,+0.0000,+0.0000
896,1.00,1,True,0.0%,0.0%,0.0%,inf,8.4,0.18,0.000,1.0000,0.0000,0.0000,+0.0000,+0.0000,+1.0000,+0.0000,+0.0000,+0.0000,+0.0000,+0.0000,+0.0000,+0.0000,+0.0000,+0.0000,+0.0000,+1.0000,+0.0000,+0.0000,+0.0000,-0.1003,+0.0000,+0.0000,+0.0000,+0.0000
898,-6.50,90,False,0.0%,0.0%,0.0%,0.37,10.8,1.59,15.512,0.9222,1.0000,0.9943,+0.0000,+0.0000,+0.0000,+0.0000,+0.0000,+0.0000,+0.0000,+0.0000,+0.0000,+0.0000,-6.5000,+0.0000,+0.0000,+0.0000,+0.0000,+0.0000,+21.0000,+0.0225,-0.6317,+9.0000,+0.0000,+65.0000
899,1.00,1,True,0.0%,0.0%,0.0%,inf,37.8,0.23,0.000,1.0000,0.0000,0.0000,+0.0000,+0.0000,+1.0000,+0.0000,+0.0000,+0.0000,+0.0000,+0.0000,+0.0000,+0.0000,+0.0000,+0.0000,+0.0000,+1.0000,+0.0000,+0.0000,+0.0000,-0.1003,+0.0000,+0.0000,+0.0000,+0.0000
900,1.00,78,True,0.0%,0.0%,0.0%,0.01,21.0,2.10,6.996,0.8761,1.0000,0.9542,+0.0000,+0.0000,+1.0000,+0.0000,+0.0000,+0.0000,+0.0000,+0.0000,+0.0000,+0.0000,+0.0000,+0.0000,+0.0000,+1.0000,+0.0000,+0.0000,+29.0000,+0.0192,+0.1207,+7.8000,+0.0000,+0.0000
903,1.00,1,True,0.0%,0.0%,0.0%,inf,7.3,0.25,0.000,1.0000,0.0000,0.0000,+0.0000,+0.0000,+1.0000,+0.0000,+0.0000,+0.0000,+0.0000,+0.0000,+0.0000,+0.0000,+0.0000,+0.0000,+0.0000,+1.0000,+0.0000,+0.0000,+0.0000,-0.1003,+0.0000,+0.0000,+0.0000,+0.0000
904,1.00,23,True,0.0%,0.0%,0.0%,0.01,26.5,0.97,12.591,0.9710,1.0000,0.9790,+0.0000,+0.0000,+1.0000,+0.0000,+0.0000,+0.0000,+0.0000,+0.0000,+0.0000,+0.0000,+0.0000,+0.0000,+0.0000,+1.0000,+0.0000,+0.0000,+2.0000,+0.0057,-0.0856,+2.3000,+0.0000,+0.0000
905,0.00,1,False,0.0%,0.0%,0.0%,inf,26.8,0.21,0.000,1.0000,0.0000,1.0000,+0.0000,+0.0000,+0.0000,+0.0000,+0.0000,+0.0000,+0.0000,+0.0000,+0.0000,+0.0000,+0.0000,+0.0000,+0.0000,+0.0000,+0.0000,+0.0000,+0.0000,+0.0000,+0.0000,+0.0000,+0.0000,+0.0000
906,0.00,90,False,0.0%,0.0%,0.0%,0.06,30.6,3.40,3.897,0.9926,0.9778,0.9900,+0.0000,+0.0000,+0.0000,+0.0000,+0.0000,+0.0000,+0.0000,+0.0000,+0.0000,+0.0000,+0.0000,+0.0000,+0.0000,+0.0000,+0.0000,+0.0000,+2.0000,+0.0222,-0.5470,+9.0000,+0.0000,+0.0000
908,-5.30,80,True,0.0%,0.0%,0.0%,0.01,17.2,2.17,16.521,0.9083,1.0000,0.9849,+0.0000,+0.0000,+1.0000,+0.0000,+0.0000,+0.0000,+0.0000,+0.0000,+0.0000,+0.0000,-6.3000,+0.0000,+0.0000,+1.0000,+0.0000,+0.0000,+22.0000,+0.0199,-0.4006,+8.0000,+0.0000,+63.0000
909,0.00,90,False,0.0%,0.0%,0.0%,0.04,15.3,2.21,8.552,0.8444,0.9778,0.9750,+0.0000,+0.0000,+0.0000,+0.0000,+0.0000,+0.0000,+0.0000,+0.0000,+0.0000,+0.0000,+0.0000,+0.0000,+0.0000,+0.0000,+0.0000,+0.0000,+42.0000,-0.2253,-0.2671,+9.0000,+0.0000,+0.0000
910,1.00,1,True,0.0%,0.0%,0.0%,inf,9.7,0.21,0.000,1.0000,0.0000,0.0000,+0.0000,+0.0000,+1.0000,+0.0000,+0.0000,+0.0000,+0.0000,+0.0000,+0.0000,+0.0000,+0.0000,+0.0000,+0.0000,+1.0000,+0.0000,+0.0000,+0.0000,-0.1003,+0.0000,+0.0000,+0.0000,+0.0000
913,1.00,5,True,0.0%,0.0%,0.0%,0.01,11.6,0.25,4.259,0.9333,1.0000,0.9896,+0.0000,+0.0000,+1.0000,+0.0000,+0.0000,+0.0000,+0.0000,+0.0000,+0.0000,+0.0000,+0.0000,+0.0000,+0.0000,+1.0000,+0.0000,+0.0000,+1.0000,+0.0012,-0.0300,+0.5000,+0.0000,+0.0000
915,0.00,1,False,0.0%,0.0%,0.0%,inf,22.5,0.33,0.000,1.0000,0.0000,1.0000,+0.0000,+0.0000,+0.0000,+0.0000,+0.0000,+0.0000,+0.0000,+0.0000,+0.0000,+0.0000,+0.0000,+0.0000,+0.0000,+0.0000,+0.0000,+0.0000,+0.0000,+0.0000,+0.0000,+0.0000,+0.0000,+0.0000
917,0.00,1,False,0.0%,0.0%,0.0%,inf,10.7,0.31,0.000,1.0000,0.0000,1.0000,+0.0000,+0.0000,+0.0000,+0.0000,+0.0000,+0.0000,+0.0000,+0.0000,+0.0000,+0.0000,+0.0000,+0.0000,+0.0000,+0.0000,+0.0000,+0.0000,+0.0000,+0.0000,+0.0000,+0.0000,+0.0000,+0.0000
918,-1.00,89,False,100.0%,0.0%,0.0%,0.03,21.4,3.00,6.466,0.8614,0.9775,0.9591,-1.0001,+0.0000,+0.0000,+0.0000,+0.0000,+0.0000,+0.0000,+0.0000,+0.0000,+0.0000,+0.0000,+1.0000,+0.0000,+0.0000,+0.0000,+0.0000,+37.0000,-0.9456,-0.0084,+8.9000,+0.0000,+0.0000
920,0.00,1,False,0.0%,0.0%,0.0%,inf,20.0,0.22,0.000,1.0000,0.0000,1.0000,+0.0000,+0.0000,+0.0000,+0.0000,+0.0000,+0.0000,+0.0000,+0.0000,+0.0000,+0.0000,+0.0000,+0.0000,+0.0000,+0.0000,+0.0000,+0.0000,+0.0000,+0.0000,+0.0000,+0.0000,+0.0000,+0.0000
921,-3.20,42,True,0.0%,0.0%,0.0%,0.01,6.2,0.50,17.694,0.9683,0.9048,0.9847,+0.0000,+0.0000,+1.0000,+0.0000,+0.0000,+0.0000,+0.0000,+0.0000,+0.0000,+0.0000,-4.2000,+0.0000,+0.0000,+1.0000,+0.0000,+0.0000,+4.0000,+0.0105,-0.2081,+4.2000,+0.0000,+42.0000
922,1.00,17,True,0.0%,0.0%,0.0%,0.01,22.2,0.80,8.079,0.9020,1.0000,0.9906,+0.0000,+0.0000,+1.0000,+0.0000,+0.0000,+0.0000,+0.0000,+0.0000,+0.0000,+0.0000,+0.0000,+0.0000,+0.0000,+1.0000,+0.0000,+0.0000,+5.0000,+0.0042,-0.1057,+1.7000,+0.0000,+0.0000
923,-0.79,51,False,100.0%,0.0%,0.0%,0.18,40.6,2.79,3.333,0.9412,0.8824,0.9367,-0.7939,+0.0000,+0.0000,+0.0000,+0.0000,+0.0000,+0.0000,+0.0000,+0.0000,+0.0000,+0.0000,+1.0000,+0.0000,+0.0000,+0.0000,+0.0000,+9.0000,-0.0406,+0.2240,+5.1000,+0.0000,+0.0000
926,1.00,29,True,0.0%,0.0%,0.0%,0.01,15.2,0.73,8.160,0.8851,1.0000,0.9584,+0.0000,+0.0000,+1.0000,+0.0000,+0.0000,+0.0000,+0.0000,+0.0000,+0.0000,+0.0000,+0.0000,+0.0000,+0.0000,+1.0000,+0.0000,+0.0000,+10.0000,+0.0071,+0.0200,+2.9000,+0.0000,+0.0000
927,1.00,24,True,0.0%,0.0%,0.0%,0.01,14.6,0.59,8.563,0.9861,0.8750,0.9721,+0.0000,+0.0000,+1.0000,+0.0000,+0.0000,+0.0000,+0.0000,+0.0000,+0.0000,+0.0000,+0.0000,+0.0000,+0.0000,+1.0000,+0.0000,+0.0000,+1.0000,-0.1422,-0.0779,+2.4000,+0.0000,+0.0000
928,1.00,1,True,0.0%,0.0%,0.0%,inf,9.5,0.21,0.000,1.0000,0.0000,0.0000,+0.0000,+0.0000,+1.0000,+0.0000,+0.0000,+0.0000,+0.0000,+0.0000,+0.0000,+0.0000,+0.0000,+0.0000,+0.0000,+1.0000,+0.0000,+0.0000,+0.0000,-0.1003,+0.0000,+0.0000,+0.0000,+0.0000
929,-1.40,38,True,0.0%,0.0%,0.0%,0.01,19.1,1.04,15.521,0.9211,1.0000,0.9720,+0.0000,+0.0000,+1.0000,+0.0000,+0.0000,+0.0000,+0.0000,+0.0000,+0.0000,+0.0000,-2.4000,+0.0000,+0.0000,+1.0000,+0.0000,+0.0000,+9.0000,+0.0094,-0.0849,+3.8000,+0.0000,+24.0000
930,1.00,21,True,0.0%,0.0%,0.0%,0.01,30.9,1.00,3.541,0.9524,1.0000,0.8963,+0.0000,+0.0000,+1.0000,+0.0000,+0.0000,+0.0000,+0.0000,+0.0000,+0.0000,+0.0000,+0.0000,+0.0000,+0.0000,+1.0000,+0.0000,+0.0000,+3.0000,+0.0051,+0.2938,+2.1000,+0.0000,+0.0000
932,-2.10,90,False,0.0%,0.0%,0.0%,0.03,23.3,2.76,11.412,0.8407,0.8444,0.9447,+0.0000,+0.0000,+0.0000,+0.0000,+0.0000,+0.0000,+0.0000,+0.0000,+0.0000,+0.0000,-2.1000,+0.0000,+0.0000,+0.0000,+0.0000,+0.0000,+43.0000,-6.6131,-0.1437,+9.0000,+0.0000,+21.0000
934,0.90,66,True,0.0%,0.0%,0.0%,0.01,43.3,3.35,12.369,0.9848,0.9545,0.9913,+0.0000,+0.0000,+1.0000,+0.0000,+0.0000,+0.0000,+0.0000,+0.0000,+0.0000,+0.0000,-0.1000,+0.0000,+0.0000,+1.0000,+0.0000,+0.0000,+3.0000,-2.7110,-0.4377,+6.6000,+0.0000,+1.0000
936,0.70,65,True,0.0%,0.0%,0.0%,0.01,19.7,1.70,10.938,0.9846,1.0000,0.9904,+0.0000,+0.0000,+1.0000,+0.0000,+0.0000,+0.0000,+0.0000,+0.0000,+0.0000,+0.0000,-0.3000,+0.0000,+0.0000,+1.0000,+0.0000,+0.0000,+3.0000,+0.0162,-0.4007,+6.5000,+0.0000,+3.0000
940,0.00,90,False,0.0%,0.0%,0.0%,0.13,29.3,3.14,7.382,0.9704,0.9889,0.9958,+0.0000,+0.0000,+0.0000,+0.0000,+0.0000,+0.0000,+0.0000,+0.0000,+0.0000,+0.0000,+0.0000,+0.0000,+0.0000,+0.0000,+0.0000,+0.0000,+8.0000,+0.0222,-0.6607,+9.0000,+0.0000,+0.0000
943,-9.00,90,False,0.0%,0.0%,0.0%,0.03,11.5,2.19,16.088,0.9926,0.8000,0.9970,+0.0000,+0.0000,+0.0000,+0.0000,+0.0000,+0.0000,+0.0000,+0.0000,+0.0000,+0.0000,-9.0000,+0.0000,+0.0000,+0.0000,+0.0000,+0.0000,+2.0000,+0.0225,-0.6837,+9.0000,+0.0000,+90.0000
946,1.00,1,True,0.0%,0.0%,0.0%,inf,29.3,0.21,0.443,0.6667,1.0000,0.9495,+0.0000,+0.0000,+1.0000,+0.0000,+0.0000,+0.0000,+0.0000,+0.0000,+0.0000,+0.0000,+0.0000,+0.0000,+0.0000,+1.0000,+0.0000,+0.0000,+1.0000,+0.0002,+0.0026,+0.1000,+0.0000,+0.0000
951,1.00,43,True,0.0%,0.0%,0.0%,0.01,24.4,1.49,7.882,0.8605,1.0000,0.9886,+0.0000,+0.0000,+1.0000,+0.0000,+0.0000,+0.0000,+0.0000,+0.0000,+0.0000,+0.0000,+0.0000,+0.0000,+0.0000,+1.0000,+0.0000,+0.0000,+18.0000,+0.0106,-0.2483,+4.3000,+0.0000,+0.0000
953,1.00,1,True,0.0%,0.0%,0.0%,inf,24.9,0.24,0.000,1.0000,0.0000,0.0000,+0.0000,+0.0000,+1.0000,+0.0000,+0.0000,+0.0000,+0.0000,+0.0000,+0.0000,+0.0000,+0.0000,+0.0000,+0.0000,+1.0000,+0.0000,+0.0000,+0.0000,-0.1003,+0.0000,+0.0000,+0.0000,+0.0000
954,0.10,65,True,0.0%,0.0%,0.0%,0.01,7.9,0.77,11.950,0.9897,0.8615,0.9827,+0.0000,+0.0000,+1.0000,+0.0000,+0.0000,+0.0000,+0.0000,+0.0000,+0.0000,+0.0000,-0.9000,+0.0000,+0.0000,+1.0000,+0.0000,+0.0000,+2.0000,+0.0157,-0.3108,+6.5000,+0.0000,+9.0000
955,1.00,1,True,0.0%,0.0%,0.0%,inf,53.5,0.40,0.010,0.6667,1.0000,0.8489,+0.0000,+0.0000,+1.0000,+0.0000,+0.0000,+0.0000,+0.0000,+0.0000,+0.0000,+0.0000,+0.0000,+0.0000,+0.0000,+1.0000,+0.0000,+0.0000,+1.0000,+0.0002,+0.0241,+0.1000,+0.0000,+0.0000
958,1.00,37,True,0.0%,0.0%,0.0%,0.01,29.0,2.09,12.977,0.9550,1.0000,0.9861,+0.0000,+0.0000,+1.0000,+0.0000,+0.0000,+0.0000,+0.0000,+0.0000,+0.0000,+0.0000,+0.0000,+0.0000,+0.0000,+1.0000,+0.0000,+0.0000,+5.0000,+0.0092,-0.1942,+3.7000,+0.0000,+0.0000
959,1.00,1,True,0.0%,0.0%,0.0%,inf,24.9,0.18,0.000,1.0000,0.0000,0.0000,+0.0000,+0.0000,+1.0000,+0.0000,+0.0000,+0.0000,+0.0000,+0.0000,+0.0000,+0.0000,+0.0000,+0.0000,+0.0000,+1.0000,+0.0000,+0.0000,+0.0000,-0.1003,+0.0000,+0.0000,+0.0000,+0.0000
960,-0.00,10,True,0.0%,0.0%,0.0%,0.01,15.4,0.41,16.453,0.8000,1.0000,0.9623,+0.0000,+0.0000,+1.0000,+0.0000,+0.0000,+0.0000,+0.0000,+0.0000,+0.0000,+0.0000,-1.0000,+0.0000,+0.0000,+1.0000,+0.0000,+0.0000,+6.0000,+0.0025,-0.0012,+1.0000,+0.0000,+10.0000
966,0.00,90,False,0.0%,0.0%,0.0%,0.08,24.4,3.44,9.051,0.9852,1.0000,0.9986,+0.0000,+0.0000,+0.0000,+0.0000,+0.0000,+0.0000,+0.0000,+0.0000,+0.0000,+0.0000,+0.0000,+0.0000,+0.0000,+0.0000,+0.0000,+0.0000,+4.0000,+0.0225,-0.7147,+9.0000,+0.0000,+0.0000
968,1.00,1,True,0.0%,0.0%,0.0%,inf,13.9,0.23,0.000,1.0000,0.0000,0.0000,+0.0000,+0.0000,+1.0000,+0.0000,+0.0000,+0.0000,+0.0000,+0.0000,+0.0000,+0.0000,+0.0000,+0.0000,+0.0000,+1.0000,+0.0000,+0.0000,+0.0000,-0.1003,+0.0000,+0.0000,+0.0000,+0.0000
969,1.00,23,True,0.0%,0.0%,0.0%,0.01,59.7,1.77,11.826,0.8841,1.0000,0.9173,+0.0000,+0.0000,+1.0000,+0.0000,+0.0000,+0.0000,+0.0000,+0.0000,+0.0000,+0.0000,+0.0000,+0.0000,+0.0000,+1.0000,+0.0000,+0.0000,+8.0000,+0.0057,+0.2167,+2.3000,+0.0000,+0.0000
971,1.00,1,True,0.0%,0.0%,0.0%,inf,5.2,0.21,0.000,1.0000,0.0000,0.0000,+0.0000,+0.0000,+1.0000,+0.0000,+0.0000,+0.0000,+0.0000,+0.0000,+0.0000,+0.0000,+0.0000,+0.0000,+0.0000,+1.0000,+0.0000,+0.0000,+0.0000,-0.1003,+0.0000,+0.0000,+0.0000,+0.0000
972,1.00,55,True,0.0%,0.0%,0.0%,0.01,12.0,0.98,4.051,0.9758,0.9455,0.9761,+0.0000,+0.0000,+1.0000,+0.0000,+0.0000,+0.0000,+0.0000,+0.0000,+0.0000,+0.0000,+0.0000,+0.0000,+0.0000,+1.0000,+0.0000,+0.0000,+4.0000,-0.1012,-0.1707,+5.5000,+0.0000,+0.0000
973,0.00,1,False,0.0%,0.0%,0.0%,inf,9.4,0.21,0.000,1.0000,0.0000,1.0000,+0.0000,+0.0000,+0.0000,+0.0000,+0.0000,+0.0000,+0.0000,+0.0000,+0.0000,+0.0000,+0.0000,+0.0000,+0.0000,+0.0000,+0.0000,+0.0000,+0.0000,+0.0000,+0.0000,+0.0000,+0.0000,+0.0000
974,1.00,33,True,0.0%,0.0%,0.0%,0.01,11.2,0.78,12.007,0.9697,1.0000,0.9860,+0.0000,+0.0000,+1.0000,+0.0000,+0.0000,+0.0000,+0.0000,+0.0000,+0.0000,+0.0000,+0.0000,+0.0000,+0.0000,+1.0000,+0.0000,+0.0000,+3.0000,+0.0082,-0.1723,+3.3000,+0.0000,+0.0000
975,1.00,1,True,0.0%,0.0%,0.0%,inf,19.2,0.22,0.000,1.0000,0.0000,0.0000,+0.0000,+0.0000,+1.0000,+0.0000,+0.0000,+0.0000,+0.0000,+0.0000,+0.0000,+0.0000,+0.0000,+0.0000,+0.0000,+1.0000,+0.0000,+0.0000,+0.0000,-0.1003,+0.0000,+0.0000,+0.0000,+0.0000
976,1.00,1,True,0.0%,0.0%,0.0%,inf,18.9,0.20,0.000,1.0000,0.0000,0.0000,+0.0000,+0.0000,+1.0000,+0.0000,+0.0000,+0.0000,+0.0000,+0.0000,+0.0000,+0.0000,+0.0000,+0.0000,+0.0000,+1.0000,+0.0000,+0.0000,+0.0000,-0.1003,+0.0000,+0.0000,+0.0000,+0.0000
977,1.00,1,True,0.0%,0.0%,0.0%,inf,11.1,0.20,0.000,1.0000,0.0000,0.0000,+0.0000,+0.0000,+1.0000,+0.0000,+0.0000,+0.0000,+0.0000,+0.0000,+0.0000,+0.0000,+0.0000,+0.0000,+0.0000,+1.0000,+0.0000,+0.0000,+0.0000,-0.1003,+0.0000,+0.0000,+0.0000,+0.0000
979,1.00,1,True,0.0%,0.0%,0.0%,inf,3.6,0.22,0.000,0.6667,0.0000,0.9326,+0.0000,+0.0000,+1.0000,+0.0000,+0.0000,+0.0000,+0.0000,+0.0000,+0.0000,+0.0000,+0.0000,+0.0000,+0.0000,+1.0000,+0.0000,+0.0000,+1.0000,+0.0002,+0.0063,+0.1000,+0.0000,+0.0000
981,-1.80,28,True,0.0%,0.0%,0.0%,0.01,11.9,0.58,18.500,0.8810,1.0000,0.9708,+0.0000,+0.0000,+1.0000,+0.0000,+0.0000,+0.0000,+0.0000,+0.0000,+0.0000,+0.0000,-2.8000,+0.0000,+0.0000,+1.0000,+0.0000,+0.0000,+10.0000,+0.0070,-0.0554,+2.8000,+0.0000,+28.0000
982,1.00,1,True,0.0%,0.0%,0.0%,inf,20.2,0.29,0.000,1.0000,0.0000,0.0000,+0.0000,+0.0000,+1.0000,+0.0000,+0.0000,+0.0000,+0.0000,+0.0000,+0.0000,+0.0000,+0.0000,+0.0000,+0.0000,+1.0000,+0.0000,+0.0000,+0.0000,-0.1003,+0.0000,+0.0000,+0.0000,+0.0000
985,1.00,1,True,0.0%,0.0%,0.0%,inf,14.2,0.16,0.000,1.0000,0.0000,0.0000,+0.0000,+0.0000,+1.0000,+0.0000,+0.0000,+0.0000,+0.0000,+0.0000,+0.0000,+0.0000,+0.0000,+0.0000,+0.0000,+1.0000,+0.0000,+0.0000,+0.0000,-0.1003,+0.0000,+0.0000,+0.0000,+0.0000
986,0.00,90,False,0.0%,0.0%,0.0%,0.01,16.1,1.94,6.956,0.9000,0.9444,0.8640,+0.0000,+0.0000,+0.0000,+0.0000,+0.0000,+0.0000,+0.0000,+0.0000,+0.0000,+0.0000,+0.0000,+0.0000,+0.0000,+0.0000,+0.0000,+0.0000,+27.0000,+0.0209,+1.6951,+9.0000,+0.0000,+0.0000
987,0.00,90,False,0.0%,0.0%,0.0%,0.28,16.5,1.94,4.713,0.9815,0.9778,0.9766,+0.0000,+0.0000,+0.0000,+0.0000,+0.0000,+0.0000,+0.0000,+0.0000,+0.0000,+0.0000,+0.0000,+0.0000,+0.0000,+0.0000,+0.0000,+0.0000,+5.0000,+0.0221,-0.2895,+9.0000,+0.0000,+0.0000
988,0.00,1,False,0.0%,0.0%,0.0%,inf,17.8,0.23,0.000,1.0000,0.0000,1.0000,+0.0000,+0.0000,+0.0000,+0.0000,+0.0000,+0.0000,+0.0000,+0.0000,+0.0000,+0.0000,+0.0000,+0.0000,+0.0000,+0.0000,+0.0000,+0.0000,+0.0000,+0.0000,+0.0000,+0.0000,+0.0000,+0.0000
989,0.00,90,False,0.0%,0.0%,0.0%,0.03,25.3,3.05,4.374,0.9926,1.0000,0.9828,+0.0000,+0.0000,+0.0000,+0.0000,+0.0000,+0.0000,+0.0000,+0.0000,+0.0000,+0.0000,+0.0000,+0.0000,+0.0000,+0.0000,+0.0000,+0.0000,+2.0000,+0.0222,-0.4074,+9.0000,+0.0000,+0.0000
990,-0.71,76,False,100.0%,0.0%,0.0%,0.14,29.6,2.79,5.345,0.8553,1.0000,0.9059,-0.7108,+0.0000,+0.0000,+0.0000,+0.0000,+0.0000,+0.0000,+0.0000,+0.0000,+0.0000,+0.0000,+1.0000,+0.0000,+0.0000,+0.0000,+0.0000,+33.0000,+0.0184,+0.8894,+7.6000,+0.0000,+0.0000
991,1.00,1,True,0.0%,0.0%,0.0%,inf,24.1,0.18,0.000,1.0000,0.0000,0.0000,+0.0000,+0.0000,+1.0000,+0.0000,+0.0000,+0.0000,+0.0000,+0.0000,+0.0000,+0.0000,+0.0000,+0.0000,+0.0000,+1.0000,+0.0000,+0.0000,+0.0000,-0.1003,+0.0000,+0.0000,+0.0000,+0.0000
995,-4.40,54,True,0.0%,0.0%,0.0%,0.01,16.0,1.52,19.727,0.9074,1.0000,0.9879,+0.0000,+0.0000,+1.0000,+0.0000,+0.0000,+0.0000,+0.0000,+0.0000,+0.0000,+0.0000,-5.4000,+0.0000,+0.0000,+1.0000,+0.0000,+0.0000,+15.0000,+0.0134,-0.3037,+5.4000,+0.0000,+54.0000
996,-6.10,82,True,0.0%,0.0%,0.0%,0.01,22.4,2.35,15.716,0.9634,1.0000,0.9760,+0.0000,+0.0000,+1.0000,+0.0000,+0.0000,+0.0000,+0.0000,+0.0000,+0.0000,+0.0000,-7.1000,+0.0000,+0.0000,+1.0000,+0.0000,+0.0000,+9.0000,+0.0204,-0.2563,+8.2000,+0.0000,+71.0000
997,1.00,1,True,0.0%,0.0%,0.0%,inf,23.6,0.27,0.000,0.6667,1.0000,0.9696,+0.0000,+0.0000,+1.0000,+0.0000,+0.0000,+0.0000,+0.0000,+0.0000,+0.0000,+0.0000,+0.0000,+0.0000,+0.0000,+1.0000,+0.0000,+0.0000,+1.0000,+0.0002,-0.0017,+0.1000,+0.0000,+0.0000
998,0.00,90,False,0.0%,0.0%,0.0%,0.03,16.0,2.16,6.428,0.8148,0.9333,0.9543,+0.0000,+0.0000,+0.0000,+0.0000,+0.0000,+0.0000,+0.0000,+0.0000,+0.0000,+0.0000,+0.0000,+0.0000,+0.0000,+0.0000,+0.0000,+0.0000,+50.0000,-1.5017,+0.1025,+9.0000,+0.0000,+0.0000
999,-0.90,41,False,100.0%,0.0%,0.0%,0.29,37.5,2.02,1.395,0.9431,1.0000,0.7706,-0.8975,+0.0000,+0.0000,+0.0000,+0.0000,+0.0000,+0.0000,+0.0000,+0.0000,+0.0000,+0.0000,+1.0000,+0.0000,+0.0000,+0.0000,+0.0000,+7.0000,+0.0100,+1.6675,+3.3000,+0.0000,+0.0000
