map_id,total_reward,num_steps,goal_reached,collision_rate,at_fault_collision_rate,offroad_rate,final_goal_distance,avg_planning_time_ms,total_time_s,mean_speed_mps,score_comfort,score_l_align,score_l_center,r_collision,r_offroad,r_goal,r_jerk_legacy,r_velocity,r_comfort,r_l_align,r_l_center,r_timestep,r_reverse,r_speed_limit,raw_collision,raw_offroad,raw_goal,raw_jerk_legacy,raw_velocity,raw_comfort,raw_l_align,raw_l_center,raw_timestep,raw_reverse,raw_speed_limit
3,-0.00,90,False,0.0%,0.0%,0.0%,0.09,1.0,7.21,7.589,0.9074,0.9444,0.9035,+0.0000,+0.0000,+0.0000,+0.0000,+0.0000,+0.0000,-0.0002,-0.0003,+0.0000,+0.0000,+0.0000,+0.0000,+0.0000,+0.0000,+0.0000,+0.0000,+25.0000,-1.2117,+1.1002,+9.0000,+0.0000,+0.0000
5,0.20,8,True,0.0%,0.0%,0.0%,0.01,0.6,5.43,19.182,0.9167,0.7500,0.8787,+0.0000,+0.0000,+1.0000,+0.0000,+0.0000,+0.0000,+0.0000,-0.0000,+0.0000,+0.0000,-0.8000,+0.0000,+0.0000,+1.0000,+0.0000,+0.0000,+2.0000,+0.0020,+0.1421,+0.8000,+0.0000,+8.0000
6,1.00,1,True,0.0%,0.0%,0.0%,inf,1.1,5.07,0.000,0.6667,1.0000,0.9925,+0.0000,+0.0000,+1.0000,+0.0000,+0.0000,+0.0000,+0.0000,+0.0000,+0.0000,+0.0000,+0.0000,+0.0000,+0.0000,+1.0000,+0.0000,+0.0000,+1.0000,+0.0002,-0.0066,+0.1000,+0.1000,+0.0000
7,-1.20,85,True,0.0%,0.0%,0.0%,0.01,0.8,6.59,12.975,0.9412,0.9412,0.8226,+0.0000,+0.0000,+1.0000,+0.0000,+0.0000,+0.0000,-0.0002,-0.0006,+0.0000,+0.0000,-2.2000,+0.0000,+0.0000,+1.0000,+0.0000,+0.0000,+15.0000,-1.6662,+2.4520,+8.5000,+0.0000,+22.0000
9,-0.30,90,False,0.0%,0.0%,0.0%,0.05,0.7,6.35,5.592,0.9926,0.9444,0.9277,+0.0000,+0.0000,+0.0000,+0.0000,+0.0000,+0.0000,-0.0005,-0.0001,+0.0000,+0.0000,-0.3000,+0.0000,+0.0000,+0.0000,+0.0000,+0.0000,+2.0000,-3.0052,+0.5469,+9.0000,+0.0000,+3.0000
10,-3.30,70,True,0.0%,0.0%,0.0%,0.01,0.8,6.22,16.439,0.9905,0.9429,0.7566,+0.0000,+0.0000,+1.0000,+0.0000,+0.0000,+0.0000,-0.0000,-0.0008,+0.0000,+0.0000,-4.3000,+0.0000,+0.0000,+1.0000,+0.0000,+0.0000,+2.0000,-0.2474,+3.0253,+7.0000,+0.0000,+43.0000
12,1.00,11,True,0.0%,0.0%,0.0%,0.01,0.6,5.25,2.755,0.9394,1.0000,0.7721,+0.0000,+0.0000,+1.0000,+0.0000,+0.0000,+0.0000,+0.0000,-0.0001,+0.0000,+0.0000,+0.0000,+0.0000,+0.0000,+1.0000,+0.0000,+0.0000,+2.0000,+0.0025,+0.4435,+1.1000,+0.0000,+0.0000
13,1.00,1,True,0.0%,0.0%,0.0%,inf,1.1,5.10,0.121,0.3333,1.0000,0.8222,+0.0000,+0.0000,+1.0000,+0.0000,+0.0000,+0.0000,+0.0000,-0.0000,+0.0000,+0.0000,+0.0000,+0.0000,+0.0000,+1.0000,+0.0000,+0.0000,+2.0000,+0.0002,+0.0298,+0.1000,+0.0000,+0.0000
15,-0.00,90,False,0.0%,0.0%,0.0%,0.06,0.6,5.34,5.394,0.9296,1.0000,0.9205,+0.0000,+0.0000,+0.0000,+0.0000,+0.0000,+0.0000,+0.0000,-0.0002,+0.0000,+0.0000,+0.0000,+0.0000,+0.0000,+0.0000,+0.0000,+0.0000,+19.0000,+0.0221,+0.7946,+9.0000,+0.0000,+0.0000
17,1.00,1,True,0.0%,0.0%,0.0%,inf,1.1,5.19,0.000,0.6667,0.0000,0.0000,+0.0000,+0.0000,+1.0000,+0.0000,+0.0000,+0.0000,-0.0001,+0.0000,+0.0000,+0.0000,+0.0000,+0.0000,+0.0000,+1.0000,+0.0000,+0.0000,+1.0000,-0.1270,+0.0000,+0.1000,+0.0000,+0.0000
18,1.00,1,True,0.0%,0.0%,0.0%,inf,1.0,5.19,0.000,0.6667,0.0000,0.0000,+0.0000,+0.0000,+1.0000,+0.0000,+0.0000,+0.0000,-0.0001,+0.0000,+0.0000,+0.0000,+0.0000,+0.0000,+0.0000,+1.0000,+0.0000,+0.0000,+1.0000,-0.1136,+0.0000,+0.1000,+0.0000,+0.0000
21,1.00,1,True,0.0%,0.0%,0.0%,inf,1.1,5.04,0.000,0.6667,0.0000,0.0000,+0.0000,+0.0000,+1.0000,+0.0000,+0.0000,+0.0000,-0.0001,+0.0000,+0.0000,-0.0001,+0.0000,+0.0000,+0.0000,+1.0000,+0.0000,+0.0000,+1.0000,-0.1270,+0.0000,+0.1000,+0.1000,+0.0000
22,1.00,1,True,0.0%,0.0%,0.0%,inf,1.0,4.91,0.000,0.6667,1.0000,0.7908,+0.0000,+0.0000,+1.0000,+0.0000,+0.0000,+0.0000,+0.0000,-0.0000,+0.0000,+0.0000,+0.0000,+0.0000,+0.0000,+1.0000,+0.0000,+0.0000,+1.0000,+0.0002,+0.0364,+0.1000,+0.0000,+0.0000
24,1.00,1,True,0.0%,0.0%,0.0%,inf,1.0,4.95,0.000,0.6667,0.0000,0.0000,+0.0000,+0.0000,+1.0000,+0.0000,+0.0000,+0.0000,-0.0001,+0.0000,+0.0000,+0.0000,+0.0000,+0.0000,+0.0000,+1.0000,+0.0000,+0.0000,+1.0000,-0.1270,+0.0000,+0.1000,+0.0000,+0.0000
27,0.00,1,False,0.0%,0.0%,0.0%,inf,1.1,4.94,0.000,1.0000,0.0000,1.0000,+0.0000,+0.0000,+0.0000,+0.0000,+0.0000,+0.0000,+0.0000,+0.0000,+0.0000,+0.0000,+0.0000,+0.0000,+0.0000,+0.0000,+0.0000,+0.0000,+0.0000,+0.0000,+0.0000,+0.0000,+0.0000,+0.0000
28,-4.60,75,True,0.0%,0.0%,0.0%,0.01,0.6,5.26,15.457,0.9067,0.9733,0.6281,+0.0000,+0.0000,+1.0000,+0.0000,+0.0000,+0.0000,-0.0000,-0.0013,+0.0000,+0.0000,-5.6000,+0.0000,+0.0000,+1.0000,+0.0000,+0.0000,+21.0000,-0.1476,+5.0842,+7.5000,+0.0000,+56.0000
29,1.00,1,True,0.0%,0.0%,0.0%,inf,1.0,5.16,0.666,0.0000,0.0000,0.5062,+0.0000,+0.0000,+1.0000,+0.0000,+0.0000,+0.0000,+0.0000,-0.0000,+0.0000,-0.0001,+0.0000,+0.0000,+0.0000,+1.0000,+0.0000,+0.0000,+3.0000,+0.0001,+0.0957,+0.1000,+0.1000,+0.0000
31,1.00,1,True,0.0%,0.0%,0.0%,inf,1.1,4.93,0.000,0.6667,0.0000,0.0000,+0.0000,+0.0000,+1.0000,+0.0000,+0.0000,+0.0000,-0.0001,+0.0000,+0.0000,-0.0001,+0.0000,+0.0000,+0.0000,+1.0000,+0.0000,+0.0000,+1.0000,-0.1270,+0.0000,+0.1000,+0.1000,+0.0000
32,1.00,1,True,0.0%,0.0%,0.0%,inf,0.9,4.76,0.000,0.6667,0.0000,0.0000,+0.0000,+0.0000,+1.0000,+0.0000,+0.0000,+0.0000,-0.0001,+0.0000,+0.0000,+0.0000,+0.0000,+0.0000,+0.0000,+1.0000,+0.0000,+0.0000,+1.0000,-0.1136,+0.0000,+0.1000,+0.0000,+0.0000
33,0.00,1,False,0.0%,0.0%,0.0%,inf,1.1,5.17,0.000,1.0000,0.0000,1.0000,+0.0000,+0.0000,+0.0000,+0.0000,+0.0000,+0.0000,+0.0000,+0.0000,+0.0000,+0.0000,+0.0000,+0.0000,+0.0000,+0.0000,+0.0000,+0.0000,+0.0000,+0.0000,+0.0000,+0.0000,+0.0000,+0.0000
35,-0.70,90,False,0.0%,0.0%,0.0%,0.05,0.8,5.42,11.707,0.9296,1.0000,0.5826,+0.0000,+0.0000,+0.0000,+0.0000,+0.0000,+0.0000,+0.0000,-0.0018,+0.0000,+0.0000,-0.7000,+0.0000,+0.0000,+0.0000,+0.0000,+0.0000,+19.0000,+0.0219,+7.1647,+9.0000,+0.0000,+7.0000
37,-6.10,71,True,0.0%,0.0%,0.0%,0.01,0.5,5.10,26.962,0.9906,0.9718,0.8826,+0.0000,+0.0000,+1.0000,+0.0000,+0.0000,+0.0000,-0.0004,-0.0003,+0.0000,+0.0000,-7.1000,+0.0000,+0.0000,+1.0000,+0.0000,+0.0000,+2.0000,-3.1868,+1.1484,+7.1000,+0.0000,+71.0000
39,-0.00,90,False,0.0%,0.0%,0.0%,0.20,0.7,6.29,9.541,0.9222,0.6778,0.6850,+0.0000,+0.0000,+0.0000,+0.0000,+0.0000,+0.0000,-0.0009,-0.0011,+0.0000,+0.0000,+0.0000,+0.0000,+0.0000,+0.0000,+0.0000,+0.0000,+21.0000,-4.8383,+4.5405,+9.0000,+0.0000,+0.0000
42,-2.40,88,True,0.0%,0.0%,0.0%,0.02,0.7,6.95,14.639,0.9583,1.0000,0.9498,+0.0000,+0.0000,+1.0000,+0.0000,+0.0000,+0.0000,+0.0000,-0.0001,+0.0000,+0.0000,-3.4000,+0.0000,+0.0000,+1.0000,+0.0000,+0.0000,+11.0000,+0.0219,+0.2228,+8.8000,+0.0000,+34.0000
45,1.00,1,True,0.0%,0.0%,0.0%,inf,1.1,5.38,0.000,0.6667,1.0000,0.9048,+0.0000,+0.0000,+1.0000,+0.0000,+0.0000,+0.0000,+0.0000,-0.0000,+0.0000,-0.0001,+0.0000,+0.0000,+0.0000,+1.0000,+0.0000,+0.0000,+1.0000,+0.0002,+0.0122,+0.1000,+0.1000,+0.0000
46,-0.86,28,False,100.0%,100.0%,0.0%,0.38,0.6,4.95,8.923,0.6667,0.5714,0.7695,-0.8547,+0.0000,+0.0000,+0.0000,+0.0000,+0.0000,-0.0003,-0.0002,+0.0000,+0.0000,+0.0000,+1.0000,+0.0000,+0.0000,+0.0000,+0.0000,+28.0000,-1.3456,+0.8902,+2.8000,+0.0000,+0.0000
48,1.00,1,True,0.0%,0.0%,0.0%,inf,1.0,5.15,0.000,0.6667,0.0000,0.0000,+0.0000,+0.0000,+1.0000,+0.0000,+0.0000,+0.0000,-0.0001,+0.0000,+0.0000,+0.0000,+0.0000,+0.0000,+0.0000,+1.0000,+0.0000,+0.0000,+1.0000,-0.1270,+0.0000,+0.1000,+0.0000,+0.0000
49,1.00,1,True,0.0%,0.0%,0.0%,inf,1.2,4.83,0.000,0.6667,0.0000,0.0000,+0.0000,+0.0000,+1.0000,+0.0000,+0.0000,+0.0000,-0.0001,+0.0000,+0.0000,+0.0000,+0.0000,+0.0000,+0.0000,+1.0000,+0.0000,+0.0000,+1.0000,-0.1270,+0.0000,+0.1000,+0.0000,+0.0000
50,1.00,1,True,0.0%,0.0%,0.0%,inf,1.1,4.88,0.039,0.6667,1.0000,0.9900,+0.0000,+0.0000,+1.0000,+0.0000,+0.0000,+0.0000,+0.0000,+0.0000,+0.0000,-0.0001,+0.0000,+0.0000,+0.0000,+1.0000,+0.0000,+0.0000,+1.0000,+0.0002,-0.0061,+0.1000,+0.1000,+0.0000
53,1.00,85,True,0.0%,0.0%,0.0%,0.01,0.6,6.09,10.423,0.9137,1.0000,0.8638,+0.0000,+0.0000,+1.0000,+0.0000,+0.0000,+0.0000,+0.0000,-0.0004,+0.0000,+0.0000,+0.0000,+0.0000,+0.0000,+1.0000,+0.0000,+0.0000,+22.0000,+0.0211,+1.7715,+8.5000,+0.0000,+0.0000
54,1.00,1,True,0.0%,0.0%,0.0%,inf,1.2,5.22,0.000,0.6667,0.0000,0.0000,+0.0000,+0.0000,+1.0000,+0.0000,+0.0000,+0.0000,-0.0001,+0.0000,+0.0000,+0.0000,+0.0000,+0.0000,+0.0000,+1.0000,+0.0000,+0.0000,+1.0000,-0.1270,+0.0000,+0.1000,+0.0000,+0.0000
55,-1.30,90,False,0.0%,0.0%,0.0%,0.11,0.6,4.97,7.876,0.9852,0.8889,0.8630,+0.0000,+0.0000,+0.0000,+0.0000,+0.0000,+0.0000,-0.0003,-0.0004,+0.0000,+0.0000,-1.3000,+0.0000,+0.0000,+0.0000,+0.0000,+0.0000,+4.0000,-1.7620,+1.7472,+9.0000,+0.0000,+13.0000
57,-4.80,58,True,0.0%,0.0%,0.0%,0.01,0.6,5.77,22.380,0.9713,0.8966,0.8593,+0.0000,+0.0000,+1.0000,+0.0000,+0.0000,+0.0000,-0.0003,-0.0003,+0.0000,+0.0000,-5.8000,+0.0000,+0.0000,+1.0000,+0.0000,+0.0000,+5.0000,-1.9284,+1.1814,+5.8000,+0.0000,+58.0000
58,1.00,1,True,0.0%,0.0%,0.0%,inf,1.1,5.19,3.499,0.6667,1.0000,0.5060,+0.0000,+0.0000,+1.0000,+0.0000,+0.0000,+0.0000,+0.0000,-0.0000,+0.0000,+0.0000,+0.0000,+0.0000,+0.0000,+1.0000,+0.0000,+0.0000,+1.0000,+0.0002,+0.0957,+0.1000,+0.0000,+0.0000
59,0.00,1,False,0.0%,0.0%,0.0%,inf,1.1,4.74,0.000,1.0000,0.0000,1.0000,+0.0000,+0.0000,+0.0000,+0.0000,+0.0000,+0.0000,+0.0000,+0.0000,+0.0000,+0.0000,+0.0000,+0.0000,+0.0000,+0.0000,+0.0000,+0.0000,+0.0000,+0.0000,+0.0000,+0.0000,+0.0000,+0.0000
66,-1.00,90,False,0.0%,0.0%,0.0%,0.04,0.8,6.67,11.990,0.9296,0.8333,0.6768,+0.0000,+0.0000,+0.0000,+0.0000,+0.0000,+0.0000,-0.0001,-0.0013,+0.0000,+0.0000,-1.0000,+0.0000,+0.0000,+0.0000,+0.0000,+0.0000,+19.0000,-0.3858,+5.2332,+9.0000,+0.0000,+10.0000
68,1.00,1,True,0.0%,0.0%,0.0%,inf,1.1,5.16,0.000,0.6667,1.0000,0.0692,+0.0000,+0.0000,+1.0000,+0.0000,+0.0000,+0.0000,+0.0000,-0.0000,+0.0000,+0.0000,+0.0000,+0.0000,+0.0000,+1.0000,+0.0000,+0.0000,+1.0000,+0.0002,+0.1849,+0.1000,+0.0000,+0.0000
70,-1.10,36,True,0.0%,0.0%,0.0%,0.01,0.6,5.26,15.256,0.9537,1.0000,0.8925,+0.0000,+0.0000,+1.0000,+0.0000,+0.0000,+0.0000,+0.0000,-0.0001,+0.0000,+0.0000,-2.1000,+0.0000,+0.0000,+1.0000,+0.0000,+0.0000,+5.0000,+0.0090,+0.5344,+3.6000,+0.0000,+21.0000
71,-0.20,24,False,0.0%,0.0%,100.0%,0.23,0.8,5.55,6.674,0.8194,0.0000,0.5868,+0.0000,-0.2000,+0.0000,+0.0000,+0.0000,+0.0000,-0.0028,-0.0000,+0.0000,+0.0000,+0.0000,+0.0000,+1.0000,+0.0000,+0.0000,+0.0000,+13.0000,-12.8618,+0.1025,+2.4000,+0.0000,+0.0000
73,-2.20,81,True,0.0%,0.0%,0.0%,0.01,0.8,6.53,12.983,0.8066,0.9506,0.8508,+0.0000,+0.0000,+1.0000,+0.0000,+0.0000,+0.0000,-0.0003,-0.0005,+0.0000,+0.0000,-3.2000,+0.0000,+0.0000,+1.0000,+0.0000,+0.0000,+47.0000,-2.0071,+1.8705,+8.1000,+0.0000,+32.0000
74,1.00,1,True,0.0%,0.0%,0.0%,inf,1.2,5.21,0.000,0.6667,0.0000,0.0000,+0.0000,+0.0000,+1.0000,+0.0000,+0.0000,+0.0000,-0.0001,+0.0000,+0.0000,-0.0001,+0.0000,+0.0000,+0.0000,+1.0000,+0.0000,+0.0000,+1.0000,-0.1270,+0.0000,+0.1000,+0.1000,+0.0000
75,-0.00,90,False,0.0%,0.0%,0.0%,0.05,0.6,5.30,10.783,0.9370,0.8778,0.9326,+0.0000,+0.0000,+0.0000,+0.0000,+0.0000,+0.0000,+0.0000,-0.0001,+0.0000,+0.0000,+0.0000,+0.0000,+0.0000,+0.0000,+0.0000,+0.0000,+17.0000,+0.0222,+0.5575,+9.0000,+0.0000,+0.0000
76,-2.12,13,False,100.0%,100.0%,0.0%,0.12,0.8,5.41,15.034,0.9487,0.7692,0.9660,-1.5165,+0.0000,+0.0000,+0.0000,+0.0000,+0.0000,+0.0000,+0.0000,+0.0000,+0.0000,-0.6000,+1.0000,+0.0000,+0.0000,+0.0000,+0.0000,+2.0000,-0.0085,-0.0170,+1.3000,+0.0000,+6.0000
77,1.00,1,True,0.0%,0.0%,0.0%,inf,1.1,5.06,0.916,0.6667,0.0000,0.0000,+0.0000,+0.0000,+1.0000,+0.0000,+0.0000,+0.0000,-0.0001,+0.0000,+0.0000,+0.0000,+0.0000,+0.0000,+0.0000,+1.0000,+0.0000,+0.0000,+1.0000,-0.2186,+0.0000,+0.1000,+0.0000,+0.0000
78,1.00,1,True,0.0%,0.0%,0.0%,inf,1.2,7.03,0.000,0.6667,0.0000,0.0000,+0.0000,+0.0000,+1.0000,+0.0000,+0.0000,+0.0000,-0.0001,+0.0000,+0.0000,+0.0000,+0.0000,+0.0000,+0.0000,+1.0000,+0.0000,+0.0000,+1.0000,-0.1270,+0.0000,+0.1000,+0.0000,+0.0000
79,1.00,1,True,0.0%,0.0%,0.0%,inf,1.0,4.85,0.000,0.6667,0.0000,0.0000,+0.0000,+0.0000,+1.0000,+0.0000,+0.0000,+0.0000,-0.0001,+0.0000,+0.0000,+0.0000,+0.0000,+0.0000,+0.0000,+1.0000,+0.0000,+0.0000,+1.0000,-0.1270,+0.0000,+0.1000,+0.0000,+0.0000
82,-2.30,84,False,0.0%,0.0%,100.0%,0.09,0.9,7.72,12.323,0.8492,0.3929,0.7492,+0.0000,-0.2000,+0.0000,+0.0000,+0.0000,+0.0000,-0.0042,-0.0005,+0.0000,+0.0000,-2.1000,+0.0000,+1.0000,+0.0000,+0.0000,+0.0000,+38.0000,-24.5968,+1.9094,+8.4000,+0.0000,+21.0000
85,0.00,1,False,0.0%,0.0%,0.0%,inf,1.0,5.48,0.000,1.0000,0.0000,1.0000,+0.0000,+0.0000,+0.0000,+0.0000,+0.0000,+0.0000,+0.0000,+0.0000,+0.0000,+0.0000,+0.0000,+0.0000,+0.0000,+0.0000,+0.0000,+0.0000,+0.0000,+0.0000,+0.0000,+0.0000,+0.0000,+0.0000
86,1.00,1,True,0.0%,0.0%,0.0%,inf,1.1,5.26,0.000,0.6667,0.0000,0.0000,+0.0000,+0.0000,+1.0000,+0.0000,+0.0000,+0.0000,-0.0001,+0.0000,+0.0000,-0.0001,+0.0000,+0.0000,+0.0000,+1.0000,+0.0000,+0.0000,+1.0000,-0.1270,+0.0000,+0.1000,+0.1000,+0.0000
88,0.00,1,False,0.0%,0.0%,0.0%,inf,0.9,4.82,0.000,1.0000,0.0000,1.0000,+0.0000,+0.0000,+0.0000,+0.0000,+0.0000,+0.0000,+0.0000,+0.0000,+0.0000,+0.0000,+0.0000,+0.0000,+0.0000,+0.0000,+0.0000,+0.0000,+0.0000,+0.0000,+0.0000,+0.0000,+0.0000,+0.0000
89,1.00,1,True,0.0%,0.0%,0.0%,inf,1.1,5.20,0.000,0.6667,0.0000,0.0000,+0.0000,+0.0000,+1.0000,+0.0000,+0.0000,+0.0000,-0.0001,+0.0000,+0.0000,+0.0000,+0.0000,+0.0000,+0.0000,+1.0000,+0.0000,+0.0000,+1.0000,-0.1270,+0.0000,+0.1000,+0.0000,+0.0000
90,1.00,1,True,0.0%,0.0%,0.0%,inf,0.9,4.73,1.112,0.6667,1.0000,0.7566,+0.0000,+0.0000,+1.0000,+0.0000,+0.0000,+0.0000,+0.0000,-0.0000,+0.0000,+0.0000,+0.0000,+0.0000,+0.0000,+1.0000,+0.0000,+0.0000,+1.0000,+0.0002,+0.0436,+0.1000,+0.0000,+0.0000
93,1.00,1,True,0.0%,0.0%,0.0%,inf,1.2,5.23,2.034,0.6667,1.0000,0.8876,+0.0000,+0.0000,+1.0000,+0.0000,+0.0000,+0.0000,+0.0000,-0.0000,+0.0000,+0.0000,+0.0000,+0.0000,+0.0000,+1.0000,+0.0000,+0.0000,+1.0000,+0.0002,+0.0159,+0.1000,+0.0000,+0.0000
96,1.00,1,True,0.0%,0.0%,0.0%,inf,1.0,5.00,0.000,0.6667,0.0000,0.0000,+0.0000,+0.0000,+1.0000,+0.0000,+0.0000,+0.0000,-0.0001,+0.0000,+0.0000,-0.0001,+0.0000,+0.0000,+0.0000,+1.0000,+0.0000,+0.0000,+1.0000,-0.1270,+0.0000,+0.1000,+0.1000,+0.0000
97,-0.93,37,False,100.0%,100.0%,0.0%,0.30,0.7,5.61,7.237,0.7117,0.4054,0.8042,-0.9251,+0.0000,+0.0000,+0.0000,+0.0000,+0.0000,-0.0017,-0.0001,+0.0000,+0.0000,+0.0000,+1.0000,+0.0000,+0.0000,+0.0000,+0.0000,+32.0000,-8.2333,+0.4428,+3.7000,+0.0000,+0.0000
98,1.00,1,True,0.0%,0.0%,0.0%,inf,1.1,4.85,0.000,0.6667,0.0000,0.0000,+0.0000,+0.0000,+1.0000,+0.0000,+0.0000,+0.0000,-0.0001,+0.0000,+0.0000,+0.0000,+0.0000,+0.0000,+0.0000,+1.0000,+0.0000,+0.0000,+1.0000,-0.1136,+0.0000,+0.1000,+0.0000,+0.0000
100,-5.50,90,False,0.0%,0.0%,0.0%,0.08,0.6,5.40,15.745,0.9741,0.9889,0.8026,+0.0000,+0.0000,+0.0000,+0.0000,+0.0000,+0.0000,+0.0000,-0.0008,+0.0000,+0.0000,-5.5000,+0.0000,+0.0000,+0.0000,+0.0000,+0.0000,+7.0000,+0.0220,+3.0307,+9.0000,+0.0000,+55.0000
101,-2.00,30,True,0.0%,0.0%,0.0%,0.02,0.6,4.93,20.806,0.9667,1.0000,0.6153,+0.0000,+0.0000,+1.0000,+0.0000,+0.0000,+0.0000,+0.0000,-0.0005,+0.0000,+0.0000,-3.0000,+0.0000,+0.0000,+1.0000,+0.0000,+0.0000,+3.0000,+0.0074,+2.1779,+3.0000,+0.0000,+30.0000
105,-6.00,90,False,0.0%,0.0%,0.0%,0.03,0.7,5.99,16.249,0.9222,0.9556,0.7039,+0.0000,+0.0000,+0.0000,+0.0000,+0.0000,+0.0000,+0.0000,-0.0012,+0.0000,+0.0000,-6.0000,+0.0000,+0.0000,+0.0000,+0.0000,+0.0000,+21.0000,+0.0058,+4.8505,+9.0000,+0.0000,+60.0000
107,-6.26,45,False,100.0%,100.0%,0.0%,0.60,0.7,5.89,18.479,0.9778,0.9111,0.5035,-1.7631,+0.0000,+0.0000,+0.0000,+0.0000,+0.0000,-0.0000,-0.0011,+0.0000,+0.0000,-4.5000,+1.0000,+0.0000,+0.0000,+0.0000,+0.0000,+3.0000,-0.3826,+4.2395,+4.5000,+0.0000,+45.0000
108,-0.00,90,False,0.0%,0.0%,0.0%,0.21,0.6,5.41,1.790,0.9889,0.9222,0.8036,+0.0000,+0.0000,+0.0000,+0.0000,+0.0000,+0.0000,-0.0004,-0.0007,+0.0000,+0.0000,+0.0000,+0.0000,+0.0000,+0.0000,+0.0000,+0.0000,+3.0000,-0.8418,+2.9694,+9.0000,+0.0000,+0.0000
110,-0.00,90,False,0.0%,0.0%,0.0%,0.20,0.7,6.39,5.409,0.8778,0.3778,0.6591,+0.0000,+0.0000,+0.0000,+0.0000,+0.0000,+0.0000,-0.0010,-0.0010,+0.0000,+0.0000,+0.0000,+0.0000,+0.0000,+0.0000,+0.0000,+0.0000,+33.0000,-3.9447,+4.1531,+9.0000,+0.0000,+0.0000
114,-1.90,90,True,0.0%,0.0%,0.0%,0.01,0.7,5.73,10.737,0.9815,0.9444,0.8467,+0.0000,+0.0000,+1.0000,+0.0000,+0.0000,+0.0000,-0.0003,-0.0005,+0.0000,+0.0000,-2.9000,+0.0000,+0.0000,+1.0000,+0.0000,+0.0000,+5.0000,-1.6187,+2.1488,+9.0000,+0.0000,+29.0000
115,-0.30,90,False,0.0%,0.0%,0.0%,0.12,0.7,6.43,7.906,0.9926,0.9667,0.9796,+0.0000,+0.0000,+0.0000,+0.0000,+0.0000,+0.0000,-0.0001,+0.0001,+0.0000,+0.0000,-0.3000,+0.0000,+0.0000,+0.0000,+0.0000,+0.0000,+2.0000,-0.6337,-0.3560,+9.0000,+0.0000,+3.0000
118,-0.51,67,False,0.0%,0.0%,100.0%,0.16,0.8,6.28,11.189,0.9303,0.5522,0.4597,+0.0000,-0.2000,+0.0000,+0.0000,+0.0000,+0.0000,-0.0054,-0.0008,+0.0000,+0.0000,-0.3000,+0.0000,+1.0000,+0.0000,+0.0000,+0.0000,+14.0000,-33.0143,+3.3959,+6.7000,+0.0000,+3.0000
119,1.00,1,True,0.0%,0.0%,0.0%,inf,1.1,4.90,0.000,0.6667,0.0000,0.0000,+0.0000,+0.0000,+1.0000,+0.0000,+0.0000,+0.0000,-0.0001,+0.0000,+0.0000,+0.0000,+0.0000,+0.0000,+0.0000,+1.0000,+0.0000,+0.0000,+1.0000,-0.1270,+0.0000,+0.1000,+0.0000,+0.0000
120,-0.90,90,False,0.0%,0.0%,0.0%,0.07,0.6,5.68,10.594,0.9556,0.8556,0.6682,+0.0000,+0.0000,+0.0000,+0.0000,+0.0000,+0.0000,-0.0007,-0.0013,+0.0000,+0.0000,-0.9000,+0.0000,+0.0000,+0.0000,+0.0000,+0.0000,+12.0000,-4.4629,+5.1224,+9.0000,+0.0000,+9.0000
121,-0.00,90,False,0.0%,0.0%,0.0%,0.22,0.6,5.03,0.825,1.0000,1.0000,0.8505,+0.0000,+0.0000,+0.0000,+0.0000,+0.0000,+0.0000,+0.0000,-0.0005,+0.0000,+0.0000,+0.0000,+0.0000,+0.0000,+0.0000,+0.0000,+0.0000,+0.0000,+0.0220,+2.1395,+9.0000,+0.0000,+0.0000
122,0.00,1,False,0.0%,0.0%,0.0%,inf,1.1,5.39,0.000,1.0000,0.0000,1.0000,+0.0000,+0.0000,+0.0000,+0.0000,+0.0000,+0.0000,+0.0000,+0.0000,+0.0000,+0.0000,+0.0000,+0.0000,+0.0000,+0.0000,+0.0000,+0.0000,+0.0000,+0.0000,+0.0000,+0.0000,+0.0000,+0.0000
124,1.00,29,True,0.0%,0.0%,0.0%,0.01,0.6,4.86,7.523,0.9655,1.0000,0.9315,+0.0000,+0.0000,+1.0000,+0.0000,+0.0000,+0.0000,+0.0000,+0.0000,+0.0000,+0.0000,+0.0000,+0.0000,+0.0000,+1.0000,+0.0000,+0.0000,+3.0000,+0.0072,+0.1876,+2.9000,+0.0000,+0.0000
131,-0.70,71,True,0.0%,0.0%,0.0%,0.01,0.6,5.73,10.404,0.9202,0.9014,0.5162,+0.0000,+0.0000,+1.0000,+0.0000,+0.0000,+0.0000,+0.0000,-0.0017,+0.0000,+0.0000,-1.7000,+0.0000,+0.0000,+1.0000,+0.0000,+0.0000,+17.0000,+0.0166,+6.6265,+7.1000,+0.0000,+17.0000
132,1.00,63,True,0.0%,0.0%,0.0%,0.01,0.7,5.87,8.306,0.9418,0.9048,0.8730,+0.0000,+0.0000,+1.0000,+0.0000,+0.0000,+0.0000,-0.0004,-0.0003,+0.0000,+0.0000,+0.0000,+0.0000,+0.0000,+1.0000,+0.0000,+0.0000,+11.0000,-2.3812,+1.0719,+6.3000,+0.0000,+0.0000
134,0.00,1,False,0.0%,0.0%,0.0%,inf,0.9,4.68,0.000,1.0000,0.0000,1.0000,+0.0000,+0.0000,+0.0000,+0.0000,+0.0000,+0.0000,+0.0000,+0.0000,+0.0000,+0.0000,+0.0000,+0.0000,+0.0000,+0.0000,+0.0000,+0.0000,+0.0000,+0.0000,+0.0000,+0.0000,+0.0000,+0.0000
136,0.00,1,False,0.0%,0.0%,0.0%,inf,1.2,5.31,0.000,1.0000,0.0000,1.0000,+0.0000,+0.0000,+0.0000,+0.0000,+0.0000,+0.0000,+0.0000,+0.0000,+0.0000,+0.0000,+0.0000,+0.0000,+0.0000,+0.0000,+0.0000,+0.0000,+0.0000,+0.0000,+0.0000,+0.0000,+0.0000,+0.0000
140,-0.70,58,True,0.0%,0.0%,0.0%,0.01,0.7,5.45,11.952,0.9023,0.8276,0.6591,+0.0000,+0.0000,+1.0000,+0.0000,+0.0000,+0.0000,-0.0005,-0.0009,+0.0000,+0.0000,-1.7000,+0.0000,+0.0000,+1.0000,+0.0000,+0.0000,+17.0000,-2.9047,+3.4927,+5.8000,+0.0000,+17.0000
141,1.00,1,True,0.0%,0.0%,0.0%,inf,1.1,4.67,0.000,0.6667,1.0000,0.7289,+0.0000,+0.0000,+1.0000,+0.0000,+0.0000,+0.0000,+0.0000,-0.0000,+0.0000,+0.0000,+0.0000,+0.0000,+0.0000,+1.0000,+0.0000,+0.0000,+1.0000,+0.0002,+0.0494,+0.1000,+0.0000,+0.0000
142,-1.00,67,True,0.0%,0.0%,0.0%,0.02,0.8,6.36,11.053,0.9900,0.9104,0.9594,+0.0000,+0.0000,+1.0000,+0.0000,+0.0000,+0.0000,-0.0001,-0.0000,+0.0000,+0.0000,-2.0000,+0.0000,+0.0000,+1.0000,+0.0000,+0.0000,+2.0000,-0.7877,+0.0025,+6.7000,+0.0000,+20.0000
143,-4.40,76,True,0.0%,0.0%,0.0%,0.02,0.7,6.21,17.204,0.9211,0.8158,0.7286,+0.0000,+0.0000,+1.0000,+0.0000,+0.0000,+0.0000,-0.0002,-0.0009,+0.0000,+0.0000,-5.4000,+0.0000,+0.0000,+1.0000,+0.0000,+0.0000,+18.0000,-1.4019,+3.4324,+7.6000,+0.0000,+54.0000
148,1.00,1,True,0.0%,0.0%,0.0%,inf,1.0,5.15,0.000,0.6667,1.0000,0.8579,+0.0000,+0.0000,+1.0000,+0.0000,+0.0000,+0.0000,+0.0000,-0.0000,+0.0000,+0.0000,+0.0000,+0.0000,+0.0000,+1.0000,+0.0000,+0.0000,+1.0000,+0.0002,+0.0222,+0.1000,+0.0000,+0.0000
149,1.00,88,True,0.0%,0.0%,0.0%,0.01,0.9,6.32,12.386,0.8902,1.0000,0.5395,+0.0000,+0.0000,+1.0000,+0.0000,+0.0000,+0.0000,+0.0000,-0.0019,+0.0000,+0.0000,+0.0000,+0.0000,+0.0000,+1.0000,+0.0000,+0.0000,+29.0000,+0.0214,+7.7761,+8.8000,+0.0000,+0.0000
150,-0.50,90,False,0.0%,0.0%,0.0%,0.01,0.6,5.10,12.347,0.8778,0.9222,0.6447,+0.0000,+0.0000,+0.0000,+0.0000,+0.0000,+0.0000,-0.0006,-0.0014,+0.0000,+0.0000,-0.5000,+0.0000,+0.0000,+0.0000,+0.0000,+0.0000,+33.0000,-3.6052,+5.4735,+9.0000,+0.0000,+5.0000
151,1.00,1,True,0.0%,0.0%,0.0%,inf,1.2,5.29,0.000,0.6667,0.0000,0.0000,+0.0000,+0.0000,+1.0000,+0.0000,+0.0000,+0.0000,-0.0001,+0.0000,+0.0000,+0.0000,+0.0000,+0.0000,+0.0000,+1.0000,+0.0000,+0.0000,+1.0000,-0.1270,+0.0000,+0.1000,+0.0000,+0.0000
153,1.00,1,True,0.0%,0.0%,0.0%,inf,1.0,4.69,0.000,0.6667,1.0000,0.9676,+0.0000,+0.0000,+1.0000,+0.0000,+0.0000,+0.0000,+0.0000,+0.0000,+0.0000,+0.0000,+0.0000,+0.0000,+0.0000,+1.0000,+0.0000,+0.0000,+1.0000,+0.0002,-0.0013,+0.1000,+0.0000,+0.0000
155,1.00,1,True,0.0%,0.0%,0.0%,inf,1.2,5.33,0.000,0.6667,0.0000,0.0000,+0.0000,+0.0000,+1.0000,+0.0000,+0.0000,+0.0000,-0.0001,+0.0000,+0.0000,+0.0000,+0.0000,+0.0000,+0.0000,+1.0000,+0.0000,+0.0000,+1.0000,-0.1136,+0.0000,+0.1000,+0.0000,+0.0000
156,-0.20,84,True,0.0%,0.0%,0.0%,0.01,0.7,5.68,9.893,0.9563,0.7619,0.6528,+0.0000,+0.0000,+1.0000,+0.0000,+0.0000,+0.0000,-0.0004,-0.0013,+0.0000,+0.0000,-1.2000,+0.0000,+0.0000,+1.0000,+0.0000,+0.0000,+11.0000,-2.0133,+5.1272,+8.4000,+0.0000,+12.0000
157,0.00,1,False,0.0%,0.0%,0.0%,inf,1.0,4.68,0.000,1.0000,0.0000,1.0000,+0.0000,+0.0000,+0.0000,+0.0000,+0.0000,+0.0000,+0.0000,+0.0000,+0.0000,+0.0000,+0.0000,+0.0000,+0.0000,+0.0000,+0.0000,+0.0000,+0.0000,+0.0000,+0.0000,+0.0000,+0.0000,+0.0000
158,1.00,6,True,0.0%,0.0%,0.0%,0.02,0.8,5.30,13.090,0.8889,1.0000,0.6729,+0.0000,+0.0000,+1.0000,+0.0000,+0.0000,+0.0000,+0.0000,-0.0001,+0.0000,+0.0000,+0.0000,+0.0000,+0.0000,+1.0000,+0.0000,+0.0000,+2.0000,+0.0015,+0.3668,+0.6000,+0.0000,+0.0000
159,0.00,1,False,0.0%,0.0%,0.0%,inf,1.1,4.78,0.000,1.0000,0.0000,1.0000,+0.0000,+0.0000,+0.0000,+0.0000,+0.0000,+0.0000,+0.0000,+0.0000,+0.0000,+0.0000,+0.0000,+0.0000,+0.0000,+0.0000,+0.0000,+0.0000,+0.0000,+0.0000,+0.0000,+0.0000,+0.0000,+0.0000
160,1.00,1,True,0.0%,0.0%,0.0%,inf,1.0,5.33,0.000,0.6667,0.0000,0.0000,+0.0000,+0.0000,+1.0000,+0.0000,+0.0000,+0.0000,-0.0001,+0.0000,+0.0000,+0.0000,+0.0000,+0.0000,+0.0000,+1.0000,+0.0000,+0.0000,+1.0000,-0.1270,+0.0000,+0.1000,+0.0000,+0.0000
161,1.00,2,True,0.0%,0.0%,0.0%,0.01,0.9,4.69,9.928,0.6667,1.0000,0.7005,+0.0000,+0.0000,+1.0000,+0.0000,+0.0000,+0.0000,+0.0000,-0.0000,+0.0000,+0.0000,+0.0000,+0.0000,+0.0000,+1.0000,+0.0000,+0.0000,+2.0000,+0.0005,+0.1107,+0.2000,+0.0000,+0.0000
162,-1.30,75,True,0.0%,0.0%,0.0%,0.01,0.8,6.29,12.372,0.9200,0.9867,0.9641,+0.0000,+0.0000,+1.0000,+0.0000,+0.0000,+0.0000,+0.0000,+0.0000,+0.0000,+0.0000,-2.3000,+0.0000,+0.0000,+1.0000,+0.0000,+0.0000,+18.0000,+0.0120,-0.0424,+7.5000,+0.0000,+23.0000
163,1.00,17,True,0.0%,0.0%,0.0%,0.02,0.6,4.94,11.679,0.9804,1.0000,0.9381,+0.0000,+0.0000,+1.0000,+0.0000,+0.0000,+0.0000,+0.0000,-0.0000,+0.0000,+0.0000,+0.0000,+0.0000,+0.0000,+1.0000,+0.0000,+0.0000,+1.0000,+0.0042,+0.0857,+1.7000,+0.0000,+0.0000
165,1.00,1,True,0.0%,0.0%,0.0%,inf,1.2,5.43,0.000,0.6667,0.0000,0.0000,+0.0000,+0.0000,+1.0000,+0.0000,+0.0000,+0.0000,-0.0001,+0.0000,+0.0000,+0.0000,+0.0000,+0.0000,+0.0000,+1.0000,+0.0000,+0.0000,+1.0000,-0.1136,+0.0000,+0.1000,+0.0000,+0.0000
167,1.00,1,True,0.0%,0.0%,0.0%,inf,1.2,4.89,0.000,0.6667,0.0000,0.0000,+0.0000,+0.0000,+1.0000,+0.0000,+0.0000,+0.0000,-0.0001,+0.0000,+0.0000,-0.0001,+0.0000,+0.0000,+0.0000,+1.0000,+0.0000,+0.0000,+1.0000,-0.1270,+0.0000,+0.1000,+0.1000,+0.0000
168,-4.10,71,False,0.0%,0.0%,100.0%,0.06,0.7,6.04,15.633,0.7934,0.7183,0.6564,+0.0000,-0.2000,+0.0000,+0.0000,+0.0000,+0.0000,+0.0000,-0.0009,+0.0000,+0.0000,-3.9000,+0.0000,+1.0000,+0.0000,+0.0000,+0.0000,+44.0000,+0.0143,+3.4878,+7.1000,+0.0000,+39.0000
172,-0.20,61,False,0.0%,0.0%,100.0%,0.24,0.6,5.20,5.979,1.0000,0.7377,0.6019,+0.0000,-0.2000,+0.0000,+0.0000,+0.0000,+0.0000,-0.0002,-0.0008,+0.0000,+0.0000,+0.0000,+0.0000,+1.0000,+0.0000,+0.0000,+0.0000,+0.0000,-0.8819,+3.2315,+6.1000,+0.0000,+0.0000
173,0.30,37,True,0.0%,0.0%,0.0%,0.01,0.8,5.61,11.829,0.9730,0.8919,0.9135,+0.0000,+0.0000,+1.0000,+0.0000,+0.0000,+0.0000,-0.0001,-0.0001,+0.0000,+0.0000,-0.7000,+0.0000,+0.0000,+1.0000,+0.0000,+0.0000,+3.0000,-0.5112,+0.3723,+3.7000,+0.0000,+7.0000
174,-0.70,19,True,0.0%,0.0%,0.0%,0.02,0.8,5.64,16.465,0.8772,1.0000,0.6704,+0.0000,+0.0000,+1.0000,+0.0000,+0.0000,+0.0000,+0.0000,-0.0003,+0.0000,+0.0000,-1.7000,+0.0000,+0.0000,+1.0000,+0.0000,+0.0000,+7.0000,+0.0045,+1.1610,+1.9000,+0.0000,+17.0000
175,-1.10,78,True,0.0%,0.0%,0.0%,0.02,0.6,5.51,10.866,0.9103,0.8333,0.5743,+0.0000,+0.0000,+1.0000,+0.0000,+0.0000,+0.0000,+0.0000,-0.0016,+0.0000,+0.0000,-2.1000,+0.0000,+0.0000,+1.0000,+0.0000,+0.0000,+21.0000,+0.0174,+6.3231,+7.8000,+0.0000,+21.0000
178,-0.20,25,False,0.0%,0.0%,100.0%,0.53,0.8,5.32,10.483,0.7867,0.6400,0.5728,+0.0000,-0.2000,+0.0000,+0.0000,+0.0000,+0.0000,-0.0003,-0.0004,+0.0000,+0.0000,+0.0000,+0.0000,+1.0000,+0.0000,+0.0000,+0.0000,+16.0000,-1.7408,+1.4537,+2.5000,+0.0000,+0.0000
179,-5.30,90,False,0.0%,0.0%,0.0%,0.03,0.9,8.41,15.395,0.9407,0.8444,0.7317,+0.0000,+0.0000,+0.0000,+0.0000,+0.0000,+0.0000,-0.0005,-0.0011,+0.0000,+0.0000,-5.3000,+0.0000,+0.0000,+0.0000,+0.0000,+0.0000,+16.0000,-2.9822,+4.2905,+9.0000,+0.0000,+53.0000
180,-3.50,47,True,0.0%,0.0%,0.0%,0.02,0.7,5.44,16.921,0.9291,0.8936,0.7572,+0.0000,+0.0000,+1.0000,+0.0000,+0.0000,+0.0000,-0.0003,-0.0005,+0.0000,+0.0000,-4.5000,+0.0000,+0.0000,+1.0000,+0.0000,+0.0000,+10.0000,-2.3834,+1.9492,+4.7000,+0.0000,+45.0000
181,1.00,1,True,0.0%,0.0%,0.0%,inf,0.9,5.51,0.000,0.6667,1.0000,0.0000,+0.0000,+0.0000,+1.0000,+0.0000,+0.0000,+0.0000,+0.0000,-0.0001,+0.0000,-0.0001,+0.0000,+0.0000,+0.0000,+1.0000,+0.0000,+0.0000,+1.0000,+0.0002,+0.2961,+0.1000,+0.1000,+0.0000
183,1.00,1,True,0.0%,0.0%,0.0%,inf,0.8,4.76,0.000,0.6667,1.0000,0.0000,+0.0000,+0.0000,+1.0000,+0.0000,+0.0000,+0.0000,+0.0000,-0.0001,+0.0000,+0.0000,+0.0000,+0.0000,+0.0000,+1.0000,+0.0000,+0.0000,+1.0000,+0.0002,+0.2801,+0.1000,+0.0000,+0.0000
185,-2.10,90,False,0.0%,0.0%,0.0%,0.03,0.6,6.35,13.041,0.9333,1.0000,0.8894,+0.0000,+0.0000,+0.0000,+0.0000,+0.0000,+0.0000,+0.0000,-0.0003,+0.0000,+0.0000,-2.1000,+0.0000,+0.0000,+0.0000,+0.0000,+0.0000,+18.0000,+0.0224,+1.3892,+9.0000,+0.0000,+21.0000
186,-1.20,22,True,0.0%,0.0%,0.0%,0.01,0.6,4.97,19.667,0.9394,1.0000,0.9267,+0.0000,+0.0000,+1.0000,+0.0000,+0.0000,+0.0000,+0.0000,-0.0000,+0.0000,+0.0000,-2.2000,+0.0000,+0.0000,+1.0000,+0.0000,+0.0000,+4.0000,+0.0055,+0.1651,+2.2000,+0.0000,+22.0000
187,-0.98,32,False,100.0%,100.0%,0.0%,0.35,0.6,5.20,11.904,0.9375,1.0000,0.7266,-0.9824,+0.0000,+0.0000,+0.0000,+0.0000,+0.0000,+0.0000,-0.0004,+0.0000,+0.0000,+0.0000,+1.0000,+0.0000,+0.0000,+0.0000,+0.0000,+6.0000,+0.0079,+1.5934,+3.2000,+0.0000,+0.0000
188,0.70,64,True,0.0%,0.0%,0.0%,0.02,0.6,5.87,10.530,0.8698,0.9844,0.9131,+0.0000,+0.0000,+1.0000,+0.0000,+0.0000,+0.0000,+0.0000,-0.0002,+0.0000,+0.0000,-0.3000,+0.0000,+0.0000,+1.0000,+0.0000,+0.0000,+25.0000,+0.0157,+0.6660,+6.4000,+0.0000,+3.0000
189,1.00,1,True,0.0%,0.0%,0.0%,inf,0.9,5.07,0.283,0.6667,1.0000,0.9259,+0.0000,+0.0000,+1.0000,+0.0000,+0.0000,+0.0000,+0.0000,-0.0000,+0.0000,+0.0000,+0.0000,+0.0000,+0.0000,+1.0000,+0.0000,+0.0000,+1.0000,+0.0002,+0.0077,+0.1000,+0.0000,+0.0000
191,1.00,1,True,0.0%,0.0%,0.0%,inf,1.2,5.59,0.000,0.6667,0.0000,0.0000,+0.0000,+0.0000,+1.0000,+0.0000,+0.0000,+0.0000,-0.0001,+0.0000,+0.0000,+0.0000,+0.0000,+0.0000,+0.0000,+1.0000,+0.0000,+0.0000,+1.0000,-0.1136,+0.0000,+0.1000,+0.0000,+0.0000
192,-1.10,82,True,0.0%,0.0%,0.0%,0.01,0.6,5.35,13.006,0.9837,0.9268,0.6159,+0.0000,+0.0000,+1.0000,+0.0000,+0.0000,+0.0000,+0.0000,-0.0015,+0.0000,+0.0000,-2.1000,+0.0000,+0.0000,+1.0000,+0.0000,+0.0000,+4.0000,+0.0195,+5.8791,+8.2000,+0.0000,+21.0000
194,1.00,1,True,0.0%,0.0%,0.0%,inf,1.1,5.16,0.000,0.6667,0.0000,0.0000,+0.0000,+0.0000,+1.0000,+0.0000,+0.0000,+0.0000,-0.0001,+0.0000,+0.0000,+0.0000,+0.0000,+0.0000,+0.0000,+1.0000,+0.0000,+0.0000,+1.0000,-0.1270,+0.0000,+0.1000,+0.0000,+0.0000
196,-0.00,90,False,0.0%,0.0%,0.0%,0.26,0.8,6.56,0.095,0.9926,1.0000,0.8674,+0.0000,+0.0000,+0.0000,+0.0000,+0.0000,+0.0000,+0.0000,-0.0005,+0.0000,-0.0045,+0.0000,+0.0000,+0.0000,+0.0000,+0.0000,+0.0000,+2.0000,+0.0225,+1.8168,+9.0000,+9.0000,+0.0000
197,1.00,1,True,0.0%,0.0%,0.0%,inf,1.1,4.78,0.000,0.6667,0.0000,0.0000,+0.0000,+0.0000,+1.0000,+0.0000,+0.0000,+0.0000,-0.0001,+0.0000,+0.0000,+0.0000,+0.0000,+0.0000,+0.0000,+1.0000,+0.0000,+0.0000,+1.0000,-0.1270,+0.0000,+0.1000,+0.0000,+0.0000
199,1.00,1,True,0.0%,0.0%,0.0%,inf,1.1,5.52,0.000,0.6667,1.0000,0.9890,+0.0000,+0.0000,+1.0000,+0.0000,+0.0000,+0.0000,+0.0000,+0.0000,+0.0000,+0.0000,+0.0000,+0.0000,+0.0000,+1.0000,+0.0000,+0.0000,+1.0000,+0.0002,-0.0059,+0.1000,+0.0000,+0.0000
200,-0.00,90,False,0.0%,0.0%,0.0%,0.22,0.7,6.09,1.335,0.9889,1.0000,0.9446,+0.0000,+0.0000,+0.0000,+0.0000,+0.0000,+0.0000,+0.0000,-0.0001,+0.0000,+0.0000,+0.0000,+0.0000,+0.0000,+0.0000,+0.0000,+0.0000,+3.0000,+0.0225,+0.3328,+9.0000,+0.0000,+0.0000
201,-0.49,35,False,100.0%,100.0%,0.0%,0.20,0.9,6.11,2.996,0.9619,1.0000,0.7990,-0.4942,+0.0000,+0.0000,+0.0000,+0.0000,+0.0000,+0.0000,-0.0003,+0.0000,+0.0000,+0.0000,+1.0000,+0.0000,+0.0000,+0.0000,+0.0000,+4.0000,+0.0087,+1.2142,+3.5000,+0.0000,+0.0000
202,0.00,90,False,0.0%,0.0%,0.0%,0.24,0.9,6.78,0.885,1.0000,1.0000,0.9735,+0.0000,+0.0000,+0.0000,+0.0000,+0.0000,+0.0000,+0.0000,+0.0001,+0.0000,+0.0000,+0.0000,+0.0000,+0.0000,+0.0000,+0.0000,+0.0000,+0.0000,+0.0224,-0.2274,+9.0000,+0.0000,+0.0000
203,1.00,1,True,0.0%,0.0%,0.0%,inf,1.1,5.38,0.000,0.6667,0.0000,0.0000,+0.0000,+0.0000,+1.0000,+0.0000,+0.0000,+0.0000,-0.0001,+0.0000,+0.0000,-0.0001,+0.0000,+0.0000,+0.0000,+1.0000,+0.0000,+0.0000,+1.0000,-0.1270,+0.0000,+0.1000,+0.1000,+0.0000
206,0.00,90,False,0.0%,0.0%,0.0%,0.21,1.1,7.34,2.525,0.9519,1.0000,0.9596,+0.0000,+0.0000,+0.0000,+0.0000,+0.0000,+0.0000,+0.0000,-0.0000,+0.0000,+0.0000,+0.0000,+0.0000,+0.0000,+0.0000,+0.0000,+0.0000,+13.0000,+0.0223,+0.0421,+9.0000,+0.0000,+0.0000
207,-4.10,68,True,0.0%,0.0%,0.0%,0.01,0.8,6.53,16.262,0.9706,0.9265,0.8748,+0.0000,+0.0000,+1.0000,+0.0000,+0.0000,+0.0000,-0.0001,-0.0003,+0.0000,+0.0000,-5.1000,+0.0000,+0.0000,+1.0000,+0.0000,+0.0000,+6.0000,-0.7903,+1.2049,+6.8000,+0.0000,+51.0000
210,1.00,1,True,0.0%,0.0%,0.0%,inf,0.8,4.79,0.000,0.6667,1.0000,0.9842,+0.0000,+0.0000,+1.0000,+0.0000,+0.0000,+0.0000,+0.0000,+0.0000,+0.0000,+0.0000,+0.0000,+0.0000,+0.0000,+1.0000,+0.0000,+0.0000,+1.0000,+0.0002,-0.0048,+0.1000,+0.0000,+0.0000
212,-3.00,73,True,0.0%,0.0%,0.0%,0.01,0.7,6.48,14.892,0.9361,0.9452,0.8321,+0.0000,+0.0000,+1.0000,+0.0000,+0.0000,+0.0000,-0.0001,-0.0005,+0.0000,+0.0000,-4.0000,+0.0000,+0.0000,+1.0000,+0.0000,+0.0000,+14.0000,-0.7069,+1.9746,+7.3000,+0.0000,+40.0000
213,0.00,1,False,0.0%,0.0%,0.0%,inf,1.1,4.78,0.000,1.0000,0.0000,1.0000,+0.0000,+0.0000,+0.0000,+0.0000,+0.0000,+0.0000,+0.0000,+0.0000,+0.0000,+0.0000,+0.0000,+0.0000,+0.0000,+0.0000,+0.0000,+0.0000,+0.0000,+0.0000,+0.0000,+0.0000,+0.0000,+0.0000
214,1.00,1,True,0.0%,0.0%,0.0%,inf,1.1,5.03,0.000,0.6667,0.0000,0.0000,+0.0000,+0.0000,+1.0000,+0.0000,+0.0000,+0.0000,-0.0001,+0.0000,+0.0000,-0.0001,+0.0000,+0.0000,+0.0000,+1.0000,+0.0000,+0.0000,+1.0000,-0.1270,+0.0000,+0.1000,+0.1000,+0.0000
215,-0.80,90,False,0.0%,0.0%,0.0%,0.13,0.8,7.37,6.323,0.9963,0.9000,0.7695,+0.0000,+0.0000,+0.0000,+0.0000,+0.0000,+0.0000,-0.0001,-0.0008,+0.0000,+0.0000,-0.8000,+0.0000,+0.0000,+0.0000,+0.0000,+0.0000,+1.0000,-1.0296,+3.2225,+9.0000,+0.0000,+8.0000
220,1.00,1,True,0.0%,0.0%,0.0%,inf,1.1,5.00,0.000,0.6667,0.0000,0.0000,+0.0000,+0.0000,+1.0000,+0.0000,+0.0000,+0.0000,-0.0001,+0.0000,+0.0000,+0.0000,+0.0000,+0.0000,+0.0000,+1.0000,+0.0000,+0.0000,+1.0000,-0.1270,+0.0000,+0.1000,+0.0000,+0.0000
222,1.00,1,True,0.0%,0.0%,0.0%,inf,0.9,5.36,0.000,0.6667,0.0000,0.0000,+0.0000,+0.0000,+1.0000,+0.0000,+0.0000,+0.0000,-0.0001,+0.0000,+0.0000,-0.0001,+0.0000,+0.0000,+0.0000,+1.0000,+0.0000,+0.0000,+1.0000,-0.1270,+0.0000,+0.1000,+0.1000,+0.0000
223,-0.00,90,False,0.0%,0.0%,0.0%,0.30,0.7,5.81,2.376,0.9926,0.3889,0.6982,+0.0000,+0.0000,+0.0000,+0.0000,+0.0000,+0.0000,-0.0011,-0.0009,+0.0000,+0.0000,+0.0000,+0.0000,+0.0000,+0.0000,+0.0000,+0.0000,+2.0000,-2.8837,+3.4144,+9.0000,+0.0000,+0.0000
226,-1.20,90,False,0.0%,0.0%,0.0%,0.08,0.9,6.95,8.267,0.9778,0.7333,0.7987,+0.0000,+0.0000,+0.0000,+0.0000,+0.0000,+0.0000,-0.0015,-0.0007,+0.0000,+0.0000,-1.2000,+0.0000,+0.0000,+0.0000,+0.0000,+0.0000,+6.0000,-8.4177,+2.6709,+9.0000,+0.0000,+12.0000
227,0.30,80,True,0.0%,0.0%,0.0%,0.01,0.7,6.21,12.309,0.9250,0.9375,0.7253,+0.0000,+0.0000,+1.0000,+0.0000,+0.0000,+0.0000,-0.0002,-0.0010,+0.0000,+0.0000,-0.7000,+0.0000,+0.0000,+1.0000,+0.0000,+0.0000,+18.0000,-1.3278,+3.9110,+8.0000,+0.0000,+7.0000
228,1.00,13,True,0.0%,0.0%,0.0%,0.01,0.6,5.55,1.647,0.9487,1.0000,0.9903,+0.0000,+0.0000,+1.0000,+0.0000,+0.0000,+0.0000,+0.0000,+0.0000,+0.0000,+0.0000,+0.0000,+0.0000,+0.0000,+1.0000,+0.0000,+0.0000,+2.0000,+0.0032,-0.0798,+1.3000,+0.0000,+0.0000
231,1.00,1,True,0.0%,0.0%,0.0%,inf,0.8,5.17,0.000,0.6667,1.0000,0.8324,+0.0000,+0.0000,+1.0000,+0.0000,+0.0000,+0.0000,+0.0000,-0.0000,+0.0000,-0.0001,+0.0000,+0.0000,+0.0000,+1.0000,+0.0000,+0.0000,+1.0000,+0.0002,+0.0276,+0.1000,+0.1000,+0.0000
232,1.00,1,True,0.0%,0.0%,0.0%,inf,1.0,5.56,0.000,0.6667,0.0000,0.0000,+0.0000,+0.0000,+1.0000,+0.0000,+0.0000,+0.0000,-0.0001,+0.0000,+0.0000,+0.0000,+0.0000,+0.0000,+0.0000,+1.0000,+0.0000,+0.0000,+1.0000,-0.1136,+0.0000,+0.1000,+0.0000,+0.0000
235,1.00,19,True,0.0%,0.0%,0.0%,0.01,0.8,5.70,2.740,0.9298,0.7895,0.9010,+0.0000,+0.0000,+1.0000,+0.0000,+0.0000,+0.0000,+0.0000,-0.0001,+0.0000,+0.0000,+0.0000,+0.0000,+0.0000,+1.0000,+0.0000,+0.0000,+4.0000,+0.0044,+0.2470,+1.9000,+0.0000,+0.0000
241,-4.90,68,True,0.0%,0.0%,0.0%,0.02,0.6,5.30,17.465,0.9755,0.9853,0.9099,+0.0000,+0.0000,+1.0000,+0.0000,+0.0000,+0.0000,+0.0000,-0.0002,+0.0000,+0.0000,-5.9000,+0.0000,+0.0000,+1.0000,+0.0000,+0.0000,+5.0000,+0.0167,+0.7536,+6.8000,+0.0000,+59.0000
242,-0.40,90,False,0.0%,0.0%,0.0%,0.10,0.8,7.05,6.843,0.9556,0.9778,0.9018,+0.0000,+0.0000,+0.0000,+0.0000,+0.0000,+0.0000,-0.0001,-0.0003,+0.0000,+0.0000,-0.4000,+0.0000,+0.0000,+0.0000,+0.0000,+0.0000,+12.0000,-0.5617,+1.1422,+9.0000,+0.0000,+4.0000
244,1.00,1,True,0.0%,0.0%,0.0%,inf,1.0,4.96,0.000,0.6667,1.0000,0.0000,+0.0000,+0.0000,+1.0000,+0.0000,+0.0000,+0.0000,+0.0000,-0.0001,+0.0000,+0.0000,+0.0000,+0.0000,+0.0000,+1.0000,+0.0000,+0.0000,+1.0000,+0.0002,+0.2729,+0.1000,+0.0000,+0.0000
246,0.00,1,False,0.0%,0.0%,0.0%,inf,0.9,4.82,0.560,1.0000,0.0000,1.0000,+0.0000,+0.0000,+0.0000,+0.0000,+0.0000,+0.0000,+0.0000,+0.0000,+0.0000,+0.0000,+0.0000,+0.0000,+0.0000,+0.0000,+0.0000,+0.0000,+0.0000,+0.0000,+0.0000,+0.0000,+0.0000,+0.0000
248,-1.40,90,False,0.0%,0.0%,0.0%,0.02,0.8,5.92,9.989,0.9593,0.6778,0.6644,+0.0000,+0.0000,+0.0000,+0.0000,+0.0000,+0.0000,-0.0014,-0.0011,+0.0000,+0.0000,-1.4000,+0.0000,+0.0000,+0.0000,+0.0000,+0.0000,+11.0000,-7.7684,+4.5011,+9.0000,+0.0000,+14.0000
253,1.00,1,True,0.0%,0.0%,0.0%,inf,1.1,5.42,0.000,0.6667,0.0000,0.0000,+0.0000,+0.0000,+1.0000,+0.0000,+0.0000,+0.0000,-0.0001,+0.0000,+0.0000,+0.0000,+0.0000,+0.0000,+0.0000,+1.0000,+0.0000,+0.0000,+1.0000,-0.1270,+0.0000,+0.1000,+0.0000,+0.0000
255,-0.60,26,True,0.0%,0.0%,0.0%,0.02,0.7,5.12,15.464,0.9744,1.0000,0.9441,+0.0000,+0.0000,+1.0000,+0.0000,+0.0000,+0.0000,+0.0000,-0.0000,+0.0000,+0.0000,-1.6000,+0.0000,+0.0000,+1.0000,+0.0000,+0.0000,+2.0000,+0.0065,+0.0992,+2.6000,+0.0000,+16.0000
257,1.00,35,True,0.0%,0.0%,0.0%,0.01,0.6,5.16,10.220,0.9524,1.0000,0.8459,+0.0000,+0.0000,+1.0000,+0.0000,+0.0000,+0.0000,+0.0000,-0.0002,+0.0000,+0.0000,+0.0000,+0.0000,+0.0000,+1.0000,+0.0000,+0.0000,+5.0000,+0.0086,+0.8616,+3.5000,+0.0000,+0.0000
259,1.00,68,True,0.0%,0.0%,0.0%,0.01,0.8,6.10,8.124,0.9412,0.9559,0.6338,+0.0000,+0.0000,+1.0000,+0.0000,+0.0000,+0.0000,+0.0000,-0.0012,+0.0000,+0.0000,+0.0000,+0.0000,+0.0000,+1.0000,+0.0000,+0.0000,+12.0000,+0.0160,+4.6966,+6.8000,+0.0000,+0.0000
260,0.00,1,False,0.0%,0.0%,0.0%,inf,0.9,5.09,0.000,1.0000,0.0000,1.0000,+0.0000,+0.0000,+0.0000,+0.0000,+0.0000,+0.0000,+0.0000,+0.0000,+0.0000,+0.0000,+0.0000,+0.0000,+0.0000,+0.0000,+0.0000,+0.0000,+0.0000,+0.0000,+0.0000,+0.0000,+0.0000,+0.0000
261,1.00,1,True,0.0%,0.0%,0.0%,inf,0.9,4.87,0.000,0.6667,1.0000,0.9777,+0.0000,+0.0000,+1.0000,+0.0000,+0.0000,+0.0000,+0.0000,+0.0000,+0.0000,+0.0000,+0.0000,+0.0000,+0.0000,+1.0000,+0.0000,+0.0000,+1.0000,+0.0002,-0.0034,+0.1000,+0.0000,+0.0000
262,1.00,54,True,0.0%,0.0%,0.0%,0.01,0.6,5.16,4.889,0.8765,0.5185,0.8037,+0.0000,+0.0000,+1.0000,+0.0000,+0.0000,+0.0000,-0.0028,-0.0001,+0.0000,+0.0000,+0.0000,+0.0000,+0.0000,+1.0000,+0.0000,+0.0000,+20.0000,-13.7237,+0.4220,+5.4000,+0.0000,+0.0000
263,1.00,1,True,0.0%,0.0%,0.0%,inf,0.9,5.08,0.000,0.6667,0.0000,0.0000,+0.0000,+0.0000,+1.0000,+0.0000,+0.0000,+0.0000,-0.0001,+0.0000,+0.0000,+0.0000,+0.0000,+0.0000,+0.0000,+1.0000,+0.0000,+0.0000,+1.0000,-0.1270,+0.0000,+0.1000,+0.0000,+0.0000
265,1.00,1,True,0.0%,0.0%,0.0%,inf,0.9,4.66,0.000,0.6667,0.0000,0.0000,+0.0000,+0.0000,+1.0000,+0.0000,+0.0000,+0.0000,-0.0001,+0.0000,+0.0000,+0.0000,+0.0000,+0.0000,+0.0000,+1.0000,+0.0000,+0.0000,+1.0000,-0.1270,+0.0000,+0.1000,+0.0000,+0.0000
266,0.00,1,False,0.0%,0.0%,0.0%,inf,0.9,4.78,0.000,1.0000,0.0000,1.0000,+0.0000,+0.0000,+0.0000,+0.0000,+0.0000,+0.0000,+0.0000,+0.0000,+0.0000,+0.0000,+0.0000,+0.0000,+0.0000,+0.0000,+0.0000,+0.0000,+0.0000,+0.0000,+0.0000,+0.0000,+0.0000,+0.0000
267,-4.40,62,True,0.0%,0.0%,0.0%,0.01,0.7,5.39,16.369,0.9140,0.9839,0.7664,+0.0000,+0.0000,+1.0000,+0.0000,+0.0000,+0.0000,+0.0000,-0.0006,+0.0000,+0.0000,-5.4000,+0.0000,+0.0000,+1.0000,+0.0000,+0.0000,+16.0000,+0.0154,+2.5743,+6.2000,+0.0000,+54.0000
268,-0.20,6,False,0.0%,0.0%,100.0%,0.10,0.9,4.78,3.181,0.7778,1.0000,0.7031,+0.0000,-0.2000,+0.0000,+0.0000,+0.0000,+0.0000,+0.0000,-0.0001,+0.0000,+0.0000,+0.0000,+0.0000,+1.0000,+0.0000,+0.0000,+0.0000,+4.0000,+0.0014,+0.3225,+0.6000,+0.0000,+0.0000
269,1.00,37,True,0.0%,0.0%,0.0%,0.01,0.6,5.31,5.811,0.9550,1.0000,0.9184,+0.0000,+0.0000,+1.0000,+0.0000,+0.0000,+0.0000,+0.0000,-0.0001,+0.0000,+0.0000,+0.0000,+0.0000,+0.0000,+1.0000,+0.0000,+0.0000,+5.0000,+0.0092,+0.3441,+3.7000,+0.0000,+0.0000
270,1.00,1,True,0.0%,0.0%,0.0%,inf,0.9,5.12,0.000,0.6667,1.0000,0.0000,+0.0000,+0.0000,+1.0000,+0.0000,+0.0000,+0.0000,+0.0000,-0.0001,+0.0000,-0.0001,+0.0000,+0.0000,+0.0000,+1.0000,+0.0000,+0.0000,+1.0000,+0.0002,+0.2223,+0.1000,+0.1000,+0.0000
271,-3.50,45,True,0.0%,0.0%,0.0%,0.01,0.6,5.02,20.100,0.9556,1.0000,0.8012,+0.0000,+0.0000,+1.0000,+0.0000,+0.0000,+0.0000,+0.0000,-0.0004,+0.0000,+0.0000,-4.5000,+0.0000,+0.0000,+1.0000,+0.0000,+0.0000,+6.0000,+0.0112,+1.5394,+4.5000,+0.0000,+45.0000
273,-4.00,62,True,0.0%,0.0%,0.0%,0.01,0.8,6.09,18.599,0.9731,0.9355,0.9048,+0.0000,+0.0000,+1.0000,+0.0000,+0.0000,+0.0000,-0.0007,-0.0002,+0.0000,+0.0000,-5.0000,+0.0000,+0.0000,+1.0000,+0.0000,+0.0000,+5.0000,-5.1121,+0.7097,+6.2000,+0.0000,+50.0000
274,1.00,8,True,0.0%,0.0%,0.0%,0.01,1.2,5.52,0.623,0.8750,1.0000,0.7816,+0.0000,+0.0000,+1.0000,+0.0000,+0.0000,+0.0000,+0.0000,-0.0001,+0.0000,-0.0001,+0.0000,+0.0000,+0.0000,+1.0000,+0.0000,+0.0000,+3.0000,+0.0020,+0.3069,+0.8000,+0.1000,+0.0000
275,-1.89,34,False,100.0%,100.0%,0.0%,0.10,0.8,5.72,13.275,0.9706,1.0000,0.8869,-1.3901,+0.0000,+0.0000,+0.0000,+0.0000,+0.0000,+0.0000,-0.0001,+0.0000,+0.0000,-0.5000,+1.0000,+0.0000,+0.0000,+0.0000,+0.0000,+3.0000,+0.0085,+0.5435,+3.4000,+0.0000,+5.0000
277,-0.30,90,False,0.0%,0.0%,0.0%,0.04,0.6,5.76,5.944,0.9556,1.0000,0.9623,+0.0000,+0.0000,+0.0000,+0.0000,+0.0000,+0.0000,+0.0000,+0.0000,+0.0000,+0.0000,-0.3000,+0.0000,+0.0000,+0.0000,+0.0000,+0.0000,+12.0000,+0.0224,-0.0108,+9.0000,+0.0000,+3.0000
278,-5.51,65,True,0.0%,0.0%,0.0%,0.02,0.5,5.14,21.465,0.9590,0.7077,0.5024,+0.0000,+0.0000,+1.0000,+0.0000,+0.0000,+0.0000,-0.0064,-0.0010,+0.0000,+0.0000,-6.5000,+0.0000,+0.0000,+1.0000,+0.0000,+0.0000,+8.0000,-46.9753,+4.1853,+6.5000,+0.0000,+65.0000
281,1.00,1,True,0.0%,0.0%,0.0%,inf,0.9,5.02,0.000,0.6667,0.0000,0.0000,+0.0000,+0.0000,+1.0000,+0.0000,+0.0000,+0.0000,-0.0001,+0.0000,+0.0000,-0.0001,+0.0000,+0.0000,+0.0000,+1.0000,+0.0000,+0.0000,+1.0000,-0.1270,+0.0000,+0.1000,+0.1000,+0.0000
282,-1.20,46,False,0.0%,0.0%,100.0%,0.10,0.6,5.01,13.503,0.8841,0.4565,0.7210,+0.0000,-0.2000,+0.0000,+0.0000,+0.0000,+0.0000,-0.0011,-0.0002,+0.0000,+0.0000,-1.0000,+0.0000,+1.0000,+0.0000,+0.0000,+0.0000,+16.0000,-6.5936,+0.8356,+4.6000,+0.0000,+10.0000
283,1.00,1,True,0.0%,0.0%,0.0%,inf,1.1,5.05,0.000,0.6667,0.0000,0.0000,+0.0000,+0.0000,+1.0000,+0.0000,+0.0000,+0.0000,-0.0001,+0.0000,+0.0000,-0.0001,+0.0000,+0.0000,+0.0000,+1.0000,+0.0000,+0.0000,+1.0000,-0.1270,+0.0000,+0.1000,+0.1000,+0.0000
285,-1.70,29,True,0.0%,0.0%,0.0%,0.01,0.7,5.63,17.830,0.9655,1.0000,0.4355,+0.0000,+0.0000,+1.0000,+0.0000,+0.0000,+0.0000,+0.0000,-0.0008,+0.0000,+0.0000,-2.7000,+0.0000,+0.0000,+1.0000,+0.0000,+0.0000,+3.0000,+0.0071,+3.1882,+2.9000,+0.0000,+27.0000
287,1.00,61,True,0.0%,0.0%,0.0%,0.01,0.6,5.13,10.128,0.9781,1.0000,0.8619,+0.0000,+0.0000,+1.0000,+0.0000,+0.0000,+0.0000,+0.0000,-0.0003,+0.0000,+0.0000,+0.0000,+0.0000,+0.0000,+1.0000,+0.0000,+0.0000,+4.0000,+0.0152,+1.3011,+6.1000,+0.0000,+0.0000
290,1.00,1,True,0.0%,0.0%,0.0%,inf,1.1,5.35,0.000,0.6667,0.0000,0.0000,+0.0000,+0.0000,+1.0000,+0.0000,+0.0000,+0.0000,-0.0001,+0.0000,+0.0000,+0.0000,+0.0000,+0.0000,+0.0000,+1.0000,+0.0000,+0.0000,+1.0000,-0.1136,+0.0000,+0.1000,+0.0000,+0.0000
291,1.00,1,True,0.0%,0.0%,0.0%,inf,0.9,5.15,0.000,0.6667,0.0000,0.0000,+0.0000,+0.0000,+1.0000,+0.0000,+0.0000,+0.0000,-0.0001,+0.0000,+0.0000,-0.0001,+0.0000,+0.0000,+0.0000,+1.0000,+0.0000,+0.0000,+1.0000,-0.1270,+0.0000,+0.1000,+0.1000,+0.0000
292,-0.00,90,False,0.0%,0.0%,0.0%,0.25,0.8,6.63,5.033,0.9926,0.8556,0.6137,+0.0000,+0.0000,+0.0000,+0.0000,+0.0000,+0.0000,-0.0001,-0.0016,+0.0000,+0.0000,+0.0000,+0.0000,+0.0000,+0.0000,+0.0000,+0.0000,+2.0000,-0.6615,+6.4746,+9.0000,+0.0000,+0.0000
293,1.00,1,True,0.0%,0.0%,0.0%,inf,1.1,5.24,0.000,0.6667,0.0000,0.0000,+0.0000,+0.0000,+1.0000,+0.0000,+0.0000,+0.0000,-0.0001,+0.0000,+0.0000,+0.0000,+0.0000,+0.0000,+0.0000,+1.0000,+0.0000,+0.0000,+1.0000,-0.1270,+0.0000,+0.1000,+0.0000,+0.0000
294,1.00,74,True,0.0%,0.0%,0.0%,0.01,0.7,6.14,11.577,0.9595,0.9054,0.8862,+0.0000,+0.0000,+1.0000,+0.0000,+0.0000,+0.0000,-0.0005,-0.0003,+0.0000,+0.0000,+0.0000,+0.0000,+0.0000,+1.0000,+0.0000,+0.0000,+9.0000,-3.2982,+1.1313,+7.4000,+0.0000,+0.0000
295,-1.00,90,False,0.0%,0.0%,0.0%,0.05,0.8,6.01,8.459,0.9556,0.9000,0.9119,+0.0000,+0.0000,+0.0000,+0.0000,+0.0000,+0.0000,-0.0004,-0.0002,+0.0000,+0.0000,-1.0000,+0.0000,+0.0000,+0.0000,+0.0000,+0.0000,+12.0000,-2.0125,+0.8889,+9.0000,+0.0000,+10.0000
296,-1.15,66,False,100.0%,100.0%,0.0%,0.09,0.6,5.59,6.829,0.8636,0.4848,0.7095,-1.1448,+0.0000,+0.0000,+0.0000,+0.0000,+0.0000,-0.0044,-0.0005,+0.0000,+0.0000,+0.0000,+1.0000,+0.0000,+0.0000,+0.0000,+0.0000,+27.0000,-23.7844,+1.8018,+6.6000,+0.0000,+0.0000
297,-2.10,90,False,0.0%,0.0%,0.0%,0.02,0.6,6.20,14.578,0.9370,0.9333,0.7532,+0.0000,+0.0000,+0.0000,+0.0000,+0.0000,+0.0000,+0.0000,-0.0010,+0.0000,+0.0000,-2.1000,+0.0000,+0.0000,+0.0000,+0.0000,+0.0000,+17.0000,+0.0215,+3.9639,+9.0000,+0.0000,+21.0000
299,1.00,1,True,0.0%,0.0%,0.0%,inf,0.8,4.76,0.000,0.6667,0.0000,0.0000,+0.0000,+0.0000,+1.0000,+0.0000,+0.0000,+0.0000,-0.0001,+0.0000,+0.0000,+0.0000,+0.0000,+0.0000,+0.0000,+1.0000,+0.0000,+0.0000,+1.0000,-0.1270,+0.0000,+0.1000,+0.0000,+0.0000
301,-5.80,68,True,0.0%,0.0%,0.0%,0.01,0.8,6.18,22.362,0.9265,0.8971,0.6425,+0.0000,+0.0000,+1.0000,+0.0000,+0.0000,+0.0000,-0.0005,-0.0011,+0.0000,+0.0000,-6.8000,+0.0000,+0.0000,+1.0000,+0.0000,+0.0000,+15.0000,-3.8402,+4.2570,+6.8000,+0.0000,+68.0000
302,-0.00,90,False,0.0%,0.0%,0.0%,0.16,0.6,5.85,6.244,0.9815,1.0000,0.7332,+0.0000,+0.0000,+0.0000,+0.0000,+0.0000,+0.0000,+0.0000,-0.0011,+0.0000,+0.0000,+0.0000,+0.0000,+0.0000,+0.0000,+0.0000,+0.0000,+5.0000,+0.0222,+4.3412,+9.0000,+0.0000,+0.0000
305,0.20,12,True,0.0%,0.0%,0.0%,0.02,0.7,5.04,15.041,0.9167,1.0000,0.6815,+0.0000,+0.0000,+1.0000,+0.0000,+0.0000,+0.0000,+0.0000,-0.0002,+0.0000,+0.0000,-0.8000,+0.0000,+0.0000,+1.0000,+0.0000,+0.0000,+3.0000,+0.0030,+0.7119,+1.2000,+0.0000,+8.0000
307,-0.70,45,True,0.0%,0.0%,0.0%,0.02,0.6,4.84,13.211,0.9852,0.8889,0.8001,+0.0000,+0.0000,+1.0000,+0.0000,+0.0000,+0.0000,+0.0000,-0.0004,+0.0000,+0.0000,-1.7000,+0.0000,+0.0000,+1.0000,+0.0000,+0.0000,+2.0000,+0.0105,+1.5239,+4.5000,+0.0000,+17.0000
308,1.00,1,True,0.0%,0.0%,0.0%,inf,1.0,4.71,0.000,0.6667,1.0000,0.9281,+0.0000,+0.0000,+1.0000,+0.0000,+0.0000,+0.0000,+0.0000,-0.0000,+0.0000,-0.0001,+0.0000,+0.0000,+0.0000,+1.0000,+0.0000,+0.0000,+1.0000,+0.0002,+0.0072,+0.1000,+0.1000,+0.0000
310,1.00,1,True,0.0%,0.0%,0.0%,inf,1.0,5.42,0.599,0.6667,1.0000,0.7819,+0.0000,+0.0000,+1.0000,+0.0000,+0.0000,+0.0000,+0.0000,-0.0000,+0.0000,+0.0000,+0.0000,+0.0000,+0.0000,+1.0000,+0.0000,+0.0000,+1.0000,+0.0002,+0.0383,+0.1000,+0.0000,+0.0000
311,1.00,1,True,0.0%,0.0%,0.0%,inf,0.9,4.72,0.000,0.6667,1.0000,0.0000,+0.0000,+0.0000,+1.0000,+0.0000,+0.0000,+0.0000,+0.0000,-0.0001,+0.0000,-0.0001,+0.0000,+0.0000,+0.0000,+1.0000,+0.0000,+0.0000,+1.0000,+0.0002,+0.2376,+0.1000,+0.1000,+0.0000
315,-0.22,8,False,100.0%,0.0%,0.0%,0.25,0.7,4.98,0.249,0.9167,1.0000,0.8816,-0.2249,+0.0000,+0.0000,+0.0000,+0.0000,+0.0000,+0.0000,-0.0000,+0.0000,+0.0000,+0.0000,+1.0000,+0.0000,+0.0000,+0.0000,+0.0000,+2.0000,+0.0020,+0.1374,+0.8000,+0.0000,+0.0000
316,1.00,1,True,0.0%,0.0%,0.0%,inf,0.9,4.72,10.150,1.0000,1.0000,0.9733,+0.0000,+0.0000,+1.0000,+0.0000,+0.0000,+0.0000,+0.0000,+0.0000,+0.0000,+0.0000,+0.0000,+0.0000,+0.0000,+1.0000,+0.0000,+0.0000,+0.0000,+0.0002,-0.0025,+0.1000,+0.0000,+0.0000
317,1.00,11,True,0.0%,0.0%,0.0%,0.01,0.6,5.34,3.142,0.9697,1.0000,0.8477,+0.0000,+0.0000,+1.0000,+0.0000,+0.0000,+0.0000,+0.0000,-0.0001,+0.0000,+0.0000,+0.0000,+0.0000,+0.0000,+1.0000,+0.0000,+0.0000,+1.0000,+0.0027,+0.2682,+1.1000,+0.0000,+0.0000
320,0.59,68,True,0.0%,0.0%,0.0%,0.01,0.7,6.26,11.846,0.7598,0.1618,0.5977,+0.0000,+0.0000,+1.0000,+0.0000,+0.0000,+0.0000,-0.0097,-0.0003,+0.0000,+0.0000,-0.4000,+0.0000,+0.0000,+1.0000,+0.0000,+0.0000,+49.0000,-57.5781,+1.1825,+6.8000,+0.0000,+4.0000
323,1.00,1,True,0.0%,0.0%,0.0%,inf,1.0,5.34,0.069,0.6667,1.0000,0.8469,+0.0000,+0.0000,+1.0000,+0.0000,+0.0000,+0.0000,+0.0000,-0.0000,+0.0000,+0.0000,+0.0000,+0.0000,+0.0000,+1.0000,+0.0000,+0.0000,+1.0000,+0.0002,+0.0246,+0.1000,+0.0000,+0.0000
326,1.00,1,True,0.0%,0.0%,0.0%,inf,0.9,4.62,0.052,0.6667,1.0000,0.8729,+0.0000,+0.0000,+1.0000,+0.0000,+0.0000,+0.0000,+0.0000,-0.0000,+0.0000,+0.0000,+0.0000,+0.0000,+0.0000,+1.0000,+0.0000,+0.0000,+1.0000,+0.0002,+0.0190,+0.1000,+0.0000,+0.0000
327,-1.70,64,True,0.0%,0.0%,0.0%,0.01,0.6,4.91,14.334,0.9792,0.8750,0.7561,+0.0000,+0.0000,+1.0000,+0.0000,+0.0000,+0.0000,-0.0004,-0.0007,+0.0000,+0.0000,-2.7000,+0.0000,+0.0000,+1.0000,+0.0000,+0.0000,+4.0000,-2.3492,+2.6418,+6.4000,+0.0000,+27.0000
329,0.99,44,True,0.0%,0.0%,0.0%,0.01,0.8,4.99,9.309,0.8106,0.0909,0.6577,+0.0000,+0.0000,+1.0000,+0.0000,+0.0000,+0.0000,-0.0053,-0.0001,+0.0000,+0.0000,+0.0000,+0.0000,+0.0000,+1.0000,+0.0000,+0.0000,+25.0000,-28.9603,+0.4946,+4.4000,+0.0000,+0.0000
330,-1.24,15,False,100.0%,100.0%,0.0%,0.36,0.8,5.42,11.525,0.7556,0.6000,0.6506,-1.2395,+0.0000,+0.0000,+0.0000,+0.0000,+0.0000,-0.0004,-0.0002,+0.0000,+0.0000,+0.0000,+1.0000,+0.0000,+0.0000,+0.0000,+0.0000,+11.0000,-2.3906,+0.8384,+1.5000,+0.0000,+0.0000
331,1.00,1,True,0.0%,0.0%,0.0%,inf,0.8,4.94,0.000,0.6667,1.0000,0.8668,+0.0000,+0.0000,+1.0000,+0.0000,+0.0000,+0.0000,+0.0000,-0.0000,+0.0000,-0.0001,+0.0000,+0.0000,+0.0000,+1.0000,+0.0000,+0.0000,+1.0000,+0.0002,+0.0203,+0.1000,+0.1000,+0.0000
332,1.00,1,True,0.0%,0.0%,0.0%,inf,0.9,4.61,0.000,0.6667,0.0000,0.0000,+0.0000,+0.0000,+1.0000,+0.0000,+0.0000,+0.0000,-0.0001,+0.0000,+0.0000,+0.0000,+0.0000,+0.0000,+0.0000,+1.0000,+0.0000,+0.0000,+1.0000,-0.1136,+0.0000,+0.1000,+0.0000,+0.0000
333,1.00,1,True,0.0%,0.0%,0.0%,inf,0.9,4.67,0.000,0.6667,0.0000,0.0000,+0.0000,+0.0000,+1.0000,+0.0000,+0.0000,+0.0000,-0.0001,+0.0000,+0.0000,+0.0000,+0.0000,+0.0000,+0.0000,+1.0000,+0.0000,+0.0000,+1.0000,-0.1270,+0.0000,+0.1000,+0.0000,+0.0000
334,-4.48,34,False,100.0%,100.0%,0.0%,0.54,0.7,5.49,15.820,0.9314,0.9706,0.8630,-1.5763,+0.0000,+0.0000,+0.0000,+0.0000,+0.0000,+0.0000,-0.0002,+0.0000,+0.0000,-2.9000,+1.0000,+0.0000,+0.0000,+0.0000,+0.0000,+7.0000,+0.0054,+0.6989,+3.4000,+0.0000,+29.0000
336,-0.00,90,False,0.0%,0.0%,0.0%,0.20,0.8,6.99,8.046,0.9481,0.9000,0.8792,+0.0000,+0.0000,+0.0000,+0.0000,+0.0000,+0.0000,-0.0002,-0.0004,+0.0000,+0.0000,+0.0000,+0.0000,+0.0000,+0.0000,+0.0000,+0.0000,+14.0000,-1.3696,+1.4940,+9.0000,+0.0000,+0.0000
338,0.00,1,False,0.0%,0.0%,0.0%,inf,0.8,4.68,0.000,1.0000,0.0000,1.0000,+0.0000,+0.0000,+0.0000,+0.0000,+0.0000,+0.0000,+0.0000,+0.0000,+0.0000,+0.0000,+0.0000,+0.0000,+0.0000,+0.0000,+0.0000,+0.0000,+0.0000,+0.0000,+0.0000,+0.0000,+0.0000,+0.0000
339,-2.10,72,True,0.0%,0.0%,0.0%,0.02,0.8,6.59,14.442,0.9722,0.9306,0.8408,+0.0000,+0.0000,+1.0000,+0.0000,+0.0000,+0.0000,+0.0000,-0.0005,+0.0000,+0.0000,-3.1000,+0.0000,+0.0000,+1.0000,+0.0000,+0.0000,+6.0000,+0.0172,+1.8125,+7.2000,+0.0000,+31.0000
340,1.00,1,True,0.0%,0.0%,0.0%,inf,0.9,4.61,0.000,0.6667,0.0000,0.0000,+0.0000,+0.0000,+1.0000,+0.0000,+0.0000,+0.0000,-0.0001,+0.0000,+0.0000,+0.0000,+0.0000,+0.0000,+0.0000,+1.0000,+0.0000,+0.0000,+1.0000,-0.1136,+0.0000,+0.1000,+0.0000,+0.0000
341,-3.00,63,True,0.0%,0.0%,0.0%,0.01,0.6,5.33,17.340,0.9048,1.0000,0.6918,+0.0000,+0.0000,+1.0000,+0.0000,+0.0000,+0.0000,+0.0000,-0.0009,+0.0000,+0.0000,-4.0000,+0.0000,+0.0000,+1.0000,+0.0000,+0.0000,+18.0000,+0.0156,+3.5946,+6.3000,+0.0000,+40.0000
342,-0.80,26,False,100.0%,100.0%,0.0%,0.39,0.7,5.46,5.952,1.0000,0.8077,0.7246,-0.7952,+0.0000,+0.0000,+0.0000,+0.0000,+0.0000,-0.0003,-0.0003,+0.0000,+0.0000,+0.0000,+1.0000,+0.0000,+0.0000,+0.0000,+0.0000,+0.0000,-1.2031,+1.0193,+2.6000,+0.0000,+0.0000
344,-0.50,73,True,0.0%,0.0%,0.0%,0.01,0.6,5.45,9.125,0.9224,0.8493,0.6992,+0.0000,+0.0000,+1.0000,+0.0000,+0.0000,+0.0000,-0.0005,-0.0010,+0.0000,+0.0000,-1.5000,+0.0000,+0.0000,+1.0000,+0.0000,+0.0000,+17.0000,-3.1198,+3.8294,+7.3000,+0.0000,+15.0000
345,1.00,1,True,0.0%,0.0%,0.0%,inf,0.9,4.64,0.000,0.6667,1.0000,0.6954,+0.0000,+0.0000,+1.0000,+0.0000,+0.0000,+0.0000,+0.0000,-0.0000,+0.0000,-0.0001,+0.0000,+0.0000,+0.0000,+1.0000,+0.0000,+0.0000,+1.0000,+0.0002,+0.0564,+0.1000,+0.1000,+0.0000
346,-0.90,67,True,0.0%,0.0%,0.0%,0.01,0.6,5.32,12.474,0.9403,0.9104,0.8095,+0.0000,+0.0000,+1.0000,+0.0000,+0.0000,+0.0000,-0.0002,-0.0005,+0.0000,+0.0000,-1.9000,+0.0000,+0.0000,+1.0000,+0.0000,+0.0000,+12.0000,-1.1344,+2.1092,+6.7000,+0.0000,+19.0000
349,1.00,1,True,0.0%,0.0%,0.0%,inf,1.0,4.67,0.000,0.6667,1.0000,0.8603,+0.0000,+0.0000,+1.0000,+0.0000,+0.0000,+0.0000,+0.0000,-0.0000,+0.0000,+0.0000,+0.0000,+0.0000,+0.0000,+1.0000,+0.0000,+0.0000,+1.0000,+0.0002,+0.0217,+0.1000,+0.0000,+0.0000
351,-0.00,90,False,0.0%,0.0%,0.0%,0.15,0.6,5.01,4.066,0.8778,1.0000,0.6490,+0.0000,+0.0000,+0.0000,+0.0000,+0.0000,+0.0000,+0.0000,-0.0015,+0.0000,+0.0000,+0.0000,+0.0000,+0.0000,+0.0000,+0.0000,+0.0000,+33.0000,+0.0222,+5.9450,+9.0000,+0.0000,+0.0000
352,-0.70,23,True,0.0%,0.0%,0.0%,0.01,0.6,5.01,15.895,0.9710,1.0000,0.6017,+0.0000,+0.0000,+1.0000,+0.0000,+0.0000,+0.0000,+0.0000,-0.0004,+0.0000,+0.0000,-1.7000,+0.0000,+0.0000,+1.0000,+0.0000,+0.0000,+2.0000,+0.0057,+1.7450,+2.3000,+0.0000,+17.0000
355,-0.50,90,False,0.0%,0.0%,0.0%,0.14,1.2,6.44,9.975,0.9556,0.9778,0.5853,+0.0000,+0.0000,+0.0000,+0.0000,+0.0000,+0.0000,+0.0000,-0.0018,+0.0000,+0.0000,-0.5000,+0.0000,+0.0000,+0.0000,+0.0000,+0.0000,+12.0000,+0.0211,+7.0930,+9.0000,+0.0000,+5.0000
358,-0.23,1,False,100.0%,0.0%,0.0%,inf,0.9,4.62,0.000,0.6667,1.0000,0.9700,-0.2267,+0.0000,+0.0000,+0.0000,+0.0000,+0.0000,+0.0000,+0.0000,+0.0000,+0.0000,+0.0000,+1.0000,+0.0000,+0.0000,+0.0000,+0.0000,+1.0000,+0.0002,-0.0018,+0.1000,+0.0000,+0.0000
359,-1.80,90,False,0.0%,0.0%,0.0%,0.01,0.7,5.79,12.238,0.9593,0.9000,0.8022,+0.0000,+0.0000,+0.0000,+0.0000,+0.0000,+0.0000,-0.0002,-0.0007,+0.0000,+0.0000,-1.8000,+0.0000,+0.0000,+0.0000,+0.0000,+0.0000,+11.0000,-0.9314,+2.9930,+9.0000,+0.0000,+18.0000
364,-0.20,72,False,0.0%,0.0%,100.0%,0.12,0.6,5.08,5.259,0.8241,0.2500,0.5635,+0.0000,-0.2000,+0.0000,+0.0000,+0.0000,+0.0000,-0.0021,-0.0011,+0.0000,+0.0000,+0.0000,+0.0000,+1.0000,+0.0000,+0.0000,+0.0000,+38.0000,-8.7176,+4.2478,+7.2000,+0.0000,+0.0000
367,1.00,1,True,0.0%,0.0%,0.0%,inf,1.1,5.22,0.000,0.6667,0.0000,0.0000,+0.0000,+0.0000,+1.0000,+0.0000,+0.0000,+0.0000,-0.0001,+0.0000,+0.0000,+0.0000,+0.0000,+0.0000,+0.0000,+1.0000,+0.0000,+0.0000,+1.0000,-0.1136,+0.0000,+0.1000,+0.0000,+0.0000
368,-1.90,29,True,0.0%,0.0%,0.0%,0.02,0.6,5.06,22.778,0.9770,0.8966,0.8897,+0.0000,+0.0000,+1.0000,+0.0000,+0.0000,+0.0000,-0.0001,-0.0001,+0.0000,+0.0000,-2.9000,+0.0000,+0.0000,+1.0000,+0.0000,+0.0000,+2.0000,-0.5580,+0.4148,+2.9000,+0.0000,+29.0000
369,0.60,7,True,0.0%,0.0%,0.0%,0.01,0.6,4.71,14.953,0.9048,1.0000,0.6921,+0.0000,+0.0000,+1.0000,+0.0000,+0.0000,+0.0000,+0.0000,-0.0001,+0.0000,+0.0000,-0.4000,+0.0000,+0.0000,+1.0000,+0.0000,+0.0000,+2.0000,+0.0017,+0.3998,+0.7000,+0.0000,+4.0000
375,-0.00,90,False,0.0%,0.0%,0.0%,0.12,0.8,6.26,4.683,0.9519,0.6000,0.8548,+0.0000,+0.0000,+0.0000,+0.0000,+0.0000,+0.0000,-0.0006,-0.0005,+0.0000,+0.0000,+0.0000,+0.0000,+0.0000,+0.0000,+0.0000,+0.0000,+13.0000,-3.5774,+1.9491,+9.0000,+0.0000,+0.0000
377,1.00,1,True,0.0%,0.0%,0.0%,inf,1.0,4.83,0.000,0.6667,1.0000,0.4015,+0.0000,+0.0000,+1.0000,+0.0000,+0.0000,+0.0000,+0.0000,-0.0000,+0.0000,-0.0001,+0.0000,+0.0000,+0.0000,+1.0000,+0.0000,+0.0000,+1.0000,+0.0002,+0.1172,+0.1000,+0.1000,+0.0000
380,-3.80,90,False,0.0%,0.0%,0.0%,0.18,0.8,7.31,15.054,0.9481,1.0000,0.5595,+0.0000,+0.0000,+0.0000,+0.0000,+0.0000,+0.0000,+0.0000,-0.0019,+0.0000,+0.0000,-3.8000,+0.0000,+0.0000,+0.0000,+0.0000,+0.0000,+14.0000,+0.0221,+7.5876,+9.0000,+0.0000,+38.0000
381,1.00,17,True,0.0%,0.0%,0.0%,0.01,0.6,4.72,10.782,0.9804,1.0000,0.7413,+0.0000,+0.0000,+1.0000,+0.0000,+0.0000,+0.0000,+0.0000,-0.0002,+0.0000,+0.0000,+0.0000,+0.0000,+0.0000,+1.0000,+0.0000,+0.0000,+1.0000,+0.0042,+0.7959,+1.7000,+0.0000,+0.0000
384,0.90,80,True,0.0%,0.0%,0.0%,0.01,0.6,5.73,9.556,0.9542,0.9125,0.8550,+0.0000,+0.0000,+1.0000,+0.0000,+0.0000,+0.0000,-0.0002,-0.0004,+0.0000,+0.0000,-0.1000,+0.0000,+0.0000,+1.0000,+0.0000,+0.0000,+11.0000,-1.0898,+1.7472,+8.0000,+0.0000,+1.0000
385,-6.21,53,False,100.0%,100.0%,0.0%,0.49,0.6,5.35,18.576,0.9434,1.0000,0.6104,-1.6118,+0.0000,+0.0000,+0.0000,+0.0000,+0.0000,+0.0000,-0.0010,+0.0000,+0.0000,-4.6000,+1.0000,+0.0000,+0.0000,+0.0000,+0.0000,+9.0000,+0.0131,+3.9122,+5.3000,+0.0000,+46.0000
388,1.00,1,True,0.0%,0.0%,0.0%,inf,1.1,4.77,0.000,0.6667,0.0000,0.0000,+0.0000,+0.0000,+1.0000,+0.0000,+0.0000,+0.0000,-0.0001,+0.0000,+0.0000,+0.0000,+0.0000,+0.0000,+0.0000,+1.0000,+0.0000,+0.0000,+1.0000,-0.1270,+0.0000,+0.1000,+0.0000,+0.0000
390,1.00,1,True,0.0%,0.0%,0.0%,inf,0.9,4.75,0.000,0.6667,0.0000,0.0000,+0.0000,+0.0000,+1.0000,+0.0000,+0.0000,+0.0000,-0.0001,+0.0000,+0.0000,-0.0001,+0.0000,+0.0000,+0.0000,+1.0000,+0.0000,+0.0000,+1.0000,-0.1270,+0.0000,+0.1000,+0.1000,+0.0000
391,1.00,1,True,0.0%,0.0%,0.0%,inf,0.9,4.74,0.000,0.6667,0.0000,0.0000,+0.0000,+0.0000,+1.0000,+0.0000,+0.0000,+0.0000,-0.0001,+0.0000,+0.0000,+0.0000,+0.0000,+0.0000,+0.0000,+1.0000,+0.0000,+0.0000,+1.0000,-0.1136,+0.0000,+0.1000,+0.0000,+0.0000
392,1.00,1,True,0.0%,0.0%,0.0%,inf,1.1,5.27,0.000,0.6667,0.0000,0.0000,+0.0000,+0.0000,+1.0000,+0.0000,+0.0000,+0.0000,-0.0001,+0.0000,+0.0000,-0.0001,+0.0000,+0.0000,+0.0000,+1.0000,+0.0000,+0.0000,+1.0000,-0.1270,+0.0000,+0.1000,+0.1000,+0.0000
393,1.00,26,True,0.0%,0.0%,0.0%,0.01,0.6,4.86,9.508,0.9744,0.9231,0.9045,+0.0000,+0.0000,+1.0000,+0.0000,+0.0000,+0.0000,-0.0000,-0.0001,+0.0000,+0.0000,+0.0000,+0.0000,+0.0000,+1.0000,+0.0000,+0.0000,+2.0000,-0.1955,+0.2993,+2.6000,+0.0000,+0.0000
394,0.80,34,True,0.0%,0.0%,0.0%,0.01,0.6,4.87,11.543,0.7353,0.8529,0.7001,+0.0000,+0.0000,+1.0000,+0.0000,+0.0000,+0.0000,+0.0000,-0.0005,+0.0000,+0.0000,-0.2000,+0.0000,+0.0000,+1.0000,+0.0000,+0.0000,+27.0000,+0.0077,+1.8715,+3.4000,+0.0000,+2.0000
395,-0.20,90,False,0.0%,0.0%,0.0%,0.05,0.7,6.12,4.931,0.9963,0.8667,0.9387,+0.0000,+0.0000,+0.0000,+0.0000,+0.0000,+0.0000,-0.0010,-0.0000,+0.0000,+0.0000,-0.2000,+0.0000,+0.0000,+0.0000,+0.0000,+0.0000,+1.0000,-5.9977,+0.1458,+9.0000,+0.0000,+2.0000
396,-1.50,44,True,0.0%,0.0%,0.0%,0.02,0.7,5.11,15.386,0.8258,0.5000,0.6191,+0.0000,+0.0000,+1.0000,+0.0000,+0.0000,+0.0000,-0.0030,-0.0005,+0.0000,+0.0000,-2.5000,+0.0000,+0.0000,+1.0000,+0.0000,+0.0000,+23.0000,-17.9081,+2.0645,+4.4000,+0.0000,+25.0000
397,1.00,1,True,0.0%,0.0%,0.0%,inf,1.1,5.08,0.000,0.6667,0.0000,0.0000,+0.0000,+0.0000,+1.0000,+0.0000,+0.0000,+0.0000,-0.0001,+0.0000,+0.0000,+0.0000,+0.0000,+0.0000,+0.0000,+1.0000,+0.0000,+0.0000,+1.0000,-0.1270,+0.0000,+0.1000,+0.0000,+0.0000
399,-0.01,90,False,0.0%,0.0%,0.0%,0.37,0.6,5.53,10.580,0.9630,0.7444,0.0000,+0.0000,+0.0000,+0.0000,+0.0000,+0.0000,+0.0000,-0.0046,-0.0015,+0.0000,+0.0000,+0.0000,+0.0000,+0.0000,+0.0000,+0.0000,+0.0000,+10.0000,-26.6596,+5.9871,+9.0000,+0.0000,+0.0000
400,-0.90,19,True,0.0%,0.0%,0.0%,0.01,0.6,4.85,18.530,0.9649,1.0000,0.8941,+0.0000,+0.0000,+1.0000,+0.0000,+0.0000,+0.0000,+0.0000,-0.0001,+0.0000,+0.0000,-1.9000,+0.0000,+0.0000,+1.0000,+0.0000,+0.0000,+2.0000,+0.0047,+0.2758,+1.9000,+0.0000,+19.0000
402,1.00,1,True,0.0%,0.0%,0.0%,inf,0.9,4.77,0.000,0.6667,0.0000,0.0000,+0.0000,+0.0000,+1.0000,+0.0000,+0.0000,+0.0000,-0.0001,+0.0000,+0.0000,+0.0000,+0.0000,+0.0000,+0.0000,+1.0000,+0.0000,+0.0000,+1.0000,-0.1270,+0.0000,+0.1000,+0.0000,+0.0000
406,-0.00,90,False,0.0%,0.0%,0.0%,0.20,0.8,6.72,5.990,0.9963,0.9667,0.9289,+0.0000,+0.0000,+0.0000,+0.0000,+0.0000,+0.0000,+0.0000,-0.0002,+0.0000,+0.0000,+0.0000,+0.0000,+0.0000,+0.0000,+0.0000,+0.0000,+1.0000,+0.0220,+0.6290,+9.0000,+0.0000,+0.0000
407,-0.70,19,True,0.0%,0.0%,0.0%,0.01,0.6,4.84,16.747,0.9825,1.0000,0.8814,+0.0000,+0.0000,+1.0000,+0.0000,+0.0000,+0.0000,+0.0000,-0.0001,+0.0000,+0.0000,-1.7000,+0.0000,+0.0000,+1.0000,+0.0000,+0.0000,+1.0000,+0.0047,+0.3254,+1.9000,+0.0000,+17.0000
408,-0.20,27,False,0.0%,0.0%,100.0%,0.43,0.6,5.22,8.032,0.9753,0.9630,0.7570,+0.0000,-0.2000,+0.0000,+0.0000,+0.0000,+0.0000,-0.0002,-0.0000,+0.0000,+0.0000,+0.0000,+0.0000,+1.0000,+0.0000,+0.0000,+0.0000,+2.0000,-0.8970,+0.1212,+2.7000,+0.0000,+0.0000
410,-2.10,43,False,0.0%,0.0%,100.0%,0.10,0.9,5.74,14.440,0.8140,1.0000,0.5744,+0.0000,-0.2000,+0.0000,+0.0000,+0.0000,+0.0000,+0.0000,-0.0009,+0.0000,+0.0000,-1.9000,+0.0000,+1.0000,+0.0000,+0.0000,+0.0000,+24.0000,+0.0097,+3.4889,+4.3000,+0.0000,+19.0000
411,1.00,1,True,0.0%,0.0%,0.0%,inf,0.9,4.90,0.000,0.6667,0.0000,0.0000,+0.0000,+0.0000,+1.0000,+0.0000,+0.0000,+0.0000,-0.0001,+0.0000,+0.0000,+0.0000,+0.0000,+0.0000,+0.0000,+1.0000,+0.0000,+0.0000,+1.0000,-0.1136,+0.0000,+0.1000,+0.0000,+0.0000
412,0.70,3,True,0.0%,0.0%,0.0%,0.02,0.8,4.79,18.379,0.7778,1.0000,0.9914,+0.0000,+0.0000,+1.0000,+0.0000,+0.0000,+0.0000,+0.0000,+0.0000,+0.0000,+0.0000,-0.3000,+0.0000,+0.0000,+1.0000,+0.0000,+0.0000,+2.0000,+0.0007,-0.0192,+0.3000,+0.0000,+3.0000
413,-0.00,90,False,0.0%,0.0%,0.0%,0.34,0.6,5.26,11.860,0.9926,0.8889,0.7739,+0.0000,+0.0000,+0.0000,+0.0000,+0.0000,+0.0000,-0.0013,-0.0007,+0.0000,+0.0000,+0.0000,+0.0000,+0.0000,+0.0000,+0.0000,+0.0000,+2.0000,-7.5364,+2.9668,+9.0000,+0.0000,+0.0000
414,-0.00,90,False,0.0%,0.0%,0.0%,0.14,0.7,6.63,3.269,0.9889,1.0000,0.8886,+0.0000,+0.0000,+0.0000,+0.0000,+0.0000,+0.0000,+0.0000,-0.0004,+0.0000,+0.0000,+0.0000,+0.0000,+0.0000,+0.0000,+0.0000,+0.0000,+3.0000,+0.0221,+1.4080,+9.0000,+0.0000,+0.0000
415,1.00,1,True,0.0%,0.0%,0.0%,inf,0.9,5.00,0.000,0.6667,0.0000,0.0000,+0.0000,+0.0000,+1.0000,+0.0000,+0.0000,+0.0000,-0.0001,+0.0000,+0.0000,+0.0000,+0.0000,+0.0000,+0.0000,+1.0000,+0.0000,+0.0000,+1.0000,-0.1270,+0.0000,+0.1000,+0.0000,+0.0000
416,1.00,1,True,0.0%,0.0%,0.0%,inf,0.8,4.81,0.000,0.6667,0.0000,0.0000,+0.0000,+0.0000,+1.0000,+0.0000,+0.0000,+0.0000,-0.0001,+0.0000,+0.0000,+0.0000,+0.0000,+0.0000,+0.0000,+1.0000,+0.0000,+0.0000,+1.0000,-0.1270,+0.0000,+0.1000,+0.0000,+0.0000
417,1.00,23,True,0.0%,0.0%,0.0%,0.01,0.6,5.07,7.288,0.9710,1.0000,0.8459,+0.0000,+0.0000,+1.0000,+0.0000,+0.0000,+0.0000,+0.0000,-0.0001,+0.0000,+0.0000,+0.0000,+0.0000,+0.0000,+1.0000,+0.0000,+0.0000,+2.0000,+0.0057,+0.5686,+2.3000,+0.0000,+0.0000
418,-4.90,74,True,0.0%,0.0%,0.0%,0.01,0.6,5.24,16.367,0.9414,1.0000,0.7303,+0.0000,+0.0000,+1.0000,+0.0000,+0.0000,+0.0000,+0.0000,-0.0009,+0.0000,+0.0000,-5.9000,+0.0000,+0.0000,+1.0000,+0.0000,+0.0000,+13.0000,+0.0182,+3.6211,+7.4000,+0.0000,+59.0000
423,1.00,1,True,0.0%,0.0%,0.0%,inf,1.1,6.13,0.000,0.6667,0.0000,0.0000,+0.0000,+0.0000,+1.0000,+0.0000,+0.0000,+0.0000,-0.0001,+0.0000,+0.0000,-0.0001,+0.0000,+0.0000,+0.0000,+1.0000,+0.0000,+0.0000,+1.0000,-0.1270,+0.0000,+0.1000,+0.1000,+0.0000
425,1.00,1,True,0.0%,0.0%,0.0%,inf,0.9,5.18,0.000,0.6667,0.0000,0.0000,+0.0000,+0.0000,+1.0000,+0.0000,+0.0000,+0.0000,-0.0001,+0.0000,+0.0000,+0.0000,+0.0000,+0.0000,+0.0000,+1.0000,+0.0000,+0.0000,+1.0000,-0.1136,+0.0000,+0.1000,+0.0000,+0.0000
426,-1.30,77,True,0.0%,0.0%,0.0%,0.01,0.6,5.48,13.103,0.8961,0.8961,0.6308,+0.0000,+0.0000,+1.0000,+0.0000,+0.0000,+0.0000,-0.0001,-0.0013,+0.0000,+0.0000,-2.3000,+0.0000,+0.0000,+1.0000,+0.0000,+0.0000,+24.0000,-0.7272,+5.1641,+7.7000,+0.0000,+23.0000
427,-0.60,90,False,0.0%,0.0%,0.0%,0.02,0.9,6.61,8.441,0.9667,0.7333,0.7412,+0.0000,+0.0000,+0.0000,+0.0000,+0.0000,+0.0000,-0.0002,-0.0009,+0.0000,+0.0000,-0.6000,+0.0000,+0.0000,+0.0000,+0.0000,+0.0000,+9.0000,-1.2127,+3.7013,+9.0000,+0.0000,+6.0000
428,1.00,1,True,0.0%,0.0%,0.0%,inf,1.2,4.81,0.000,0.6667,1.0000,0.9897,+0.0000,+0.0000,+1.0000,+0.0000,+0.0000,+0.0000,+0.0000,+0.0000,+0.0000,+0.0000,+0.0000,+0.0000,+0.0000,+1.0000,+0.0000,+0.0000,+1.0000,+0.0002,-0.0060,+0.1000,+0.0000,+0.0000
429,-1.30,42,False,100.0%,100.0%,0.0%,0.31,0.8,5.93,8.323,0.8413,0.6429,0.8918,-1.2948,+0.0000,+0.0000,+0.0000,+0.0000,+0.0000,-0.0011,-0.0000,+0.0000,+0.0000,+0.0000,+1.0000,+0.0000,+0.0000,+0.0000,+0.0000,+20.0000,-5.7460,+0.1320,+4.2000,+0.0000,+0.0000
430,-0.00,90,False,0.0%,0.0%,0.0%,0.26,0.8,6.30,0.555,0.8074,1.0000,0.9622,+0.0000,+0.0000,+0.0000,+0.0000,+0.0000,+0.0000,+0.0000,+0.0000,+0.0000,-0.0004,+0.0000,+0.0000,+0.0000,+0.0000,+0.0000,+0.0000,+52.0000,+0.0223,-0.0091,+9.0000,+0.8000,+0.0000
431,1.00,1,True,0.0%,0.0%,0.0%,inf,1.1,5.18,0.000,0.6667,0.0000,0.0000,+0.0000,+0.0000,+1.0000,+0.0000,+0.0000,+0.0000,-0.0001,+0.0000,+0.0000,-0.0001,+0.0000,+0.0000,+0.0000,+1.0000,+0.0000,+0.0000,+1.0000,-0.1270,+0.0000,+0.1000,+0.1000,+0.0000
435,1.00,1,True,0.0%,0.0%,0.0%,inf,1.1,5.21,0.000,0.6667,0.0000,0.0000,+0.0000,+0.0000,+1.0000,+0.0000,+0.0000,+0.0000,-0.0001,+0.0000,+0.0000,+0.0000,+0.0000,+0.0000,+0.0000,+1.0000,+0.0000,+0.0000,+1.0000,-0.1270,+0.0000,+0.1000,+0.0000,+0.0000
438,-1.08,8,False,100.0%,100.0%,0.0%,0.50,0.7,4.93,9.810,0.9583,1.0000,0.8116,-1.0809,+0.0000,+0.0000,+0.0000,+0.0000,+0.0000,+0.0000,-0.0001,+0.0000,+0.0000,+0.0000,+1.0000,+0.0000,+0.0000,+0.0000,+0.0000,+1.0000,+0.0020,+0.2562,+0.8000,+0.0000,+0.0000
440,1.00,36,True,0.0%,0.0%,0.0%,0.01,0.9,5.64,3.323,0.9074,0.9444,0.7209,+0.0000,+0.0000,+1.0000,+0.0000,+0.0000,+0.0000,+0.0000,+0.0000,+0.0000,+0.0000,+0.0000,+0.0000,+0.0000,+1.0000,+0.0000,+0.0000,+10.0000,-0.3921,+1.7954,+3.6000,+0.0000,+0.0000
442,0.00,1,False,0.0%,0.0%,0.0%,inf,1.0,5.21,0.000,1.0000,0.0000,1.0000,+0.0000,+0.0000,+0.0000,+0.0000,+0.0000,+0.0000,+0.0000,+0.0000,+0.0000,+0.0000,+0.0000,+0.0000,+0.0000,+0.0000,+0.0000,+0.0000,+0.0000,+0.0000,+0.0000,+0.0000,+0.0000,+0.0000
443,1.00,1,True,0.0%,0.0%,0.0%,inf,0.9,5.08,0.001,0.6667,1.0000,0.8358,+0.0000,+0.0000,+1.0000,+0.0000,+0.0000,+0.0000,+0.0000,-0.0000,+0.0000,+0.0000,+0.0000,+0.0000,+0.0000,+1.0000,+0.0000,+0.0000,+1.0000,+0.0002,+0.0269,+0.1000,+0.0000,+0.0000
444,-7.03,78,False,100.0%,100.0%,0.0%,0.13,0.9,7.77,15.291,0.8547,0.4359,0.6587,-1.7197,+0.0000,+0.0000,+0.0000,+0.0000,+0.0000,-0.0088,-0.0005,+0.0000,+0.0000,-5.3000,+1.0000,+0.0000,+0.0000,+0.0000,+0.0000,+34.0000,-55.3999,+2.0046,+7.8000,+0.0000,+53.0000
447,1.00,1,True,0.0%,0.0%,0.0%,inf,1.1,4.95,0.056,0.6667,1.0000,0.8235,+0.0000,+0.0000,+1.0000,+0.0000,+0.0000,+0.0000,+0.0000,-0.0000,+0.0000,-0.0001,+0.0000,+0.0000,+0.0000,+1.0000,+0.0000,+0.0000,+1.0000,+0.0002,+0.0295,+0.1000,+0.1000,+0.0000
450,-3.10,90,False,0.0%,0.0%,0.0%,0.06,0.8,7.20,12.316,0.9593,0.6333,0.7241,+0.0000,+0.0000,+0.0000,+0.0000,+0.0000,+0.0000,-0.0004,-0.0010,+0.0000,+0.0000,-3.1000,+0.0000,+0.0000,+0.0000,+0.0000,+0.0000,+11.0000,-2.2438,+3.8361,+9.0000,+0.0000,+31.0000
451,1.00,37,True,0.0%,0.0%,0.0%,0.01,0.8,6.04,9.852,0.9730,1.0000,0.7766,+0.0000,+0.0000,+1.0000,+0.0000,+0.0000,+0.0000,+0.0000,-0.0004,+0.0000,+0.0000,+0.0000,+0.0000,+0.0000,+1.0000,+0.0000,+0.0000,+3.0000,+0.0092,+1.4581,+3.7000,+0.0000,+0.0000
453,1.00,77,True,0.0%,0.0%,0.0%,0.01,0.8,6.64,10.850,0.9567,0.9091,0.8666,+0.0000,+0.0000,+1.0000,+0.0000,+0.0000,+0.0000,-0.0003,-0.0004,+0.0000,+0.0000,+0.0000,+0.0000,+0.0000,+1.0000,+0.0000,+0.0000,+10.0000,-1.9580,+1.4536,+7.7000,+0.0000,+0.0000
454,1.00,1,True,0.0%,0.0%,0.0%,inf,1.1,4.90,0.000,0.6667,0.0000,0.0000,+0.0000,+0.0000,+1.0000,+0.0000,+0.0000,+0.0000,-0.0001,+0.0000,+0.0000,-0.0001,+0.0000,+0.0000,+0.0000,+1.0000,+0.0000,+0.0000,+1.0000,-0.1270,+0.0000,+0.1000,+0.1000,+0.0000
457,-0.00,90,False,0.0%,0.0%,0.0%,0.16,0.6,6.35,9.293,0.8741,0.9778,0.7918,+0.0000,+0.0000,+0.0000,+0.0000,+0.0000,+0.0000,-0.0000,-0.0008,+0.0000,+0.0000,+0.0000,+0.0000,+0.0000,+0.0000,+0.0000,+0.0000,+34.0000,-0.1928,+3.1945,+9.0000,+0.0000,+0.0000
459,1.00,1,True,0.0%,0.0%,0.0%,inf,0.9,4.76,0.000,0.6667,0.0000,0.0000,+0.0000,+0.0000,+1.0000,+0.0000,+0.0000,+0.0000,-0.0001,+0.0000,+0.0000,+0.0000,+0.0000,+0.0000,+0.0000,+1.0000,+0.0000,+0.0000,+1.0000,-0.1270,+0.0000,+0.1000,+0.0000,+0.0000
460,0.00,1,False,0.0%,0.0%,0.0%,inf,1.0,4.92,0.000,1.0000,0.0000,1.0000,+0.0000,+0.0000,+0.0000,+0.0000,+0.0000,+0.0000,+0.0000,+0.0000,+0.0000,+0.0000,+0.0000,+0.0000,+0.0000,+0.0000,+0.0000,+0.0000,+0.0000,+0.0000,+0.0000,+0.0000,+0.0000,+0.0000
461,0.90,66,True,0.0%,0.0%,0.0%,0.01,0.8,6.70,9.509,0.9747,0.8485,0.7483,+0.0000,+0.0000,+1.0000,+0.0000,+0.0000,+0.0000,-0.0004,-0.0007,+0.0000,+0.0000,-0.1000,+0.0000,+0.0000,+1.0000,+0.0000,+0.0000,+5.0000,-2.2202,+2.7906,+6.6000,+0.0000,+1.0000
465,0.00,1,False,0.0%,0.0%,0.0%,inf,0.9,5.13,0.000,1.0000,0.0000,1.0000,+0.0000,+0.0000,+0.0000,+0.0000,+0.0000,+0.0000,+0.0000,+0.0000,+0.0000,+0.0000,+0.0000,+0.0000,+0.0000,+0.0000,+0.0000,+0.0000,+0.0000,+0.0000,+0.0000,+0.0000,+0.0000,+0.0000
467,1.00,30,True,0.0%,0.0%,0.0%,0.02,0.6,4.90,10.807,0.9889,0.8333,0.7823,+0.0000,+0.0000,+1.0000,+0.0000,+0.0000,+0.0000,+0.0000,-0.0003,+0.0000,+0.0000,+0.0000,+0.0000,+0.0000,+1.0000,+0.0000,+0.0000,+1.0000,+0.0071,+1.1333,+3.0000,+0.0000,+0.0000
469,1.00,1,True,0.0%,0.0%,0.0%,inf,0.8,4.54,0.000,0.6667,0.0000,0.0000,+0.0000,+0.0000,+1.0000,+0.0000,+0.0000,+0.0000,-0.0001,+0.0000,+0.0000,+0.0000,+0.0000,+0.0000,+0.0000,+1.0000,+0.0000,+0.0000,+1.0000,-0.1270,+0.0000,+0.1000,+0.0000,+0.0000
470,-2.80,45,True,0.0%,0.0%,0.0%,0.01,0.8,5.54,17.594,0.9481,1.0000,0.8674,+0.0000,+0.0000,+1.0000,+0.0000,+0.0000,+0.0000,+0.0000,-0.0002,+0.0000,+0.0000,-3.8000,+0.0000,+0.0000,+1.0000,+0.0000,+0.0000,+7.0000,+0.0111,+0.9005,+4.5000,+0.0000,+38.0000
473,-3.30,63,True,0.0%,0.0%,0.0%,0.01,0.6,6.37,16.014,0.9630,1.0000,0.5812,+0.0000,+0.0000,+1.0000,+0.0000,+0.0000,+0.0000,+0.0000,-0.0013,+0.0000,+0.0000,-4.3000,+0.0000,+0.0000,+1.0000,+0.0000,+0.0000,+7.0000,+0.0156,+5.0311,+6.3000,+0.0000,+43.0000
474,-5.50,90,False,0.0%,0.0%,0.0%,0.05,0.8,5.70,14.531,0.9407,0.9444,0.8132,+0.0000,+0.0000,+0.0000,+0.0000,+0.0000,+0.0000,-0.0001,-0.0007,+0.0000,+0.0000,-5.5000,+0.0000,+0.0000,+0.0000,+0.0000,+0.0000,+16.0000,-0.4006,+2.8334,+9.0000,+0.0000,+55.0000
475,1.00,53,True,0.0%,0.0%,0.0%,0.02,0.5,4.71,5.704,0.8553,1.0000,0.6378,+0.0000,+0.0000,+1.0000,+0.0000,+0.0000,+0.0000,+0.0000,-0.0009,+0.0000,+0.0000,+0.0000,+0.0000,+0.0000,+1.0000,+0.0000,+0.0000,+23.0000,+0.0127,+3.6082,+5.3000,+0.0000,+0.0000
477,0.00,1,False,0.0%,0.0%,0.0%,inf,0.9,4.80,6.842,1.0000,0.0000,1.0000,+0.0000,+0.0000,+0.0000,+0.0000,+0.0000,+0.0000,+0.0000,+0.0000,+0.0000,+0.0000,+0.0000,+0.0000,+0.0000,+0.0000,+0.0000,+0.0000,+0.0000,+0.0000,+0.0000,+0.0000,+0.0000,+0.0000
478,1.00,1,True,0.0%,0.0%,0.0%,inf,1.1,5.20,0.000,0.6667,1.0000,0.7780,+0.0000,+0.0000,+1.0000,+0.0000,+0.0000,+0.0000,+0.0000,-0.0000,+0.0000,+0.0000,+0.0000,+0.0000,+0.0000,+1.0000,+0.0000,+0.0000,+1.0000,+0.0002,+0.0391,+0.1000,+0.0000,+0.0000
479,1.00,1,True,0.0%,0.0%,0.0%,inf,0.9,5.22,0.000,0.6667,1.0000,0.8858,+0.0000,+0.0000,+1.0000,+0.0000,+0.0000,+0.0000,+0.0000,-0.0000,+0.0000,+0.0000,+0.0000,+0.0000,+0.0000,+1.0000,+0.0000,+0.0000,+1.0000,+0.0002,+0.0163,+0.1000,+0.0000,+0.0000
480,1.00,1,True,0.0%,0.0%,0.0%,inf,0.8,4.79,0.000,0.6667,0.0000,0.0000,+0.0000,+0.0000,+1.0000,+0.0000,+0.0000,+0.0000,-0.0001,+0.0000,+0.0000,+0.0000,+0.0000,+0.0000,+0.0000,+1.0000,+0.0000,+0.0000,+1.0000,-0.1136,+0.0000,+0.1000,+0.0000,+0.0000
482,-0.00,90,False,0.0%,0.0%,0.0%,0.32,0.6,5.66,1.250,0.8704,1.0000,0.4107,+0.0000,+0.0000,+0.0000,+0.0000,+0.0000,+0.0000,+0.0000,-0.0026,+0.0000,-0.0019,+0.0000,+0.0000,+0.0000,+0.0000,+0.0000,+0.0000,+35.0000,+0.0203,+10.3730,+9.0000,+3.7000,+0.0000
483,0.99,87,True,0.0%,0.0%,0.0%,0.01,0.6,5.18,5.262,0.9272,0.8046,0.2106,+0.0000,+0.0000,+1.0000,+0.0000,+0.0000,+0.0000,-0.0031,-0.0027,+0.0000,+0.0000,+0.0000,+0.0000,+0.0000,+1.0000,+0.0000,+0.0000,+19.0000,-15.5981,+10.7409,+8.7000,+0.0000,+0.0000
484,1.00,1,True,0.0%,0.0%,0.0%,inf,1.1,5.42,0.000,0.6667,0.0000,0.0000,+0.0000,+0.0000,+1.0000,+0.0000,+0.0000,+0.0000,-0.0001,+0.0000,+0.0000,+0.0000,+0.0000,+0.0000,+0.0000,+1.0000,+0.0000,+0.0000,+1.0000,-0.1270,+0.0000,+0.1000,+0.0000,+0.0000
488,-0.00,90,False,0.0%,0.0%,0.0%,0.19,0.7,6.00,3.537,0.9926,0.5000,0.7362,+0.0000,+0.0000,+0.0000,+0.0000,+0.0000,+0.0000,-0.0017,-0.0009,+0.0000,+0.0000,+0.0000,+0.0000,+0.0000,+0.0000,+0.0000,+0.0000,+2.0000,-5.6892,+3.4171,+9.0000,+0.0000,+0.0000
489,-0.70,90,False,0.0%,0.0%,0.0%,0.02,0.8,6.28,11.416,0.9481,0.7778,0.6602,+0.0000,+0.0000,+0.0000,+0.0000,+0.0000,+0.0000,-0.0003,-0.0013,+0.0000,+0.0000,-0.7000,+0.0000,+0.0000,+0.0000,+0.0000,+0.0000,+14.0000,-1.6123,+5.1620,+9.0000,+0.0000,+7.0000
490,0.10,86,True,0.0%,0.0%,0.0%,0.01,0.8,7.35,9.616,0.9535,0.8488,0.8651,+0.0000,+0.0000,+1.0000,+0.0000,+0.0000,+0.0000,-0.0005,-0.0003,+0.0000,+0.0000,-0.9000,+0.0000,+0.0000,+1.0000,+0.0000,+0.0000,+12.0000,-3.0330,+1.2436,+8.6000,+0.0000,+9.0000
491,1.00,1,True,0.0%,0.0%,0.0%,inf,0.9,5.25,0.523,0.6667,0.0000,0.0000,+0.0000,+0.0000,+1.0000,+0.0000,+0.0000,+0.0000,-0.0001,+0.0000,+0.0000,-0.0001,+0.0000,+0.0000,+0.0000,+1.0000,+0.0000,+0.0000,+1.0000,-0.1393,+0.0000,+0.1000,+0.1000,+0.0000
494,-1.90,75,True,0.0%,0.0%,0.0%,0.01,2.8,7.06,12.698,0.9822,0.8800,0.8388,+0.0000,+0.0000,+1.0000,+0.0000,+0.0000,+0.0000,-0.0003,-0.0005,+0.0000,+0.0000,-2.9000,+0.0000,+0.0000,+1.0000,+0.0000,+0.0000,+4.0000,-2.3101,+1.9300,+7.5000,+0.0000,+29.0000
495,1.00,1,True,0.0%,0.0%,0.0%,inf,0.8,5.40,0.000,0.6667,0.0000,0.0000,+0.0000,+0.0000,+1.0000,+0.0000,+0.0000,+0.0000,-0.0001,+0.0000,+0.0000,-0.0001,+0.0000,+0.0000,+0.0000,+1.0000,+0.0000,+0.0000,+1.0000,-0.1270,+0.0000,+0.1000,+0.1000,+0.0000
496,-0.00,10,True,0.0%,0.0%,0.0%,0.01,0.8,5.19,17.055,0.8667,1.0000,0.8599,+0.0000,+0.0000,+1.0000,+0.0000,+0.0000,+0.0000,+0.0000,-0.0001,+0.0000,+0.0000,-1.0000,+0.0000,+0.0000,+1.0000,+0.0000,+0.0000,+4.0000,+0.0025,+0.2179,+1.0000,+0.0000,+10.0000
498,1.00,47,True,0.0%,0.0%,0.0%,0.02,0.8,5.44,10.952,0.9645,0.9362,0.9471,+0.0000,+0.0000,+1.0000,+0.0000,+0.0000,+0.0000,-0.0001,-0.0000,+0.0000,+0.0000,+0.0000,+0.0000,+0.0000,+1.0000,+0.0000,+0.0000,+5.0000,-0.8415,+0.1386,+4.7000,+0.0000,+0.0000
499,1.00,1,True,0.0%,0.0%,0.0%,inf,1.1,5.33,0.000,0.6667,1.0000,0.7562,+0.0000,+0.0000,+1.0000,+0.0000,+0.0000,+0.0000,+0.0000,-0.0000,+0.0000,-0.0001,+0.0000,+0.0000,+0.0000,+1.0000,+0.0000,+0.0000,+1.0000,+0.0002,+0.0437,+0.1000,+0.1000,+0.0000
501,0.00,1,False,0.0%,0.0%,0.0%,inf,0.9,5.30,0.000,1.0000,0.0000,1.0000,+0.0000,+0.0000,+0.0000,+0.0000,+0.0000,+0.0000,+0.0000,+0.0000,+0.0000,+0.0000,+0.0000,+0.0000,+0.0000,+0.0000,+0.0000,+0.0000,+0.0000,+0.0000,+0.0000,+0.0000,+0.0000,+0.0000
503,1.00,1,True,0.0%,0.0%,0.0%,inf,0.8,4.97,0.000,0.6667,0.0000,0.0000,+0.0000,+0.0000,+1.0000,+0.0000,+0.0000,+0.0000,-0.0001,+0.0000,+0.0000,+0.0000,+0.0000,+0.0000,+0.0000,+1.0000,+0.0000,+0.0000,+1.0000,-0.1136,+0.0000,+0.1000,+0.0000,+0.0000
504,-1.20,90,False,0.0%,0.0%,0.0%,0.09,0.9,6.99,14.048,0.9037,0.9556,0.7856,+0.0000,+0.0000,+0.0000,+0.0000,+0.0000,+0.0000,-0.0000,-0.0008,+0.0000,+0.0000,-1.2000,+0.0000,+0.0000,+0.0000,+0.0000,+0.0000,+26.0000,-0.1631,+3.3060,+9.0000,+0.0000,+12.0000
506,-0.60,35,True,0.0%,0.0%,0.0%,0.02,1.4,5.99,14.382,0.9810,1.0000,0.8553,+0.0000,+0.0000,+1.0000,+0.0000,+0.0000,+0.0000,+0.0000,-0.0002,+0.0000,+0.0000,-1.6000,+0.0000,+0.0000,+1.0000,+0.0000,+0.0000,+2.0000,+0.0087,+0.7952,+3.5000,+0.0000,+16.0000
509,-0.00,47,True,0.0%,0.0%,0.0%,0.01,0.8,5.22,12.934,0.9291,0.9787,0.9413,+0.0000,+0.0000,+1.0000,+0.0000,+0.0000,+0.0000,-0.0000,-0.0000,+0.0000,+0.0000,-1.0000,+0.0000,+0.0000,+1.0000,+0.0000,+0.0000,+10.0000,-0.3017,+0.1945,+4.7000,+0.0000,+10.0000
510,-1.50,90,False,0.0%,0.0%,0.0%,0.02,0.7,5.99,13.378,0.9407,0.9333,0.7731,+0.0000,+0.0000,+0.0000,+0.0000,+0.0000,+0.0000,+0.0000,-0.0009,+0.0000,+0.0000,-1.5000,+0.0000,+0.0000,+0.0000,+0.0000,+0.0000,+16.0000,+0.0223,+3.5996,+9.0000,+0.0000,+15.0000
512,0.00,1,False,0.0%,0.0%,0.0%,inf,0.9,5.33,0.000,1.0000,0.0000,1.0000,+0.0000,+0.0000,+0.0000,+0.0000,+0.0000,+0.0000,+0.0000,+0.0000,+0.0000,+0.0000,+0.0000,+0.0000,+0.0000,+0.0000,+0.0000,+0.0000,+0.0000,+0.0000,+0.0000,+0.0000,+0.0000,+0.0000
513,1.00,1,True,0.0%,0.0%,0.0%,inf,0.9,4.82,0.000,0.6667,0.0000,0.0000,+0.0000,+0.0000,+1.0000,+0.0000,+0.0000,+0.0000,-0.0001,+0.0000,+0.0000,+0.0000,+0.0000,+0.0000,+0.0000,+1.0000,+0.0000,+0.0000,+1.0000,-0.1136,+0.0000,+0.1000,+0.0000,+0.0000
515,1.00,16,True,0.0%,0.0%,0.0%,0.01,0.8,4.91,12.841,0.9375,1.0000,0.9580,+0.0000,+0.0000,+1.0000,+0.0000,+0.0000,+0.0000,+0.0000,-0.0000,+0.0000,+0.0000,+0.0000,+0.0000,+0.0000,+1.0000,+0.0000,+0.0000,+3.0000,+0.0040,+0.0130,+1.6000,+0.0000,+0.0000
520,-2.00,70,True,0.0%,0.0%,0.0%,0.02,0.7,6.54,13.027,0.9619,0.8857,0.8938,+0.0000,+0.0000,+1.0000,+0.0000,+0.0000,+0.0000,-0.0004,-0.0002,+0.0000,+0.0000,-3.0000,+0.0000,+0.0000,+1.0000,+0.0000,+0.0000,+8.0000,-2.8489,+0.9705,+7.0000,+0.0000,+30.0000
522,-2.20,90,False,0.0%,0.0%,0.0%,0.02,0.6,5.67,9.061,0.9852,0.5556,0.8674,+0.0000,+0.0000,+0.0000,+0.0000,+0.0000,+0.0000,-0.0002,-0.0004,+0.0000,+0.0000,-2.2000,+0.0000,+0.0000,+0.0000,+0.0000,+0.0000,+4.0000,-1.2578,+1.7995,+9.0000,+0.0000,+22.0000
524,1.00,1,True,0.0%,0.0%,0.0%,inf,1.1,5.04,0.000,0.6667,0.0000,0.0000,+0.0000,+0.0000,+1.0000,+0.0000,+0.0000,+0.0000,-0.0001,+0.0000,+0.0000,+0.0000,+0.0000,+0.0000,+0.0000,+1.0000,+0.0000,+0.0000,+1.0000,-0.1270,+0.0000,+0.1000,+0.0000,+0.0000
525,0.00,1,False,0.0%,0.0%,0.0%,inf,1.0,5.26,0.000,1.0000,0.0000,1.0000,+0.0000,+0.0000,+0.0000,+0.0000,+0.0000,+0.0000,+0.0000,+0.0000,+0.0000,+0.0000,+0.0000,+0.0000,+0.0000,+0.0000,+0.0000,+0.0000,+0.0000,+0.0000,+0.0000,+0.0000,+0.0000,+0.0000
526,-4.30,90,False,0.0%,0.0%,0.0%,0.02,0.6,5.62,12.791,0.9630,0.9444,0.8258,+0.0000,+0.0000,+0.0000,+0.0000,+0.0000,+0.0000,+0.0000,-0.0006,+0.0000,+0.0000,-4.3000,+0.0000,+0.0000,+0.0000,+0.0000,+0.0000,+10.0000,+0.0215,+2.5894,+9.0000,+0.0000,+43.0000
527,-3.10,86,True,0.0%,0.0%,0.0%,0.01,0.8,6.84,14.108,0.9612,0.9302,0.9410,+0.0000,+0.0000,+1.0000,+0.0000,+0.0000,+0.0000,-0.0001,-0.0001,+0.0000,+0.0000,-4.1000,+0.0000,+0.0000,+1.0000,+0.0000,+0.0000,+10.0000,-0.6389,+0.3668,+8.6000,+0.0000,+41.0000
528,-1.50,72,True,0.0%,0.0%,0.0%,0.01,0.9,6.52,12.874,0.9861,0.8611,0.8831,+0.0000,+0.0000,+1.0000,+0.0000,+0.0000,+0.0000,-0.0002,-0.0003,+0.0000,+0.0000,-2.5000,+0.0000,+0.0000,+1.0000,+0.0000,+0.0000,+3.0000,-0.9891,+1.1368,+7.2000,+0.0000,+25.0000
529,1.00,1,True,0.0%,0.0%,0.0%,inf,0.9,5.62,0.038,0.6667,1.0000,0.6485,+0.0000,+0.0000,+1.0000,+0.0000,+0.0000,+0.0000,+0.0000,-0.0000,+0.0000,-0.0001,+0.0000,+0.0000,+0.0000,+1.0000,+0.0000,+0.0000,+1.0000,+0.0002,+0.0662,+0.1000,+0.1000,+0.0000
532,1.00,13,True,0.0%,0.0%,0.0%,0.02,0.6,4.86,10.481,0.9487,1.0000,0.9164,+0.0000,+0.0000,+1.0000,+0.0000,+0.0000,+0.0000,+0.0000,-0.0000,+0.0000,+0.0000,+0.0000,+0.0000,+0.0000,+1.0000,+0.0000,+0.0000,+2.0000,+0.0032,+0.1267,+1.3000,+0.0000,+0.0000
534,0.00,1,False,0.0%,0.0%,0.0%,inf,0.9,4.73,0.000,1.0000,0.0000,1.0000,+0.0000,+0.0000,+0.0000,+0.0000,+0.0000,+0.0000,+0.0000,+0.0000,+0.0000,+0.0000,+0.0000,+0.0000,+0.0000,+0.0000,+0.0000,+0.0000,+0.0000,+0.0000,+0.0000,+0.0000,+0.0000,+0.0000
535,-0.48,66,False,100.0%,100.0%,0.0%,0.21,0.7,5.63,1.265,0.9747,0.4848,0.8414,-0.4806,+0.0000,+0.0000,+0.0000,+0.0000,+0.0000,-0.0025,-0.0002,+0.0000,+0.0000,+0.0000,+1.0000,+0.0000,+0.0000,+0.0000,+0.0000,+5.0000,-5.2532,+0.7482,+6.6000,+0.0000,+0.0000
536,-0.00,90,False,0.0%,0.0%,0.0%,0.21,0.8,6.89,6.803,0.9704,0.8889,0.8979,+0.0000,+0.0000,+0.0000,+0.0000,+0.0000,+0.0000,+0.0000,-0.0003,+0.0000,+0.0000,+0.0000,+0.0000,+0.0000,+0.0000,+0.0000,+0.0000,+8.0000,+0.0205,+1.0905,+9.0000,+0.0000,+0.0000
537,0.00,1,False,0.0%,0.0%,0.0%,inf,0.9,5.34,0.000,1.0000,0.0000,1.0000,+0.0000,+0.0000,+0.0000,+0.0000,+0.0000,+0.0000,+0.0000,+0.0000,+0.0000,+0.0000,+0.0000,+0.0000,+0.0000,+0.0000,+0.0000,+0.0000,+0.0000,+0.0000,+0.0000,+0.0000,+0.0000,+0.0000
539,-3.30,90,False,0.0%,0.0%,0.0%,0.08,0.7,5.86,11.285,0.9222,0.8111,0.5724,+0.0000,+0.0000,+0.0000,+0.0000,+0.0000,+0.0000,+0.0000,-0.0018,+0.0000,+0.0000,-3.3000,+0.0000,+0.0000,+0.0000,+0.0000,+0.0000,+21.0000,-0.1085,+7.2268,+9.0000,+0.0000,+33.0000
540,-1.40,82,True,0.0%,0.0%,0.0%,0.01,0.9,7.17,10.242,0.9837,0.8293,0.8188,+0.0000,+0.0000,+1.0000,+0.0000,+0.0000,+0.0000,-0.0002,-0.0006,+0.0000,+0.0000,-2.4000,+0.0000,+0.0000,+1.0000,+0.0000,+0.0000,+4.0000,-1.3062,+2.4274,+8.2000,+0.0000,+24.0000
544,1.00,1,True,0.0%,0.0%,0.0%,inf,1.1,5.14,0.000,0.6667,1.0000,0.7664,+0.0000,+0.0000,+1.0000,+0.0000,+0.0000,+0.0000,+0.0000,-0.0000,+0.0000,+0.0000,+0.0000,+0.0000,+0.0000,+1.0000,+0.0000,+0.0000,+1.0000,+0.0002,+0.0416,+0.1000,+0.0000,+0.0000
547,-1.80,61,True,0.0%,0.0%,0.0%,0.01,0.7,6.46,14.086,0.9617,0.9508,0.8937,+0.0000,+0.0000,+1.0000,+0.0000,+0.0000,+0.0000,-0.0001,-0.0002,+0.0000,+0.0000,-2.8000,+0.0000,+0.0000,+1.0000,+0.0000,+0.0000,+7.0000,-0.5315,+0.8380,+6.1000,+0.0000,+28.0000
552,1.00,1,True,0.0%,0.0%,0.0%,inf,0.9,4.79,0.000,0.6667,0.0000,0.0000,+0.0000,+0.0000,+1.0000,+0.0000,+0.0000,+0.0000,-0.0001,+0.0000,+0.0000,-0.0001,+0.0000,+0.0000,+0.0000,+1.0000,+0.0000,+0.0000,+1.0000,-0.1270,+0.0000,+0.1000,+0.1000,+0.0000
553,0.00,1,False,0.0%,0.0%,0.0%,inf,1.2,5.43,0.000,1.0000,0.0000,1.0000,+0.0000,+0.0000,+0.0000,+0.0000,+0.0000,+0.0000,+0.0000,+0.0000,+0.0000,+0.0000,+0.0000,+0.0000,+0.0000,+0.0000,+0.0000,+0.0000,+0.0000,+0.0000,+0.0000,+0.0000,+0.0000,+0.0000
554,1.00,29,True,0.0%,0.0%,0.0%,0.01,1.0,6.17,2.056,0.9195,1.0000,0.5981,+0.0000,+0.0000,+1.0000,+0.0000,+0.0000,+0.0000,+0.0000,-0.0006,+0.0000,+0.0000,+0.0000,+0.0000,+0.0000,+1.0000,+0.0000,+0.0000,+7.0000,+0.0071,+2.2239,+2.9000,+0.0000,+0.0000
556,-1.60,79,True,0.0%,0.0%,0.0%,0.02,0.6,5.27,12.007,0.8734,0.7848,0.7717,+0.0000,+0.0000,+1.0000,+0.0000,+0.0000,+0.0000,-0.0009,-0.0007,+0.0000,+0.0000,-2.6000,+0.0000,+0.0000,+1.0000,+0.0000,+0.0000,+30.0000,-4.9781,+2.8028,+7.9000,+0.0000,+26.0000
557,-8.60,90,False,0.0%,0.0%,0.0%,0.05,0.7,6.74,19.126,0.9704,0.7667,0.6884,+0.0000,+0.0000,+0.0000,+0.0000,+0.0000,+0.0000,-0.0003,-0.0012,+0.0000,+0.0000,-8.6000,+0.0000,+0.0000,+0.0000,+0.0000,+0.0000,+8.0000,-2.5274,+4.7078,+9.0000,+0.0000,+86.0000
558,-0.00,90,False,0.0%,0.0%,0.0%,0.30,0.9,6.10,2.432,0.9926,0.4778,0.8158,+0.0000,+0.0000,+0.0000,+0.0000,+0.0000,+0.0000,-0.0023,-0.0003,+0.0000,+0.0000,+0.0000,+0.0000,+0.0000,+0.0000,+0.0000,+0.0000,+2.0000,-6.4775,+1.3733,+9.0000,+0.0000,+0.0000
559,1.00,5,True,0.0%,0.0%,0.0%,0.01,0.7,5.29,4.377,0.8667,1.0000,0.8694,+0.0000,+0.0000,+1.0000,+0.0000,+0.0000,+0.0000,+0.0000,-0.0000,+0.0000,+0.0000,+0.0000,+0.0000,+0.0000,+1.0000,+0.0000,+0.0000,+2.0000,+0.0012,+0.0988,+0.5000,+0.0000,+0.0000
560,1.00,48,True,0.0%,0.0%,0.0%,0.01,0.6,4.95,5.018,0.9167,1.0000,0.8764,+0.0000,+0.0000,+1.0000,+0.0000,+0.0000,+0.0000,+0.0000,-0.0002,+0.0000,+0.0000,+0.0000,+0.0000,+0.0000,+1.0000,+0.0000,+0.0000,+12.0000,+0.0117,+0.8718,+4.8000,+0.0000,+0.0000
561,-3.27,36,False,100.0%,100.0%,0.0%,0.40,0.9,6.58,14.862,0.9815,1.0000,0.8540,-1.5653,+0.0000,+0.0000,+0.0000,+0.0000,+0.0000,+0.0000,-0.0002,+0.0000,+0.0000,-1.7000,+1.0000,+0.0000,+0.0000,+0.0000,+0.0000,+2.0000,+0.0088,+0.8191,+3.6000,+0.0000,+17.0000
562,-0.10,90,True,0.0%,0.0%,0.0%,0.02,0.5,5.29,11.479,0.9259,1.0000,0.7616,+0.0000,+0.0000,+1.0000,+0.0000,+0.0000,+0.0000,+0.0000,-0.0010,+0.0000,+0.0000,-1.1000,+0.0000,+0.0000,+1.0000,+0.0000,+0.0000,+20.0000,+0.0222,+3.8191,+9.0000,+0.0000,+11.0000
564,1.00,20,True,0.0%,0.0%,0.0%,0.01,0.6,4.78,3.642,0.9667,0.9500,0.9510,+0.0000,+0.0000,+1.0000,+0.0000,+0.0000,+0.0000,-0.0001,-0.0000,+0.0000,+0.0000,+0.0000,+0.0000,+0.0000,+1.0000,+0.0000,+0.0000,+2.0000,-0.5982,+0.0435,+2.0000,+0.0000,+0.0000
565,-3.20,42,True,0.0%,0.0%,0.0%,0.02,0.8,4.94,24.684,0.9841,0.9048,0.6348,+0.0000,+0.0000,+1.0000,+0.0000,+0.0000,+0.0000,+0.0000,-0.0007,+0.0000,+0.0000,-4.2000,+0.0000,+0.0000,+1.0000,+0.0000,+0.0000,+2.0000,+0.0074,+2.8335,+4.2000,+0.0000,+42.0000
566,1.00,86,True,0.0%,0.0%,0.0%,0.01,0.7,6.33,10.274,0.8953,1.0000,0.5817,+0.0000,+0.0000,+1.0000,+0.0000,+0.0000,+0.0000,+0.0000,-0.0017,+0.0000,+0.0000,+0.0000,+0.0000,+0.0000,+1.0000,+0.0000,+0.0000,+27.0000,+0.0209,+6.8411,+8.6000,+0.0000,+0.0000
567,-0.40,31,True,0.0%,0.0%,0.0%,0.01,0.6,5.06,14.341,0.9677,1.0000,0.8376,+0.0000,+0.0000,+1.0000,+0.0000,+0.0000,+0.0000,+0.0000,-0.0002,+0.0000,+0.0000,-1.4000,+0.0000,+0.0000,+1.0000,+0.0000,+0.0000,+3.0000,+0.0077,+0.8220,+3.1000,+0.0000,+14.0000
568,-4.40,59,True,0.0%,0.0%,0.0%,0.02,0.6,4.83,18.386,0.9435,0.9492,0.8709,+0.0000,+0.0000,+1.0000,+0.0000,+0.0000,+0.0000,-0.0002,-0.0003,+0.0000,+0.0000,-5.4000,+0.0000,+0.0000,+1.0000,+0.0000,+0.0000,+10.0000,-1.6979,+1.1044,+5.9000,+0.0000,+54.0000
571,1.00,1,True,0.0%,0.0%,0.0%,inf,0.9,4.68,0.000,0.6667,1.0000,0.9285,+0.0000,+0.0000,+1.0000,+0.0000,+0.0000,+0.0000,+0.0000,-0.0000,+0.0000,-0.0001,+0.0000,+0.0000,+0.0000,+1.0000,+0.0000,+0.0000,+1.0000,+0.0002,+0.0071,+0.1000,+0.1000,+0.0000
573,1.00,48,True,0.0%,0.0%,0.0%,0.01,0.6,4.90,6.228,0.9931,0.8333,0.8500,+0.0000,+0.0000,+1.0000,+0.0000,+0.0000,+0.0000,-0.0005,-0.0002,+0.0000,+0.0000,+0.0000,+0.0000,+0.0000,+1.0000,+0.0000,+0.0000,+1.0000,-3.0056,+0.9636,+4.8000,+0.0000,+0.0000
577,-1.12,57,False,100.0%,100.0%,0.0%,0.01,0.5,5.51,6.856,0.8772,1.0000,0.6979,-1.1146,+0.0000,+0.0000,+0.0000,+0.0000,+0.0000,+0.0000,-0.0008,+0.0000,+0.0000,+0.0000,+1.0000,+0.0000,+0.0000,+0.0000,+0.0000,+21.0000,+0.0138,+3.1569,+5.7000,+0.0000,+0.0000
578,1.00,1,True,0.0%,0.0%,0.0%,inf,0.9,4.73,14.254,0.3333,1.0000,0.7815,+0.0000,+0.0000,+1.0000,+0.0000,+0.0000,+0.0000,+0.0000,-0.0000,+0.0000,+0.0000,+0.0000,+0.0000,+0.0000,+1.0000,+0.0000,+0.0000,+2.0000,+0.0002,+0.0384,+0.1000,+0.0000,+0.0000
579,-0.00,90,False,0.0%,0.0%,0.0%,0.08,0.8,6.31,6.095,0.9111,1.0000,0.8885,+0.0000,+0.0000,+0.0000,+0.0000,+0.0000,+0.0000,+0.0000,-0.0004,+0.0000,+0.0000,+0.0000,+0.0000,+0.0000,+0.0000,+0.0000,+0.0000,+24.0000,+0.0224,+1.4093,+9.0000,+0.0000,+0.0000
581,-0.10,90,False,0.0%,0.0%,0.0%,0.03,0.8,5.52,8.635,0.9185,0.7667,0.6977,+0.0000,+0.0000,+0.0000,+0.0000,+0.0000,+0.0000,-0.0010,-0.0011,+0.0000,+0.0000,-0.1000,+0.0000,+0.0000,+0.0000,+0.0000,+0.0000,+22.0000,-5.9684,+4.5124,+9.0000,+0.0000,+1.0000
582,0.00,1,False,0.0%,0.0%,0.0%,inf,1.1,4.75,0.000,1.0000,0.0000,1.0000,+0.0000,+0.0000,+0.0000,+0.0000,+0.0000,+0.0000,+0.0000,+0.0000,+0.0000,+0.0000,+0.0000,+0.0000,+0.0000,+0.0000,+0.0000,+0.0000,+0.0000,+0.0000,+0.0000,+0.0000,+0.0000,+0.0000
585,-0.00,90,False,0.0%,0.0%,0.0%,0.13,0.6,6.49,0.469,0.9519,1.0000,0.9412,+0.0000,+0.0000,+0.0000,+0.0000,+0.0000,+0.0000,+0.0000,-0.0001,+0.0000,+0.0000,+0.0000,+0.0000,+0.0000,+0.0000,+0.0000,+0.0000,+13.0000,+0.0225,+0.3982,+9.0000,+0.0000,+0.0000
587,1.00,1,True,0.0%,0.0%,0.0%,inf,0.9,4.73,0.000,0.6667,0.0000,0.0000,+0.0000,+0.0000,+1.0000,+0.0000,+0.0000,+0.0000,-0.0001,+0.0000,+0.0000,+0.0000,+0.0000,+0.0000,+0.0000,+1.0000,+0.0000,+0.0000,+1.0000,-0.1270,+0.0000,+0.1000,+0.0000,+0.0000
588,1.00,1,True,0.0%,0.0%,0.0%,inf,0.9,4.57,0.000,0.6667,1.0000,0.9921,+0.0000,+0.0000,+1.0000,+0.0000,+0.0000,+0.0000,+0.0000,+0.0000,+0.0000,+0.0000,+0.0000,+0.0000,+0.0000,+1.0000,+0.0000,+0.0000,+1.0000,+0.0002,-0.0065,+0.1000,+0.0000,+0.0000
589,1.00,12,True,0.0%,0.0%,0.0%,0.01,0.6,4.80,12.135,0.9167,1.0000,0.6692,+0.0000,+0.0000,+1.0000,+0.0000,+0.0000,+0.0000,+0.0000,-0.0002,+0.0000,+0.0000,+0.0000,+0.0000,+0.0000,+1.0000,+0.0000,+0.0000,+3.0000,+0.0029,+0.7407,+1.2000,+0.0000,+0.0000
590,-2.30,77,True,0.0%,0.0%,0.0%,0.01,0.6,5.49,13.872,0.9221,0.9091,0.6984,+0.0000,+0.0000,+1.0000,+0.0000,+0.0000,+0.0000,-0.0001,-0.0010,+0.0000,+0.0000,-3.3000,+0.0000,+0.0000,+1.0000,+0.0000,+0.0000,+18.0000,-0.4845,+4.0332,+7.7000,+0.0000,+33.0000
591,0.00,1,False,0.0%,0.0%,0.0%,inf,1.1,4.87,0.000,1.0000,0.0000,1.0000,+0.0000,+0.0000,+0.0000,+0.0000,+0.0000,+0.0000,+0.0000,+0.0000,+0.0000,+0.0000,+0.0000,+0.0000,+0.0000,+0.0000,+0.0000,+0.0000,+0.0000,+0.0000,+0.0000,+0.0000,+0.0000,+0.0000
593,0.00,1,False,0.0%,0.0%,0.0%,inf,1.0,5.28,0.000,1.0000,0.0000,1.0000,+0.0000,+0.0000,+0.0000,+0.0000,+0.0000,+0.0000,+0.0000,+0.0000,+0.0000,+0.0000,+0.0000,+0.0000,+0.0000,+0.0000,+0.0000,+0.0000,+0.0000,+0.0000,+0.0000,+0.0000,+0.0000,+0.0000
594,-0.90,75,True,0.0%,0.0%,0.0%,0.02,0.6,5.25,10.758,0.8133,0.8133,0.5952,+0.0000,+0.0000,+1.0000,+0.0000,+0.0000,+0.0000,-0.0001,-0.0014,+0.0000,+0.0000,-1.9000,+0.0000,+0.0000,+1.0000,+0.0000,+0.0000,+42.0000,-0.4734,+5.6076,+7.5000,+0.0000,+19.0000
596,0.00,1,False,0.0%,0.0%,0.0%,inf,0.9,4.64,0.000,1.0000,0.0000,1.0000,+0.0000,+0.0000,+0.0000,+0.0000,+0.0000,+0.0000,+0.0000,+0.0000,+0.0000,+0.0000,+0.0000,+0.0000,+0.0000,+0.0000,+0.0000,+0.0000,+0.0000,+0.0000,+0.0000,+0.0000,+0.0000,+0.0000
597,-4.40,54,True,0.0%,0.0%,0.0%,0.02,0.6,5.19,22.973,0.9877,1.0000,0.7928,+0.0000,+0.0000,+1.0000,+0.0000,+0.0000,+0.0000,+0.0000,-0.0005,+0.0000,+0.0000,-5.4000,+0.0000,+0.0000,+1.0000,+0.0000,+0.0000,+2.0000,+0.0134,+1.9265,+5.4000,+0.0000,+54.0000
598,-1.50,82,True,0.0%,0.0%,0.0%,0.01,0.6,5.73,11.021,0.9268,0.8049,0.8400,+0.0000,+0.0000,+1.0000,+0.0000,+0.0000,+0.0000,-0.0008,-0.0004,+0.0000,+0.0000,-2.5000,+0.0000,+0.0000,+1.0000,+0.0000,+0.0000,+18.0000,-4.6800,+1.6084,+8.2000,+0.0000,+25.0000
601,1.00,1,True,0.0%,0.0%,0.0%,inf,0.9,4.57,0.000,0.6667,0.0000,0.0000,+0.0000,+0.0000,+1.0000,+0.0000,+0.0000,+0.0000,-0.0001,+0.0000,+0.0000,-0.0001,+0.0000,+0.0000,+0.0000,+1.0000,+0.0000,+0.0000,+1.0000,-0.1270,+0.0000,+0.1000,+0.1000,+0.0000
602,-0.00,90,False,0.0%,0.0%,0.0%,0.05,0.8,5.64,12.426,0.9074,1.0000,0.5732,+0.0000,+0.0000,+0.0000,+0.0000,+0.0000,+0.0000,+0.0000,-0.0018,+0.0000,+0.0000,+0.0000,+0.0000,+0.0000,+0.0000,+0.0000,+0.0000,+25.0000,+0.0220,+7.3176,+9.0000,+0.0000,+0.0000
604,1.00,1,True,0.0%,0.0%,0.0%,inf,0.9,4.66,0.733,0.6667,0.0000,0.0000,+0.0000,+0.0000,+1.0000,+0.0000,+0.0000,+0.0000,-0.0001,+0.0000,+0.0000,+0.0000,+0.0000,+0.0000,+0.0000,+1.0000,+0.0000,+0.0000,+1.0000,-0.2002,+0.0000,+0.1000,+0.0000,+0.0000
607,1.00,1,True,0.0%,0.0%,0.0%,inf,1.1,5.19,0.000,0.6667,0.0000,0.0000,+0.0000,+0.0000,+1.0000,+0.0000,+0.0000,+0.0000,-0.0001,+0.0000,+0.0000,+0.0000,+0.0000,+0.0000,+0.0000,+1.0000,+0.0000,+0.0000,+1.0000,-0.1270,+0.0000,+0.1000,+0.0000,+0.0000
609,0.10,73,True,0.0%,0.0%,0.0%,0.01,0.6,5.49,13.641,0.9269,0.8356,0.7275,+0.0000,+0.0000,+1.0000,+0.0000,+0.0000,+0.0000,-0.0002,-0.0008,+0.0000,+0.0000,-0.9000,+0.0000,+0.0000,+1.0000,+0.0000,+0.0000,+16.0000,-1.4398,+3.3686,+7.3000,+0.0000,+9.0000
611,-1.00,75,True,0.0%,0.0%,0.0%,0.01,0.6,5.49,11.790,0.7600,0.4933,0.6641,+0.0000,+0.0000,+1.0000,+0.0000,+0.0000,+0.0000,-0.0014,-0.0010,+0.0000,+0.0000,-2.0000,+0.0000,+0.0000,+1.0000,+0.0000,+0.0000,+54.0000,-7.5726,+3.9259,+7.5000,+0.0000,+20.0000
612,-0.10,11,True,0.0%,0.0%,0.0%,0.02,0.6,4.69,28.585,0.9394,1.0000,0.7960,+0.0000,+0.0000,+1.0000,+0.0000,+0.0000,+0.0000,+0.0000,-0.0001,+0.0000,+0.0000,-1.1000,+0.0000,+0.0000,+1.0000,+0.0000,+0.0000,+2.0000,+0.0027,+0.3884,+1.1000,+0.0000,+11.0000
613,-0.00,90,False,0.0%,0.0%,0.0%,0.04,0.5,5.02,5.429,0.9370,0.9444,0.8832,+0.0000,+0.0000,+0.0000,+0.0000,+0.0000,+0.0000,-0.0001,-0.0004,+0.0000,+0.0000,+0.0000,+0.0000,+0.0000,+0.0000,+0.0000,+0.0000,+17.0000,-0.7649,+1.4759,+9.0000,+0.0000,+0.0000
614,1.00,46,True,0.0%,0.0%,0.0%,0.01,0.5,4.76,2.942,0.9275,1.0000,0.9231,+0.0000,+0.0000,+1.0000,+0.0000,+0.0000,+0.0000,+0.0000,-0.0001,+0.0000,-0.0007,+0.0000,+0.0000,+0.0000,+1.0000,+0.0000,+0.0000,+10.0000,+0.0114,+0.3825,+4.6000,+1.4000,+0.0000
617,1.00,1,True,0.0%,0.0%,0.0%,inf,0.9,4.68,0.000,0.6667,0.0000,0.0000,+0.0000,+0.0000,+1.0000,+0.0000,+0.0000,+0.0000,-0.0001,+0.0000,+0.0000,+0.0000,+0.0000,+0.0000,+0.0000,+1.0000,+0.0000,+0.0000,+1.0000,-0.1270,+0.0000,+0.1000,+0.0000,+0.0000
618,-0.93,39,False,100.0%,100.0%,0.0%,0.46,0.7,5.32,8.695,0.8462,0.7436,0.8233,-0.9264,+0.0000,+0.0000,+0.0000,+0.0000,+0.0000,-0.0003,-0.0002,+0.0000,+0.0000,+0.0000,+1.0000,+0.0000,+0.0000,+0.0000,+0.0000,+18.0000,-1.7274,+0.6724,+3.9000,+0.0000,+0.0000
619,1.00,1,True,0.0%,0.0%,0.0%,inf,1.1,5.37,0.000,0.6667,1.0000,0.8949,+0.0000,+0.0000,+1.0000,+0.0000,+0.0000,+0.0000,+0.0000,-0.0000,+0.0000,+0.0000,+0.0000,+0.0000,+0.0000,+1.0000,+0.0000,+0.0000,+1.0000,+0.0002,+0.0143,+0.1000,+0.0000,+0.0000
620,-1.40,76,True,0.0%,0.0%,0.0%,0.02,0.9,6.37,13.048,0.9561,0.7105,0.7414,+0.0000,+0.0000,+1.0000,+0.0000,+0.0000,+0.0000,-0.0009,-0.0008,+0.0000,+0.0000,-2.4000,+0.0000,+0.0000,+1.0000,+0.0000,+0.0000,+10.0000,-5.8002,+3.0621,+7.6000,+0.0000,+24.0000
621,-0.60,79,True,0.0%,0.0%,0.0%,0.01,0.7,5.87,13.080,0.9578,0.8861,0.8601,+0.0000,+0.0000,+1.0000,+0.0000,+0.0000,+0.0000,-0.0007,-0.0004,+0.0000,+0.0000,-1.6000,+0.0000,+0.0000,+1.0000,+0.0000,+0.0000,+10.0000,-4.6514,+1.6433,+7.9000,+0.0000,+16.0000
622,0.00,1,False,0.0%,0.0%,0.0%,inf,0.9,4.58,0.000,1.0000,0.0000,1.0000,+0.0000,+0.0000,+0.0000,+0.0000,+0.0000,+0.0000,+0.0000,+0.0000,+0.0000,+0.0000,+0.0000,+0.0000,+0.0000,+0.0000,+0.0000,+0.0000,+0.0000,+0.0000,+0.0000,+0.0000,+0.0000,+0.0000
623,1.00,1,True,0.0%,0.0%,0.0%,inf,0.9,4.69,0.000,0.6667,0.0000,0.0000,+0.0000,+0.0000,+1.0000,+0.0000,+0.0000,+0.0000,-0.0001,+0.0000,+0.0000,+0.0000,+0.0000,+0.0000,+0.0000,+1.0000,+0.0000,+0.0000,+1.0000,-0.1136,+0.0000,+0.1000,+0.0000,+0.0000
624,1.00,1,True,0.0%,0.0%,0.0%,inf,0.8,4.68,0.000,0.6667,0.0000,0.0000,+0.0000,+0.0000,+1.0000,+0.0000,+0.0000,+0.0000,-0.0001,+0.0000,+0.0000,+0.0000,+0.0000,+0.0000,+0.0000,+1.0000,+0.0000,+0.0000,+1.0000,-0.1136,+0.0000,+0.1000,+0.0000,+0.0000
625,-0.21,1,False,100.0%,0.0%,0.0%,inf,0.9,4.66,0.136,0.6667,1.0000,0.9942,-0.2131,+0.0000,+0.0000,+0.0000,+0.0000,+0.0000,+0.0000,+0.0000,+0.0000,-0.0001,+0.0000,+1.0000,+0.0000,+0.0000,+0.0000,+0.0000,+1.0000,+0.0002,-0.0070,+0.1000,+0.1000,+0.0000
627,-0.30,90,False,0.0%,0.0%,0.0%,0.08,0.6,5.34,8.313,0.7556,0.7111,0.6287,+0.0000,+0.0000,+0.0000,+0.0000,+0.0000,+0.0000,-0.0003,-0.0015,+0.0000,+0.0000,-0.3000,+0.0000,+0.0000,+0.0000,+0.0000,+0.0000,+66.0000,-1.4149,+6.1083,+9.0000,+0.0000,+3.0000
628,1.00,1,True,0.0%,0.0%,0.0%,inf,1.0,4.69,0.000,0.6667,0.0000,0.0000,+0.0000,+0.0000,+1.0000,+0.0000,+0.0000,+0.0000,-0.0001,+0.0000,+0.0000,-0.0001,+0.0000,+0.0000,+0.0000,+1.0000,+0.0000,+0.0000,+1.0000,-0.1270,+0.0000,+0.1000,+0.1000,+0.0000
631,1.00,1,True,0.0%,0.0%,0.0%,inf,1.1,5.47,0.000,0.6667,0.0000,0.0000,+0.0000,+0.0000,+1.0000,+0.0000,+0.0000,+0.0000,-0.0001,+0.0000,+0.0000,-0.0001,+0.0000,+0.0000,+0.0000,+1.0000,+0.0000,+0.0000,+1.0000,-0.1270,+0.0000,+0.1000,+0.1000,+0.0000
633,1.00,1,True,0.0%,0.0%,0.0%,inf,0.9,4.79,0.000,0.6667,0.0000,0.0000,+0.0000,+0.0000,+1.0000,+0.0000,+0.0000,+0.0000,-0.0001,+0.0000,+0.0000,+0.0000,+0.0000,+0.0000,+0.0000,+1.0000,+0.0000,+0.0000,+1.0000,-0.1270,+0.0000,+0.1000,+0.0000,+0.0000
634,1.00,1,True,0.0%,0.0%,0.0%,inf,0.9,4.57,0.000,0.6667,1.0000,0.6635,+0.0000,+0.0000,+1.0000,+0.0000,+0.0000,+0.0000,+0.0000,-0.0000,+0.0000,+0.0000,+0.0000,+0.0000,+0.0000,+1.0000,+0.0000,+0.0000,+1.0000,+0.0002,+0.0631,+0.1000,+0.0000,+0.0000
635,1.00,1,True,0.0%,0.0%,0.0%,inf,0.9,4.62,0.000,0.6667,0.0000,0.0000,+0.0000,+0.0000,+1.0000,+0.0000,+0.0000,+0.0000,-0.0001,+0.0000,+0.0000,+0.0000,+0.0000,+0.0000,+0.0000,+1.0000,+0.0000,+0.0000,+1.0000,-0.1270,+0.0000,+0.1000,+0.0000,+0.0000
636,0.00,1,False,0.0%,0.0%,0.0%,inf,1.0,4.74,0.000,1.0000,0.0000,1.0000,+0.0000,+0.0000,+0.0000,+0.0000,+0.0000,+0.0000,+0.0000,+0.0000,+0.0000,+0.0000,+0.0000,+0.0000,+0.0000,+0.0000,+0.0000,+0.0000,+0.0000,+0.0000,+0.0000,+0.0000,+0.0000,+0.0000
637,1.00,1,True,0.0%,0.0%,0.0%,inf,1.1,5.19,0.000,0.6667,0.0000,0.0000,+0.0000,+0.0000,+1.0000,+0.0000,+0.0000,+0.0000,-0.0001,+0.0000,+0.0000,+0.0000,+0.0000,+0.0000,+0.0000,+1.0000,+0.0000,+0.0000,+1.0000,-0.1270,+0.0000,+0.1000,+0.0000,+0.0000
641,1.00,15,True,0.0%,0.0%,0.0%,0.01,0.6,5.04,6.093,0.9778,1.0000,0.9402,+0.0000,+0.0000,+1.0000,+0.0000,+0.0000,+0.0000,+0.0000,-0.0000,+0.0000,+0.0000,+0.0000,+0.0000,+0.0000,+1.0000,+0.0000,+0.0000,+1.0000,+0.0037,+0.0698,+1.5000,+0.0000,+0.0000
647,1.00,1,True,0.0%,0.0%,0.0%,inf,0.9,4.70,0.000,0.6667,1.0000,0.0000,+0.0000,+0.0000,+1.0000,+0.0000,+0.0000,+0.0000,+0.0000,-0.0001,+0.0000,+0.0000,+0.0000,+0.0000,+0.0000,+1.0000,+0.0000,+0.0000,+1.0000,+0.0002,+0.2703,+0.1000,+0.0000,+0.0000
648,-3.00,90,False,0.0%,0.0%,0.0%,0.14,0.6,5.72,13.701,0.9630,0.9000,0.6371,+0.0000,+0.0000,+0.0000,+0.0000,+0.0000,+0.0000,-0.0002,-0.0015,+0.0000,+0.0000,-3.0000,+0.0000,+0.0000,+0.0000,+0.0000,+0.0000,+10.0000,-1.2685,+5.8384,+9.0000,+0.0000,+30.0000
650,1.00,17,True,0.0%,0.0%,0.0%,0.01,0.6,5.10,7.742,0.9608,1.0000,0.8678,+0.0000,+0.0000,+1.0000,+0.0000,+0.0000,+0.0000,+0.0000,-0.0001,+0.0000,+0.0000,+0.0000,+0.0000,+0.0000,+1.0000,+0.0000,+0.0000,+2.0000,+0.0042,+0.3418,+1.7000,+0.0000,+0.0000
651,0.60,64,True,0.0%,0.0%,0.0%,0.02,0.7,6.17,7.360,0.9896,0.8750,0.8758,+0.0000,+0.0000,+1.0000,+0.0000,+0.0000,+0.0000,-0.0003,-0.0003,+0.0000,-0.0002,-0.4000,+0.0000,+0.0000,+1.0000,+0.0000,+0.0000,+2.0000,-2.1436,+1.0675,+6.4000,+0.4000,+4.0000
652,1.00,1,True,0.0%,0.0%,0.0%,inf,0.9,5.32,0.000,0.6667,0.0000,0.0000,+0.0000,+0.0000,+1.0000,+0.0000,+0.0000,+0.0000,-0.0001,+0.0000,+0.0000,-0.0001,+0.0000,+0.0000,+0.0000,+1.0000,+0.0000,+0.0000,+1.0000,-0.1270,+0.0000,+0.1000,+0.1000,+0.0000
654,1.00,9,True,0.0%,0.0%,0.0%,0.01,0.7,4.82,1.137,0.9630,1.0000,0.8587,+0.0000,+0.0000,+1.0000,+0.0000,+0.0000,+0.0000,+0.0000,-0.0000,+0.0000,+0.0000,+0.0000,+0.0000,+0.0000,+1.0000,+0.0000,+0.0000,+1.0000,+0.0022,+0.1983,+0.9000,+0.0000,+0.0000
658,1.00,1,True,0.0%,0.0%,0.0%,inf,0.9,4.84,0.017,0.6667,1.0000,0.9639,+0.0000,+0.0000,+1.0000,+0.0000,+0.0000,+0.0000,+0.0000,+0.0000,+0.0000,+0.0000,+0.0000,+0.0000,+0.0000,+1.0000,+0.0000,+0.0000,+1.0000,+0.0002,-0.0004,+0.1000,+0.0000,+0.0000
659,-0.00,90,False,0.0%,0.0%,0.0%,0.05,0.7,5.77,6.056,0.9852,0.9000,0.7817,+0.0000,+0.0000,+0.0000,+0.0000,+0.0000,+0.0000,-0.0001,-0.0008,+0.0000,+0.0000,+0.0000,+0.0000,+0.0000,+0.0000,+0.0000,+0.0000,+4.0000,-0.5811,+3.1582,+9.0000,+0.0000,+0.0000
661,1.00,1,True,0.0%,0.0%,0.0%,inf,1.2,5.53,0.000,0.6667,1.0000,0.9082,+0.0000,+0.0000,+1.0000,+0.0000,+0.0000,+0.0000,+0.0000,-0.0000,+0.0000,+0.0000,+0.0000,+0.0000,+0.0000,+1.0000,+0.0000,+0.0000,+1.0000,+0.0002,+0.0115,+0.1000,+0.0000,+0.0000
663,-0.20,3,False,0.0%,0.0%,100.0%,0.18,0.8,5.20,9.973,0.3333,0.3333,0.0000,+0.0000,-0.2000,+0.0000,+0.0000,+0.0000,+0.0000,-0.0002,-0.0001,+0.0000,+0.0000,+0.0000,+0.0000,+1.0000,+0.0000,+0.0000,+0.0000,+6.0000,-1.1490,+0.3873,+0.3000,+0.0000,+0.0000
665,-1.30,71,True,0.0%,0.0%,0.0%,0.01,0.7,5.56,12.265,0.9671,0.9296,0.6974,+0.0000,+0.0000,+1.0000,+0.0000,+0.0000,+0.0000,+0.0000,-0.0010,+0.0000,+0.0000,-2.3000,+0.0000,+0.0000,+1.0000,+0.0000,+0.0000,+7.0000,+0.0167,+3.9345,+7.1000,+0.0000,+23.0000
666,-0.00,90,False,0.0%,0.0%,0.0%,0.05,0.7,5.42,5.342,0.8630,0.9444,0.6269,+0.0000,+0.0000,+0.0000,+0.0000,+0.0000,+0.0000,+0.0000,-0.0016,+0.0000,+0.0000,+0.0000,+0.0000,+0.0000,+0.0000,+0.0000,+0.0000,+37.0000,+0.0217,+6.3425,+9.0000,+0.0000,+0.0000
667,-4.50,55,True,0.0%,0.0%,0.0%,0.02,0.7,5.22,20.983,0.9576,0.8909,0.7589,+0.0000,+0.0000,+1.0000,+0.0000,+0.0000,+0.0000,-0.0004,-0.0006,+0.0000,+0.0000,-5.5000,+0.0000,+0.0000,+1.0000,+0.0000,+0.0000,+7.0000,-3.0386,+2.2982,+5.5000,+0.0000,+55.0000
671,1.00,1,True,0.0%,0.0%,0.0%,inf,1.0,5.51,0.000,0.6667,0.0000,0.0000,+0.0000,+0.0000,+1.0000,+0.0000,+0.0000,+0.0000,-0.0001,+0.0000,+0.0000,-0.0001,+0.0000,+0.0000,+0.0000,+1.0000,+0.0000,+0.0000,+1.0000,-0.1270,+0.0000,+0.1000,+0.1000,+0.0000
672,1.00,16,True,0.0%,0.0%,0.0%,0.01,0.6,4.91,1.922,0.9583,1.0000,0.8047,+0.0000,+0.0000,+1.0000,+0.0000,+0.0000,+0.0000,+0.0000,-0.0001,+0.0000,+0.0000,+0.0000,+0.0000,+0.0000,+1.0000,+0.0000,+0.0000,+2.0000,+0.0039,+0.5355,+1.6000,+0.0000,+0.0000
674,-3.50,65,True,0.0%,0.0%,0.0%,0.01,0.6,5.36,16.845,0.9385,0.9231,0.6054,+0.0000,+0.0000,+1.0000,+0.0000,+0.0000,+0.0000,+0.0000,-0.0012,+0.0000,+0.0000,-4.5000,+0.0000,+0.0000,+1.0000,+0.0000,+0.0000,+12.0000,-0.0724,+4.7948,+6.5000,+0.0000,+45.0000
677,0.00,1,False,0.0%,0.0%,0.0%,inf,0.9,5.38,0.000,1.0000,0.0000,1.0000,+0.0000,+0.0000,+0.0000,+0.0000,+0.0000,+0.0000,+0.0000,+0.0000,+0.0000,+0.0000,+0.0000,+0.0000,+0.0000,+0.0000,+0.0000,+0.0000,+0.0000,+0.0000,+0.0000,+0.0000,+0.0000,+0.0000
682,-8.90,90,False,0.0%,0.0%,0.0%,0.26,0.8,6.38,18.157,0.9889,0.9778,0.7582,+0.0000,+0.0000,+0.0000,+0.0000,+0.0000,+0.0000,-0.0000,-0.0010,+0.0000,+0.0000,-8.9000,+0.0000,+0.0000,+0.0000,+0.0000,+0.0000,+3.0000,-0.4361,+3.8511,+9.0000,+0.0000,+89.0000
684,1.00,13,True,0.0%,0.0%,0.0%,0.01,0.7,4.79,3.161,0.9487,1.0000,0.9544,+0.0000,+0.0000,+1.0000,+0.0000,+0.0000,+0.0000,+0.0000,-0.0000,+0.0000,+0.0000,+0.0000,+0.0000,+0.0000,+1.0000,+0.0000,+0.0000,+2.0000,+0.0032,+0.0208,+1.3000,+0.0000,+0.0000
686,-2.80,61,True,0.0%,0.0%,0.0%,0.02,0.8,6.30,16.645,0.9891,0.9836,0.6399,+0.0000,+0.0000,+1.0000,+0.0000,+0.0000,+0.0000,+0.0000,-0.0010,+0.0000,+0.0000,-3.8000,+0.0000,+0.0000,+1.0000,+0.0000,+0.0000,+2.0000,+0.0149,+4.1047,+6.1000,+0.0000,+38.0000
688,-0.20,28,False,0.0%,0.0%,100.0%,0.10,0.6,5.49,12.084,0.5595,0.1071,0.7209,+0.0000,-0.2000,+0.0000,+0.0000,+0.0000,+0.0000,-0.0036,+0.0000,+0.0000,+0.0000,+0.0000,+0.0000,+1.0000,+0.0000,+0.0000,+0.0000,+37.0000,-21.7035,-0.0756,+2.8000,+0.0000,+0.0000
689,1.00,19,True,0.0%,0.0%,0.0%,0.01,0.7,5.03,12.513,0.9649,0.6842,0.8153,+0.0000,+0.0000,+1.0000,+0.0000,+0.0000,+0.0000,-0.0002,-0.0001,+0.0000,+0.0000,+0.0000,+0.0000,+0.0000,+1.0000,+0.0000,+0.0000,+2.0000,-1.1228,+0.5350,+1.9000,+0.0000,+0.0000
690,0.00,1,False,0.0%,0.0%,0.0%,inf,0.9,5.10,0.000,1.0000,0.0000,1.0000,+0.0000,+0.0000,+0.0000,+0.0000,+0.0000,+0.0000,+0.0000,+0.0000,+0.0000,+0.0000,+0.0000,+0.0000,+0.0000,+0.0000,+0.0000,+0.0000,+0.0000,+0.0000,+0.0000,+0.0000,+0.0000,+0.0000
692,0.00,1,False,0.0%,0.0%,0.0%,inf,1.0,5.08,0.000,1.0000,0.0000,1.0000,+0.0000,+0.0000,+0.0000,+0.0000,+0.0000,+0.0000,+0.0000,+0.0000,+0.0000,+0.0000,+0.0000,+0.0000,+0.0000,+0.0000,+0.0000,+0.0000,+0.0000,+0.0000,+0.0000,+0.0000,+0.0000,+0.0000
693,0.00,1,False,0.0%,0.0%,0.0%,inf,1.2,5.46,0.000,1.0000,0.0000,1.0000,+0.0000,+0.0000,+0.0000,+0.0000,+0.0000,+0.0000,+0.0000,+0.0000,+0.0000,+0.0000,+0.0000,+0.0000,+0.0000,+0.0000,+0.0000,+0.0000,+0.0000,+0.0000,+0.0000,+0.0000,+0.0000,+0.0000
694,-0.00,90,False,0.0%,0.0%,0.0%,0.11,0.6,6.16,8.389,0.9667,0.9333,0.8884,+0.0000,+0.0000,+0.0000,+0.0000,+0.0000,+0.0000,-0.0001,-0.0003,+0.0000,+0.0000,+0.0000,+0.0000,+0.0000,+0.0000,+0.0000,+0.0000,+9.0000,-0.8486,+1.3433,+9.0000,+0.0000,+0.0000
695,1.00,56,True,0.0%,0.0%,0.0%,0.01,0.8,5.77,3.361,0.9762,1.0000,0.9743,+0.0000,+0.0000,+1.0000,+0.0000,+0.0000,+0.0000,+0.0000,+0.0000,+0.0000,-0.0008,+0.0000,+0.0000,+0.0000,+1.0000,+0.0000,+0.0000,+4.0000,+0.0139,-0.1514,+5.6000,+1.5000,+0.0000
696,1.00,1,True,0.0%,0.0%,0.0%,inf,1.0,4.99,1.108,0.0000,0.0000,0.0000,+0.0000,+0.0000,+1.0000,+0.0000,+0.0000,+0.0000,-0.0001,+0.0000,+0.0000,+0.0000,+0.0000,+0.0000,+0.0000,+1.0000,+0.0000,+0.0000,+3.0000,-0.2378,+0.0000,+0.1000,+0.0000,+0.0000
700,1.00,48,True,0.0%,0.0%,0.0%,0.01,0.6,5.03,6.530,0.9861,0.4167,0.7953,+0.0000,+0.0000,+1.0000,+0.0000,+0.0000,+0.0000,-0.0040,-0.0003,+0.0000,+0.0000,+0.0000,+0.0000,+0.0000,+1.0000,+0.0000,+0.0000,+2.0000,-14.3693,+1.2024,+4.8000,+0.0000,+0.0000
701,1.00,1,True,0.0%,0.0%,0.0%,inf,1.1,5.22,0.000,0.6667,1.0000,0.8703,+0.0000,+0.0000,+1.0000,+0.0000,+0.0000,+0.0000,+0.0000,-0.0000,+0.0000,+0.0000,+0.0000,+0.0000,+0.0000,+1.0000,+0.0000,+0.0000,+1.0000,+0.0002,+0.0196,+0.1000,+0.0000,+0.0000
702,-0.40,24,True,0.0%,0.0%,0.0%,0.02,0.6,6.16,14.977,0.9722,1.0000,0.8407,+0.0000,+0.0000,+1.0000,+0.0000,+0.0000,+0.0000,+0.0000,-0.0002,+0.0000,+0.0000,-1.4000,+0.0000,+0.0000,+1.0000,+0.0000,+0.0000,+2.0000,+0.0059,+0.6197,+2.4000,+0.0000,+14.0000
703,1.00,1,True,0.0%,0.0%,0.0%,inf,0.8,4.81,0.000,0.6667,0.0000,0.0000,+0.0000,+0.0000,+1.0000,+0.0000,+0.0000,+0.0000,-0.0001,+0.0000,+0.0000,+0.0000,+0.0000,+0.0000,+0.0000,+1.0000,+0.0000,+0.0000,+1.0000,-0.1270,+0.0000,+0.1000,+0.0000,+0.0000
704,1.00,34,True,0.0%,0.0%,0.0%,0.01,0.8,5.29,3.578,0.9020,1.0000,0.9842,+0.0000,+0.0000,+1.0000,+0.0000,+0.0000,+0.0000,+0.0000,+0.0000,+0.0000,+0.0000,+0.0000,+0.0000,+0.0000,+1.0000,+0.0000,+0.0000,+10.0000,+0.0085,-0.1643,+3.4000,+0.0000,+0.0000
706,-2.30,46,True,0.0%,0.0%,0.0%,0.01,0.6,5.18,17.108,0.8986,0.6304,0.4962,+0.0000,+0.0000,+1.0000,+0.0000,+0.0000,+0.0000,+0.0000,-0.0011,+0.0000,+0.0000,-3.3000,+0.0000,+0.0000,+1.0000,+0.0000,+0.0000,+14.0000,+0.0102,+4.3726,+4.6000,+0.0000,+33.0000
707,-0.00,90,False,0.0%,0.0%,0.0%,0.07,0.8,6.52,11.093,0.9444,0.9000,0.8710,+0.0000,+0.0000,+0.0000,+0.0000,+0.0000,+0.0000,-0.0002,-0.0004,+0.0000,+0.0000,+0.0000,+0.0000,+0.0000,+0.0000,+0.0000,+0.0000,+15.0000,-1.1920,+1.6138,+9.0000,+0.0000,+0.0000
708,1.00,28,True,0.0%,0.0%,0.0%,0.01,0.6,5.73,11.500,0.9643,1.0000,0.8081,+0.0000,+0.0000,+1.0000,+0.0000,+0.0000,+0.0000,+0.0000,-0.0002,+0.0000,+0.0000,+0.0000,+0.0000,+0.0000,+1.0000,+0.0000,+0.0000,+3.0000,+0.0068,+0.9127,+2.8000,+0.0000,+0.0000
712,-0.00,90,False,0.0%,0.0%,0.0%,0.16,0.9,7.62,12.164,0.9741,0.9444,0.9191,+0.0000,+0.0000,+0.0000,+0.0000,+0.0000,+0.0000,+0.0000,-0.0002,+0.0000,+0.0000,+0.0000,+0.0000,+0.0000,+0.0000,+0.0000,+0.0000,+7.0000,+0.0218,+0.7753,+9.0000,+0.0000,+0.0000
714,-2.50,84,True,0.0%,0.0%,0.0%,0.01,0.7,5.96,13.496,0.9444,0.9881,0.8866,+0.0000,+0.0000,+1.0000,+0.0000,+0.0000,+0.0000,+0.0000,-0.0003,+0.0000,+0.0000,-3.5000,+0.0000,+0.0000,+1.0000,+0.0000,+0.0000,+14.0000,+0.0206,+1.3483,+8.4000,+0.0000,+35.0000
715,-0.00,90,False,0.0%,0.0%,0.0%,0.03,0.6,5.47,4.593,0.9519,0.3000,0.8612,+0.0000,+0.0000,+0.0000,+0.0000,+0.0000,+0.0000,+0.0000,-0.0005,+0.0000,+0.0000,+0.0000,+0.0000,+0.0000,+0.0000,+0.0000,+0.0000,+13.0000,+0.0221,+1.9270,+9.0000,+0.0000,+0.0000
717,-1.30,90,False,0.0%,0.0%,0.0%,0.01,0.5,5.32,13.467,0.9259,1.0000,0.5316,+0.0000,+0.0000,+0.0000,+0.0000,+0.0000,+0.0000,+0.0000,-0.0020,+0.0000,+0.0000,-1.3000,+0.0000,+0.0000,+0.0000,+0.0000,+0.0000,+20.0000,+0.0220,+8.0952,+9.0000,+0.0000,+13.0000
718,-6.62,49,False,100.0%,100.0%,0.0%,0.19,0.6,5.22,20.116,0.9728,0.9796,0.9534,-1.7245,+0.0000,+0.0000,+0.0000,+0.0000,+0.0000,-0.0001,-0.0000,+0.0000,+0.0000,-4.9000,+1.0000,+0.0000,+0.0000,+0.0000,+0.0000,+4.0000,-0.9981,+0.0823,+4.9000,+0.0000,+49.0000
719,-0.10,28,True,0.0%,0.0%,0.0%,0.01,0.9,4.87,13.862,0.9643,0.9643,0.8785,+0.0000,+0.0000,+1.0000,+0.0000,+0.0000,+0.0000,+0.0000,-0.0001,+0.0000,+0.0000,-1.1000,+0.0000,+0.0000,+1.0000,+0.0000,+0.0000,+3.0000,+0.0068,+0.4974,+2.8000,+0.0000,+11.0000
720,1.00,1,True,0.0%,0.0%,0.0%,inf,0.9,4.87,0.000,0.6667,0.0000,0.0000,+0.0000,+0.0000,+1.0000,+0.0000,+0.0000,+0.0000,-0.0001,+0.0000,+0.0000,+0.0000,+0.0000,+0.0000,+0.0000,+1.0000,+0.0000,+0.0000,+1.0000,-0.1136,+0.0000,+0.1000,+0.0000,+0.0000
721,-3.80,48,True,0.0%,0.0%,0.0%,0.02,0.6,5.10,19.432,0.9792,1.0000,0.7147,+0.0000,+0.0000,+1.0000,+0.0000,+0.0000,+0.0000,+0.0000,-0.0006,+0.0000,+0.0000,-4.8000,+0.0000,+0.0000,+1.0000,+0.0000,+0.0000,+3.0000,+0.0120,+2.5154,+4.8000,+0.0000,+48.0000
722,1.00,1,True,0.0%,0.0%,0.0%,inf,0.9,4.88,0.000,0.6667,0.0000,0.0000,+0.0000,+0.0000,+1.0000,+0.0000,+0.0000,+0.0000,-0.0001,+0.0000,+0.0000,+0.0000,+0.0000,+0.0000,+0.0000,+1.0000,+0.0000,+0.0000,+1.0000,-0.1136,+0.0000,+0.1000,+0.0000,+0.0000
723,1.00,1,True,0.0%,0.0%,0.0%,inf,1.1,5.14,0.000,0.6667,0.0000,0.0000,+0.0000,+0.0000,+1.0000,+0.0000,+0.0000,+0.0000,-0.0001,+0.0000,+0.0000,+0.0000,+0.0000,+0.0000,+0.0000,+1.0000,+0.0000,+0.0000,+1.0000,-0.1270,+0.0000,+0.1000,+0.0000,+0.0000
725,1.00,77,True,0.0%,0.0%,0.0%,0.01,0.7,5.78,3.670,0.9870,1.0000,0.9495,+0.0000,+0.0000,+1.0000,+0.0000,+0.0000,+0.0000,+0.0000,-0.0001,+0.0000,-0.0016,+0.0000,+0.0000,+0.0000,+1.0000,+0.0000,+0.0000,+3.0000,+0.0192,+0.2036,+7.7000,+3.1000,+0.0000
726,-3.90,49,True,0.0%,0.0%,0.0%,0.01,0.6,5.50,22.086,0.9796,0.7347,0.6820,+0.0000,+0.0000,+1.0000,+0.0000,+0.0000,+0.0000,+0.0000,-0.0007,+0.0000,+0.0000,-4.9000,+0.0000,+0.0000,+1.0000,+0.0000,+0.0000,+3.0000,-0.0659,+2.8721,+4.9000,+0.0000,+49.0000
727,-3.30,43,True,0.0%,0.0%,0.0%,0.02,0.8,5.28,24.117,0.9767,0.9535,0.8070,+0.0000,+0.0000,+1.0000,+0.0000,+0.0000,+0.0000,+0.0000,-0.0003,+0.0000,+0.0000,-4.3000,+0.0000,+0.0000,+1.0000,+0.0000,+0.0000,+3.0000,-0.0137,+1.3820,+4.3000,+0.0000,+43.0000
728,0.00,1,False,0.0%,0.0%,0.0%,inf,1.0,5.11,0.000,1.0000,0.0000,1.0000,+0.0000,+0.0000,+0.0000,+0.0000,+0.0000,+0.0000,+0.0000,+0.0000,+0.0000,+0.0000,+0.0000,+0.0000,+0.0000,+0.0000,+0.0000,+0.0000,+0.0000,+0.0000,+0.0000,+0.0000,+0.0000,+0.0000
730,-1.06,25,False,100.0%,100.0%,0.0%,0.36,0.8,5.71,8.551,0.9733,0.7600,0.9375,-1.0551,+0.0000,+0.0000,+0.0000,+0.0000,+0.0000,-0.0006,-0.0000,+0.0000,+0.0000,+0.0000,+1.0000,+0.0000,+0.0000,+0.0000,+0.0000,+2.0000,-3.0841,+0.0023,+2.5000,+0.0000,+0.0000
732,-0.90,58,True,0.0%,0.0%,0.0%,0.02,0.7,5.67,12.005,0.9828,0.9310,0.8374,+0.0000,+0.0000,+1.0000,+0.0000,+0.0000,+0.0000,-0.0003,-0.0004,+0.0000,+0.0000,-1.9000,+0.0000,+0.0000,+1.0000,+0.0000,+0.0000,+3.0000,-1.8082,+1.4959,+5.8000,+0.0000,+19.0000
733,0.00,1,False,0.0%,0.0%,0.0%,inf,0.9,4.73,0.000,1.0000,0.0000,1.0000,+0.0000,+0.0000,+0.0000,+0.0000,+0.0000,+0.0000,+0.0000,+0.0000,+0.0000,+0.0000,+0.0000,+0.0000,+0.0000,+0.0000,+0.0000,+0.0000,+0.0000,+0.0000,+0.0000,+0.0000,+0.0000,+0.0000
734,-0.71,4,False,100.0%,100.0%,0.0%,0.35,0.8,4.90,5.064,0.8333,1.0000,0.9216,-0.7064,+0.0000,+0.0000,+0.0000,+0.0000,+0.0000,+0.0000,-0.0000,+0.0000,+0.0000,+0.0000,+1.0000,+0.0000,+0.0000,+0.0000,+0.0000,+2.0000,+0.0010,+0.0345,+0.4000,+0.0000,+0.0000
735,1.00,15,True,0.0%,0.0%,0.0%,0.01,0.6,5.22,6.362,0.9333,1.0000,0.8114,+0.0000,+0.0000,+1.0000,+0.0000,+0.0000,+0.0000,+0.0000,-0.0001,+0.0000,+0.0000,+0.0000,+0.0000,+0.0000,+1.0000,+0.0000,+0.0000,+3.0000,+0.0037,+0.4810,+1.5000,+0.0000,+0.0000
736,-1.00,90,False,0.0%,0.0%,0.0%,0.15,0.7,6.48,10.639,0.9444,0.9222,0.5568,+0.0000,+0.0000,+0.0000,+0.0000,+0.0000,+0.0000,-0.0003,-0.0019,+0.0000,+0.0000,-1.0000,+0.0000,+0.0000,+0.0000,+0.0000,+0.0000,+15.0000,-1.8414,+7.5480,+9.0000,+0.0000,+10.0000
738,1.00,1,True,0.0%,0.0%,0.0%,inf,1.0,5.36,0.000,0.6667,0.0000,0.0000,+0.0000,+0.0000,+1.0000,+0.0000,+0.0000,+0.0000,-0.0001,+0.0000,+0.0000,+0.0000,+0.0000,+0.0000,+0.0000,+1.0000,+0.0000,+0.0000,+1.0000,-0.1270,+0.0000,+0.1000,+0.0000,+0.0000
740,1.00,1,True,0.0%,0.0%,0.0%,inf,0.9,4.79,0.000,0.6667,0.0000,0.0000,+0.0000,+0.0000,+1.0000,+0.0000,+0.0000,+0.0000,-0.0001,+0.0000,+0.0000,+0.0000,+0.0000,+0.0000,+0.0000,+1.0000,+0.0000,+0.0000,+1.0000,-0.1136,+0.0000,+0.1000,+0.0000,+0.0000
742,-0.00,90,False,0.0%,0.0%,0.0%,0.06,0.8,7.25,11.725,0.9370,0.9222,0.9156,+0.0000,+0.0000,+0.0000,+0.0000,+0.0000,+0.0000,-0.0005,-0.0002,+0.0000,+0.0000,+0.0000,+0.0000,+0.0000,+0.0000,+0.0000,+0.0000,+17.0000,-2.7294,+0.8009,+9.0000,+0.0000,+0.0000
743,0.00,1,False,0.0%,0.0%,0.0%,inf,0.8,4.91,0.000,1.0000,0.0000,1.0000,+0.0000,+0.0000,+0.0000,+0.0000,+0.0000,+0.0000,+0.0000,+0.0000,+0.0000,+0.0000,+0.0000,+0.0000,+0.0000,+0.0000,+0.0000,+0.0000,+0.0000,+0.0000,+0.0000,+0.0000,+0.0000,+0.0000
746,0.00,1,False,0.0%,0.0%,0.0%,inf,1.2,5.28,0.000,1.0000,0.0000,1.0000,+0.0000,+0.0000,+0.0000,+0.0000,+0.0000,+0.0000,+0.0000,+0.0000,+0.0000,+0.0000,+0.0000,+0.0000,+0.0000,+0.0000,+0.0000,+0.0000,+0.0000,+0.0000,+0.0000,+0.0000,+0.0000,+0.0000
749,1.00,1,True,0.0%,0.0%,0.0%,inf,0.8,5.04,0.000,0.6667,0.0000,0.0000,+0.0000,+0.0000,+1.0000,+0.0000,+0.0000,+0.0000,-0.0001,+0.0000,+0.0000,+0.0000,+0.0000,+0.0000,+0.0000,+1.0000,+0.0000,+0.0000,+1.0000,-0.1136,+0.0000,+0.1000,+0.0000,+0.0000
750,1.00,1,True,0.0%,0.0%,0.0%,inf,0.9,4.85,0.000,0.6667,1.0000,0.0000,+0.0000,+0.0000,+1.0000,+0.0000,+0.0000,+0.0000,+0.0000,-0.0001,+0.0000,-0.0001,+0.0000,+0.0000,+0.0000,+1.0000,+0.0000,+0.0000,+1.0000,+0.0002,+0.2180,+0.1000,+0.1000,+0.0000
751,-1.90,85,True,0.0%,0.0%,0.0%,0.01,0.7,6.21,14.280,0.9529,0.9882,0.6243,+0.0000,+0.0000,+1.0000,+0.0000,+0.0000,+0.0000,-0.0000,-0.0015,+0.0000,+0.0000,-2.9000,+0.0000,+0.0000,+1.0000,+0.0000,+0.0000,+12.0000,-0.3755,+5.9897,+8.5000,+0.0000,+29.0000
752,-2.20,32,True,0.0%,0.0%,0.0%,0.01,0.6,4.73,23.466,0.9583,1.0000,0.8593,+0.0000,+0.0000,+1.0000,+0.0000,+0.0000,+0.0000,+0.0000,-0.0002,+0.0000,+0.0000,-3.2000,+0.0000,+0.0000,+1.0000,+0.0000,+0.0000,+4.0000,+0.0080,+0.7007,+3.2000,+0.0000,+32.0000
753,1.00,1,True,0.0%,0.0%,0.0%,inf,1.1,5.08,0.000,0.6667,1.0000,0.8966,+0.0000,+0.0000,+1.0000,+0.0000,+0.0000,+0.0000,+0.0000,-0.0000,+0.0000,+0.0000,+0.0000,+0.0000,+0.0000,+1.0000,+0.0000,+0.0000,+1.0000,+0.0002,+0.0140,+0.1000,+0.0000,+0.0000
754,1.00,1,True,0.0%,0.0%,0.0%,inf,0.9,5.25,0.000,0.6667,0.0000,0.0000,+0.0000,+0.0000,+1.0000,+0.0000,+0.0000,+0.0000,-0.0001,+0.0000,+0.0000,-0.0001,+0.0000,+0.0000,+0.0000,+1.0000,+0.0000,+0.0000,+1.0000,-0.1270,+0.0000,+0.1000,+0.1000,+0.0000
757,-2.90,63,True,0.0%,0.0%,0.0%,0.01,2.6,5.79,15.940,0.9788,0.9048,0.8071,+0.0000,+0.0000,+1.0000,+0.0000,+0.0000,+0.0000,-0.0006,-0.0005,+0.0000,+0.0000,-3.9000,+0.0000,+0.0000,+1.0000,+0.0000,+0.0000,+4.0000,-3.7879,+2.0390,+6.3000,+0.0000,+39.0000
758,1.00,80,True,0.0%,0.0%,0.0%,0.02,0.6,5.14,8.814,0.9417,0.9750,0.9681,+0.0000,+0.0000,+1.0000,+0.0000,+0.0000,+0.0000,-0.0000,+0.0000,+0.0000,+0.0000,+0.0000,+0.0000,+0.0000,+1.0000,+0.0000,+0.0000,+14.0000,-0.3140,-0.1120,+8.0000,+0.0000,+0.0000
760,1.00,82,True,0.0%,0.0%,0.0%,0.01,0.5,5.04,7.327,0.8821,1.0000,0.5926,+0.0000,+0.0000,+1.0000,+0.0000,+0.0000,+0.0000,+0.0000,-0.0016,+0.0000,+0.0000,+0.0000,+0.0000,+0.0000,+1.0000,+0.0000,+0.0000,+29.0000,+0.0197,+6.3435,+8.2000,+0.0000,+0.0000
761,-2.90,90,False,0.0%,0.0%,0.0%,0.36,0.7,5.99,12.692,0.9037,1.0000,0.7390,+0.0000,+0.0000,+0.0000,+0.0000,+0.0000,+0.0000,+0.0000,-0.0011,+0.0000,+0.0000,-2.9000,+0.0000,+0.0000,+0.0000,+0.0000,+0.0000,+26.0000,+0.0220,+4.2232,+9.0000,+0.0000,+29.0000
762,-2.50,90,False,0.0%,0.0%,0.0%,0.11,0.9,8.02,11.405,0.9296,0.8111,0.7552,+0.0000,+0.0000,+0.0000,+0.0000,+0.0000,+0.0000,-0.0001,-0.0009,+0.0000,+0.0000,-2.5000,+0.0000,+0.0000,+0.0000,+0.0000,+0.0000,+19.0000,-0.7847,+3.7701,+9.0000,+0.0000,+25.0000
763,-0.00,90,False,0.0%,0.0%,0.0%,0.17,0.8,6.17,4.120,0.9926,0.5778,0.7213,+0.0000,+0.0000,+0.0000,+0.0000,+0.0000,+0.0000,-0.0012,-0.0007,+0.0000,+0.0000,+0.0000,+0.0000,+0.0000,+0.0000,+0.0000,+0.0000,+2.0000,-4.2861,+2.8694,+9.0000,+0.0000,+0.0000
766,1.00,1,True,0.0%,0.0%,0.0%,inf,1.0,5.07,0.000,0.6667,0.0000,0.0000,+0.0000,+0.0000,+1.0000,+0.0000,+0.0000,+0.0000,-0.0000,+0.0000,+0.0000,-0.0001,+0.0000,+0.0000,+0.0000,+1.0000,+0.0000,+0.0000,+1.0000,-0.0141,-0.0002,+0.1000,+0.1000,+0.0000
769,1.00,1,True,0.0%,0.0%,0.0%,inf,0.8,4.73,0.000,0.6667,1.0000,0.9776,+0.0000,+0.0000,+1.0000,+0.0000,+0.0000,+0.0000,+0.0000,+0.0000,+0.0000,+0.0000,+0.0000,+0.0000,+0.0000,+1.0000,+0.0000,+0.0000,+1.0000,+0.0002,-0.0034,+0.1000,+0.0000,+0.0000
770,-5.40,74,True,0.0%,0.0%,0.0%,0.02,0.9,7.22,19.357,0.9324,0.9865,0.6241,+0.0000,+0.0000,+1.0000,+0.0000,+0.0000,+0.0000,+0.0000,-0.0013,+0.0000,+0.0000,-6.4000,+0.0000,+0.0000,+1.0000,+0.0000,+0.0000,+15.0000,+0.0178,+5.2148,+7.4000,+0.0000,+64.0000
771,0.00,1,False,0.0%,0.0%,0.0%,inf,1.0,5.34,0.000,1.0000,0.0000,1.0000,+0.0000,+0.0000,+0.0000,+0.0000,+0.0000,+0.0000,+0.0000,+0.0000,+0.0000,+0.0000,+0.0000,+0.0000,+0.0000,+0.0000,+0.0000,+0.0000,+0.0000,+0.0000,+0.0000,+0.0000,+0.0000,+0.0000
772,1.00,68,True,0.0%,0.0%,0.0%,0.01,0.8,5.90,11.735,0.8725,0.8529,0.7044,+0.0000,+0.0000,+1.0000,+0.0000,+0.0000,+0.0000,-0.0004,-0.0008,+0.0000,+0.0000,+0.0000,+0.0000,+0.0000,+1.0000,+0.0000,+0.0000,+26.0000,-2.8561,+3.3468,+6.8000,+0.0000,+0.0000
773,1.00,1,True,0.0%,0.0%,0.0%,inf,1.0,5.54,0.000,0.6667,0.0000,0.0000,+0.0000,+0.0000,+1.0000,+0.0000,+0.0000,+0.0000,-0.0001,+0.0000,+0.0000,+0.0000,+0.0000,+0.0000,+0.0000,+1.0000,+0.0000,+0.0000,+1.0000,-0.1270,+0.0000,+0.1000,+0.0000,+0.0000
774,-0.01,90,False,0.0%,0.0%,0.0%,0.33,0.9,5.84,9.989,0.9037,0.6333,0.3413,+0.0000,+0.0000,+0.0000,+0.0000,+0.0000,+0.0000,-0.0045,-0.0021,+0.0000,+0.0000,+0.0000,+0.0000,+0.0000,+0.0000,+0.0000,+0.0000,+26.0000,-25.4225,+8.3330,+9.0000,+0.0000,+0.0000
775,0.00,1,False,0.0%,0.0%,0.0%,inf,0.9,4.96,0.000,1.0000,0.0000,1.0000,+0.0000,+0.0000,+0.0000,+0.0000,+0.0000,+0.0000,+0.0000,+0.0000,+0.0000,+0.0000,+0.0000,+0.0000,+0.0000,+0.0000,+0.0000,+0.0000,+0.0000,+0.0000,+0.0000,+0.0000,+0.0000,+0.0000
776,0.00,1,False,0.0%,0.0%,0.0%,inf,1.1,5.05,0.000,1.0000,0.0000,1.0000,+0.0000,+0.0000,+0.0000,+0.0000,+0.0000,+0.0000,+0.0000,+0.0000,+0.0000,+0.0000,+0.0000,+0.0000,+0.0000,+0.0000,+0.0000,+0.0000,+0.0000,+0.0000,+0.0000,+0.0000,+0.0000,+0.0000
777,-0.01,90,False,0.0%,0.0%,0.0%,0.42,0.7,6.54,8.633,0.9926,0.2222,0.7866,+0.0000,+0.0000,+0.0000,+0.0000,+0.0000,+0.0000,-0.0105,-0.0001,+0.0000,+0.0000,+0.0000,+0.0000,+0.0000,+0.0000,+0.0000,+0.0000,+2.0000,-54.1039,+0.2313,+9.0000,+0.0000,+0.0000
779,-0.00,90,False,0.0%,0.0%,0.0%,0.22,0.6,5.38,9.543,0.9852,0.8556,0.6784,+0.0000,+0.0000,+0.0000,+0.0000,+0.0000,+0.0000,-0.0002,-0.0013,+0.0000,+0.0000,+0.0000,+0.0000,+0.0000,+0.0000,+0.0000,+0.0000,+4.0000,-1.1407,+5.1154,+9.0000,+0.0000,+0.0000
780,1.00,1,True,0.0%,0.0%,0.0%,inf,0.9,4.93,0.000,0.6667,0.0000,0.0000,+0.0000,+0.0000,+1.0000,+0.0000,+0.0000,+0.0000,-0.0001,+0.0000,+0.0000,+0.0000,+0.0000,+0.0000,+0.0000,+1.0000,+0.0000,+0.0000,+1.0000,-0.1270,+0.0000,+0.1000,+0.0000,+0.0000
782,-1.65,71,False,100.0%,100.0%,0.0%,0.03,0.7,6.09,9.167,0.7840,0.4366,0.6571,-1.6456,+0.0000,+0.0000,+0.0000,+0.0000,+0.0000,-0.0034,-0.0008,+0.0000,+0.0000,+0.0000,+1.0000,+0.0000,+0.0000,+0.0000,+0.0000,+46.0000,-19.3568,+3.1994,+7.1000,+0.0000,+0.0000
783,1.00,1,True,0.0%,0.0%,0.0%,inf,1.1,5.15,0.000,0.6667,1.0000,0.9326,+0.0000,+0.0000,+1.0000,+0.0000,+0.0000,+0.0000,+0.0000,-0.0000,+0.0000,+0.0000,+0.0000,+0.0000,+0.0000,+1.0000,+0.0000,+0.0000,+1.0000,+0.0002,+0.0063,+0.1000,+0.0000,+0.0000
787,0.70,46,True,0.0%,0.0%,0.0%,0.01,0.6,5.51,11.108,0.9348,0.8478,0.7827,+0.0000,+0.0000,+1.0000,+0.0000,+0.0000,+0.0000,-0.0001,-0.0004,+0.0000,+0.0000,-0.3000,+0.0000,+0.0000,+1.0000,+0.0000,+0.0000,+9.0000,-0.6986,+1.6126,+4.6000,+0.0000,+3.0000
788,1.00,1,True,0.0%,0.0%,0.0%,inf,0.8,4.93,0.000,0.6667,0.0000,0.0000,+0.0000,+0.0000,+1.0000,+0.0000,+0.0000,+0.0000,-0.0001,+0.0000,+0.0000,+0.0000,+0.0000,+0.0000,+0.0000,+1.0000,+0.0000,+0.0000,+1.0000,-0.1270,+0.0000,+0.1000,+0.0000,+0.0000
789,-0.00,90,False,0.0%,0.0%,0.0%,0.25,0.6,5.09,7.713,0.9556,0.9667,0.1848,+0.0000,+0.0000,+0.0000,+0.0000,+0.0000,+0.0000,-0.0001,-0.0034,+0.0000,+0.0000,+0.0000,+0.0000,+0.0000,+0.0000,+0.0000,+0.0000,+12.0000,-0.5741,+13.7289,+9.0000,+0.0000,+0.0000
790,-1.40,90,False,0.0%,0.0%,0.0%,0.05,0.7,6.06,9.233,0.9667,0.9778,0.9517,+0.0000,+0.0000,+0.0000,+0.0000,+0.0000,+0.0000,+0.0000,-0.0000,+0.0000,+0.0000,-1.4000,+0.0000,+0.0000,+0.0000,+0.0000,+0.0000,+9.0000,-0.0030,+0.1933,+9.0000,+0.0000,+14.0000
791,-0.00,90,False,0.0%,0.0%,0.0%,0.20,0.7,6.18,1.307,0.9926,1.0000,0.5005,+0.0000,+0.0000,+0.0000,+0.0000,+0.0000,+0.0000,+0.0000,-0.0022,+0.0000,+0.0000,+0.0000,+0.0000,+0.0000,+0.0000,+0.0000,+0.0000,+2.0000,+0.0219,+8.7160,+9.0000,+0.0000,+0.0000
792,1.00,1,True,0.0%,0.0%,0.0%,inf,0.8,5.15,0.000,0.6667,1.0000,0.9887,+0.0000,+0.0000,+1.0000,+0.0000,+0.0000,+0.0000,+0.0000,+0.0000,+0.0000,+0.0000,+0.0000,+0.0000,+0.0000,+1.0000,+0.0000,+0.0000,+1.0000,+0.0002,-0.0058,+0.1000,+0.0000,+0.0000
795,1.00,1,True,0.0%,0.0%,0.0%,inf,0.9,4.97,0.000,0.6667,0.0000,0.0000,+0.0000,+0.0000,+1.0000,+0.0000,+0.0000,+0.0000,-0.0001,+0.0000,+0.0000,+0.0000,+0.0000,+0.0000,+0.0000,+1.0000,+0.0000,+0.0000,+1.0000,-0.1270,+0.0000,+0.1000,+0.0000,+0.0000
798,-0.30,76,True,0.0%,0.0%,0.0%,0.02,0.6,6.19,13.912,0.9254,0.9868,0.9681,+0.0000,+0.0000,+1.0000,+0.0000,+0.0000,+0.0000,-0.0001,+0.0000,+0.0000,+0.0000,-1.3000,+0.0000,+0.0000,+1.0000,+0.0000,+0.0000,+17.0000,-0.4239,-0.1045,+7.6000,+0.0000,+13.0000
800,1.00,1,True,0.0%,0.0%,0.0%,inf,3.9,4.96,0.000,0.6667,0.0000,0.0000,+0.0000,+0.0000,+1.0000,+0.0000,+0.0000,+0.0000,-0.0001,+0.0000,+0.0000,+0.0000,+0.0000,+0.0000,+0.0000,+1.0000,+0.0000,+0.0000,+1.0000,-0.1270,+0.0000,+0.1000,+0.0000,+0.0000
801,1.00,1,True,0.0%,0.0%,0.0%,inf,1.2,5.57,0.000,0.6667,0.0000,0.0000,+0.0000,+0.0000,+1.0000,+0.0000,+0.0000,+0.0000,-0.0001,+0.0000,+0.0000,+0.0000,+0.0000,+0.0000,+0.0000,+1.0000,+0.0000,+0.0000,+1.0000,-0.1270,+0.0000,+0.1000,+0.0000,+0.0000
802,-0.20,24,True,0.0%,0.0%,0.0%,0.02,0.6,4.76,14.781,0.9861,0.9167,0.9731,+0.0000,+0.0000,+1.0000,+0.0000,+0.0000,+0.0000,-0.0001,+0.0000,+0.0000,+0.0000,-1.2000,+0.0000,+0.0000,+1.0000,+0.0000,+0.0000,+1.0000,-0.6701,-0.0597,+2.4000,+0.0000,+12.0000
808,1.00,52,True,0.0%,0.0%,0.0%,0.01,0.5,4.76,12.631,0.9744,1.0000,0.9363,+0.0000,+0.0000,+1.0000,+0.0000,+0.0000,+0.0000,+0.0000,-0.0001,+0.0000,+0.0000,+0.0000,+0.0000,+0.0000,+1.0000,+0.0000,+0.0000,+4.0000,+0.0129,+0.2835,+5.2000,+0.0000,+0.0000
810,-2.80,50,True,0.0%,0.0%,0.0%,0.02,0.6,4.88,17.609,0.8867,0.9800,0.3642,+0.0000,+0.0000,+1.0000,+0.0000,+0.0000,+0.0000,+0.0000,-0.0015,+0.0000,+0.0000,-3.8000,+0.0000,+0.0000,+1.0000,+0.0000,+0.0000,+17.0000,+0.0118,+6.1952,+5.0000,+0.0000,+38.0000
811,-0.00,90,False,0.0%,0.0%,0.0%,0.19,0.6,5.97,6.753,0.9926,0.6556,0.6405,+0.0000,+0.0000,+0.0000,+0.0000,+0.0000,+0.0000,-0.0013,-0.0010,+0.0000,+0.0000,+0.0000,+0.0000,+0.0000,+0.0000,+0.0000,+0.0000,+2.0000,-5.9237,+4.1876,+9.0000,+0.0000,+0.0000
812,0.20,8,True,0.0%,0.0%,0.0%,0.02,0.6,5.02,16.391,0.8750,1.0000,0.5460,+0.0000,+0.0000,+1.0000,+0.0000,+0.0000,+0.0000,+0.0000,-0.0002,+0.0000,+0.0000,-0.8000,+0.0000,+0.0000,+1.0000,+0.0000,+0.0000,+3.0000,+0.0019,+0.6995,+0.8000,+0.0000,+8.0000
816,-5.70,90,False,0.0%,0.0%,0.0%,0.13,0.6,5.45,18.145,0.9852,1.0000,0.8876,+0.0000,+0.0000,+0.0000,+0.0000,+0.0000,+0.0000,+0.0000,-0.0004,+0.0000,+0.0000,-5.7000,+0.0000,+0.0000,+0.0000,+0.0000,+0.0000,+4.0000,+0.0225,+1.4272,+9.0000,+0.0000,+57.0000
817,0.90,1,True,0.0%,0.0%,0.0%,inf,1.1,4.81,16.282,0.6667,1.0000,0.8617,+0.0000,+0.0000,+1.0000,+0.0000,+0.0000,+0.0000,+0.0000,-0.0000,+0.0000,+0.0000,-0.1000,+0.0000,+0.0000,+1.0000,+0.0000,+0.0000,+1.0000,+0.0002,+0.0214,+0.1000,+0.0000,+1.0000
818,-0.00,90,False,0.0%,0.0%,0.0%,0.03,0.7,6.66,9.121,0.9333,0.8444,0.8203,+0.0000,+0.0000,+0.0000,+0.0000,+0.0000,+0.0000,-0.0003,-0.0006,+0.0000,+0.0000,+0.0000,+0.0000,+0.0000,+0.0000,+0.0000,+0.0000,+18.0000,-1.4261,+2.4851,+9.0000,+0.0000,+0.0000
820,1.00,1,True,0.0%,0.0%,0.0%,inf,0.9,4.71,0.000,0.6667,0.0000,0.0000,+0.0000,+0.0000,+1.0000,+0.0000,+0.0000,+0.0000,-0.0001,+0.0000,+0.0000,+0.0000,+0.0000,+0.0000,+0.0000,+1.0000,+0.0000,+0.0000,+1.0000,-0.1270,+0.0000,+0.1000,+0.0000,+0.0000
821,1.00,1,True,0.0%,0.0%,0.0%,inf,0.9,4.54,0.000,0.6667,1.0000,0.9925,+0.0000,+0.0000,+1.0000,+0.0000,+0.0000,+0.0000,+0.0000,+0.0000,+0.0000,+0.0000,+0.0000,+0.0000,+0.0000,+1.0000,+0.0000,+0.0000,+1.0000,+0.0002,-0.0066,+0.1000,+0.0000,+0.0000
822,1.00,1,True,0.0%,0.0%,0.0%,inf,0.9,4.63,0.000,0.6667,0.0000,0.5244,+0.0000,+0.0000,+1.0000,+0.0000,+0.0000,+0.0000,+0.0000,+0.0000,+0.0000,+0.0000,+0.0000,+0.0000,+0.0000,+1.0000,+0.0000,+0.0000,+1.0000,+0.0000,-0.0032,+0.1000,+0.0000,+0.0000
823,-0.00,90,False,0.0%,0.0%,0.0%,0.23,0.7,5.83,2.895,0.9741,1.0000,0.6783,+0.0000,+0.0000,+0.0000,+0.0000,+0.0000,+0.0000,+0.0000,-0.0013,+0.0000,+0.0000,+0.0000,+0.0000,+0.0000,+0.0000,+0.0000,+0.0000,+7.0000,+0.0211,+5.3630,+9.0000,+0.0000,+0.0000
824,1.00,1,True,0.0%,0.0%,0.0%,inf,1.0,5.48,0.000,0.6667,0.0000,0.0000,+0.0000,+0.0000,+1.0000,+0.0000,+0.0000,+0.0000,-0.0001,+0.0000,+0.0000,+0.0000,+0.0000,+0.0000,+0.0000,+1.0000,+0.0000,+0.0000,+1.0000,-0.1136,+0.0000,+0.1000,+0.0000,+0.0000
825,1.00,74,True,0.0%,0.0%,0.0%,0.01,0.6,5.35,9.917,0.7838,0.7838,0.7398,+0.0000,+0.0000,+1.0000,+0.0000,+0.0000,+0.0000,-0.0006,-0.0006,+0.0000,+0.0000,+0.0000,+0.0000,+0.0000,+1.0000,+0.0000,+0.0000,+48.0000,-3.1288,+2.5259,+7.4000,+0.0000,+0.0000
826,-5.30,85,True,0.0%,0.0%,0.0%,0.01,0.6,5.33,18.341,0.9373,1.0000,0.6142,+0.0000,+0.0000,+1.0000,+0.0000,+0.0000,+0.0000,+0.0000,-0.0016,+0.0000,+0.0000,-6.3000,+0.0000,+0.0000,+1.0000,+0.0000,+0.0000,+16.0000,+0.0206,+6.2020,+8.5000,+0.0000,+63.0000
828,-0.20,55,False,0.0%,0.0%,100.0%,0.17,0.6,4.98,4.051,0.8606,0.6000,0.7052,+0.0000,-0.2000,+0.0000,+0.0000,+0.0000,+0.0000,-0.0026,-0.0003,+0.0000,+0.0000,+0.0000,+0.0000,+1.0000,+0.0000,+0.0000,+0.0000,+23.0000,-11.1579,+1.3322,+5.5000,+0.0000,+0.0000
831,-1.20,90,False,0.0%,0.0%,0.0%,0.04,0.9,7.12,12.652,0.9222,0.8778,0.7685,+0.0000,+0.0000,+0.0000,+0.0000,+0.0000,+0.0000,-0.0002,-0.0009,+0.0000,+0.0000,-1.2000,+0.0000,+0.0000,+0.0000,+0.0000,+0.0000,+21.0000,-1.1041,+3.6615,+9.0000,+0.0000,+12.0000
833,-0.69,24,False,100.0%,100.0%,0.0%,0.02,0.6,4.72,3.076,0.9722,1.0000,0.9564,-0.6878,+0.0000,+0.0000,+0.0000,+0.0000,+0.0000,+0.0000,-0.0000,+0.0000,+0.0000,+0.0000,+1.0000,+0.0000,+0.0000,+0.0000,+0.0000,+2.0000,+0.0059,+0.0279,+2.4000,+0.0000,+0.0000
834,-0.00,90,False,0.0%,0.0%,0.0%,0.06,2.7,6.50,2.653,0.9741,0.9222,0.8129,+0.0000,+0.0000,+0.0000,+0.0000,+0.0000,+0.0000,+0.0000,-0.0007,+0.0000,+0.0000,+0.0000,+0.0000,+0.0000,+0.0000,+0.0000,+0.0000,+7.0000,+0.0217,+2.8300,+9.0000,+0.0000,+0.0000
835,0.00,1,False,0.0%,0.0%,0.0%,inf,0.9,5.06,0.000,1.0000,0.0000,1.0000,+0.0000,+0.0000,+0.0000,+0.0000,+0.0000,+0.0000,+0.0000,+0.0000,+0.0000,+0.0000,+0.0000,+0.0000,+0.0000,+0.0000,+0.0000,+0.0000,+0.0000,+0.0000,+0.0000,+0.0000,+0.0000,+0.0000
836,-0.50,90,True,0.0%,0.0%,0.0%,0.01,0.6,5.10,9.861,0.9852,1.0000,0.5802,+0.0000,+0.0000,+1.0000,+0.0000,+0.0000,+0.0000,+0.0000,-0.0018,+0.0000,+0.0000,-1.5000,+0.0000,+0.0000,+1.0000,+0.0000,+0.0000,+4.0000,+0.0215,+7.1919,+9.0000,+0.0000,+15.0000
837,1.00,1,True,0.0%,0.0%,0.0%,inf,0.9,4.70,0.000,0.6667,0.0000,0.0000,+0.0000,+0.0000,+1.0000,+0.0000,+0.0000,+0.0000,-0.0001,+0.0000,+0.0000,+0.0000,+0.0000,+0.0000,+0.0000,+1.0000,+0.0000,+0.0000,+1.0000,-0.1270,+0.0000,+0.1000,+0.0000,+0.0000
838,0.00,1,False,0.0%,0.0%,0.0%,inf,0.9,4.67,0.000,1.0000,0.0000,1.0000,+0.0000,+0.0000,+0.0000,+0.0000,+0.0000,+0.0000,+0.0000,+0.0000,+0.0000,+0.0000,+0.0000,+0.0000,+0.0000,+0.0000,+0.0000,+0.0000,+0.0000,+0.0000,+0.0000,+0.0000,+0.0000,+0.0000
840,0.00,1,False,0.0%,0.0%,0.0%,inf,0.9,4.63,0.000,1.0000,0.0000,1.0000,+0.0000,+0.0000,+0.0000,+0.0000,+0.0000,+0.0000,+0.0000,+0.0000,+0.0000,+0.0000,+0.0000,+0.0000,+0.0000,+0.0000,+0.0000,+0.0000,+0.0000,+0.0000,+0.0000,+0.0000,+0.0000,+0.0000
841,0.40,6,True,0.0%,0.0%,0.0%,0.02,1.1,4.56,16.345,0.7778,1.0000,0.9608,+0.0000,+0.0000,+1.0000,+0.0000,+0.0000,+0.0000,+0.0000,-0.0000,+0.0000,+0.0000,-0.6000,+0.0000,+0.0000,+1.0000,+0.0000,+0.0000,+4.0000,+0.0015,+0.0014,+0.6000,+0.0000,+6.0000
843,-0.60,87,True,0.0%,0.0%,0.0%,0.01,0.6,4.88,12.797,0.9387,0.9195,0.7298,+0.0000,+0.0000,+1.0000,+0.0000,+0.0000,+0.0000,+0.0000,-0.0011,+0.0000,+0.0000,-1.6000,+0.0000,+0.0000,+1.0000,+0.0000,+0.0000,+16.0000,+0.0212,+4.2554,+8.7000,+0.0000,+16.0000
846,1.00,1,True,0.0%,0.0%,0.0%,inf,0.9,4.55,0.095,0.6667,1.0000,0.8953,+0.0000,+0.0000,+1.0000,+0.0000,+0.0000,+0.0000,+0.0000,-0.0000,+0.0000,-0.0001,+0.0000,+0.0000,+0.0000,+1.0000,+0.0000,+0.0000,+1.0000,+0.0002,+0.0143,+0.1000,+0.1000,+0.0000
847,1.00,1,True,0.0%,0.0%,0.0%,inf,1.1,5.31,0.000,0.6667,0.0000,0.0000,+0.0000,+0.0000,+1.0000,+0.0000,+0.0000,+0.0000,-0.0001,+0.0000,+0.0000,+0.0000,+0.0000,+0.0000,+0.0000,+1.0000,+0.0000,+0.0000,+1.0000,-0.1136,+0.0000,+0.1000,+0.0000,+0.0000
848,-3.80,90,False,0.0%,0.0%,0.0%,0.03,0.9,7.67,14.926,0.9296,0.9000,0.5889,+0.0000,+0.0000,+0.0000,+0.0000,+0.0000,+0.0000,-0.0000,-0.0017,+0.0000,+0.0000,-3.8000,+0.0000,+0.0000,+0.0000,+0.0000,+0.0000,+19.0000,-0.2699,+6.9773,+9.0000,+0.0000,+38.0000
849,1.00,1,True,0.0%,0.0%,0.0%,inf,1.2,4.65,0.000,0.6667,0.0000,0.0000,+0.0000,+0.0000,+1.0000,+0.0000,+0.0000,+0.0000,-0.0001,+0.0000,+0.0000,-0.0001,+0.0000,+0.0000,+0.0000,+1.0000,+0.0000,+0.0000,+1.0000,-0.1270,+0.0000,+0.1000,+0.1000,+0.0000
850,1.00,1,True,0.0%,0.0%,0.0%,inf,0.9,4.77,0.000,0.6667,0.0000,0.0000,+0.0000,+0.0000,+1.0000,+0.0000,+0.0000,+0.0000,-0.0001,+0.0000,+0.0000,-0.0001,+0.0000,+0.0000,+0.0000,+1.0000,+0.0000,+0.0000,+1.0000,-0.1270,+0.0000,+0.1000,+0.1000,+0.0000
851,-6.40,90,False,0.0%,0.0%,0.0%,0.07,3.2,5.46,18.856,0.9519,0.9111,0.7070,+0.0000,+0.0000,+0.0000,+0.0000,+0.0000,+0.0000,+0.0000,+0.0000,+0.0000,+0.0000,-6.4000,+0.0000,+0.0000,+0.0000,+0.0000,+0.0000,+13.0000,-0.9824,+4.5659,+9.0000,+0.0000,+64.0000
852,-2.60,90,False,0.0%,0.0%,0.0%,0.06,0.6,6.30,11.868,0.9222,0.7222,0.8021,+0.0000,+0.0000,+0.0000,+0.0000,+0.0000,+0.0000,-0.0009,-0.0006,+0.0000,+0.0000,-2.6000,+0.0000,+0.0000,+0.0000,+0.0000,+0.0000,+21.0000,-4.8350,+2.5204,+9.0000,+0.0000,+26.0000
854,0.50,5,True,0.0%,0.0%,0.0%,0.01,0.7,4.80,16.360,0.8000,0.8000,0.9159,+0.0000,+0.0000,+1.0000,+0.0000,+0.0000,+0.0000,-0.0002,-0.0000,+0.0000,+0.0000,-0.5000,+0.0000,+0.0000,+1.0000,+0.0000,+0.0000,+3.0000,-1.2298,+0.0435,+0.5000,+0.0000,+5.0000
855,1.00,1,True,0.0%,0.0%,0.0%,inf,0.9,4.70,0.000,0.6667,0.0000,0.0000,+0.0000,+0.0000,+1.0000,+0.0000,+0.0000,+0.0000,-0.0001,+0.0000,+0.0000,+0.0000,+0.0000,+0.0000,+0.0000,+1.0000,+0.0000,+0.0000,+1.0000,-0.1136,+0.0000,+0.1000,+0.0000,+0.0000
856,1.00,1,True,0.0%,0.0%,0.0%,inf,0.9,4.62,0.000,0.6667,0.0000,0.0000,+0.0000,+0.0000,+1.0000,+0.0000,+0.0000,+0.0000,-0.0001,+0.0000,+0.0000,+0.0000,+0.0000,+0.0000,+0.0000,+1.0000,+0.0000,+0.0000,+1.0000,-0.1270,+0.0000,+0.1000,+0.0000,+0.0000
857,1.00,1,True,0.0%,0.0%,0.0%,inf,0.9,4.69,0.000,0.6667,1.0000,0.9118,+0.0000,+0.0000,+1.0000,+0.0000,+0.0000,+0.0000,+0.0000,-0.0000,+0.0000,+0.0000,+0.0000,+0.0000,+0.0000,+1.0000,+0.0000,+0.0000,+1.0000,+0.0002,+0.0107,+0.1000,+0.0000,+0.0000
859,1.00,1,True,0.0%,0.0%,0.0%,inf,0.9,4.61,0.000,0.6667,0.0000,0.0000,+0.0000,+0.0000,+1.0000,+0.0000,+0.0000,+0.0000,-0.0001,+0.0000,+0.0000,-0.0001,+0.0000,+0.0000,+0.0000,+1.0000,+0.0000,+0.0000,+1.0000,-0.1270,+0.0000,+0.1000,+0.1000,+0.0000
860,-0.00,90,False,0.0%,0.0%,0.0%,0.16,0.6,6.00,4.067,0.8519,0.9000,0.7378,+0.0000,+0.0000,+0.0000,+0.0000,+0.0000,+0.0000,-0.0007,-0.0009,+0.0000,+0.0000,+0.0000,+0.0000,+0.0000,+0.0000,+0.0000,+0.0000,+40.0000,-3.0639,+3.7406,+9.0000,+0.0000,+0.0000
862,1.00,22,True,0.0%,0.0%,0.0%,0.01,0.6,4.96,5.933,0.9394,1.0000,0.9655,+0.0000,+0.0000,+1.0000,+0.0000,+0.0000,+0.0000,+0.0000,+0.0000,+0.0000,+0.0000,+0.0000,+0.0000,+0.0000,+1.0000,+0.0000,+0.0000,+4.0000,+0.0055,-0.0173,+2.2000,+0.0000,+0.0000
865,-1.20,29,True,0.0%,0.0%,0.0%,0.01,0.6,4.75,16.415,0.9655,1.0000,0.8110,+0.0000,+0.0000,+1.0000,+0.0000,+0.0000,+0.0000,+0.0000,-0.0002,+0.0000,+0.0000,-2.2000,+0.0000,+0.0000,+1.0000,+0.0000,+0.0000,+3.0000,+0.0071,+0.9297,+2.9000,+0.0000,+22.0000
866,1.00,88,True,0.0%,0.0%,0.0%,0.01,0.6,5.47,6.522,0.9318,0.8295,0.8526,+0.0000,+0.0000,+1.0000,+0.0000,+0.0000,+0.0000,-0.0016,-0.0004,+0.0000,+0.0000,+0.0000,+0.0000,+0.0000,+1.0000,+0.0000,+0.0000,+18.0000,-9.6845,+1.5213,+8.8000,+0.0000,+0.0000
868,-0.55,28,False,100.0%,100.0%,0.0%,0.12,0.8,5.24,0.934,0.8690,1.0000,0.9228,-0.5518,+0.0000,+0.0000,+0.0000,+0.0000,+0.0000,+0.0000,-0.0001,+0.0000,-0.0007,+0.0000,+1.0000,+0.0000,+0.0000,+0.0000,+0.0000,+11.0000,+0.0068,+0.2304,+2.8000,+1.3000,+0.0000
869,1.00,68,True,0.0%,0.0%,0.0%,0.01,0.6,5.42,8.135,0.9461,0.8235,0.9200,+0.0000,+0.0000,+1.0000,+0.0000,+0.0000,+0.0000,-0.0004,-0.0001,+0.0000,+0.0000,+0.0000,+0.0000,+0.0000,+1.0000,+0.0000,+0.0000,+11.0000,-2.1339,+0.5283,+6.8000,+0.0000,+0.0000
870,1.00,1,True,0.0%,0.0%,0.0%,inf,0.9,5.44,0.000,0.6667,0.0000,0.0000,+0.0000,+0.0000,+1.0000,+0.0000,+0.0000,+0.0000,-0.0001,+0.0000,+0.0000,+0.0000,+0.0000,+0.0000,+0.0000,+1.0000,+0.0000,+0.0000,+1.0000,-0.1136,+0.0000,+0.1000,+0.0000,+0.0000
873,-0.00,90,False,0.0%,0.0%,0.0%,0.32,0.6,5.50,0.505,0.9889,1.0000,0.8717,+0.0000,+0.0000,+0.0000,+0.0000,+0.0000,+0.0000,+0.0000,-0.0004,+0.0000,-0.0039,+0.0000,+0.0000,+0.0000,+0.0000,+0.0000,+0.0000,+3.0000,+0.0223,+1.7353,+9.0000,+7.8000,+0.0000
875,1.00,1,True,0.0%,0.0%,0.0%,inf,0.8,4.63,0.000,0.6667,1.0000,0.9372,+0.0000,+0.0000,+1.0000,+0.0000,+0.0000,+0.0000,+0.0000,-0.0000,+0.0000,-0.0001,+0.0000,+0.0000,+0.0000,+1.0000,+0.0000,+0.0000,+1.0000,+0.0002,+0.0053,+0.1000,+0.1000,+0.0000
876,-6.40,90,False,0.0%,0.0%,0.0%,0.04,0.8,5.88,16.735,0.9370,0.9778,0.9563,+0.0000,+0.0000,+0.0000,+0.0000,+0.0000,+0.0000,-0.0001,-0.0000,+0.0000,+0.0000,-6.4000,+0.0000,+0.0000,+0.0000,+0.0000,+0.0000,+17.0000,-0.5673,+0.0875,+9.0000,+0.0000,+64.0000
878,0.00,1,False,0.0%,0.0%,0.0%,inf,1.1,5.06,0.577,1.0000,0.0000,1.0000,+0.0000,+0.0000,+0.0000,+0.0000,+0.0000,+0.0000,+0.0000,+0.0000,+0.0000,+0.0000,+0.0000,+0.0000,+0.0000,+0.0000,+0.0000,+0.0000,+0.0000,+0.0000,+0.0000,+0.0000,+0.0000,+0.0000
879,1.00,1,True,0.0%,0.0%,0.0%,inf,0.9,5.20,0.000,0.6667,1.0000,0.8330,+0.0000,+0.0000,+1.0000,+0.0000,+0.0000,+0.0000,+0.0000,-0.0000,+0.0000,-0.0001,+0.0000,+0.0000,+0.0000,+1.0000,+0.0000,+0.0000,+1.0000,+0.0002,+0.0275,+0.1000,+0.1000,+0.0000
884,-3.90,75,False,100.0%,0.0%,0.0%,0.27,0.6,4.96,14.709,0.9244,0.9733,0.5663,-1.3975,+0.0000,+0.0000,+0.0000,+0.0000,+0.0000,+0.0000,-0.0016,+0.0000,+0.0000,-2.5000,+1.0000,+0.0000,+0.0000,+0.0000,+0.0000,+17.0000,+0.0185,+6.2382,+7.5000,+0.0000,+25.0000
886,-0.80,46,True,0.0%,0.0%,0.0%,0.01,0.6,5.16,13.469,0.9783,0.8478,0.8507,+0.0000,+0.0000,+1.0000,+0.0000,+0.0000,+0.0000,-0.0003,-0.0002,+0.0000,+0.0000,-1.8000,+0.0000,+0.0000,+1.0000,+0.0000,+0.0000,+3.0000,-1.7886,+0.9610,+4.6000,+0.0000,+18.0000
891,0.00,1,False,0.0%,0.0%,0.0%,inf,0.8,4.74,0.000,1.0000,0.0000,1.0000,+0.0000,+0.0000,+0.0000,+0.0000,+0.0000,+0.0000,+0.0000,+0.0000,+0.0000,+0.0000,+0.0000,+0.0000,+0.0000,+0.0000,+0.0000,+0.0000,+0.0000,+0.0000,+0.0000,+0.0000,+0.0000,+0.0000
894,1.00,1,True,0.0%,0.0%,0.0%,inf,0.9,4.72,0.000,0.6667,0.0000,0.0000,+0.0000,+0.0000,+1.0000,+0.0000,+0.0000,+0.0000,-0.0001,+0.0000,+0.0000,+0.0000,+0.0000,+0.0000,+0.0000,+1.0000,+0.0000,+0.0000,+1.0000,-0.1270,+0.0000,+0.1000,+0.0000,+0.0000
895,-0.01,90,False,0.0%,0.0%,0.0%,0.28,0.5,5.64,1.508,0.9889,0.0000,0.8182,+0.0000,+0.0000,+0.0000,+0.0000,+0.0000,+0.0000,-0.0063,+0.0001,+0.0000,+0.0000,+0.0000,+0.0000,+0.0000,+0.0000,+0.0000,+0.0000,+3.0000,-13.7678,-0.5305,+9.0000,+0.0000,+0.0000
896,1.00,1,True,0.0%,0.0%,0.0%,inf,0.9,4.89,0.000,0.6667,0.0000,0.0000,+0.0000,+0.0000,+1.0000,+0.0000,+0.0000,+0.0000,-0.0001,+0.0000,+0.0000,-0.0001,+0.0000,+0.0000,+0.0000,+1.0000,+0.0000,+0.0000,+1.0000,-0.1270,+0.0000,+0.1000,+0.1000,+0.0000
898,-9.00,90,False,0.0%,0.0%,0.0%,0.08,0.6,5.26,22.024,0.9556,0.9333,0.6412,+0.0000,+0.0000,+0.0000,+0.0000,+0.0000,+0.0000,-0.0001,-0.0015,+0.0000,+0.0000,-9.0000,+0.0000,+0.0000,+0.0000,+0.0000,+0.0000,+12.0000,-0.9921,+6.0190,+9.0000,+0.0000,+90.0000
899,1.00,1,True,0.0%,0.0%,0.0%,inf,0.9,4.81,0.000,0.6667,0.0000,0.0000,+0.0000,+0.0000,+1.0000,+0.0000,+0.0000,+0.0000,-0.0001,+0.0000,+0.0000,+0.0000,+0.0000,+0.0000,+0.0000,+1.0000,+0.0000,+0.0000,+1.0000,-0.1136,+0.0000,+0.1000,+0.0000,+0.0000
900,-0.50,90,False,0.0%,0.0%,0.0%,0.21,0.6,5.56,10.843,0.9889,0.9222,0.8854,+0.0000,+0.0000,+0.0000,+0.0000,+0.0000,+0.0000,-0.0001,-0.0004,+0.0000,+0.0000,-0.5000,+0.0000,+0.0000,+0.0000,+0.0000,+0.0000,+3.0000,-0.4602,+1.4147,+9.0000,+0.0000,+5.0000
903,1.00,1,True,0.0%,0.0%,0.0%,inf,0.9,4.63,0.000,0.6667,0.0000,0.0000,+0.0000,+0.0000,+1.0000,+0.0000,+0.0000,+0.0000,-0.0001,+0.0000,+0.0000,+0.0000,+0.0000,+0.0000,+0.0000,+1.0000,+0.0000,+0.0000,+1.0000,-0.1136,+0.0000,+0.1000,+0.0000,+0.0000
904,0.30,20,True,0.0%,0.0%,0.0%,0.01,0.7,5.21,13.970,0.9667,1.0000,0.8720,+0.0000,+0.0000,+1.0000,+0.0000,+0.0000,+0.0000,+0.0000,-0.0001,+0.0000,+0.0000,-0.7000,+0.0000,+0.0000,+1.0000,+0.0000,+0.0000,+2.0000,+0.0050,+0.3842,+2.0000,+0.0000,+7.0000
905,0.00,1,False,0.0%,0.0%,0.0%,inf,1.0,5.16,0.000,1.0000,0.0000,1.0000,+0.0000,+0.0000,+0.0000,+0.0000,+0.0000,+0.0000,+0.0000,+0.0000,+0.0000,+0.0000,+0.0000,+0.0000,+0.0000,+0.0000,+0.0000,+0.0000,+0.0000,+0.0000,+0.0000,+0.0000,+0.0000,+0.0000
906,0.00,90,False,0.0%,0.0%,0.0%,0.13,0.6,5.54,2.369,0.9889,1.0000,0.9651,+0.0000,+0.0000,+0.0000,+0.0000,+0.0000,+0.0000,+0.0000,+0.0000,+0.0000,+0.0000,+0.0000,+0.0000,+0.0000,+0.0000,+0.0000,+0.0000,+3.0000,+0.0219,-0.0635,+9.0000,+0.0000,+0.0000
908,-5.50,65,True,0.0%,0.0%,0.0%,0.01,0.6,5.40,20.251,0.9744,0.9846,0.6076,+0.0000,+0.0000,+1.0000,+0.0000,+0.0000,+0.0000,+0.0000,-0.0012,+0.0000,+0.0000,-6.5000,+0.0000,+0.0000,+1.0000,+0.0000,+0.0000,+5.0000,+0.0161,+4.8542,+6.5000,+0.0000,+65.0000
909,-0.88,41,False,100.0%,100.0%,0.0%,0.30,0.6,5.01,6.807,0.9837,0.5610,0.8858,-0.8807,+0.0000,+0.0000,+0.0000,+0.0000,+0.0000,-0.0012,-0.0000,+0.0000,+0.0000,+0.0000,+1.0000,+0.0000,+0.0000,+0.0000,+0.0000,+2.0000,-5.3948,+0.1745,+4.1000,+0.0000,+0.0000
910,1.00,1,True,0.0%,0.0%,0.0%,inf,1.1,4.99,0.000,0.6667,0.0000,0.0000,+0.0000,+0.0000,+1.0000,+0.0000,+0.0000,+0.0000,-0.0001,+0.0000,+0.0000,+0.0000,+0.0000,+0.0000,+0.0000,+1.0000,+0.0000,+0.0000,+1.0000,-0.1136,+0.0000,+0.1000,+0.0000,+0.0000
913,1.00,4,True,0.0%,0.0%,0.0%,0.01,1.1,5.25,4.360,0.9167,1.0000,0.9870,+0.0000,+0.0000,+1.0000,+0.0000,+0.0000,+0.0000,+0.0000,+0.0000,+0.0000,+0.0000,+0.0000,+0.0000,+0.0000,+1.0000,+0.0000,+0.0000,+1.0000,+0.0010,-0.0217,+0.4000,+0.0000,+0.0000
915,0.00,1,False,0.0%,0.0%,0.0%,inf,0.9,5.01,0.000,1.0000,0.0000,1.0000,+0.0000,+0.0000,+0.0000,+0.0000,+0.0000,+0.0000,+0.0000,+0.0000,+0.0000,+0.0000,+0.0000,+0.0000,+0.0000,+0.0000,+0.0000,+0.0000,+0.0000,+0.0000,+0.0000,+0.0000,+0.0000,+0.0000
917,0.00,1,False,0.0%,0.0%,0.0%,inf,1.0,5.29,0.000,1.0000,0.0000,1.0000,+0.0000,+0.0000,+0.0000,+0.0000,+0.0000,+0.0000,+0.0000,+0.0000,+0.0000,+0.0000,+0.0000,+0.0000,+0.0000,+0.0000,+0.0000,+0.0000,+0.0000,+0.0000,+0.0000,+0.0000,+0.0000,+0.0000
918,-0.20,6,False,0.0%,0.0%,100.0%,0.27,0.8,5.23,6.068,0.4444,0.6667,0.4638,+0.0000,-0.2000,+0.0000,+0.0000,+0.0000,+0.0000,-0.0001,-0.0001,+0.0000,+0.0000,+0.0000,+0.0000,+1.0000,+0.0000,+0.0000,+0.0000,+10.0000,-0.6718,+0.3380,+0.6000,+0.0000,+0.0000
920,0.00,1,False,0.0%,0.0%,0.0%,inf,0.9,4.72,0.000,1.0000,0.0000,1.0000,+0.0000,+0.0000,+0.0000,+0.0000,+0.0000,+0.0000,+0.0000,+0.0000,+0.0000,+0.0000,+0.0000,+0.0000,+0.0000,+0.0000,+0.0000,+0.0000,+0.0000,+0.0000,+0.0000,+0.0000,+0.0000,+0.0000
921,-2.70,37,True,0.0%,0.0%,0.0%,0.02,0.6,5.62,19.772,0.9640,0.8919,0.7810,+0.0000,+0.0000,+1.0000,+0.0000,+0.0000,+0.0000,+0.0000,-0.0004,+0.0000,+0.0000,-3.7000,+0.0000,+0.0000,+1.0000,+0.0000,+0.0000,+4.0000,+0.0091,+1.4123,+3.7000,+0.0000,+37.0000
922,1.00,14,True,0.0%,0.0%,0.0%,0.01,0.8,5.41,9.296,0.9762,1.0000,0.9817,+0.0000,+0.0000,+1.0000,+0.0000,+0.0000,+0.0000,+0.0000,+0.0000,+0.0000,+0.0000,+0.0000,+0.0000,+0.0000,+1.0000,+0.0000,+0.0000,+1.0000,+0.0035,-0.0602,+1.4000,+0.0000,+0.0000
923,1.00,80,True,0.0%,0.0%,0.0%,0.01,2.5,6.23,6.393,0.9083,0.7250,0.7008,+0.0000,+0.0000,+1.0000,+0.0000,+0.0000,+0.0000,-0.0019,-0.0009,+0.0000,+0.0000,+0.0000,+0.0000,+0.0000,+1.0000,+0.0000,+0.0000,+22.0000,-10.9316,+3.6034,+8.0000,+0.0000,+0.0000
926,1.00,24,True,0.0%,0.0%,0.0%,0.02,0.6,4.79,9.430,0.9861,1.0000,0.8864,+0.0000,+0.0000,+1.0000,+0.0000,+0.0000,+0.0000,+0.0000,-0.0001,+0.0000,+0.0000,+0.0000,+0.0000,+0.0000,+1.0000,+0.0000,+0.0000,+1.0000,+0.0059,+0.3864,+2.4000,+0.0000,+0.0000
927,1.00,21,True,0.0%,0.0%,0.0%,0.01,0.6,4.71,9.426,0.8730,0.9048,0.8577,+0.0000,+0.0000,+1.0000,+0.0000,+0.0000,+0.0000,-0.0000,-0.0001,+0.0000,+0.0000,+0.0000,+0.0000,+0.0000,+1.0000,+0.0000,+0.0000,+8.0000,-0.0381,+0.4407,+2.1000,+0.0000,+0.0000
928,1.00,1,True,0.0%,0.0%,0.0%,inf,1.1,5.23,0.000,0.6667,0.0000,0.0000,+0.0000,+0.0000,+1.0000,+0.0000,+0.0000,+0.0000,-0.0001,+0.0000,+0.0000,+0.0000,+0.0000,+0.0000,+0.0000,+1.0000,+0.0000,+0.0000,+1.0000,-0.1270,+0.0000,+0.1000,+0.0000,+0.0000
929,-1.80,36,True,0.0%,0.0%,0.0%,0.01,0.7,5.53,16.700,0.9537,1.0000,0.7564,+0.0000,+0.0000,+1.0000,+0.0000,+0.0000,+0.0000,+0.0000,-0.0004,+0.0000,+0.0000,-2.8000,+0.0000,+0.0000,+1.0000,+0.0000,+0.0000,+5.0000,+0.0088,+1.5569,+3.6000,+0.0000,+28.0000
930,1.00,17,True,0.0%,0.0%,0.0%,0.01,1.0,5.17,4.211,0.9608,1.0000,0.7874,+0.0000,+0.0000,+1.0000,+0.0000,+0.0000,+0.0000,+0.0000,-0.0002,+0.0000,+0.0000,+0.0000,+0.0000,+0.0000,+1.0000,+0.0000,+0.0000,+2.0000,+0.0042,+0.6311,+1.7000,+0.0000,+0.0000
932,-1.30,90,False,0.0%,0.0%,0.0%,0.11,0.7,5.82,9.057,0.7778,0.3889,0.6953,+0.0000,+0.0000,+0.0000,+0.0000,+0.0000,+0.0000,-0.0019,-0.0010,+0.0000,+0.0000,-1.3000,+0.0000,+0.0000,+0.0000,+0.0000,+0.0000,+60.0000,-7.5168,+3.9736,+9.0000,+0.0000,+13.0000
934,-1.70,54,True,0.0%,0.0%,0.0%,0.01,0.7,5.32,14.995,0.9753,0.7593,0.6045,+0.0000,+0.0000,+1.0000,+0.0000,+0.0000,+0.0000,-0.0006,-0.0010,+0.0000,+0.0000,-2.7000,+0.0000,+0.0000,+1.0000,+0.0000,+0.0000,+4.0000,-3.5135,+3.8241,+5.4000,+0.0000,+27.0000
936,-1.10,53,True,0.0%,0.0%,0.0%,0.01,0.7,6.18,13.313,0.9874,0.7170,0.6970,+0.0000,+0.0000,+1.0000,+0.0000,+0.0000,+0.0000,-0.0006,-0.0006,+0.0000,+0.0000,-2.1000,+0.0000,+0.0000,+1.0000,+0.0000,+0.0000,+2.0000,-3.3658,+2.5773,+5.3000,+0.0000,+21.0000
940,-0.54,39,False,100.0%,100.0%,0.0%,0.35,0.7,5.81,5.922,0.8632,0.4872,0.7872,-0.5377,+0.0000,+0.0000,+0.0000,+0.0000,+0.0000,-0.0007,-0.0002,+0.0000,+0.0000,+0.0000,+1.0000,+0.0000,+0.0000,+0.0000,+0.0000,+16.0000,-3.1092,+0.8909,+3.9000,+0.0000,+0.0000
943,-5.40,90,False,0.0%,0.0%,0.0%,0.02,0.7,6.15,16.393,0.9667,0.7778,0.7590,+0.0000,+0.0000,+0.0000,+0.0000,+0.0000,+0.0000,+0.0000,-0.0010,+0.0000,+0.0000,-5.4000,+0.0000,+0.0000,+0.0000,+0.0000,+0.0000,+9.0000,+0.0221,+3.8612,+9.0000,+0.0000,+54.0000
946,1.00,1,True,0.0%,0.0%,0.0%,inf,0.9,4.98,0.443,0.6667,1.0000,0.9507,+0.0000,+0.0000,+1.0000,+0.0000,+0.0000,+0.0000,+0.0000,-0.0000,+0.0000,+0.0000,+0.0000,+0.0000,+0.0000,+1.0000,+0.0000,+0.0000,+1.0000,+0.0002,+0.0024,+0.1000,+0.0000,+0.0000
951,1.00,33,True,0.0%,0.0%,0.0%,0.02,0.6,5.47,10.254,0.9697,0.8788,0.9395,+0.0000,+0.0000,+1.0000,+0.0000,+0.0000,+0.0000,-0.0000,-0.0000,+0.0000,+0.0000,+0.0000,+0.0000,+0.0000,+1.0000,+0.0000,+0.0000,+3.0000,-0.1525,+0.1540,+3.3000,+0.0000,+0.0000
953,1.00,1,True,0.0%,0.0%,0.0%,inf,1.1,5.51,0.000,0.6667,0.0000,0.0000,+0.0000,+0.0000,+1.0000,+0.0000,+0.0000,+0.0000,-0.0001,+0.0000,+0.0000,+0.0000,+0.0000,+0.0000,+0.0000,+1.0000,+0.0000,+0.0000,+1.0000,-0.1136,+0.0000,+0.1000,+0.0000,+0.0000
954,-3.70,62,False,0.0%,0.0%,100.0%,0.06,0.6,4.94,14.652,0.9839,0.8226,0.6206,+0.0000,-0.2000,+0.0000,+0.0000,+0.0000,+0.0000,+0.0000,-0.0011,+0.0000,+0.0000,-3.5000,+0.0000,+1.0000,+0.0000,+0.0000,+0.0000,+3.0000,-0.0569,+4.3994,+6.2000,+0.0000,+35.0000
955,1.00,1,True,0.0%,0.0%,0.0%,inf,1.0,4.90,0.010,0.6667,1.0000,0.8484,+0.0000,+0.0000,+1.0000,+0.0000,+0.0000,+0.0000,+0.0000,-0.0000,+0.0000,+0.0000,+0.0000,+0.0000,+0.0000,+1.0000,+0.0000,+0.0000,+1.0000,+0.0002,+0.0242,+0.1000,+0.0000,+0.0000
958,-0.90,30,True,0.0%,0.0%,0.0%,0.01,0.9,5.58,15.672,0.9667,1.0000,0.9131,+0.0000,+0.0000,+1.0000,+0.0000,+0.0000,+0.0000,+0.0000,-0.0001,+0.0000,+0.0000,-1.9000,+0.0000,+0.0000,+1.0000,+0.0000,+0.0000,+3.0000,+0.0075,+0.3132,+3.0000,+0.0000,+19.0000
959,1.00,1,True,0.0%,0.0%,0.0%,inf,1.0,5.09,0.000,0.6667,0.0000,0.0000,+0.0000,+0.0000,+1.0000,+0.0000,+0.0000,+0.0000,-0.0001,+0.0000,+0.0000,+0.0000,+0.0000,+0.0000,+0.0000,+1.0000,+0.0000,+0.0000,+1.0000,-0.1270,+0.0000,+0.1000,+0.0000,+0.0000
960,0.10,9,True,0.0%,0.0%,0.0%,0.01,0.6,5.68,17.400,0.8889,1.0000,0.9071,+0.0000,+0.0000,+1.0000,+0.0000,+0.0000,+0.0000,+0.0000,-0.0000,+0.0000,+0.0000,-0.9000,+0.0000,+0.0000,+1.0000,+0.0000,+0.0000,+3.0000,+0.0022,+0.1056,+0.9000,+0.0000,+9.0000
966,-2.70,90,False,0.0%,0.0%,0.0%,0.04,0.7,6.25,11.569,0.9778,0.7667,0.6663,+0.0000,+0.0000,+0.0000,+0.0000,+0.0000,+0.0000,-0.0008,-0.0013,+0.0000,+0.0000,-2.7000,+0.0000,+0.0000,+0.0000,+0.0000,+0.0000,+6.0000,-4.4698,+5.0221,+9.0000,+0.0000,+27.0000
968,1.00,1,True,0.0%,0.0%,0.0%,inf,0.8,4.90,0.000,0.6667,0.0000,0.0000,+0.0000,+0.0000,+1.0000,+0.0000,+0.0000,+0.0000,-0.0001,+0.0000,+0.0000,+0.0000,+0.0000,+0.0000,+0.0000,+1.0000,+0.0000,+0.0000,+1.0000,-0.1270,+0.0000,+0.1000,+0.0000,+0.0000
969,0.50,20,True,0.0%,0.0%,0.0%,0.01,0.7,5.27,13.458,0.9500,1.0000,0.6558,+0.0000,+0.0000,+1.0000,+0.0000,+0.0000,+0.0000,+0.0000,-0.0003,+0.0000,+0.0000,-0.5000,+0.0000,+0.0000,+1.0000,+0.0000,+0.0000,+3.0000,+0.0050,+1.2940,+2.0000,+0.0000,+5.0000
971,1.00,1,True,0.0%,0.0%,0.0%,inf,1.0,4.91,0.000,0.6667,0.0000,0.0000,+0.0000,+0.0000,+1.0000,+0.0000,+0.0000,+0.0000,-0.0001,+0.0000,+0.0000,+0.0000,+0.0000,+0.0000,+0.0000,+1.0000,+0.0000,+0.0000,+1.0000,-0.1270,+0.0000,+0.1000,+0.0000,+0.0000
972,1.00,42,True,0.0%,0.0%,0.0%,0.01,0.6,5.84,5.243,0.9921,0.9762,0.9735,+0.0000,+0.0000,+1.0000,+0.0000,+0.0000,+0.0000,-0.0001,+0.0000,+0.0000,+0.0000,+0.0000,+0.0000,+0.0000,+1.0000,+0.0000,+0.0000,+1.0000,-0.8604,-0.1144,+4.2000,+0.0000,+0.0000
973,0.00,1,False,0.0%,0.0%,0.0%,inf,1.1,5.28,0.000,1.0000,0.0000,1.0000,+0.0000,+0.0000,+0.0000,+0.0000,+0.0000,+0.0000,+0.0000,+0.0000,+0.0000,+0.0000,+0.0000,+0.0000,+0.0000,+0.0000,+0.0000,+0.0000,+0.0000,+0.0000,+0.0000,+0.0000,+0.0000,+0.0000
974,-1.91,90,False,0.0%,0.0%,0.0%,0.43,0.6,5.51,14.035,0.9852,0.4778,0.0000,+0.0000,+0.0000,+0.0000,+0.0000,+0.0000,+0.0000,-0.0101,-0.0008,+0.0000,+0.0000,-1.9000,+0.0000,+0.0000,+0.0000,+0.0000,+0.0000,+4.0000,-62.5088,+3.3200,+9.0000,+0.0000,+19.0000
975,1.00,1,True,0.0%,0.0%,0.0%,inf,0.9,4.78,0.000,0.6667,0.0000,0.0000,+0.0000,+0.0000,+1.0000,+0.0000,+0.0000,+0.0000,-0.0001,+0.0000,+0.0000,-0.0001,+0.0000,+0.0000,+0.0000,+1.0000,+0.0000,+0.0000,+1.0000,-0.1270,+0.0000,+0.1000,+0.1000,+0.0000
976,1.00,1,True,0.0%,0.0%,0.0%,inf,0.8,4.78,0.000,0.6667,0.0000,0.0000,+0.0000,+0.0000,+1.0000,+0.0000,+0.0000,+0.0000,-0.0001,+0.0000,+0.0000,+0.0000,+0.0000,+0.0000,+0.0000,+1.0000,+0.0000,+0.0000,+1.0000,-0.1136,+0.0000,+0.1000,+0.0000,+0.0000
977,1.00,1,True,0.0%,0.0%,0.0%,inf,1.0,5.50,0.000,0.6667,0.0000,0.0000,+0.0000,+0.0000,+1.0000,+0.0000,+0.0000,+0.0000,-0.0001,+0.0000,+0.0000,+0.0000,+0.0000,+0.0000,+0.0000,+1.0000,+0.0000,+0.0000,+1.0000,-0.1270,+0.0000,+0.1000,+0.0000,+0.0000
979,1.00,1,True,0.0%,0.0%,0.0%,inf,1.0,5.43,0.000,0.6667,1.0000,0.9292,+0.0000,+0.0000,+1.0000,+0.0000,+0.0000,+0.0000,+0.0000,-0.0000,+0.0000,-0.0001,+0.0000,+0.0000,+0.0000,+1.0000,+0.0000,+0.0000,+1.0000,+0.0002,+0.0070,+0.1000,+0.1000,+0.0000
981,-1.70,27,True,0.0%,0.0%,0.0%,0.01,0.6,5.06,18.945,0.9383,1.0000,0.8080,+0.0000,+0.0000,+1.0000,+0.0000,+0.0000,+0.0000,+0.0000,-0.0002,+0.0000,+0.0000,-2.7000,+0.0000,+0.0000,+1.0000,+0.0000,+0.0000,+5.0000,+0.0067,+0.8854,+2.7000,+0.0000,+27.0000
982,1.00,1,True,0.0%,0.0%,0.0%,inf,0.8,5.08,0.000,0.6667,0.0000,0.0000,+0.0000,+0.0000,+1.0000,+0.0000,+0.0000,+0.0000,-0.0001,+0.0000,+0.0000,-0.0001,+0.0000,+0.0000,+0.0000,+1.0000,+0.0000,+0.0000,+1.0000,-0.1270,+0.0000,+0.1000,+0.1000,+0.0000
985,1.00,1,True,0.0%,0.0%,0.0%,inf,0.9,4.84,0.000,0.6667,0.0000,0.0000,+0.0000,+0.0000,+1.0000,+0.0000,+0.0000,+0.0000,-0.0001,+0.0000,+0.0000,+0.0000,+0.0000,+0.0000,+0.0000,+1.0000,+0.0000,+0.0000,+1.0000,-0.1136,+0.0000,+0.1000,+0.0000,+0.0000
986,-0.32,81,False,100.0%,100.0%,0.0%,0.29,0.6,5.20,1.227,0.9918,0.1111,0.5745,-0.3227,+0.0000,+0.0000,+0.0000,+0.0000,+0.0000,-0.0001,-0.0010,+0.0000,+0.0000,+0.0000,+1.0000,+0.0000,+0.0000,+0.0000,+0.0000,+2.0000,-0.2240,+3.8610,+8.1000,+0.0000,+0.0000
987,-0.00,90,False,0.0%,0.0%,0.0%,0.25,0.6,5.77,2.843,0.9926,0.5222,0.7413,+0.0000,+0.0000,+0.0000,+0.0000,+0.0000,+0.0000,-0.0007,-0.0006,+0.0000,+0.0000,+0.0000,+0.0000,+0.0000,+0.0000,+0.0000,+0.0000,+2.0000,-2.0333,+2.3228,+9.0000,+0.0000,+0.0000
988,0.00,1,False,0.0%,0.0%,0.0%,inf,0.8,4.84,0.000,1.0000,0.0000,1.0000,+0.0000,+0.0000,+0.0000,+0.0000,+0.0000,+0.0000,+0.0000,+0.0000,+0.0000,+0.0000,+0.0000,+0.0000,+0.0000,+0.0000,+0.0000,+0.0000,+0.0000,+0.0000,+0.0000,+0.0000,+0.0000,+0.0000
989,1.00,89,True,0.0%,0.0%,0.0%,0.02,0.7,5.93,5.106,0.8914,0.9438,0.6478,+0.0000,+0.0000,+1.0000,+0.0000,+0.0000,+0.0000,+0.0000,-0.0015,+0.0000,-0.0011,+0.0000,+0.0000,+0.0000,+1.0000,+0.0000,+0.0000,+29.0000,+0.0209,+5.8520,+8.9000,+2.1000,+0.0000
990,1.00,67,True,0.0%,0.0%,0.0%,0.01,0.6,5.37,9.772,0.9403,1.0000,0.6808,+0.0000,+0.0000,+1.0000,+0.0000,+0.0000,+0.0000,+0.0000,-0.0010,+0.0000,+0.0000,+0.0000,+0.0000,+0.0000,+1.0000,+0.0000,+0.0000,+12.0000,+0.0163,+3.9507,+6.7000,+0.0000,+0.0000
991,1.00,1,True,0.0%,0.0%,0.0%,inf,1.1,4.92,0.000,0.6667,0.0000,0.0000,+0.0000,+0.0000,+1.0000,+0.0000,+0.0000,+0.0000,-0.0001,+0.0000,+0.0000,+0.0000,+0.0000,+0.0000,+0.0000,+1.0000,+0.0000,+0.0000,+1.0000,-0.1136,+0.0000,+0.1000,+0.0000,+0.0000
995,-4.50,55,True,0.0%,0.0%,0.0%,0.01,0.7,5.81,19.235,0.9697,0.8909,0.5290,+0.0000,+0.0000,+1.0000,+0.0000,+0.0000,+0.0000,+0.0000,-0.0012,+0.0000,+0.0000,-5.5000,+0.0000,+0.0000,+1.0000,+0.0000,+0.0000,+5.0000,+0.0130,+4.9689,+5.5000,+0.0000,+55.0000
996,-4.50,73,True,0.0%,0.0%,0.0%,0.01,0.6,5.09,17.568,0.9817,0.8904,0.7342,+0.0000,+0.0000,+1.0000,+0.0000,+0.0000,+0.0000,-0.0001,-0.0009,+0.0000,+0.0000,-5.5000,+0.0000,+0.0000,+1.0000,+0.0000,+0.0000,+4.0000,-1.0401,+3.4478,+7.3000,+0.0000,+55.0000
997,1.00,1,True,0.0%,0.0%,0.0%,inf,0.9,5.62,0.000,0.6667,1.0000,0.9679,+0.0000,+0.0000,+1.0000,+0.0000,+0.0000,+0.0000,+0.0000,+0.0000,+0.0000,+0.0000,+0.0000,+0.0000,+0.0000,+1.0000,+0.0000,+0.0000,+1.0000,+0.0002,-0.0013,+0.1000,+0.0000,+0.0000
998,-0.00,90,False,0.0%,0.0%,0.0%,0.23,0.6,5.37,1.924,0.9926,0.7333,0.8953,+0.0000,+0.0000,+0.0000,+0.0000,+0.0000,+0.0000,-0.0019,-0.0001,+0.0000,+0.0000,+0.0000,+0.0000,+0.0000,+0.0000,+0.0000,+0.0000,+2.0000,-4.7308,+0.5828,+9.0000,+0.0000,+0.0000
999,-0.00,90,False,0.0%,0.0%,0.0%,0.29,0.6,5.80,0.755,0.9926,1.0000,0.7428,+0.0000,+0.0000,+0.0000,+0.0000,+0.0000,+0.0000,+0.0000,-0.0010,+0.0000,+0.0000,+0.0000,+0.0000,+0.0000,+0.0000,+0.0000,+0.0000,+2.0000,+0.0224,+4.1862,+9.0000,+0.0000,+0.0000
